household_id,pocket_id,monthly_income_inr,family_size,documents_held,pmay_clss_eligible,sra_eligible,rental_housing_eligible
HH-00001,NS-1329,3900.0,3,"aadhaar, ration_card, ",True,False,True
HH-00002,NS-1408,22600.0,5,"aadhaar, , address_proof",True,True,True
HH-00003,NS-1171,6400.0,1,", ration_card, address_proof",False,True,True
HH-00004,NS-1203,29600.0,6,", ration_card, address_proof",False,True,False
HH-00005,NS-0584,33000.0,4,"aadhaar, ration_card, address_proof",True,True,False
HH-00006,NS-0755,15500.0,6,"aadhaar, , ",True,False,True
HH-00007,NS-1060,7400.0,2,"aadhaar, ration_card, address_proof",True,True,True
HH-00008,NS-0588,14100.0,3,", ration_card, address_proof",False,True,True
HH-00009,NS-1004,18800.0,5,"aadhaar, , ",True,False,True
HH-00010,NS-0979,8000.0,3,"aadhaar, , address_proof",True,True,True
HH-00011,NS-1081,15900.0,5,"aadhaar, , ",True,False,True
HH-00012,NS-1104,11300.0,2,"aadhaar, ration_card, ",True,False,True
HH-00013,NS-1434,5400.0,7,"aadhaar, ration_card, ",True,False,True
HH-00014,NS-0239,10100.0,1,"aadhaar, ration_card, ",True,False,True
HH-00015,NS-0587,6600.0,7,"aadhaar, ration_card, ",True,False,True
HH-00016,NS-0479,27800.0,5,"aadhaar, ration_card, ",True,False,False
HH-00017,NS-1027,13900.0,8,"aadhaar, , address_proof",True,True,True
HH-00018,NS-1436,21400.0,2,", , ",False,False,True
HH-00019,NS-0699,11000.0,1,", ration_card, address_proof",False,True,True
HH-00020,NS-0075,17600.0,4,"aadhaar, ration_card, address_proof",True,True,True
HH-00021,NS-1147,4400.0,8,"aadhaar, ration_card, ",True,False,True
HH-00022,NS-1246,6300.0,2,"aadhaar, ration_card, address_proof",True,True,True
HH-00023,NS-0069,13600.0,5,"aadhaar, ration_card, ",True,False,True
HH-00024,NS-0001,17300.0,2,"aadhaar, , address_proof",True,False,True
HH-00025,NS-1038,21900.0,7,"aadhaar, , ",True,False,True
HH-00026,NS-0357,30200.0,1,"aadhaar, ration_card, address_proof",True,True,False
HH-00027,NS-1440,8500.0,6,"aadhaar, ration_card, ",True,False,True
HH-00028,NS-1110,10100.0,8,", ration_card, address_proof",False,True,True
HH-00029,NS-0737,10100.0,1,"aadhaar, ration_card, address_proof",True,True,True
HH-00030,NS-0691,8700.0,2,"aadhaar, ration_card, ",True,False,True
HH-00031,NS-1047,20200.0,2,"aadhaar, , address_proof",True,False,True
HH-00032,NS-0594,8500.0,4,"aadhaar, ration_card, address_proof",True,False,True
HH-00033,NS-0842,8900.0,3,"aadhaar, ration_card, address_proof",True,True,True
HH-00034,NS-0080,10000.0,5,"aadhaar, ration_card, address_proof",True,False,True
HH-00035,NS-0990,12500.0,3,"aadhaar, , address_proof",True,True,True
HH-00036,NS-0928,23700.0,5,"aadhaar, ration_card, ",True,False,True
HH-00037,NS-1089,15900.0,8,"aadhaar, , address_proof",True,True,True
HH-00038,NS-1078,11200.0,2,"aadhaar, ration_card, ",True,False,True
HH-00039,NS-1019,5900.0,2,"aadhaar, ration_card, address_proof",True,True,True
HH-00040,NS-0202,13300.0,1,"aadhaar, ration_card, ",True,False,True
HH-00041,NS-0158,7300.0,6,"aadhaar, ration_card, ",True,False,True
HH-00042,NS-0844,4400.0,1,"aadhaar, ration_card, address_proof",True,False,True
HH-00043,NS-1192,37800.0,1,"aadhaar, ration_card, address_proof",True,False,False
HH-00044,NS-1198,10100.0,3,"aadhaar, ration_card, address_proof",True,True,True
HH-00045,NS-0979,20500.0,2,"aadhaar, , address_proof",True,True,True
HH-00046,NS-0189,14000.0,4,"aadhaar, ration_card, address_proof",True,True,True
HH-00047,NS-0366,9500.0,3,"aadhaar, ration_card, address_proof",True,False,True
HH-00048,NS-0175,9500.0,1,"aadhaar, ration_card, address_proof",True,True,True
HH-00049,NS-0252,18400.0,3,"aadhaar, , address_proof",True,True,True
HH-00050,NS-0685,24200.0,4,"aadhaar, ration_card, address_proof",True,False,True
HH-00051,NS-0211,21100.0,5,"aadhaar, ration_card, address_proof",True,True,True
HH-00052,NS-1176,14900.0,6,"aadhaar, , address_proof",True,True,True
HH-00053,NS-0091,8300.0,1,"aadhaar, , address_proof",True,True,True
HH-00054,NS-0825,9800.0,3,"aadhaar, , address_proof",True,True,True
HH-00055,NS-0864,10800.0,7,"aadhaar, ration_card, address_proof",True,True,True
HH-00056,NS-0361,6600.0,2,"aadhaar, , ",True,False,True
HH-00057,NS-0519,12900.0,5,"aadhaar, , address_proof",True,True,True
HH-00058,NS-0452,16600.0,1,"aadhaar, ration_card, address_proof",True,True,True
HH-00059,NS-1028,23000.0,7,"aadhaar, ration_card, ",True,False,True
HH-00060,NS-1372,13500.0,8,"aadhaar, ration_card, address_proof",True,True,True
HH-00061,NS-0181,10600.0,5,"aadhaar, ration_card, ",True,False,True
HH-00062,NS-0571,14600.0,1,"aadhaar, , address_proof",True,True,True
HH-00063,NS-1078,8600.0,3,"aadhaar, , address_proof",True,True,True
HH-00064,NS-0025,18200.0,3,"aadhaar, ration_card, ",True,False,True
HH-00065,NS-1035,13800.0,4,"aadhaar, , address_proof",True,True,True
HH-00066,NS-1194,12900.0,2,"aadhaar, ration_card, address_proof",True,True,True
HH-00067,NS-0884,9300.0,4,"aadhaar, ration_card, ",True,False,True
HH-00068,NS-1362,10700.0,1,"aadhaar, , address_proof",True,True,True
HH-00069,NS-0602,5900.0,2,"aadhaar, , address_proof",True,False,True
HH-00070,NS-1343,11400.0,3,"aadhaar, ration_card, ",True,False,True
HH-00071,NS-0957,22800.0,2,"aadhaar, ration_card, address_proof",True,True,True
HH-00072,NS-1367,10000.0,5,"aadhaar, , address_proof",True,False,True
HH-00073,NS-0121,7100.0,3,"aadhaar, ration_card, address_proof",True,False,True
HH-00074,NS-0760,9700.0,6,", ration_card, ",False,False,True
HH-00075,NS-0856,12800.0,5,"aadhaar, ration_card, address_proof",True,True,True
HH-00076,NS-0293,15700.0,7,"aadhaar, ration_card, address_proof",True,True,True
HH-00077,NS-1023,9000.0,2,"aadhaar, ration_card, address_proof",True,True,True
HH-00078,NS-0431,17900.0,5,"aadhaar, ration_card, ",True,False,True
HH-00079,NS-1033,30200.0,7,"aadhaar, ration_card, address_proof",True,True,False
HH-00080,NS-0310,18900.0,5,", ration_card, ",False,False,True
HH-00081,NS-1103,42900.0,3,"aadhaar, ration_card, address_proof",True,True,False
HH-00082,NS-0709,13900.0,3,"aadhaar, ration_card, address_proof",True,True,True
HH-00083,NS-0592,5600.0,4,"aadhaar, ration_card, address_proof",True,True,True
HH-00084,NS-0959,14200.0,5,"aadhaar, ration_card, address_proof",True,True,True
HH-00085,NS-0493,7900.0,5,"aadhaar, ration_card, address_proof",True,True,True
HH-00086,NS-1229,20400.0,6,"aadhaar, ration_card, address_proof",True,False,True
HH-00087,NS-0588,36200.0,6,"aadhaar, ration_card, address_proof",True,True,False
HH-00088,NS-0497,13800.0,5,", ration_card, ",False,False,True
HH-00089,NS-0110,7000.0,7,"aadhaar, , ",True,False,True
HH-00090,NS-1274,24100.0,6,", , address_proof",False,True,True
HH-00091,NS-0724,7200.0,5,"aadhaar, ration_card, address_proof",True,True,True
HH-00092,NS-1144,15700.0,2,"aadhaar, ration_card, ",True,False,True
HH-00093,NS-1094,11200.0,2,"aadhaar, ration_card, ",True,False,True
HH-00094,NS-0444,14700.0,5,"aadhaar, ration_card, ",True,False,True
HH-00095,NS-0303,10100.0,6,"aadhaar, ration_card, address_proof",True,True,True
HH-00096,NS-0518,5600.0,7,"aadhaar, ration_card, ",True,False,True
HH-00097,NS-0890,17800.0,6,"aadhaar, ration_card, address_proof",True,True,True
HH-00098,NS-0099,5000.0,2,", , ",False,False,True
HH-00099,NS-0274,9000.0,1,"aadhaar, ration_card, address_proof",True,True,True
HH-00100,NS-1162,17500.0,1,"aadhaar, ration_card, ",True,False,True
HH-00101,NS-1238,18300.0,1,"aadhaar, ration_card, address_proof",True,False,True
HH-00102,NS-1067,18800.0,3,"aadhaar, ration_card, address_proof",True,True,True
HH-00103,NS-1350,9300.0,3,"aadhaar, ration_card, ",True,False,True
HH-00104,NS-0338,10100.0,5,", ration_card, ",False,False,True
HH-00105,NS-0607,12100.0,2,"aadhaar, ration_card, address_proof",True,True,True
HH-00106,NS-0055,11200.0,5,"aadhaar, ration_card, address_proof",True,True,True
HH-00107,NS-1454,8800.0,6,", ration_card, address_proof",False,True,True
HH-00108,NS-0497,11700.0,8,"aadhaar, ration_card, ",True,False,True
HH-00109,NS-0513,12100.0,8,"aadhaar, ration_card, ",True,False,True
HH-00110,NS-1264,8700.0,3,"aadhaar, ration_card, address_proof",True,True,True
HH-00111,NS-0539,12500.0,8,"aadhaar, , ",True,False,True
HH-00112,NS-1000,20200.0,4,"aadhaar, ration_card, address_proof",True,True,True
HH-00113,NS-0377,12700.0,3,"aadhaar, ration_card, address_proof",True,True,True
HH-00114,NS-1352,29200.0,4,"aadhaar, ration_card, address_proof",True,True,False
HH-00115,NS-0608,5900.0,1,"aadhaar, ration_card, address_proof",True,True,True
HH-00116,NS-0052,5900.0,6,"aadhaar, ration_card, address_proof",True,True,True
HH-00117,NS-0749,37900.0,2,"aadhaar, , ",True,False,False
HH-00118,NS-0065,11600.0,4,"aadhaar, ration_card, address_proof",True,True,True
HH-00119,NS-0815,3100.0,2,"aadhaar, , ",True,False,True
HH-00120,NS-0998,9900.0,1,"aadhaar, , ",True,False,True
HH-00121,NS-0581,8100.0,4,"aadhaar, ration_card, ",True,False,True
HH-00122,NS-0693,23200.0,8,"aadhaar, ration_card, ",True,False,True
HH-00123,NS-0832,8600.0,7,"aadhaar, , address_proof",True,False,True
HH-00124,NS-0090,10100.0,2,"aadhaar, ration_card, address_proof",True,True,True
HH-00125,NS-0193,8300.0,4,"aadhaar, ration_card, ",True,False,True
HH-00126,NS-0346,18300.0,7,"aadhaar, ration_card, address_proof",True,True,True
HH-00127,NS-0691,7500.0,7,"aadhaar, , ",True,False,True
HH-00128,NS-0641,9000.0,3,"aadhaar, ration_card, address_proof",True,True,True
HH-00129,NS-1071,30600.0,4,"aadhaar, , address_proof",True,True,False
HH-00130,NS-1460,23000.0,7,"aadhaar, ration_card, address_proof",True,True,True
HH-00131,NS-0769,8000.0,8,", , address_proof",False,True,True
HH-00132,NS-0031,13400.0,2,"aadhaar, , address_proof",True,False,True
HH-00133,NS-1431,13700.0,8,"aadhaar, ration_card, ",True,False,True
HH-00134,NS-0981,13800.0,2,"aadhaar, ration_card, ",True,False,True
HH-00135,NS-1455,6700.0,4,"aadhaar, ration_card, address_proof",True,True,True
HH-00136,NS-1437,14100.0,8,"aadhaar, ration_card, address_proof",True,True,True
HH-00137,NS-1408,5800.0,4,"aadhaar, ration_card, address_proof",True,True,True
HH-00138,NS-1460,6900.0,2,"aadhaar, ration_card, address_proof",True,True,True
HH-00139,NS-1427,35400.0,1,"aadhaar, , address_proof",True,True,False
HH-00140,NS-1324,11000.0,5,"aadhaar, , address_proof",True,True,True
HH-00141,NS-1373,19300.0,8,"aadhaar, ration_card, address_proof",True,False,True
HH-00142,NS-0233,7400.0,8,"aadhaar, ration_card, address_proof",True,True,True
HH-00143,NS-0430,16100.0,7,"aadhaar, ration_card, address_proof",True,True,True
HH-00144,NS-0989,7900.0,8,"aadhaar, ration_card, address_proof",True,True,True
HH-00145,NS-1063,12700.0,5,"aadhaar, ration_card, address_proof",True,True,True
HH-00146,NS-0727,17200.0,2,", , address_proof",False,True,True
HH-00147,NS-0887,13100.0,6,"aadhaar, ration_card, ",True,False,True
HH-00148,NS-0177,3600.0,4,"aadhaar, ration_card, ",True,False,True
HH-00149,NS-0058,12600.0,1,"aadhaar, ration_card, address_proof",True,False,True
HH-00150,NS-1238,11400.0,4,"aadhaar, ration_card, ",True,False,True
HH-00151,NS-0925,6500.0,2,"aadhaar, ration_card, address_proof",True,True,True
HH-00152,NS-1080,21200.0,2,"aadhaar, ration_card, address_proof",True,True,True
HH-00153,NS-1408,9900.0,6,"aadhaar, ration_card, address_proof",True,True,True
HH-00154,NS-0507,17800.0,2,"aadhaar, ration_card, ",True,False,True
HH-00155,NS-0176,15100.0,2,"aadhaar, ration_card, ",True,False,True
HH-00156,NS-0766,47400.0,6,"aadhaar, ration_card, ",True,False,False
HH-00157,NS-1127,14700.0,4,"aadhaar, , address_proof",True,True,True
HH-00158,NS-1272,15100.0,7,"aadhaar, ration_card, ",True,False,True
HH-00159,NS-0651,9000.0,4,"aadhaar, , ",True,False,True
HH-00160,NS-0567,16400.0,6,"aadhaar, , ",True,False,True
HH-00161,NS-1477,35000.0,5,"aadhaar, ration_card, ",True,False,False
HH-00162,NS-0330,12000.0,2,"aadhaar, ration_card, address_proof",True,True,True
HH-00163,NS-1131,14500.0,2,"aadhaar, ration_card, address_proof",True,True,True
HH-00164,NS-0312,6200.0,6,"aadhaar, , address_proof",True,True,True
HH-00165,NS-0807,6200.0,2,"aadhaar, ration_card, ",True,False,True
HH-00166,NS-0773,9700.0,2,", , ",False,False,True
HH-00167,NS-0348,7600.0,2,"aadhaar, ration_card, address_proof",True,False,True
HH-00168,NS-0058,5900.0,7,"aadhaar, ration_card, ",True,False,True
HH-00169,NS-1114,9100.0,6,"aadhaar, ration_card, address_proof",True,False,True
HH-00170,NS-0187,20200.0,6,"aadhaar, ration_card, ",True,False,True
HH-00171,NS-0875,5700.0,6,"aadhaar, ration_card, address_proof",True,True,True
HH-00172,NS-1346,33100.0,4,"aadhaar, ration_card, address_proof",True,True,False
HH-00173,NS-0222,27800.0,6,"aadhaar, ration_card, address_proof",True,True,False
HH-00174,NS-0358,13700.0,8,"aadhaar, , address_proof",True,False,True
HH-00175,NS-1111,12700.0,7,"aadhaar, ration_card, address_proof",True,True,True
HH-00176,NS-0193,16900.0,3,"aadhaar, ration_card, address_proof",True,True,True
HH-00177,NS-0086,12600.0,5,"aadhaar, ration_card, ",True,False,True
HH-00178,NS-0351,17700.0,5,"aadhaar, ration_card, address_proof",True,True,True
HH-00179,NS-1118,11800.0,2,"aadhaar, , address_proof",True,False,True
HH-00180,NS-0336,8800.0,3,"aadhaar, ration_card, address_proof",True,True,True
HH-00181,NS-0205,11400.0,7,"aadhaar, ration_card, ",True,False,True
HH-00182,NS-1368,11000.0,2,"aadhaar, , ",True,False,True
HH-00183,NS-0881,5900.0,7,"aadhaar, , ",True,False,True
HH-00184,NS-1494,27800.0,8,"aadhaar, , address_proof",True,True,False
HH-00185,NS-1047,7100.0,7,"aadhaar, , ",True,False,True
HH-00186,NS-0258,17000.0,6,"aadhaar, , ",True,False,True
HH-00187,NS-0404,6300.0,3,"aadhaar, ration_card, address_proof",True,False,True
HH-00188,NS-0873,14300.0,2,"aadhaar, ration_card, address_proof",True,True,True
HH-00189,NS-0405,7300.0,2,", ration_card, address_proof",False,True,True
HH-00190,NS-0059,7200.0,1,"aadhaar, ration_card, address_proof",True,True,True
HH-00191,NS-0985,8100.0,8,"aadhaar, ration_card, address_proof",True,True,True
HH-00192,NS-0401,11300.0,2,"aadhaar, ration_card, address_proof",True,True,True
HH-00193,NS-0714,12400.0,1,"aadhaar, , address_proof",True,True,True
HH-00194,NS-0915,14700.0,4,", ration_card, address_proof",False,True,True
HH-00195,NS-0417,25800.0,6,"aadhaar, ration_card, address_proof",True,True,False
HH-00196,NS-1362,9600.0,8,"aadhaar, ration_card, ",True,False,True
HH-00197,NS-0328,25700.0,8,"aadhaar, ration_card, address_proof",True,True,False
HH-00198,NS-1325,19300.0,2,"aadhaar, ration_card, ",True,False,True
HH-00199,NS-1481,10400.0,5,"aadhaar, ration_card, address_proof",True,True,True
HH-00200,NS-0182,7800.0,3,"aadhaar, ration_card, address_proof",True,True,True
HH-00201,NS-0121,7900.0,7,"aadhaar, ration_card, address_proof",True,False,True
HH-00202,NS-0855,8900.0,6,"aadhaar, ration_card, ",True,False,True
HH-00203,NS-1080,21100.0,2,"aadhaar, , address_proof",True,True,True
HH-00204,NS-1176,29800.0,7,"aadhaar, ration_card, address_proof",True,True,False
HH-00205,NS-1382,15700.0,7,"aadhaar, ration_card, ",True,False,True
HH-00206,NS-0608,14300.0,3,"aadhaar, ration_card, address_proof",True,True,True
HH-00207,NS-0843,17800.0,4,"aadhaar, ration_card, address_proof",True,True,True
HH-00208,NS-0343,19900.0,4,"aadhaar, ration_card, address_proof",True,True,True
HH-00209,NS-0165,5000.0,2,", ration_card, address_proof",False,True,True
HH-00210,NS-0747,18700.0,2,"aadhaar, ration_card, address_proof",True,True,True
HH-00211,NS-0845,15900.0,8,"aadhaar, ration_card, ",True,False,True
HH-00212,NS-0242,10600.0,6,"aadhaar, ration_card, address_proof",True,False,True
HH-00213,NS-1292,18700.0,8,"aadhaar, , ",True,False,True
HH-00214,NS-0987,6500.0,3,", ration_card, ",False,False,True
HH-00215,NS-0517,25600.0,6,"aadhaar, ration_card, ",True,False,False
HH-00216,NS-0887,19700.0,1,"aadhaar, ration_card, ",True,False,True
HH-00217,NS-0724,10500.0,3,"aadhaar, ration_card, address_proof",True,True,True
HH-00218,NS-1356,12700.0,8,"aadhaar, ration_card, address_proof",True,True,True
HH-00219,NS-0012,13900.0,7,"aadhaar, ration_card, ",True,False,True
HH-00220,NS-0342,31300.0,4,"aadhaar, ration_card, address_proof",True,True,False
HH-00221,NS-0852,13000.0,5,"aadhaar, ration_card, address_proof",True,True,True
HH-00222,NS-0940,29100.0,2,"aadhaar, , address_proof",True,False,False
HH-00223,NS-0621,31600.0,4,"aadhaar, , address_proof",True,True,False
HH-00224,NS-1280,5100.0,2,"aadhaar, ration_card, address_proof",True,True,True
HH-00225,NS-0065,20700.0,7,"aadhaar, ration_card, ",True,False,True
HH-00226,NS-0101,14400.0,3,"aadhaar, ration_card, address_proof",True,True,True
HH-00227,NS-0625,32300.0,5,"aadhaar, , address_proof",True,True,False
HH-00228,NS-1498,10600.0,2,"aadhaar, , address_proof",True,True,True
HH-00229,NS-0767,5400.0,2,"aadhaar, ration_card, address_proof",True,True,True
HH-00230,NS-0881,13700.0,6,"aadhaar, ration_card, ",True,False,True
HH-00231,NS-0448,29600.0,7,", ration_card, address_proof",False,True,False
HH-00232,NS-1381,9400.0,6,"aadhaar, ration_card, address_proof",True,True,True
HH-00233,NS-1016,9500.0,8,"aadhaar, ration_card, ",True,False,True
HH-00234,NS-0964,34800.0,1,"aadhaar, , address_proof",True,True,False
HH-00235,NS-0832,13500.0,3,"aadhaar, ration_card, address_proof",True,False,True
HH-00236,NS-0479,5600.0,3,", , address_proof",False,True,True
HH-00237,NS-1051,22600.0,3,"aadhaar, ration_card, address_proof",True,True,True
HH-00238,NS-1097,32300.0,7,"aadhaar, , ",True,False,False
HH-00239,NS-1286,7300.0,4,"aadhaar, ration_card, address_proof",True,True,True
HH-00240,NS-0692,14800.0,4,"aadhaar, ration_card, ",True,False,True
HH-00241,NS-0977,11900.0,6,"aadhaar, ration_card, ",True,False,True
HH-00242,NS-0363,13300.0,2,"aadhaar, ration_card, address_proof",True,False,True
HH-00243,NS-0004,7900.0,2,"aadhaar, ration_card, address_proof",True,True,True
HH-00244,NS-0396,4100.0,2,"aadhaar, , address_proof",True,True,True
HH-00245,NS-1337,8400.0,3,"aadhaar, ration_card, address_proof",True,True,True
HH-00246,NS-0334,18400.0,6,"aadhaar, ration_card, ",True,False,True
HH-00247,NS-0519,7600.0,8,"aadhaar, ration_card, address_proof",True,True,True
HH-00248,NS-0294,11800.0,4,", ration_card, ",False,False,True
HH-00249,NS-1156,12400.0,6,"aadhaar, , ",True,False,True
HH-00250,NS-0751,19100.0,2,", ration_card, address_proof",False,True,True
HH-00251,NS-1123,9600.0,8,", ration_card, address_proof",False,False,True
HH-00252,NS-0068,10600.0,1,"aadhaar, ration_card, address_proof",True,True,True
HH-00253,NS-0713,9300.0,1,"aadhaar, ration_card, ",True,False,True
HH-00254,NS-0370,10800.0,8,"aadhaar, ration_card, address_proof",True,True,True
HH-00255,NS-1228,16400.0,7,"aadhaar, ration_card, ",True,False,True
HH-00256,NS-0850,24500.0,3,"aadhaar, ration_card, address_proof",True,True,True
HH-00257,NS-0416,14200.0,1,"aadhaar, ration_card, ",True,False,True
HH-00258,NS-0922,6000.0,4,"aadhaar, ration_card, address_proof",True,True,True
HH-00259,NS-0761,19300.0,7,", ration_card, address_proof",False,True,True
HH-00260,NS-0259,8000.0,4,"aadhaar, ration_card, address_proof",True,True,True
HH-00261,NS-0719,5100.0,7,"aadhaar, ration_card, ",True,False,True
HH-00262,NS-0892,17300.0,5,"aadhaar, ration_card, address_proof",True,True,True
HH-00263,NS-1013,6500.0,2,"aadhaar, ration_card, address_proof",True,True,True
HH-00264,NS-0851,22300.0,3,"aadhaar, , ",True,False,True
HH-00265,NS-0722,9900.0,6,"aadhaar, ration_card, address_proof",True,True,True
HH-00266,NS-1488,12800.0,8,"aadhaar, ration_card, ",True,False,True
HH-00267,NS-1457,17400.0,8,"aadhaar, ration_card, ",True,False,True
HH-00268,NS-0165,11100.0,4,"aadhaar, , address_proof",True,True,True
HH-00269,NS-0870,4300.0,2,"aadhaar, ration_card, address_proof",True,True,True
HH-00270,NS-0300,11100.0,3,"aadhaar, ration_card, address_proof",True,True,True
HH-00271,NS-0346,11000.0,7,"aadhaar, ration_card, address_proof",True,True,True
HH-00272,NS-0339,17700.0,3,"aadhaar, ration_card, address_proof",True,True,True
HH-00273,NS-1038,9700.0,3,"aadhaar, ration_card, address_proof",True,True,True
HH-00274,NS-0017,11300.0,5,"aadhaar, ration_card, ",True,False,True
HH-00275,NS-0460,5000.0,5,"aadhaar, ration_card, address_proof",True,True,True
HH-00276,NS-0167,31000.0,6,"aadhaar, , address_proof",True,True,False
HH-00277,NS-0774,15600.0,3,"aadhaar, ration_card, ",True,False,True
HH-00278,NS-0473,6600.0,1,"aadhaar, ration_card, address_proof",True,True,True
HH-00279,NS-1279,11300.0,6,"aadhaar, , address_proof",True,True,True
HH-00280,NS-0030,10100.0,1,"aadhaar, ration_card, address_proof",True,True,True
HH-00281,NS-0310,24000.0,2,"aadhaar, ration_card, ",True,False,True
HH-00282,NS-1377,27500.0,5,"aadhaar, ration_card, address_proof",True,True,False
HH-00283,NS-1385,8400.0,3,"aadhaar, ration_card, address_proof",True,True,True
HH-00284,NS-0962,15300.0,3,"aadhaar, ration_card, address_proof",True,True,True
HH-00285,NS-0943,15900.0,2,"aadhaar, ration_card, address_proof",True,True,True
HH-00286,NS-0277,17100.0,3,"aadhaar, , ",True,False,True
HH-00287,NS-1379,4600.0,5,"aadhaar, ration_card, address_proof",True,True,True
HH-00288,NS-0380,8800.0,6,"aadhaar, , ",True,False,True
HH-00289,NS-0547,18500.0,3,"aadhaar, , address_proof",True,True,True
HH-00290,NS-0449,23500.0,5,"aadhaar, ration_card, ",True,False,True
HH-00291,NS-1120,19800.0,5,"aadhaar, ration_card, address_proof",True,False,True
HH-00292,NS-0512,7900.0,8,"aadhaar, ration_card, address_proof",True,True,True
HH-00293,NS-1150,27800.0,4,", ration_card, ",False,False,False
HH-00294,NS-0263,12800.0,4,"aadhaar, , address_proof",True,True,True
HH-00295,NS-0688,9400.0,5,"aadhaar, ration_card, address_proof",True,True,True
HH-00296,NS-1126,28300.0,5,"aadhaar, ration_card, address_proof",True,True,False
HH-00297,NS-0639,16000.0,7,"aadhaar, , address_proof",True,True,True
HH-00298,NS-0030,6800.0,2,"aadhaar, ration_card, address_proof",True,True,True
HH-00299,NS-1260,7300.0,2,", ration_card, address_proof",False,True,True
HH-00300,NS-1310,10900.0,1,"aadhaar, ration_card, address_proof",True,True,True
HH-00301,NS-0550,21200.0,4,"aadhaar, ration_card, ",True,False,True
HH-00302,NS-0213,62900.0,2,"aadhaar, , address_proof",False,True,False
HH-00303,NS-0865,8700.0,1,"aadhaar, ration_card, address_proof",True,False,True
HH-00304,NS-1277,10800.0,6,"aadhaar, ration_card, ",True,False,True
HH-00305,NS-0565,21600.0,8,"aadhaar, , address_proof",True,False,True
HH-00306,NS-1118,3900.0,4,"aadhaar, ration_card, address_proof",True,False,True
HH-00307,NS-1233,10100.0,2,"aadhaar, ration_card, ",True,False,True
HH-00308,NS-1300,7400.0,7,"aadhaar, ration_card, address_proof",True,True,True
HH-00309,NS-0516,10100.0,5,"aadhaar, ration_card, ",True,False,True
HH-00310,NS-0030,7300.0,5,"aadhaar, , ",True,False,True
HH-00311,NS-0648,15300.0,6,"aadhaar, ration_card, address_proof",True,True,True
HH-00312,NS-0732,48200.0,6,"aadhaar, ration_card, ",True,False,False
HH-00313,NS-1377,40200.0,5,"aadhaar, ration_card, ",True,False,False
HH-00314,NS-0804,15800.0,8,"aadhaar, , ",True,False,True
HH-00315,NS-1220,12400.0,3,"aadhaar, , ",True,False,True
HH-00316,NS-0353,22100.0,4,"aadhaar, ration_card, address_proof",True,True,True
HH-00317,NS-1458,16600.0,8,"aadhaar, ration_card, address_proof",True,True,True
HH-00318,NS-1411,9200.0,1,"aadhaar, , address_proof",True,True,True
HH-00319,NS-0425,9600.0,1,"aadhaar, ration_card, address_proof",True,True,True
HH-00320,NS-1059,5400.0,5,"aadhaar, , ",True,False,True
HH-00321,NS-1396,9600.0,2,"aadhaar, , ",True,False,True
HH-00322,NS-0196,13700.0,5,"aadhaar, ration_card, address_proof",True,True,True
HH-00323,NS-0364,16300.0,5,"aadhaar, ration_card, ",True,False,True
HH-00324,NS-0878,56300.0,5,", ration_card, address_proof",False,True,False
HH-00325,NS-0806,9100.0,3,"aadhaar, ration_card, address_proof",True,True,True
HH-00326,NS-0373,19800.0,4,"aadhaar, , ",True,False,True
HH-00327,NS-0999,18600.0,1,"aadhaar, ration_card, ",True,False,True
HH-00328,NS-0927,17000.0,3,"aadhaar, ration_card, address_proof",True,True,True
HH-00329,NS-0675,10700.0,3,"aadhaar, ration_card, address_proof",True,False,True
HH-00330,NS-0095,19400.0,3,"aadhaar, ration_card, ",True,False,True
HH-00331,NS-0956,10400.0,3,"aadhaar, , address_proof",True,False,True
HH-00332,NS-0839,16000.0,4,"aadhaar, ration_card, address_proof",True,True,True
HH-00333,NS-0028,7700.0,7,"aadhaar, ration_card, address_proof",True,True,True
HH-00334,NS-1346,29500.0,6,", , ",False,False,False
HH-00335,NS-0294,18000.0,1,"aadhaar, , ",True,False,True
HH-00336,NS-1119,36800.0,5,"aadhaar, ration_card, address_proof",True,True,False
HH-00337,NS-1496,7600.0,5,"aadhaar, ration_card, ",True,False,True
HH-00338,NS-1239,16900.0,3,"aadhaar, ration_card, address_proof",True,True,True
HH-00339,NS-0445,4300.0,8,"aadhaar, ration_card, address_proof",True,True,True
HH-00340,NS-0364,5600.0,2,"aadhaar, ration_card, ",True,False,True
HH-00341,NS-1096,36200.0,8,"aadhaar, ration_card, address_proof",True,True,False
HH-00342,NS-0018,30500.0,4,"aadhaar, ration_card, ",True,False,False
HH-00343,NS-0588,6000.0,5,"aadhaar, ration_card, ",True,False,True
HH-00344,NS-1397,19700.0,5,"aadhaar, ration_card, ",True,False,True
HH-00345,NS-1306,19800.0,1,"aadhaar, ration_card, ",True,False,True
HH-00346,NS-0346,12200.0,7,"aadhaar, , ",True,False,True
HH-00347,NS-0884,21300.0,2,"aadhaar, , address_proof",True,True,True
HH-00348,NS-0121,36100.0,6,"aadhaar, ration_card, address_proof",True,False,False
HH-00349,NS-1067,28300.0,2,", ration_card, address_proof",False,True,False
HH-00350,NS-0005,20400.0,6,"aadhaar, , address_proof",True,True,True
HH-00351,NS-0364,8200.0,3,"aadhaar, ration_card, address_proof",True,True,True
HH-00352,NS-0390,19200.0,2,"aadhaar, , address_proof",True,True,True
HH-00353,NS-1196,21600.0,4,"aadhaar, ration_card, ",True,False,True
HH-00354,NS-0205,7600.0,1,"aadhaar, , ",True,False,True
HH-00355,NS-0489,30000.0,8,", ration_card, address_proof",False,True,False
HH-00356,NS-1237,18000.0,4,"aadhaar, ration_card, address_proof",True,True,True
HH-00357,NS-0775,27000.0,1,"aadhaar, , ",True,False,False
HH-00358,NS-0772,13900.0,6,"aadhaar, ration_card, address_proof",True,True,True
HH-00359,NS-0833,28600.0,1,", ration_card, ",False,False,False
HH-00360,NS-1007,18800.0,1,"aadhaar, , address_proof",True,True,True
HH-00361,NS-0006,8300.0,2,"aadhaar, ration_card, address_proof",True,False,True
HH-00362,NS-0049,6200.0,4,"aadhaar, ration_card, address_proof",True,True,True
HH-00363,NS-0881,34800.0,2,"aadhaar, ration_card, address_proof",True,True,False
HH-00364,NS-1016,20900.0,3,"aadhaar, ration_card, ",True,False,True
HH-00365,NS-0409,7500.0,1,"aadhaar, , ",True,False,True
HH-00366,NS-0490,14500.0,4,"aadhaar, , address_proof",True,True,True
HH-00367,NS-0118,3500.0,5,"aadhaar, ration_card, address_proof",True,True,True
HH-00368,NS-0152,28300.0,7,"aadhaar, , address_proof",True,False,False
HH-00369,NS-0205,13000.0,6,"aadhaar, ration_card, address_proof",True,False,True
HH-00370,NS-0710,31000.0,8,"aadhaar, , address_proof",True,True,False
HH-00371,NS-0235,10600.0,6,"aadhaar, ration_card, address_proof",True,True,True
HH-00372,NS-1056,4100.0,1,"aadhaar, ration_card, address_proof",True,True,True
HH-00373,NS-1394,6200.0,3,"aadhaar, ration_card, ",True,False,True
HH-00374,NS-1324,12100.0,4,", , ",False,False,True
HH-00375,NS-1068,11100.0,3,"aadhaar, , ",True,False,True
HH-00376,NS-0043,17700.0,4,"aadhaar, ration_card, address_proof",True,True,True
HH-00377,NS-1012,27600.0,7,"aadhaar, , address_proof",True,True,False
HH-00378,NS-0014,19200.0,4,"aadhaar, ration_card, ",True,False,True
HH-00379,NS-1318,10900.0,3,"aadhaar, ration_card, ",True,False,True
HH-00380,NS-0659,13600.0,4,"aadhaar, ration_card, ",True,False,True
HH-00381,NS-0282,10800.0,7,"aadhaar, , address_proof",True,True,True
HH-00382,NS-1126,17900.0,6,"aadhaar, ration_card, address_proof",True,True,True
HH-00383,NS-0374,10100.0,6,"aadhaar, ration_card, address_proof",True,True,True
HH-00384,NS-0889,14000.0,7,"aadhaar, ration_card, address_proof",True,True,True
HH-00385,NS-1116,6000.0,6,"aadhaar, ration_card, address_proof",True,True,True
HH-00386,NS-1137,15000.0,2,"aadhaar, ration_card, address_proof",True,True,True
HH-00387,NS-1227,44700.0,7,", , address_proof",False,False,False
HH-00388,NS-1254,24300.0,1,"aadhaar, ration_card, ",True,False,True
HH-00389,NS-0761,7300.0,8,"aadhaar, ration_card, ",True,False,True
HH-00390,NS-0183,25200.0,7,"aadhaar, ration_card, address_proof",True,True,False
HH-00391,NS-0363,13000.0,4,"aadhaar, , address_proof",True,False,True
HH-00392,NS-1207,21000.0,4,"aadhaar, ration_card, ",True,False,True
HH-00393,NS-1394,18400.0,7,", ration_card, address_proof",False,True,True
HH-00394,NS-1425,45900.0,3,", ration_card, address_proof",False,True,False
HH-00395,NS-1465,25100.0,2,"aadhaar, ration_card, ",True,False,False
HH-00396,NS-1263,11000.0,1,"aadhaar, ration_card, ",True,False,True
HH-00397,NS-0342,17400.0,3,"aadhaar, ration_card, ",True,False,True
HH-00398,NS-0262,12600.0,6,"aadhaar, , address_proof",True,True,True
HH-00399,NS-0783,8700.0,7,"aadhaar, , address_proof",True,True,True
HH-00400,NS-0985,9800.0,5,"aadhaar, ration_card, address_proof",True,True,True
HH-00401,NS-0288,15100.0,5,"aadhaar, ration_card, ",True,False,True
HH-00402,NS-1360,19400.0,7,"aadhaar, ration_card, ",True,False,True
HH-00403,NS-1230,22200.0,7,"aadhaar, ration_card, address_proof",True,True,True
HH-00404,NS-0091,5300.0,1,"aadhaar, ration_card, ",True,False,True
HH-00405,NS-1450,5500.0,6,"aadhaar, ration_card, address_proof",True,True,True
HH-00406,NS-0732,18400.0,1,"aadhaar, ration_card, address_proof",True,True,True
HH-00407,NS-0390,16700.0,2,"aadhaar, ration_card, address_proof",True,True,True
HH-00408,NS-0353,37900.0,1,"aadhaar, , address_proof",True,True,False
HH-00409,NS-1448,8700.0,3,"aadhaar, ration_card, address_proof",True,True,True
HH-00410,NS-0399,14400.0,5,"aadhaar, ration_card, ",True,False,True
HH-00411,NS-0023,6000.0,7,"aadhaar, , ",True,False,True
HH-00412,NS-1486,13500.0,7,"aadhaar, ration_card, address_proof",True,True,True
HH-00413,NS-0046,20200.0,2,"aadhaar, ration_card, ",True,False,True
HH-00414,NS-0606,33600.0,5,"aadhaar, , ",True,False,False
HH-00415,NS-0314,5400.0,7,"aadhaar, ration_card, address_proof",True,True,True
HH-00416,NS-0340,8200.0,7,"aadhaar, ration_card, address_proof",True,True,True
HH-00417,NS-1234,12700.0,1,"aadhaar, ration_card, address_proof",True,False,True
HH-00418,NS-0828,6500.0,1,"aadhaar, , ",True,False,True
HH-00419,NS-1469,33100.0,8,"aadhaar, ration_card, ",True,False,False
HH-00420,NS-1471,10000.0,8,"aadhaar, ration_card, address_proof",True,True,True
HH-00421,NS-0089,5900.0,7,"aadhaar, ration_card, ",True,False,True
HH-00422,NS-1455,22100.0,6,", , address_proof",False,True,True
HH-00423,NS-1083,19200.0,4,"aadhaar, ration_card, ",True,False,True
HH-00424,NS-1367,14700.0,1,", ration_card, address_proof",False,False,True
HH-00425,NS-1382,12400.0,8,"aadhaar, ration_card, ",True,False,True
HH-00426,NS-0225,35100.0,4,"aadhaar, ration_card, address_proof",True,False,False
HH-00427,NS-1083,15400.0,5,"aadhaar, , ",True,False,True
HH-00428,NS-1313,8400.0,1,"aadhaar, ration_card, address_proof",True,True,True
HH-00429,NS-0295,7700.0,3,"aadhaar, ration_card, address_proof",True,True,True
HH-00430,NS-0860,18000.0,7,"aadhaar, ration_card, address_proof",True,False,True
HH-00431,NS-0742,64000.0,2,"aadhaar, ration_card, ",False,False,False
HH-00432,NS-0817,10000.0,8,"aadhaar, , address_proof",True,True,True
HH-00433,NS-1206,41800.0,2,"aadhaar, , address_proof",True,True,False
HH-00434,NS-0632,4700.0,7,"aadhaar, ration_card, ",True,False,True
HH-00435,NS-0163,3000.0,7,"aadhaar, , address_proof",True,True,True
HH-00436,NS-0790,9300.0,5,"aadhaar, , ",True,False,True
HH-00437,NS-1197,23700.0,1,"aadhaar, ration_card, address_proof",True,True,True
HH-00438,NS-0421,8900.0,5,"aadhaar, ration_card, address_proof",True,True,True
HH-00439,NS-0332,17600.0,8,"aadhaar, ration_card, address_proof",True,True,True
HH-00440,NS-0799,6500.0,1,"aadhaar, ration_card, ",True,False,True
HH-00441,NS-1328,12800.0,5,"aadhaar, ration_card, address_proof",True,True,True
HH-00442,NS-1003,7300.0,8,"aadhaar, ration_card, address_proof",True,True,True
HH-00443,NS-0692,28000.0,5,"aadhaar, ration_card, address_proof",True,True,False
HH-00444,NS-0538,15400.0,7,"aadhaar, ration_card, address_proof",True,True,True
HH-00445,NS-0130,11600.0,4,"aadhaar, ration_card, address_proof",True,False,True
HH-00446,NS-0172,10600.0,3,"aadhaar, , address_proof",True,True,True
HH-00447,NS-1333,24000.0,6,"aadhaar, , address_proof",True,True,True
HH-00448,NS-0245,21200.0,4,"aadhaar, , address_proof",True,True,True
HH-00449,NS-0692,27300.0,4,", ration_card, address_proof",False,True,False
HH-00450,NS-0082,16300.0,4,"aadhaar, ration_card, address_proof",True,True,True
HH-00451,NS-0870,17400.0,1,"aadhaar, ration_card, address_proof",True,True,True
HH-00452,NS-1281,12500.0,8,"aadhaar, , ",True,False,True
HH-00453,NS-1274,17200.0,1,", , address_proof",False,True,True
HH-00454,NS-0271,18200.0,1,"aadhaar, ration_card, ",True,False,True
HH-00455,NS-0763,11400.0,7,"aadhaar, , address_proof",True,True,True
HH-00456,NS-1303,11900.0,4,"aadhaar, ration_card, ",True,False,True
HH-00457,NS-0970,9000.0,5,"aadhaar, ration_card, address_proof",True,True,True
HH-00458,NS-1004,14700.0,4,"aadhaar, ration_card, ",True,False,True
HH-00459,NS-0872,11900.0,2,"aadhaar, , address_proof",True,True,True
HH-00460,NS-0103,9700.0,2,"aadhaar, , ",True,False,True
HH-00461,NS-0491,8100.0,3,"aadhaar, , address_proof",True,True,True
HH-00462,NS-1302,17200.0,7,"aadhaar, ration_card, address_proof",True,True,True
HH-00463,NS-1234,10100.0,5,"aadhaar, , ",True,False,True
HH-00464,NS-0135,23800.0,3,"aadhaar, ration_card, address_proof",True,True,True
HH-00465,NS-1015,17100.0,8,"aadhaar, ration_card, ",True,False,True
HH-00466,NS-0862,10500.0,4,"aadhaar, ration_card, address_proof",True,True,True
HH-00467,NS-1080,15200.0,7,", ration_card, address_proof",False,True,True
HH-00468,NS-0884,8200.0,4,"aadhaar, , ",True,False,True
HH-00469,NS-0919,14100.0,2,", ration_card, address_proof",False,False,True
HH-00470,NS-0725,26700.0,8,", ration_card, address_proof",False,True,False
HH-00471,NS-0240,22500.0,8,"aadhaar, ration_card, ",True,False,True
HH-00472,NS-1336,10600.0,7,"aadhaar, ration_card, address_proof",True,True,True
HH-00473,NS-0260,15900.0,1,"aadhaar, ration_card, ",True,False,True
HH-00474,NS-1032,12700.0,2,"aadhaar, ration_card, address_proof",True,True,True
HH-00475,NS-0557,7600.0,4,"aadhaar, ration_card, address_proof",True,True,True
HH-00476,NS-1250,3700.0,8,"aadhaar, ration_card, address_proof",True,True,True
HH-00477,NS-1099,21100.0,3,"aadhaar, ration_card, address_proof",True,True,True
HH-00478,NS-1446,16100.0,3,"aadhaar, , address_proof",True,True,True
HH-00479,NS-0160,27400.0,8,"aadhaar, ration_card, ",True,False,False
HH-00480,NS-0609,16500.0,1,"aadhaar, ration_card, ",True,False,True
HH-00481,NS-0318,18100.0,4,"aadhaar, ration_card, ",True,False,True
HH-00482,NS-0373,13700.0,8,", , address_proof",False,False,True
HH-00483,NS-0178,21100.0,3,"aadhaar, ration_card, address_proof",True,True,True
HH-00484,NS-0641,6300.0,7,"aadhaar, ration_card, address_proof",True,True,True
HH-00485,NS-1454,12100.0,6,"aadhaar, ration_card, address_proof",True,True,True
HH-00486,NS-0313,8200.0,6,"aadhaar, ration_card, address_proof",True,True,True
HH-00487,NS-0079,24500.0,5,"aadhaar, ration_card, address_proof",True,True,True
HH-00488,NS-0768,11800.0,6,"aadhaar, , ",True,False,True
HH-00489,NS-0720,22300.0,1,"aadhaar, ration_card, ",True,False,True
HH-00490,NS-0680,11000.0,6,"aadhaar, ration_card, ",True,False,True
HH-00491,NS-0793,16800.0,8,"aadhaar, ration_card, address_proof",True,True,True
HH-00492,NS-0394,11800.0,6,"aadhaar, ration_card, address_proof",True,True,True
HH-00493,NS-1132,14800.0,4,"aadhaar, ration_card, ",True,False,True
HH-00494,NS-0811,19000.0,8,"aadhaar, ration_card, address_proof",True,True,True
HH-00495,NS-0465,17200.0,3,"aadhaar, , ",True,False,True
HH-00496,NS-0005,10900.0,1,"aadhaar, , address_proof",True,True,True
HH-00497,NS-0303,25600.0,7,"aadhaar, ration_card, address_proof",True,True,False
HH-00498,NS-1401,15500.0,8,"aadhaar, , address_proof",True,True,True
HH-00499,NS-1406,22300.0,4,"aadhaar, ration_card, address_proof",True,True,True
HH-00500,NS-0653,9300.0,2,"aadhaar, , ",True,False,True
HH-00501,NS-0210,34200.0,6,"aadhaar, ration_card, address_proof",True,False,False
HH-00502,NS-0836,30700.0,4,", ration_card, address_proof",False,True,False
HH-00503,NS-0605,16800.0,5,"aadhaar, , ",True,False,True
HH-00504,NS-0452,21600.0,7,"aadhaar, ration_card, address_proof",True,True,True
HH-00505,NS-0765,13800.0,3,"aadhaar, , address_proof",True,False,True
HH-00506,NS-0136,31500.0,5,"aadhaar, ration_card, address_proof",True,True,False
HH-00507,NS-0276,20800.0,1,"aadhaar, ration_card, address_proof",True,True,True
HH-00508,NS-0667,8500.0,1,"aadhaar, , address_proof",True,True,True
HH-00509,NS-1279,3400.0,4,"aadhaar, ration_card, ",True,False,True
HH-00510,NS-0347,25400.0,2,"aadhaar, ration_card, address_proof",True,True,False
HH-00511,NS-0762,11500.0,6,"aadhaar, ration_card, address_proof",True,True,True
HH-00512,NS-0231,20400.0,7,"aadhaar, ration_card, address_proof",True,True,True
HH-00513,NS-0994,9500.0,6,"aadhaar, ration_card, address_proof",True,True,True
HH-00514,NS-0646,14800.0,5,"aadhaar, ration_card, address_proof",True,True,True
HH-00515,NS-1271,22700.0,2,"aadhaar, ration_card, address_proof",True,False,True
HH-00516,NS-1432,6600.0,6,"aadhaar, , address_proof",True,True,True
HH-00517,NS-0075,33100.0,5,"aadhaar, ration_card, address_proof",True,True,False
HH-00518,NS-0083,52900.0,7,"aadhaar, ration_card, address_proof",False,True,False
HH-00519,NS-1221,28400.0,5,"aadhaar, ration_card, address_proof",True,True,False
HH-00520,NS-0646,15300.0,5,"aadhaar, ration_card, ",True,False,True
HH-00521,NS-0657,20200.0,8,"aadhaar, ration_card, ",True,False,True
HH-00522,NS-1483,7500.0,3,"aadhaar, ration_card, address_proof",True,True,True
HH-00523,NS-0879,14700.0,6,"aadhaar, ration_card, ",True,False,True
HH-00524,NS-1346,10000.0,7,"aadhaar, ration_card, address_proof",True,True,True
HH-00525,NS-0009,12600.0,7,"aadhaar, ration_card, address_proof",True,True,True
HH-00526,NS-0422,11400.0,8,"aadhaar, ration_card, ",True,False,True
HH-00527,NS-0531,12000.0,4,"aadhaar, ration_card, ",True,False,True
HH-00528,NS-0583,18500.0,5,"aadhaar, ration_card, address_proof",True,True,True
HH-00529,NS-1231,12100.0,1,", ration_card, ",False,False,True
HH-00530,NS-0913,17800.0,7,"aadhaar, , address_proof",True,True,True
HH-00531,NS-0198,4600.0,3,"aadhaar, ration_card, ",True,False,True
HH-00532,NS-0987,9300.0,5,"aadhaar, , address_proof",True,True,True
HH-00533,NS-0635,14300.0,6,"aadhaar, ration_card, ",True,False,True
HH-00534,NS-0415,14400.0,4,"aadhaar, ration_card, address_proof",True,True,True
HH-00535,NS-0513,7900.0,6,"aadhaar, ration_card, ",True,False,True
HH-00536,NS-0178,16400.0,2,"aadhaar, ration_card, ",True,False,True
HH-00537,NS-0243,28900.0,5,"aadhaar, ration_card, address_proof",True,True,False
HH-00538,NS-0835,4300.0,1,"aadhaar, ration_card, address_proof",True,True,True
HH-00539,NS-0389,9100.0,5,"aadhaar, ration_card, address_proof",True,True,True
HH-00540,NS-0832,8400.0,4,"aadhaar, ration_card, ",True,False,True
HH-00541,NS-0192,13700.0,4,"aadhaar, ration_card, address_proof",True,True,True
HH-00542,NS-0726,30700.0,6,"aadhaar, ration_card, address_proof",True,True,False
HH-00543,NS-0674,6900.0,6,"aadhaar, , ",True,False,True
HH-00544,NS-1421,13500.0,2,"aadhaar, , ",True,False,True
HH-00545,NS-1425,6600.0,5,", ration_card, address_proof",False,True,True
HH-00546,NS-1088,10700.0,8,"aadhaar, ration_card, address_proof",True,True,True
HH-00547,NS-0742,22900.0,6,"aadhaar, ration_card, address_proof",True,True,True
HH-00548,NS-0627,13500.0,1,"aadhaar, ration_card, ",True,False,True
HH-00549,NS-0579,19900.0,2,"aadhaar, , address_proof",True,True,True
HH-00550,NS-0204,22400.0,7,"aadhaar, ration_card, address_proof",True,True,True
HH-00551,NS-0513,17100.0,4,"aadhaar, ration_card, address_proof",True,True,True
HH-00552,NS-0209,19500.0,5,", ration_card, address_proof",False,True,True
HH-00553,NS-0097,11300.0,4,"aadhaar, ration_card, address_proof",True,False,True
HH-00554,NS-0323,14700.0,3,"aadhaar, ration_card, address_proof",True,True,True
HH-00555,NS-0709,27100.0,6,"aadhaar, ration_card, address_proof",True,True,False
HH-00556,NS-0030,15800.0,7,"aadhaar, ration_card, ",True,False,True
HH-00557,NS-0334,15300.0,4,"aadhaar, ration_card, ",True,False,True
HH-00558,NS-0968,7300.0,4,"aadhaar, , address_proof",True,False,True
HH-00559,NS-0728,4500.0,8,"aadhaar, ration_card, ",True,False,True
HH-00560,NS-1023,30300.0,2,"aadhaar, ration_card, address_proof",True,True,False
HH-00561,NS-0719,22200.0,1,"aadhaar, ration_card, address_proof",True,True,True
HH-00562,NS-0697,14300.0,2,"aadhaar, ration_card, ",True,False,True
HH-00563,NS-0712,8900.0,6,"aadhaar, ration_card, address_proof",True,True,True
HH-00564,NS-1372,19400.0,2,"aadhaar, ration_card, ",True,False,True
HH-00565,NS-0297,9100.0,7,", ration_card, address_proof",False,True,True
HH-00566,NS-1083,17900.0,8,"aadhaar, ration_card, address_proof",True,True,True
HH-00567,NS-0010,9300.0,4,"aadhaar, , address_proof",True,False,True
HH-00568,NS-0223,33500.0,5,"aadhaar, ration_card, address_proof",True,False,False
HH-00569,NS-1425,8700.0,6,"aadhaar, ration_card, address_proof",True,True,True
HH-00570,NS-0480,4400.0,3,"aadhaar, ration_card, address_proof",True,True,True
HH-00571,NS-1468,20800.0,2,"aadhaar, ration_card, ",True,False,True
HH-00572,NS-0124,7000.0,8,"aadhaar, ration_card, address_proof",True,True,True
HH-00573,NS-1011,22200.0,5,"aadhaar, ration_card, ",True,False,True
HH-00574,NS-1141,6500.0,8,"aadhaar, , address_proof",True,True,True
HH-00575,NS-1342,8700.0,5,"aadhaar, ration_card, address_proof",True,False,True
HH-00576,NS-0721,29200.0,2,", ration_card, address_proof",False,True,False
HH-00577,NS-0301,5000.0,7,", ration_card, address_proof",False,True,True
HH-00578,NS-0864,10800.0,8,", ration_card, address_proof",False,True,True
HH-00579,NS-0615,26800.0,7,"aadhaar, ration_card, address_proof",True,True,False
HH-00580,NS-0299,25700.0,7,"aadhaar, ration_card, address_proof",True,True,False
HH-00581,NS-0124,39400.0,4,"aadhaar, ration_card, ",True,False,False
HH-00582,NS-0024,9400.0,8,"aadhaar, , ",True,False,True
HH-00583,NS-0011,34800.0,5,"aadhaar, ration_card, ",True,False,False
HH-00584,NS-0757,11700.0,7,"aadhaar, ration_card, address_proof",True,False,True
HH-00585,NS-0507,18300.0,5,"aadhaar, ration_card, ",True,False,True
HH-00586,NS-0902,13100.0,7,"aadhaar, ration_card, address_proof",True,True,True
HH-00587,NS-0473,12200.0,7,"aadhaar, ration_card, address_proof",True,True,True
HH-00588,NS-0799,24500.0,6,"aadhaar, ration_card, address_proof",True,True,True
HH-00589,NS-1073,10400.0,4,"aadhaar, ration_card, address_proof",True,False,True
HH-00590,NS-1244,25800.0,4,"aadhaar, ration_card, address_proof",True,True,False
HH-00591,NS-0907,17400.0,7,"aadhaar, ration_card, ",True,False,True
HH-00592,NS-0362,24200.0,3,"aadhaar, , address_proof",True,True,True
HH-00593,NS-0695,9800.0,8,"aadhaar, ration_card, ",True,False,True
HH-00594,NS-0595,7800.0,8,"aadhaar, ration_card, address_proof",True,True,True
HH-00595,NS-1042,31900.0,5,"aadhaar, ration_card, address_proof",True,True,False
HH-00596,NS-1498,17000.0,8,"aadhaar, ration_card, address_proof",True,True,True
HH-00597,NS-0372,11700.0,8,"aadhaar, ration_card, address_proof",True,False,True
HH-00598,NS-0312,17000.0,1,"aadhaar, ration_card, ",True,False,True
HH-00599,NS-0790,25600.0,7,"aadhaar, ration_card, address_proof",True,True,False
HH-00600,NS-1279,20000.0,6,"aadhaar, , ",True,False,True
HH-00601,NS-1468,17600.0,7,"aadhaar, ration_card, address_proof",True,True,True
HH-00602,NS-0112,21700.0,1,"aadhaar, ration_card, address_proof",True,True,True
HH-00603,NS-1411,24000.0,4,"aadhaar, ration_card, ",True,False,True
HH-00604,NS-0135,19300.0,1,"aadhaar, ration_card, address_proof",True,True,True
HH-00605,NS-1087,5000.0,2,"aadhaar, , address_proof",True,True,True
HH-00606,NS-0527,12900.0,2,"aadhaar, , address_proof",True,True,True
HH-00607,NS-0310,15700.0,4,"aadhaar, ration_card, address_proof",True,True,True
HH-00608,NS-0523,9500.0,6,", ration_card, ",False,False,True
HH-00609,NS-1163,14500.0,6,"aadhaar, ration_card, address_proof",True,True,True
HH-00610,NS-1008,6200.0,2,"aadhaar, ration_card, address_proof",True,True,True
HH-00611,NS-0862,19700.0,4,", ration_card, address_proof",False,True,True
HH-00612,NS-0783,11600.0,7,"aadhaar, ration_card, address_proof",True,True,True
HH-00613,NS-0356,30500.0,3,"aadhaar, , address_proof",True,True,False
HH-00614,NS-0841,12000.0,3,"aadhaar, ration_card, address_proof",True,False,True
HH-00615,NS-0720,15700.0,7,"aadhaar, ration_card, address_proof",True,False,True
HH-00616,NS-1272,15000.0,8,"aadhaar, , ",True,False,True
HH-00617,NS-0635,4800.0,3,"aadhaar, ration_card, ",True,False,True
HH-00618,NS-1375,10100.0,7,"aadhaar, ration_card, address_proof",True,True,True
HH-00619,NS-0464,10600.0,5,"aadhaar, ration_card, address_proof",True,True,True
HH-00620,NS-1434,14700.0,7,"aadhaar, ration_card, ",True,False,True
HH-00621,NS-0284,4200.0,3,", ration_card, address_proof",False,True,True
HH-00622,NS-1176,13400.0,6,"aadhaar, ration_card, address_proof",True,True,True
HH-00623,NS-0147,18000.0,2,"aadhaar, ration_card, address_proof",True,True,True
HH-00624,NS-1318,14400.0,6,"aadhaar, ration_card, ",True,False,True
HH-00625,NS-1007,12600.0,1,"aadhaar, ration_card, address_proof",True,True,True
HH-00626,NS-0074,12400.0,1,"aadhaar, ration_card, address_proof",True,False,True
HH-00627,NS-0287,38800.0,1,"aadhaar, , address_proof",True,True,False
HH-00628,NS-0641,20200.0,3,", ration_card, address_proof",False,True,True
HH-00629,NS-0648,4800.0,6,"aadhaar, ration_card, address_proof",True,True,True
HH-00630,NS-0119,9600.0,5,"aadhaar, ration_card, ",True,False,True
HH-00631,NS-0829,17400.0,1,", ration_card, ",False,False,True
HH-00632,NS-0819,17100.0,3,"aadhaar, ration_card, address_proof",True,True,True
HH-00633,NS-0450,9300.0,6,", ration_card, address_proof",False,True,True
HH-00634,NS-1046,11100.0,6,"aadhaar, ration_card, ",True,False,True
HH-00635,NS-0190,11800.0,3,"aadhaar, ration_card, address_proof",True,True,True
HH-00636,NS-1045,6200.0,8,"aadhaar, ration_card, address_proof",True,True,True
HH-00637,NS-0596,15600.0,3,", , address_proof",False,True,True
HH-00638,NS-0221,15600.0,5,"aadhaar, ration_card, ",True,False,True
HH-00639,NS-1223,18300.0,1,"aadhaar, ration_card, ",True,False,True
HH-00640,NS-0291,18100.0,8,"aadhaar, , ",True,False,True
HH-00641,NS-0787,12400.0,1,"aadhaar, ration_card, ",True,False,True
HH-00642,NS-1399,15700.0,8,"aadhaar, ration_card, address_proof",True,True,True
HH-00643,NS-0935,19500.0,6,"aadhaar, , address_proof",True,True,True
HH-00644,NS-0875,20000.0,4,"aadhaar, ration_card, address_proof",True,True,True
HH-00645,NS-0502,19300.0,5,"aadhaar, , ",True,False,True
HH-00646,NS-1491,14600.0,4,"aadhaar, ration_card, address_proof",True,False,True
HH-00647,NS-0779,19800.0,4,"aadhaar, ration_card, address_proof",True,True,True
HH-00648,NS-0229,12000.0,7,", , address_proof",False,True,True
HH-00649,NS-1299,9000.0,4,"aadhaar, ration_card, address_proof",True,True,True
HH-00650,NS-1200,8400.0,7,"aadhaar, ration_card, address_proof",True,True,True
HH-00651,NS-0884,10200.0,5,"aadhaar, ration_card, address_proof",True,True,True
HH-00652,NS-1101,23200.0,4,"aadhaar, ration_card, ",True,False,True
HH-00653,NS-0374,5500.0,5,"aadhaar, ration_card, address_proof",True,True,True
HH-00654,NS-1490,9400.0,7,", ration_card, address_proof",False,True,True
HH-00655,NS-0966,7100.0,4,"aadhaar, ration_card, ",True,False,True
HH-00656,NS-1090,12900.0,5,"aadhaar, ration_card, address_proof",True,True,True
HH-00657,NS-0533,16800.0,7,"aadhaar, ration_card, address_proof",True,True,True
HH-00658,NS-0392,13100.0,1,"aadhaar, ration_card, ",True,False,True
HH-00659,NS-1410,15200.0,1,"aadhaar, ration_card, ",True,False,True
HH-00660,NS-0999,12600.0,5,"aadhaar, , address_proof",True,True,True
HH-00661,NS-1361,11600.0,3,"aadhaar, ration_card, address_proof",True,True,True
HH-00662,NS-0424,9800.0,4,"aadhaar, ration_card, address_proof",True,True,True
HH-00663,NS-0270,23900.0,3,"aadhaar, ration_card, ",True,False,True
HH-00664,NS-0528,5200.0,1,"aadhaar, ration_card, address_proof",True,True,True
HH-00665,NS-1466,31800.0,1,", , address_proof",False,True,False
HH-00666,NS-0896,28100.0,5,"aadhaar, ration_card, address_proof",True,False,False
HH-00667,NS-0667,22400.0,3,", ration_card, address_proof",False,True,True
HH-00668,NS-1319,13000.0,3,"aadhaar, ration_card, ",True,False,True
HH-00669,NS-0993,22900.0,3,"aadhaar, ration_card, address_proof",True,True,True
HH-00670,NS-1058,11100.0,7,", ration_card, ",False,False,True
HH-00671,NS-1095,21600.0,2,"aadhaar, ration_card, address_proof",True,True,True
HH-00672,NS-0316,31700.0,3,"aadhaar, ration_card, ",True,False,False
HH-00673,NS-1401,9400.0,1,", ration_card, address_proof",False,True,True
HH-00674,NS-0967,21100.0,3,"aadhaar, ration_card, address_proof",True,True,True
HH-00675,NS-0056,25900.0,5,"aadhaar, ration_card, address_proof",True,True,False
HH-00676,NS-0348,10600.0,5,", , ",False,False,True
HH-00677,NS-0790,13200.0,7,"aadhaar, , ",True,False,True
HH-00678,NS-1348,8600.0,7,"aadhaar, ration_card, ",True,False,True
HH-00679,NS-1258,12500.0,2,"aadhaar, , ",True,False,True
HH-00680,NS-0289,7600.0,4,"aadhaar, ration_card, ",True,False,True
HH-00681,NS-0518,8300.0,5,"aadhaar, ration_card, address_proof",True,True,True
HH-00682,NS-0923,16400.0,7,"aadhaar, ration_card, address_proof",True,True,True
HH-00683,NS-1252,14200.0,1,"aadhaar, ration_card, ",True,False,True
HH-00684,NS-0866,10600.0,2,"aadhaar, ration_card, address_proof",True,True,True
HH-00685,NS-1185,31800.0,1,"aadhaar, ration_card, ",True,False,False
HH-00686,NS-0925,23100.0,5,"aadhaar, , ",True,False,True
HH-00687,NS-1318,10100.0,6,"aadhaar, ration_card, ",True,False,True
HH-00688,NS-0303,21000.0,1,"aadhaar, ration_card, address_proof",True,True,True
HH-00689,NS-0350,6500.0,5,"aadhaar, , address_proof",True,True,True
HH-00690,NS-1450,25200.0,7,"aadhaar, ration_card, ",True,False,False
HH-00691,NS-0443,20500.0,2,", ration_card, ",False,False,True
HH-00692,NS-1459,4600.0,6,"aadhaar, ration_card, address_proof",True,True,True
HH-00693,NS-0119,9800.0,2,"aadhaar, ration_card, address_proof",True,True,True
HH-00694,NS-0501,7800.0,8,", ration_card, ",False,False,True
HH-00695,NS-0238,11600.0,7,"aadhaar, ration_card, address_proof",True,True,True
HH-00696,NS-1098,23000.0,7,"aadhaar, ration_card, address_proof",True,True,True
HH-00697,NS-0592,21600.0,6,"aadhaar, , address_proof",True,True,True
HH-00698,NS-0697,17000.0,6,"aadhaar, ration_card, address_proof",True,True,True
HH-00699,NS-1100,72600.0,8,"aadhaar, ration_card, address_proof",False,True,False
HH-00700,NS-0901,22500.0,1,"aadhaar, , address_proof",True,True,True
HH-00701,NS-1320,10900.0,1,"aadhaar, ration_card, address_proof",True,True,True
HH-00702,NS-1272,14200.0,5,"aadhaar, ration_card, address_proof",True,True,True
HH-00703,NS-0709,20000.0,2,"aadhaar, ration_card, ",True,False,True
HH-00704,NS-0317,10800.0,5,"aadhaar, ration_card, ",True,False,True
HH-00705,NS-1035,12700.0,6,"aadhaar, ration_card, address_proof",True,True,True
HH-00706,NS-1057,21900.0,8,"aadhaar, ration_card, ",True,False,True
HH-00707,NS-0821,9100.0,3,"aadhaar, ration_card, ",True,False,True
HH-00708,NS-0904,8400.0,4,"aadhaar, ration_card, address_proof",True,False,True
HH-00709,NS-0324,9700.0,8,"aadhaar, ration_card, address_proof",True,True,True
HH-00710,NS-1306,18400.0,3,"aadhaar, ration_card, address_proof",True,True,True
HH-00711,NS-0487,26400.0,5,"aadhaar, ration_card, ",True,False,False
HH-00712,NS-0225,13100.0,1,"aadhaar, , address_proof",True,False,True
HH-00713,NS-1430,8100.0,6,"aadhaar, ration_card, ",True,False,True
HH-00714,NS-0010,3000.0,1,"aadhaar, ration_card, ",True,False,True
HH-00715,NS-0235,13200.0,2,"aadhaar, ration_card, address_proof",True,True,True
HH-00716,NS-0117,14100.0,2,"aadhaar, ration_card, address_proof",True,True,True
HH-00717,NS-0469,4700.0,2,"aadhaar, ration_card, address_proof",True,True,True
HH-00718,NS-0834,7300.0,5,"aadhaar, ration_card, address_proof",True,True,True
HH-00719,NS-0678,10600.0,6,"aadhaar, ration_card, ",True,False,True
HH-00720,NS-1063,8500.0,5,"aadhaar, ration_card, address_proof",True,True,True
HH-00721,NS-1109,19100.0,7,"aadhaar, ration_card, ",True,False,True
HH-00722,NS-0795,12600.0,6,"aadhaar, ration_card, address_proof",True,True,True
HH-00723,NS-0051,14000.0,1,"aadhaar, ration_card, ",True,False,True
HH-00724,NS-0707,4500.0,4,", ration_card, address_proof",False,True,True
HH-00725,NS-1051,6400.0,3,", , ",False,False,True
HH-00726,NS-0032,31900.0,8,"aadhaar, ration_card, ",True,False,False
HH-00727,NS-0894,12400.0,8,", ration_card, address_proof",False,True,True
HH-00728,NS-0650,15200.0,2,"aadhaar, ration_card, address_proof",True,True,True
HH-00729,NS-0586,11000.0,4,"aadhaar, ration_card, ",True,False,True
HH-00730,NS-0805,8200.0,3,"aadhaar, ration_card, ",True,False,True
HH-00731,NS-0312,10500.0,5,"aadhaar, ration_card, address_proof",True,True,True
HH-00732,NS-0219,7700.0,2,"aadhaar, ration_card, address_proof",True,True,True
HH-00733,NS-0610,31000.0,6,"aadhaar, ration_card, ",True,False,False
HH-00734,NS-0047,25400.0,2,"aadhaar, ration_card, ",True,False,False
HH-00735,NS-1460,11400.0,5,"aadhaar, ration_card, address_proof",True,True,True
HH-00736,NS-1059,23000.0,1,"aadhaar, ration_card, ",True,False,True
HH-00737,NS-0300,10900.0,2,"aadhaar, ration_card, ",True,False,True
HH-00738,NS-0233,22600.0,5,"aadhaar, ration_card, address_proof",True,True,True
HH-00739,NS-1116,8300.0,7,"aadhaar, , address_proof",True,True,True
HH-00740,NS-0377,16900.0,2,"aadhaar, ration_card, address_proof",True,True,True
HH-00741,NS-0504,12300.0,6,"aadhaar, , address_proof",True,False,True
HH-00742,NS-0405,6800.0,1,"aadhaar, ration_card, ",True,False,True
HH-00743,NS-1410,8600.0,7,"aadhaar, ration_card, address_proof",True,True,True
HH-00744,NS-0286,11200.0,5,"aadhaar, ration_card, ",True,False,True
HH-00745,NS-0999,7100.0,4,"aadhaar, ration_card, address_proof",True,True,True
HH-00746,NS-1235,29200.0,5,"aadhaar, ration_card, address_proof",True,True,False
HH-00747,NS-1252,10600.0,7,"aadhaar, ration_card, address_proof",True,True,True
HH-00748,NS-1433,8500.0,3,"aadhaar, , ",True,False,True
HH-00749,NS-0131,8000.0,5,"aadhaar, , ",True,False,True
HH-00750,NS-0961,17100.0,6,"aadhaar, ration_card, address_proof",True,True,True
HH-00751,NS-0049,17900.0,1,"aadhaar, ration_card, address_proof",True,True,True
HH-00752,NS-0911,13500.0,2,", , ",False,False,True
HH-00753,NS-0212,8100.0,6,"aadhaar, ration_card, ",True,False,True
HH-00754,NS-0787,27300.0,8,"aadhaar, ration_card, address_proof",True,True,False
HH-00755,NS-1133,8200.0,7,"aadhaar, ration_card, address_proof",True,True,True
HH-00756,NS-1112,11300.0,7,"aadhaar, ration_card, address_proof",True,True,True
HH-00757,NS-1241,32300.0,7,", , address_proof",False,True,False
HH-00758,NS-0690,16200.0,3,"aadhaar, , address_proof",True,True,True
HH-00759,NS-1318,15500.0,3,"aadhaar, , ",True,False,True
HH-00760,NS-0478,22800.0,6,"aadhaar, ration_card, ",True,False,True
HH-00761,NS-0738,19200.0,8,"aadhaar, ration_card, address_proof",True,True,True
HH-00762,NS-0424,26500.0,6,"aadhaar, ration_card, address_proof",True,True,False
HH-00763,NS-1229,7300.0,1,", ration_card, address_proof",False,False,True
HH-00764,NS-0390,5600.0,1,"aadhaar, , ",True,False,True
HH-00765,NS-0150,18600.0,7,"aadhaar, ration_card, address_proof",True,True,True
HH-00766,NS-0579,17600.0,2,"aadhaar, , ",True,False,True
HH-00767,NS-0222,25200.0,5,"aadhaar, ration_card, address_proof",True,True,False
HH-00768,NS-0919,27400.0,4,"aadhaar, ration_card, address_proof",True,False,False
HH-00769,NS-0390,12700.0,6,"aadhaar, ration_card, ",True,False,True
HH-00770,NS-1329,23300.0,2,"aadhaar, ration_card, address_proof",True,True,True
HH-00771,NS-1346,14400.0,8,"aadhaar, ration_card, address_proof",True,True,True
HH-00772,NS-0450,16800.0,3,"aadhaar, ration_card, ",True,False,True
HH-00773,NS-0704,17800.0,7,"aadhaar, ration_card, address_proof",True,True,True
HH-00774,NS-0214,15700.0,7,"aadhaar, ration_card, address_proof",True,True,True
HH-00775,NS-0459,6600.0,3,"aadhaar, ration_card, ",True,False,True
HH-00776,NS-0898,11100.0,8,"aadhaar, ration_card, ",True,False,True
HH-00777,NS-1284,16700.0,3,"aadhaar, ration_card, ",True,False,True
HH-00778,NS-1151,18200.0,2,"aadhaar, ration_card, ",True,False,True
HH-00779,NS-1197,17000.0,4,"aadhaar, ration_card, ",True,False,True
HH-00780,NS-0744,9700.0,6,"aadhaar, ration_card, address_proof",True,True,True
HH-00781,NS-1413,12000.0,2,"aadhaar, ration_card, ",True,False,True
HH-00782,NS-1282,17400.0,6,"aadhaar, , ",True,False,True
HH-00783,NS-0133,13000.0,5,"aadhaar, ration_card, address_proof",True,True,True
HH-00784,NS-1298,4000.0,1,"aadhaar, ration_card, address_proof",True,True,True
HH-00785,NS-0505,29200.0,6,", ration_card, address_proof",False,True,False
HH-00786,NS-1375,24600.0,1,"aadhaar, , ",True,False,True
HH-00787,NS-0417,26000.0,1,", ration_card, ",False,False,False
HH-00788,NS-0660,16800.0,8,"aadhaar, ration_card, address_proof",True,True,True
HH-00789,NS-0265,21900.0,4,"aadhaar, ration_card, address_proof",True,True,True
HH-00790,NS-0453,7600.0,7,"aadhaar, ration_card, address_proof",True,True,True
HH-00791,NS-0853,25800.0,3,"aadhaar, ration_card, ",True,False,False
HH-00792,NS-0673,10300.0,8,"aadhaar, ration_card, ",True,False,True
HH-00793,NS-1294,15100.0,8,"aadhaar, , address_proof",True,False,True
HH-00794,NS-1322,52500.0,2,"aadhaar, , address_proof",False,True,False
HH-00795,NS-0272,13600.0,7,"aadhaar, , address_proof",True,True,True
HH-00796,NS-1230,6700.0,4,"aadhaar, ration_card, address_proof",True,True,True
HH-00797,NS-0310,33100.0,6,"aadhaar, ration_card, address_proof",True,True,False
HH-00798,NS-0893,17400.0,6,"aadhaar, ration_card, address_proof",True,True,True
HH-00799,NS-0765,15800.0,3,"aadhaar, ration_card, address_proof",True,False,True
HH-00800,NS-0728,5500.0,2,"aadhaar, , ",True,False,True
HH-00801,NS-0742,16900.0,5,"aadhaar, ration_card, ",True,False,True
HH-00802,NS-1136,4700.0,5,"aadhaar, , ",True,False,True
HH-00803,NS-0917,8200.0,8,"aadhaar, ration_card, ",True,False,True
HH-00804,NS-0057,18300.0,4,"aadhaar, ration_card, address_proof",True,True,True
HH-00805,NS-0326,30200.0,4,"aadhaar, ration_card, address_proof",True,True,False
HH-00806,NS-0016,10600.0,8,"aadhaar, ration_card, address_proof",True,True,True
HH-00807,NS-0391,14000.0,2,", ration_card, address_proof",False,True,True
HH-00808,NS-0734,14300.0,5,"aadhaar, ration_card, ",True,False,True
HH-00809,NS-0803,5000.0,1,"aadhaar, ration_card, ",True,False,True
HH-00810,NS-0917,20100.0,4,"aadhaar, ration_card, address_proof",True,True,True
HH-00811,NS-0094,7500.0,1,"aadhaar, , ",True,False,True
HH-00812,NS-1249,14300.0,5,"aadhaar, ration_card, address_proof",True,True,True
HH-00813,NS-1094,13000.0,3,"aadhaar, ration_card, address_proof",True,True,True
HH-00814,NS-0661,14000.0,1,"aadhaar, ration_card, address_proof",True,True,True
HH-00815,NS-0865,18500.0,5,"aadhaar, ration_card, ",True,False,True
HH-00816,NS-0109,5600.0,3,"aadhaar, ration_card, ",True,False,True
HH-00817,NS-0923,4900.0,6,"aadhaar, , ",True,False,True
HH-00818,NS-1430,10600.0,7,"aadhaar, ration_card, ",True,False,True
HH-00819,NS-0409,6400.0,2,"aadhaar, ration_card, ",True,False,True
HH-00820,NS-0150,7000.0,6,"aadhaar, , ",True,False,True
HH-00821,NS-1408,6300.0,3,"aadhaar, , ",True,False,True
HH-00822,NS-1339,27000.0,3,", , ",False,False,False
HH-00823,NS-1307,22000.0,8,", ration_card, ",False,False,True
HH-00824,NS-0314,12500.0,4,"aadhaar, ration_card, address_proof",True,True,True
HH-00825,NS-0707,8800.0,3,"aadhaar, ration_card, ",True,False,True
HH-00826,NS-0543,19500.0,8,"aadhaar, ration_card, ",True,False,True
HH-00827,NS-1480,7400.0,1,"aadhaar, ration_card, ",True,False,True
HH-00828,NS-0660,32100.0,7,"aadhaar, , address_proof",True,True,False
HH-00829,NS-0896,33200.0,7,"aadhaar, ration_card, ",True,False,False
HH-00830,NS-0066,10800.0,8,"aadhaar, ration_card, address_proof",True,True,True
HH-00831,NS-1303,16700.0,1,"aadhaar, ration_card, address_proof",True,True,True
HH-00832,NS-1417,20800.0,6,"aadhaar, ration_card, ",True,False,True
HH-00833,NS-0714,24700.0,2,"aadhaar, ration_card, address_proof",True,True,True
HH-00834,NS-1359,5400.0,8,"aadhaar, ration_card, address_proof",True,True,True
HH-00835,NS-0376,12300.0,1,"aadhaar, ration_card, address_proof",True,True,True
HH-00836,NS-0867,17300.0,5,"aadhaar, , address_proof",True,True,True
HH-00837,NS-0254,7800.0,7,"aadhaar, ration_card, ",True,False,True
HH-00838,NS-1247,13500.0,5,"aadhaar, ration_card, address_proof",True,True,True
HH-00839,NS-0525,10900.0,7,", ration_card, address_proof",False,True,True
HH-00840,NS-1377,10900.0,5,"aadhaar, ration_card, address_proof",True,True,True
HH-00841,NS-0953,4500.0,4,"aadhaar, ration_card, address_proof",True,True,True
HH-00842,NS-1104,11800.0,7,"aadhaar, ration_card, address_proof",True,True,True
HH-00843,NS-0002,8600.0,7,"aadhaar, , address_proof",True,True,True
HH-00844,NS-1089,11600.0,1,"aadhaar, ration_card, ",True,False,True
HH-00845,NS-0554,14900.0,3,", , address_proof",False,False,True
HH-00846,NS-1131,15000.0,5,"aadhaar, ration_card, ",True,False,True
HH-00847,NS-0226,16900.0,7,"aadhaar, , ",True,False,True
HH-00848,NS-1356,8900.0,6,"aadhaar, ration_card, address_proof",True,True,True
HH-00849,NS-0606,10600.0,6,"aadhaar, ration_card, address_proof",True,True,True
HH-00850,NS-0496,5900.0,7,"aadhaar, ration_card, address_proof",True,True,True
HH-00851,NS-0903,3600.0,2,"aadhaar, , ",True,False,True
HH-00852,NS-1109,26900.0,2,"aadhaar, ration_card, address_proof",True,True,False
HH-00853,NS-1207,12100.0,5,", ration_card, address_proof",False,True,True
HH-00854,NS-0588,6300.0,8,"aadhaar, , ",True,False,True
HH-00855,NS-0475,31600.0,6,"aadhaar, ration_card, address_proof",True,True,False
HH-00856,NS-0822,13200.0,7,"aadhaar, ration_card, ",True,False,True
HH-00857,NS-0656,9500.0,6,"aadhaar, ration_card, address_proof",True,True,True
HH-00858,NS-0642,11800.0,5,"aadhaar, ration_card, ",True,False,True
HH-00859,NS-0057,11100.0,1,"aadhaar, ration_card, address_proof",True,True,True
HH-00860,NS-1147,39400.0,4,"aadhaar, ration_card, ",True,False,False
HH-00861,NS-0181,15300.0,8,"aadhaar, ration_card, address_proof",True,True,True
HH-00862,NS-1408,14300.0,4,"aadhaar, ration_card, address_proof",True,True,True
HH-00863,NS-0398,4300.0,5,"aadhaar, ration_card, address_proof",True,True,True
HH-00864,NS-1098,8300.0,5,"aadhaar, ration_card, address_proof",True,True,True
HH-00865,NS-0237,13500.0,6,", ration_card, ",False,False,True
HH-00866,NS-0010,11300.0,1,"aadhaar, ration_card, ",True,False,True
HH-00867,NS-0539,24800.0,5,"aadhaar, ration_card, ",True,False,True
HH-00868,NS-0854,21500.0,3,", ration_card, address_proof",False,True,True
HH-00869,NS-1476,13000.0,7,"aadhaar, ration_card, address_proof",True,True,True
HH-00870,NS-0497,10400.0,4,"aadhaar, , ",True,False,True
HH-00871,NS-0509,12600.0,5,"aadhaar, ration_card, ",True,False,True
HH-00872,NS-0602,4900.0,1,"aadhaar, , ",True,False,True
HH-00873,NS-0867,31200.0,3,"aadhaar, ration_card, ",True,False,False
HH-00874,NS-0671,9500.0,7,"aadhaar, ration_card, ",True,False,True
HH-00875,NS-0932,28500.0,5,"aadhaar, ration_card, ",True,False,False
HH-00876,NS-0320,6200.0,6,"aadhaar, ration_card, address_proof",True,True,True
HH-00877,NS-1266,18500.0,5,"aadhaar, , address_proof",True,True,True
HH-00878,NS-0861,32200.0,3,"aadhaar, ration_card, address_proof",True,True,False
HH-00879,NS-0077,8200.0,4,"aadhaar, ration_card, address_proof",True,False,True
HH-00880,NS-0807,6600.0,7,"aadhaar, , address_proof",True,True,True
HH-00881,NS-1117,17000.0,4,"aadhaar, , address_proof",True,True,True
HH-00882,NS-1148,16300.0,5,"aadhaar, , address_proof",True,True,True
HH-00883,NS-0365,6800.0,7,"aadhaar, ration_card, address_proof",True,True,True
HH-00884,NS-0697,24500.0,1,"aadhaar, ration_card, ",True,False,True
HH-00885,NS-1037,8500.0,3,"aadhaar, ration_card, address_proof",True,True,True
HH-00886,NS-0944,28700.0,7,"aadhaar, ration_card, ",True,False,False
HH-00887,NS-0012,17800.0,7,"aadhaar, ration_card, address_proof",True,True,True
HH-00888,NS-0846,6700.0,6,"aadhaar, ration_card, address_proof",True,True,True
HH-00889,NS-0712,17600.0,5,"aadhaar, ration_card, ",True,False,True
HH-00890,NS-0687,22300.0,2,", ration_card, address_proof",False,True,True
HH-00891,NS-0202,24600.0,6,"aadhaar, , address_proof",True,True,True
HH-00892,NS-1469,7500.0,5,"aadhaar, ration_card, address_proof",True,True,True
HH-00893,NS-1254,18600.0,5,"aadhaar, ration_card, ",True,False,True
HH-00894,NS-0884,19000.0,6,"aadhaar, , address_proof",True,True,True
HH-00895,NS-1417,9700.0,7,"aadhaar, ration_card, address_proof",True,True,True
HH-00896,NS-0733,9700.0,5,"aadhaar, ration_card, address_proof",True,True,True
HH-00897,NS-0933,4300.0,2,"aadhaar, ration_card, ",True,False,True
HH-00898,NS-1124,21600.0,6,"aadhaar, , ",True,False,True
HH-00899,NS-1009,24000.0,6,"aadhaar, ration_card, ",True,False,True
HH-00900,NS-0314,16800.0,3,"aadhaar, ration_card, ",True,False,True
HH-00901,NS-0956,10700.0,8,"aadhaar, , address_proof",True,False,True
HH-00902,NS-1437,10000.0,4,"aadhaar, ration_card, address_proof",True,True,True
HH-00903,NS-0954,9700.0,7,"aadhaar, ration_card, address_proof",True,True,True
HH-00904,NS-0904,7200.0,5,"aadhaar, ration_card, address_proof",True,False,True
HH-00905,NS-1042,7000.0,1,"aadhaar, , address_proof",True,True,True
HH-00906,NS-0503,20500.0,6,"aadhaar, ration_card, address_proof",True,False,True
HH-00907,NS-1095,6800.0,7,"aadhaar, ration_card, ",True,False,True
HH-00908,NS-0903,13200.0,4,"aadhaar, ration_card, address_proof",True,True,True
HH-00909,NS-1384,12700.0,6,", , ",False,False,True
HH-00910,NS-0390,11200.0,6,"aadhaar, ration_card, address_proof",True,True,True
HH-00911,NS-0416,15500.0,1,"aadhaar, ration_card, ",True,False,True
HH-00912,NS-0913,15900.0,7,"aadhaar, ration_card, address_proof",True,True,True
HH-00913,NS-1178,8100.0,6,"aadhaar, ration_card, address_proof",True,True,True
HH-00914,NS-0740,29100.0,7,"aadhaar, ration_card, address_proof",True,True,False
HH-00915,NS-0785,6900.0,3,"aadhaar, ration_card, address_proof",True,True,True
HH-00916,NS-1018,51700.0,5,"aadhaar, , ",False,False,False
HH-00917,NS-0012,8800.0,2,"aadhaar, ration_card, address_proof",True,True,True
HH-00918,NS-0549,3900.0,6,"aadhaar, , address_proof",True,False,True
HH-00919,NS-0447,8500.0,1,"aadhaar, ration_card, ",True,False,True
HH-00920,NS-0176,7100.0,1,"aadhaar, ration_card, ",True,False,True
HH-00921,NS-0034,14700.0,8,"aadhaar, , address_proof",True,True,True
HH-00922,NS-0383,5300.0,8,", ration_card, address_proof",False,True,True
HH-00923,NS-0793,8600.0,3,"aadhaar, ration_card, ",True,False,True
HH-00924,NS-0623,21900.0,8,"aadhaar, ration_card, address_proof",True,True,True
HH-00925,NS-1319,5900.0,3,"aadhaar, ration_card, address_proof",True,True,True
HH-00926,NS-1220,17600.0,1,"aadhaar, , address_proof",True,True,True
HH-00927,NS-0632,20500.0,3,"aadhaar, ration_card, address_proof",True,True,True
HH-00928,NS-0185,8700.0,4,"aadhaar, , address_proof",True,True,True
HH-00929,NS-1097,7400.0,1,"aadhaar, ration_card, address_proof",True,True,True
HH-00930,NS-1268,11500.0,5,"aadhaar, , ",True,False,True
HH-00931,NS-0829,17300.0,5,"aadhaar, ration_card, address_proof",True,True,True
HH-00932,NS-0139,13000.0,7,"aadhaar, ration_card, address_proof",True,True,True
HH-00933,NS-1354,34100.0,7,"aadhaar, ration_card, ",True,False,False
HH-00934,NS-0616,17100.0,7,"aadhaar, ration_card, ",True,False,True
HH-00935,NS-0138,21200.0,5,"aadhaar, ration_card, address_proof",True,True,True
HH-00936,NS-0409,6600.0,3,"aadhaar, ration_card, ",True,False,True
HH-00937,NS-1152,22200.0,7,"aadhaar, , ",True,False,True
HH-00938,NS-0105,17200.0,8,"aadhaar, ration_card, ",True,False,True
HH-00939,NS-0816,18500.0,3,"aadhaar, , address_proof",True,True,True
HH-00940,NS-1339,18500.0,3,"aadhaar, ration_card, ",True,False,True
HH-00941,NS-0626,10300.0,3,"aadhaar, ration_card, address_proof",True,True,True
HH-00942,NS-1181,7300.0,4,"aadhaar, ration_card, address_proof",True,False,True
HH-00943,NS-0938,8600.0,2,"aadhaar, ration_card, address_proof",True,True,True
HH-00944,NS-0864,20700.0,4,"aadhaar, ration_card, address_proof",True,True,True
HH-00945,NS-0638,31700.0,3,", ration_card, ",False,False,False
HH-00946,NS-1482,17400.0,1,"aadhaar, ration_card, address_proof",True,True,True
HH-00947,NS-0388,10700.0,5,", ration_card, address_proof",False,True,True
HH-00948,NS-0135,18000.0,1,"aadhaar, ration_card, address_proof",True,True,True
HH-00949,NS-0580,6000.0,2,", ration_card, address_proof",False,True,True
HH-00950,NS-1445,15900.0,6,"aadhaar, ration_card, ",True,False,True
HH-00951,NS-0794,14200.0,1,"aadhaar, ration_card, address_proof",True,True,True
HH-00952,NS-1091,11000.0,8,"aadhaar, ration_card, ",True,False,True
HH-00953,NS-1027,9000.0,5,"aadhaar, , ",True,False,True
HH-00954,NS-0840,12200.0,3,"aadhaar, ration_card, address_proof",True,True,True
HH-00955,NS-0051,19300.0,2,"aadhaar, , ",True,False,True
HH-00956,NS-0328,10000.0,5,"aadhaar, ration_card, address_proof",True,True,True
HH-00957,NS-0602,13300.0,1,"aadhaar, ration_card, address_proof",True,False,True
HH-00958,NS-0145,14800.0,7,"aadhaar, ration_card, ",True,False,True
HH-00959,NS-0839,6600.0,3,"aadhaar, ration_card, ",True,False,True
HH-00960,NS-0272,28100.0,5,"aadhaar, ration_card, address_proof",True,True,False
HH-00961,NS-0376,23800.0,7,"aadhaar, , address_proof",True,True,True
HH-00962,NS-1474,12500.0,1,", ration_card, ",False,False,True
HH-00963,NS-1434,16700.0,5,", ration_card, address_proof",False,True,True
HH-00964,NS-0890,21000.0,5,", ration_card, address_proof",False,True,True
HH-00965,NS-1420,12200.0,4,"aadhaar, ration_card, address_proof",True,True,True
HH-00966,NS-1182,36700.0,1,"aadhaar, ration_card, address_proof",True,True,False
HH-00967,NS-1202,44300.0,4,"aadhaar, ration_card, address_proof",True,True,False
HH-00968,NS-1464,12500.0,2,", , address_proof",False,True,True
HH-00969,NS-0104,26800.0,6,"aadhaar, ration_card, address_proof",True,True,False
HH-00970,NS-0258,9300.0,1,"aadhaar, ration_card, ",True,False,True
HH-00971,NS-0655,13700.0,3,"aadhaar, ration_card, address_proof",True,True,True
HH-00972,NS-1122,5600.0,1,"aadhaar, ration_card, ",True,False,True
HH-00973,NS-0390,22900.0,6,"aadhaar, ration_card, address_proof",True,True,True
HH-00974,NS-0289,28300.0,1,"aadhaar, ration_card, address_proof",True,True,False
HH-00975,NS-1362,42300.0,7,"aadhaar, ration_card, ",True,False,False
HH-00976,NS-0993,12000.0,1,"aadhaar, ration_card, ",True,False,True
HH-00977,NS-1359,20800.0,1,"aadhaar, ration_card, address_proof",True,True,True
HH-00978,NS-0885,23000.0,5,"aadhaar, , ",True,False,True
HH-00979,NS-1027,25900.0,2,"aadhaar, ration_card, address_proof",True,True,False
HH-00980,NS-1015,32400.0,4,"aadhaar, , address_proof",True,True,False
HH-00981,NS-0467,33700.0,8,"aadhaar, ration_card, address_proof",True,False,False
HH-00982,NS-0576,11200.0,7,"aadhaar, , address_proof",True,True,True
HH-00983,NS-1088,22000.0,8,"aadhaar, ration_card, address_proof",True,True,True
HH-00984,NS-1081,8000.0,3,", ration_card, address_proof",False,True,True
HH-00985,NS-1382,11500.0,4,"aadhaar, ration_card, ",True,False,True
HH-00986,NS-0139,20200.0,3,"aadhaar, ration_card, address_proof",True,True,True
HH-00987,NS-1150,8100.0,5,"aadhaar, ration_card, address_proof",True,True,True
HH-00988,NS-0427,18900.0,5,"aadhaar, ration_card, address_proof",True,True,True
HH-00989,NS-1181,19100.0,1,"aadhaar, , address_proof",True,False,True
HH-00990,NS-0033,19700.0,6,"aadhaar, , address_proof",True,True,True
HH-00991,NS-0300,18400.0,5,"aadhaar, ration_card, ",True,False,True
HH-00992,NS-1231,11900.0,7,"aadhaar, ration_card, address_proof",True,False,True
HH-00993,NS-0960,8900.0,1,"aadhaar, ration_card, address_proof",True,True,True
HH-00994,NS-0136,46300.0,1,"aadhaar, ration_card, ",True,False,False
HH-00995,NS-1155,9500.0,6,"aadhaar, ration_card, address_proof",True,True,True
HH-00996,NS-0747,35800.0,4,"aadhaar, ration_card, ",True,False,False
HH-00997,NS-0987,4700.0,4,"aadhaar, ration_card, address_proof",True,True,True
HH-00998,NS-1468,4300.0,8,"aadhaar, ration_card, address_proof",True,True,True
HH-00999,NS-0892,4200.0,4,", ration_card, ",False,False,True
HH-01000,NS-1150,22700.0,8,"aadhaar, ration_card, address_proof",True,True,True
HH-01001,NS-0980,30200.0,3,"aadhaar, ration_card, ",True,False,False
HH-01002,NS-0177,9900.0,7,"aadhaar, ration_card, address_proof",True,True,True
HH-01003,NS-0483,18500.0,5,"aadhaar, , address_proof",True,True,True
HH-01004,NS-1074,16700.0,6,"aadhaar, ration_card, address_proof",True,True,True
HH-01005,NS-1179,11400.0,2,"aadhaar, ration_card, ",True,False,True
HH-01006,NS-0032,11100.0,7,", ration_card, ",False,False,True
HH-01007,NS-0269,32200.0,4,"aadhaar, ration_card, address_proof",True,True,False
HH-01008,NS-0033,5500.0,5,"aadhaar, , address_proof",True,True,True
HH-01009,NS-0271,19100.0,2,"aadhaar, ration_card, address_proof",True,True,True
HH-01010,NS-1017,28500.0,6,"aadhaar, ration_card, address_proof",True,False,False
HH-01011,NS-0313,4700.0,7,"aadhaar, ration_card, address_proof",True,True,True
HH-01012,NS-0896,13200.0,6,"aadhaar, , address_proof",True,False,True
HH-01013,NS-1158,6500.0,3,"aadhaar, , address_proof",True,False,True
HH-01014,NS-1326,15300.0,5,", ration_card, ",False,False,True
HH-01015,NS-0233,15200.0,3,"aadhaar, ration_card, address_proof",True,True,True
HH-01016,NS-1067,13000.0,7,"aadhaar, ration_card, address_proof",True,True,True
HH-01017,NS-1391,9700.0,5,"aadhaar, , ",True,False,True
HH-01018,NS-1275,28300.0,3,"aadhaar, ration_card, ",True,False,False
HH-01019,NS-0966,13000.0,4,"aadhaar, ration_card, ",True,False,True
HH-01020,NS-0718,12000.0,8,"aadhaar, , address_proof",True,True,True
HH-01021,NS-0650,8100.0,1,", , ",False,False,True
HH-01022,NS-0960,18100.0,3,"aadhaar, ration_card, address_proof",True,True,True
HH-01023,NS-1257,11300.0,7,"aadhaar, ration_card, ",True,False,True
HH-01024,NS-0365,24300.0,6,"aadhaar, ration_card, address_proof",True,True,True
HH-01025,NS-1470,10900.0,4,"aadhaar, ration_card, ",True,False,True
HH-01026,NS-0399,12500.0,3,"aadhaar, ration_card, ",True,False,True
HH-01027,NS-1316,9300.0,8,"aadhaar, , ",True,False,True
HH-01028,NS-0971,23000.0,8,"aadhaar, ration_card, address_proof",True,True,True
HH-01029,NS-1092,14500.0,6,"aadhaar, ration_card, address_proof",True,False,True
HH-01030,NS-0295,17300.0,8,"aadhaar, , ",True,False,True
HH-01031,NS-1265,9800.0,8,"aadhaar, ration_card, ",True,False,True
HH-01032,NS-0731,8400.0,2,"aadhaar, , ",True,False,True
HH-01033,NS-0544,25700.0,3,"aadhaar, ration_card, address_proof",True,True,False
HH-01034,NS-0951,7000.0,1,", ration_card, address_proof",False,True,True
HH-01035,NS-0038,8600.0,8,"aadhaar, ration_card, ",True,False,True
HH-01036,NS-0309,10700.0,8,"aadhaar, ration_card, address_proof",True,True,True
HH-01037,NS-0292,13300.0,2,", ration_card, address_proof",False,True,True
HH-01038,NS-0541,8000.0,6,"aadhaar, ration_card, ",True,False,True
HH-01039,NS-0415,15800.0,7,"aadhaar, ration_card, address_proof",True,True,True
HH-01040,NS-0733,6400.0,8,"aadhaar, ration_card, address_proof",True,True,True
HH-01041,NS-0299,17000.0,7,"aadhaar, , address_proof",True,True,True
HH-01042,NS-0481,25700.0,3,", ration_card, address_proof",False,True,False
HH-01043,NS-0801,9300.0,4,", , ",False,False,True
HH-01044,NS-1123,6200.0,2,"aadhaar, ration_card, ",True,False,True
HH-01045,NS-1070,20700.0,2,"aadhaar, ration_card, address_proof",True,True,True
HH-01046,NS-1119,16500.0,8,", ration_card, address_proof",False,True,True
HH-01047,NS-1232,10400.0,5,", , ",False,False,True
HH-01048,NS-0791,41500.0,3,"aadhaar, ration_card, address_proof",True,True,False
HH-01049,NS-0712,9500.0,5,"aadhaar, ration_card, address_proof",True,True,True
HH-01050,NS-0675,9500.0,5,", ration_card, address_proof",False,False,True
HH-01051,NS-0363,22500.0,3,"aadhaar, ration_card, ",True,False,True
HH-01052,NS-0964,16800.0,3,"aadhaar, ration_card, address_proof",True,True,True
HH-01053,NS-1308,22100.0,5,"aadhaar, ration_card, ",True,False,True
HH-01054,NS-0647,5100.0,7,"aadhaar, ration_card, ",True,False,True
HH-01055,NS-0778,17600.0,8,"aadhaar, ration_card, ",True,False,True
HH-01056,NS-0628,21300.0,5,"aadhaar, ration_card, address_proof",True,True,True
HH-01057,NS-0129,13400.0,5,"aadhaar, ration_card, ",True,False,True
HH-01058,NS-0398,7500.0,6,"aadhaar, , address_proof",True,True,True
HH-01059,NS-0891,12300.0,4,"aadhaar, ration_card, address_proof",True,True,True
HH-01060,NS-0843,8800.0,7,"aadhaar, ration_card, ",True,False,True
HH-01061,NS-1292,18100.0,3,"aadhaar, ration_card, address_proof",True,True,True
HH-01062,NS-0581,27400.0,6,"aadhaar, , ",True,False,False
HH-01063,NS-1409,9100.0,4,"aadhaar, ration_card, address_proof",True,True,True
HH-01064,NS-0199,20400.0,1,"aadhaar, ration_card, address_proof",True,True,True
HH-01065,NS-1127,14400.0,2,"aadhaar, , ",True,False,True
HH-01066,NS-0028,6600.0,4,"aadhaar, ration_card, address_proof",True,True,True
HH-01067,NS-0154,8100.0,8,"aadhaar, , ",True,False,True
HH-01068,NS-0164,18600.0,7,", ration_card, address_proof",False,True,True
HH-01069,NS-0313,12500.0,7,"aadhaar, ration_card, address_proof",True,True,True
HH-01070,NS-0596,24000.0,6,"aadhaar, ration_card, address_proof",True,True,True
HH-01071,NS-1035,7100.0,6,"aadhaar, , address_proof",True,True,True
HH-01072,NS-0819,3400.0,5,"aadhaar, ration_card, address_proof",True,True,True
HH-01073,NS-1371,12400.0,8,"aadhaar, ration_card, ",True,False,True
HH-01074,NS-1272,54900.0,5,"aadhaar, ration_card, address_proof",False,True,False
HH-01075,NS-1019,26500.0,3,", ration_card, address_proof",False,True,False
HH-01076,NS-0741,16400.0,7,"aadhaar, ration_card, ",True,False,True
HH-01077,NS-0257,26200.0,3,", ration_card, address_proof",False,True,False
HH-01078,NS-0305,17900.0,8,", ration_card, address_proof",False,False,True
HH-01079,NS-0300,23000.0,8,", ration_card, address_proof",False,True,True
HH-01080,NS-0684,7300.0,1,"aadhaar, ration_card, ",True,False,True
HH-01081,NS-1283,17400.0,2,"aadhaar, , address_proof",True,True,True
HH-01082,NS-0137,7700.0,2,"aadhaar, ration_card, ",True,False,True
HH-01083,NS-0754,9900.0,4,"aadhaar, ration_card, address_proof",True,True,True
HH-01084,NS-0116,20700.0,8,"aadhaar, ration_card, address_proof",True,True,True
HH-01085,NS-0392,21000.0,4,"aadhaar, ration_card, ",True,False,True
HH-01086,NS-0352,29000.0,4,"aadhaar, , address_proof",True,True,False
HH-01087,NS-0248,15800.0,3,"aadhaar, ration_card, ",True,False,True
HH-01088,NS-0121,11600.0,6,"aadhaar, , address_proof",True,False,True
HH-01089,NS-0315,11300.0,1,"aadhaar, ration_card, ",True,False,True
HH-01090,NS-0252,22600.0,2,"aadhaar, ration_card, address_proof",True,True,True
HH-01091,NS-1411,9400.0,4,"aadhaar, ration_card, address_proof",True,True,True
HH-01092,NS-0077,19100.0,2,"aadhaar, ration_card, address_proof",True,False,True
HH-01093,NS-1249,5100.0,3,"aadhaar, ration_card, address_proof",True,True,True
HH-01094,NS-1194,12500.0,2,"aadhaar, ration_card, ",True,False,True
HH-01095,NS-0407,16300.0,7,"aadhaar, , address_proof",True,True,True
HH-01096,NS-0960,13100.0,3,"aadhaar, , address_proof",True,True,True
HH-01097,NS-1277,13400.0,8,"aadhaar, , address_proof",True,True,True
HH-01098,NS-0934,12200.0,4,"aadhaar, ration_card, address_proof",True,True,True
HH-01099,NS-0734,18100.0,1,"aadhaar, , ",True,False,True
HH-01100,NS-0024,7700.0,1,"aadhaar, ration_card, address_proof",True,True,True
HH-01101,NS-0921,6200.0,3,", ration_card, address_proof",False,True,True
HH-01102,NS-0128,21900.0,7,"aadhaar, ration_card, ",True,False,True
HH-01103,NS-0891,23100.0,7,"aadhaar, ration_card, address_proof",True,True,True
HH-01104,NS-1021,24800.0,4,"aadhaar, ration_card, address_proof",True,True,True
HH-01105,NS-0639,22400.0,1,"aadhaar, ration_card, address_proof",True,True,True
HH-01106,NS-0287,5500.0,7,", ration_card, ",False,False,True
HH-01107,NS-0182,11900.0,6,"aadhaar, ration_card, ",True,False,True
HH-01108,NS-1354,19800.0,8,"aadhaar, , address_proof",True,True,True
HH-01109,NS-0477,4900.0,8,"aadhaar, ration_card, address_proof",True,True,True
HH-01110,NS-1444,22500.0,1,"aadhaar, ration_card, address_proof",True,False,True
HH-01111,NS-0518,6500.0,6,"aadhaar, ration_card, ",True,False,True
HH-01112,NS-1436,16200.0,3,"aadhaar, ration_card, address_proof",True,True,True
HH-01113,NS-0517,29700.0,4,"aadhaar, ration_card, address_proof",True,True,False
HH-01114,NS-0419,11400.0,4,"aadhaar, ration_card, ",True,False,True
HH-01115,NS-1353,31300.0,1,", ration_card, ",False,False,False
HH-01116,NS-0107,12800.0,8,"aadhaar, ration_card, address_proof",True,True,True
HH-01117,NS-0662,10200.0,7,"aadhaar, ration_card, address_proof",True,True,True
HH-01118,NS-1368,12700.0,7,"aadhaar, ration_card, address_proof",True,True,True
HH-01119,NS-0233,5900.0,1,"aadhaar, ration_card, address_proof",True,True,True
HH-01120,NS-1366,17500.0,7,", , ",False,False,True
HH-01121,NS-0393,22200.0,4,"aadhaar, ration_card, ",True,False,True
HH-01122,NS-0585,8300.0,6,"aadhaar, , address_proof",True,True,True
HH-01123,NS-1275,13900.0,6,"aadhaar, ration_card, ",True,False,True
HH-01124,NS-0196,20200.0,2,"aadhaar, , address_proof",True,True,True
HH-01125,NS-1479,15900.0,5,", , address_proof",False,True,True
HH-01126,NS-1403,20600.0,6,"aadhaar, , address_proof",True,True,True
HH-01127,NS-0026,30100.0,2,"aadhaar, ration_card, address_proof",True,True,False
HH-01128,NS-0712,24100.0,3,"aadhaar, , address_proof",True,True,True
HH-01129,NS-0785,13200.0,2,", ration_card, ",False,False,True
HH-01130,NS-0203,22300.0,4,"aadhaar, ration_card, ",True,False,True
HH-01131,NS-0584,8600.0,7,"aadhaar, ration_card, ",True,False,True
HH-01132,NS-1375,20200.0,4,"aadhaar, ration_card, ",True,False,True
HH-01133,NS-1413,9500.0,2,"aadhaar, ration_card, address_proof",True,True,True
HH-01134,NS-0542,10900.0,1,"aadhaar, ration_card, ",True,False,True
HH-01135,NS-1011,11700.0,5,"aadhaar, ration_card, address_proof",True,True,True
HH-01136,NS-1070,25400.0,4,"aadhaar, ration_card, address_proof",True,True,False
HH-01137,NS-1178,11700.0,5,"aadhaar, ration_card, address_proof",True,True,True
HH-01138,NS-0335,40300.0,7,"aadhaar, , address_proof",True,True,False
HH-01139,NS-0061,21400.0,5,"aadhaar, ration_card, address_proof",True,True,True
HH-01140,NS-0880,13200.0,3,"aadhaar, ration_card, ",True,False,True
HH-01141,NS-0709,13600.0,7,", ration_card, address_proof",False,True,True
HH-01142,NS-1108,6400.0,8,"aadhaar, ration_card, ",True,False,True
HH-01143,NS-1197,38200.0,2,"aadhaar, ration_card, address_proof",True,True,False
HH-01144,NS-0058,11100.0,7,", ration_card, address_proof",False,False,True
HH-01145,NS-0722,9600.0,7,"aadhaar, ration_card, ",True,False,True
HH-01146,NS-1169,7700.0,1,"aadhaar, ration_card, address_proof",True,True,True
HH-01147,NS-1208,10500.0,3,"aadhaar, ration_card, address_proof",True,True,True
HH-01148,NS-0347,12100.0,8,"aadhaar, ration_card, ",True,False,True
HH-01149,NS-0742,16800.0,2,", ration_card, address_proof",False,True,True
HH-01150,NS-0585,37600.0,8,"aadhaar, ration_card, address_proof",True,True,False
HH-01151,NS-1332,16800.0,1,"aadhaar, ration_card, ",True,False,True
HH-01152,NS-0562,36900.0,2,", , address_proof",False,True,False
HH-01153,NS-0805,9800.0,6,"aadhaar, , address_proof",True,True,True
HH-01154,NS-1152,21600.0,6,"aadhaar, ration_card, address_proof",True,True,True
HH-01155,NS-0955,6900.0,1,"aadhaar, ration_card, address_proof",True,True,True
HH-01156,NS-0524,6800.0,1,", ration_card, address_proof",False,True,True
HH-01157,NS-0393,23400.0,8,"aadhaar, ration_card, ",True,False,True
HH-01158,NS-0536,7000.0,3,"aadhaar, ration_card, address_proof",True,True,True
HH-01159,NS-0970,20300.0,3,", ration_card, address_proof",False,True,True
HH-01160,NS-1048,36800.0,7,"aadhaar, ration_card, address_proof",True,True,False
HH-01161,NS-0718,7600.0,3,", ration_card, address_proof",False,True,True
HH-01162,NS-0174,20900.0,5,"aadhaar, ration_card, ",True,False,True
HH-01163,NS-0562,14200.0,3,"aadhaar, ration_card, address_proof",True,True,True
HH-01164,NS-0147,12600.0,1,"aadhaar, ration_card, address_proof",True,True,True
HH-01165,NS-0931,28700.0,8,"aadhaar, ration_card, address_proof",True,True,False
HH-01166,NS-0547,23100.0,8,"aadhaar, ration_card, ",True,False,True
HH-01167,NS-0253,5900.0,3,"aadhaar, ration_card, ",True,False,True
HH-01168,NS-1391,10000.0,1,"aadhaar, ration_card, address_proof",True,True,True
HH-01169,NS-1299,28000.0,6,"aadhaar, ration_card, address_proof",True,True,False
HH-01170,NS-0251,9900.0,8,"aadhaar, ration_card, address_proof",True,True,True
HH-01171,NS-1461,16300.0,3,"aadhaar, , ",True,False,True
HH-01172,NS-0166,14300.0,1,", ration_card, ",False,False,True
HH-01173,NS-1095,16600.0,8,"aadhaar, , ",True,False,True
HH-01174,NS-1230,10000.0,3,"aadhaar, ration_card, address_proof",True,True,True
HH-01175,NS-1112,6500.0,2,"aadhaar, ration_card, address_proof",True,True,True
HH-01176,NS-0609,8700.0,3,"aadhaar, ration_card, ",True,False,True
HH-01177,NS-1274,8500.0,8,"aadhaar, , address_proof",True,True,True
HH-01178,NS-0862,16300.0,6,"aadhaar, ration_card, address_proof",True,True,True
HH-01179,NS-1122,12800.0,1,"aadhaar, ration_card, ",True,False,True
HH-01180,NS-0647,15200.0,8,"aadhaar, ration_card, address_proof",True,True,True
HH-01181,NS-1488,9200.0,3,"aadhaar, ration_card, address_proof",True,True,True
HH-01182,NS-1218,20300.0,2,"aadhaar, ration_card, address_proof",True,True,True
HH-01183,NS-1349,17200.0,4,"aadhaar, ration_card, address_proof",True,True,True
HH-01184,NS-0522,10200.0,3,"aadhaar, ration_card, ",True,False,True
HH-01185,NS-0170,9800.0,8,"aadhaar, , ",True,False,True
HH-01186,NS-0207,10200.0,2,"aadhaar, , address_proof",True,True,True
HH-01187,NS-0614,9600.0,6,", ration_card, address_proof",False,True,True
HH-01188,NS-0305,12100.0,8,"aadhaar, ration_card, address_proof",True,False,True
HH-01189,NS-0685,7400.0,1,", ration_card, address_proof",False,False,True
HH-01190,NS-1468,12200.0,7,"aadhaar, ration_card, address_proof",True,True,True
HH-01191,NS-0856,10200.0,5,"aadhaar, ration_card, address_proof",True,True,True
HH-01192,NS-1246,16500.0,4,"aadhaar, ration_card, ",True,False,True
HH-01193,NS-0011,11100.0,5,"aadhaar, , address_proof",True,True,True
HH-01194,NS-0055,15500.0,1,"aadhaar, ration_card, address_proof",True,True,True
HH-01195,NS-0638,21200.0,5,"aadhaar, ration_card, ",True,False,True
HH-01196,NS-0080,11100.0,7,"aadhaar, ration_card, ",True,False,True
HH-01197,NS-0322,29700.0,4,"aadhaar, ration_card, address_proof",True,True,False
HH-01198,NS-0732,8100.0,2,"aadhaar, ration_card, address_proof",True,True,True
HH-01199,NS-0568,53300.0,8,"aadhaar, ration_card, address_proof",False,True,False
HH-01200,NS-0800,12500.0,8,"aadhaar, , ",True,False,True
HH-01201,NS-1281,9100.0,4,"aadhaar, ration_card, ",True,False,True
HH-01202,NS-0660,9700.0,1,", ration_card, address_proof",False,True,True
HH-01203,NS-0884,6700.0,3,"aadhaar, ration_card, address_proof",True,True,True
HH-01204,NS-1011,12700.0,4,"aadhaar, ration_card, address_proof",True,True,True
HH-01205,NS-1181,7300.0,7,"aadhaar, ration_card, address_proof",True,False,True
HH-01206,NS-0625,9300.0,1,"aadhaar, ration_card, address_proof",True,True,True
HH-01207,NS-0186,4900.0,2,"aadhaar, ration_card, address_proof",True,False,True
HH-01208,NS-0897,14600.0,2,"aadhaar, , address_proof",True,True,True
HH-01209,NS-0339,20900.0,3,"aadhaar, ration_card, ",True,False,True
HH-01210,NS-0546,10100.0,2,"aadhaar, ration_card, address_proof",True,True,True
HH-01211,NS-0609,23900.0,6,"aadhaar, , address_proof",True,True,True
HH-01212,NS-1007,33000.0,2,"aadhaar, , address_proof",True,True,False
HH-01213,NS-0483,8300.0,2,"aadhaar, , address_proof",True,True,True
HH-01214,NS-0763,11100.0,7,"aadhaar, ration_card, address_proof",True,True,True
HH-01215,NS-0305,34500.0,2,"aadhaar, , address_proof",True,False,False
HH-01216,NS-0818,23600.0,8,"aadhaar, ration_card, address_proof",True,False,True
HH-01217,NS-1100,7600.0,2,"aadhaar, ration_card, address_proof",True,True,True
HH-01218,NS-0961,33100.0,3,"aadhaar, , address_proof",True,True,False
HH-01219,NS-0617,11200.0,5,"aadhaar, ration_card, address_proof",True,True,True
HH-01220,NS-1030,17400.0,3,"aadhaar, ration_card, address_proof",True,True,True
HH-01221,NS-1488,17600.0,3,"aadhaar, ration_card, ",True,False,True
HH-01222,NS-0454,10600.0,7,"aadhaar, , address_proof",True,True,True
HH-01223,NS-0886,21900.0,5,"aadhaar, ration_card, address_proof",True,True,True
HH-01224,NS-0323,12900.0,2,"aadhaar, ration_card, ",True,False,True
HH-01225,NS-0437,12600.0,3,"aadhaar, ration_card, address_proof",True,True,True
HH-01226,NS-0100,18200.0,5,"aadhaar, ration_card, ",True,False,True
HH-01227,NS-0623,26300.0,2,"aadhaar, , ",True,False,False
HH-01228,NS-0725,8900.0,1,"aadhaar, ration_card, ",True,False,True
HH-01229,NS-0939,10200.0,2,"aadhaar, ration_card, address_proof",True,True,True
HH-01230,NS-0185,10400.0,3,"aadhaar, , address_proof",True,True,True
HH-01231,NS-0634,9700.0,5,"aadhaar, ration_card, address_proof",True,True,True
HH-01232,NS-0913,17800.0,7,"aadhaar, ration_card, ",True,False,True
HH-01233,NS-1077,13500.0,5,"aadhaar, ration_card, address_proof",True,True,True
HH-01234,NS-0577,6700.0,6,"aadhaar, ration_card, address_proof",True,True,True
HH-01235,NS-1296,25000.0,8,"aadhaar, ration_card, ",True,False,True
HH-01236,NS-0536,32100.0,8,"aadhaar, , ",True,False,False
HH-01237,NS-1499,11900.0,8,"aadhaar, ration_card, ",True,False,True
HH-01238,NS-1238,20900.0,8,", ration_card, address_proof",False,False,True
HH-01239,NS-1277,12700.0,5,"aadhaar, , ",True,False,True
HH-01240,NS-0335,14300.0,5,", ration_card, address_proof",False,True,True
HH-01241,NS-1186,7100.0,3,"aadhaar, ration_card, ",True,False,True
HH-01242,NS-0546,30200.0,1,"aadhaar, ration_card, address_proof",True,True,False
HH-01243,NS-0803,6400.0,3,"aadhaar, ration_card, ",True,False,True
HH-01244,NS-1465,15700.0,5,"aadhaar, , address_proof",True,True,True
HH-01245,NS-1418,14700.0,5,", ration_card, address_proof",False,True,True
HH-01246,NS-0177,12600.0,5,"aadhaar, ration_card, ",True,False,True
HH-01247,NS-0553,13400.0,8,"aadhaar, , address_proof",True,True,True
HH-01248,NS-1158,23700.0,4,", ration_card, ",False,False,True
HH-01249,NS-0615,29300.0,7,", ration_card, ",False,False,False
HH-01250,NS-0077,26100.0,1,"aadhaar, ration_card, address_proof",True,False,False
HH-01251,NS-1087,19300.0,3,"aadhaar, ration_card, ",True,False,True
HH-01252,NS-1146,30200.0,7,"aadhaar, , ",True,False,False
HH-01253,NS-1335,17800.0,2,"aadhaar, ration_card, ",True,False,True
HH-01254,NS-0567,35300.0,8,"aadhaar, ration_card, address_proof",True,True,False
HH-01255,NS-0943,9700.0,4,"aadhaar, ration_card, address_proof",True,True,True
HH-01256,NS-1334,14100.0,6,", , address_proof",False,True,True
HH-01257,NS-0903,32200.0,1,"aadhaar, ration_card, address_proof",True,True,False
HH-01258,NS-0773,14000.0,3,"aadhaar, ration_card, ",True,False,True
HH-01259,NS-0896,21800.0,4,"aadhaar, ration_card, address_proof",True,False,True
HH-01260,NS-0069,15600.0,1,"aadhaar, , ",True,False,True
HH-01261,NS-1306,9700.0,2,", ration_card, ",False,False,True
HH-01262,NS-1208,30200.0,2,"aadhaar, , address_proof",True,True,False
HH-01263,NS-0295,28100.0,5,"aadhaar, ration_card, address_proof",True,True,False
HH-01264,NS-1499,16900.0,3,"aadhaar, , ",True,False,True
HH-01265,NS-0220,36700.0,2,"aadhaar, , ",True,False,False
HH-01266,NS-0013,28200.0,5,"aadhaar, ration_card, ",True,False,False
HH-01267,NS-0485,14800.0,8,"aadhaar, ration_card, address_proof",True,True,True
HH-01268,NS-0608,13600.0,6,"aadhaar, ration_card, ",True,False,True
HH-01269,NS-0449,17100.0,3,"aadhaar, ration_card, ",True,False,True
HH-01270,NS-0555,6100.0,2,"aadhaar, , ",True,False,True
HH-01271,NS-0744,24500.0,4,"aadhaar, ration_card, ",True,False,True
HH-01272,NS-0190,13700.0,5,", ration_card, address_proof",False,True,True
HH-01273,NS-1222,12100.0,2,"aadhaar, , ",True,False,True
HH-01274,NS-1365,12100.0,3,"aadhaar, ration_card, ",True,False,True
HH-01275,NS-1134,7600.0,2,"aadhaar, ration_card, address_proof",True,True,True
HH-01276,NS-0818,9200.0,7,"aadhaar, ration_card, address_proof",True,False,True
HH-01277,NS-0367,25600.0,2,"aadhaar, ration_card, address_proof",True,False,False
HH-01278,NS-1109,31100.0,4,", , address_proof",False,True,False
HH-01279,NS-0532,3600.0,8,"aadhaar, , ",True,False,True
HH-01280,NS-0494,21800.0,3,"aadhaar, , address_proof",True,True,True
HH-01281,NS-1462,6500.0,5,"aadhaar, , address_proof",True,True,True
HH-01282,NS-0690,21500.0,6,"aadhaar, ration_card, address_proof",True,True,True
HH-01283,NS-1296,11900.0,1,", ration_card, ",False,False,True
HH-01284,NS-1495,13400.0,4,"aadhaar, ration_card, address_proof",True,True,True
HH-01285,NS-1445,5400.0,4,"aadhaar, ration_card, address_proof",True,True,True
HH-01286,NS-0195,10500.0,6,", ration_card, ",False,False,True
HH-01287,NS-1148,6900.0,8,"aadhaar, ration_card, address_proof",True,True,True
HH-01288,NS-0359,8000.0,7,"aadhaar, , ",True,False,True
HH-01289,NS-0813,18600.0,4,"aadhaar, ration_card, address_proof",True,True,True
HH-01290,NS-1465,11700.0,1,"aadhaar, ration_card, ",True,False,True
HH-01291,NS-0857,5300.0,6,"aadhaar, ration_card, ",True,False,True
HH-01292,NS-0671,5600.0,6,", ration_card, address_proof",False,True,True
HH-01293,NS-0140,31000.0,3,"aadhaar, ration_card, ",True,False,False
HH-01294,NS-0499,21000.0,4,"aadhaar, ration_card, address_proof",True,True,True
HH-01295,NS-1063,35100.0,1,"aadhaar, ration_card, address_proof",True,True,False
HH-01296,NS-0904,22800.0,8,"aadhaar, ration_card, address_proof",True,False,True
HH-01297,NS-0517,10200.0,4,"aadhaar, ration_card, address_proof",True,True,True
HH-01298,NS-0317,26000.0,5,", , ",False,False,False
HH-01299,NS-0793,9200.0,8,"aadhaar, ration_card, address_proof",True,True,True
HH-01300,NS-0597,16000.0,2,"aadhaar, , ",True,False,True
HH-01301,NS-0517,5200.0,2,"aadhaar, ration_card, ",True,False,True
HH-01302,NS-0808,19400.0,3,"aadhaar, , address_proof",True,True,True
HH-01303,NS-0707,7100.0,8,", ration_card, address_proof",False,True,True
HH-01304,NS-0913,15400.0,3,"aadhaar, ration_card, ",True,False,True
HH-01305,NS-0160,17300.0,8,", ration_card, address_proof",False,True,True
HH-01306,NS-1428,9100.0,8,", , ",False,False,True
HH-01307,NS-0375,8100.0,1,"aadhaar, , ",True,False,True
HH-01308,NS-0527,6200.0,8,"aadhaar, , ",True,False,True
HH-01309,NS-0381,16200.0,6,"aadhaar, ration_card, address_proof",True,True,True
HH-01310,NS-0727,17200.0,2,"aadhaar, ration_card, address_proof",True,True,True
HH-01311,NS-0372,14000.0,3,"aadhaar, , address_proof",True,False,True
HH-01312,NS-0242,13600.0,4,"aadhaar, ration_card, ",True,False,True
HH-01313,NS-0228,9700.0,8,"aadhaar, ration_card, address_proof",True,True,True
HH-01314,NS-1252,22300.0,4,"aadhaar, ration_card, ",True,False,True
HH-01315,NS-0754,24900.0,3,"aadhaar, ration_card, address_proof",True,True,True
HH-01316,NS-1427,26700.0,8,"aadhaar, , ",True,False,False
HH-01317,NS-0639,14100.0,7,"aadhaar, , ",True,False,True
HH-01318,NS-1406,8100.0,1,"aadhaar, , ",True,False,True
HH-01319,NS-1343,60600.0,3,"aadhaar, ration_card, ",False,False,False
HH-01320,NS-0320,34200.0,4,"aadhaar, ration_card, ",True,False,False
HH-01321,NS-1397,10300.0,2,"aadhaar, , address_proof",True,True,True
HH-01322,NS-0417,16700.0,4,"aadhaar, ration_card, ",True,False,True
HH-01323,NS-0739,30100.0,4,"aadhaar, ration_card, ",True,False,False
HH-01324,NS-0382,14300.0,5,", ration_card, address_proof",False,True,True
HH-01325,NS-0430,6000.0,2,"aadhaar, , address_proof",True,True,True
HH-01326,NS-0336,5600.0,4,"aadhaar, ration_card, address_proof",True,True,True
HH-01327,NS-0708,16300.0,6,"aadhaar, ration_card, address_proof",True,True,True
HH-01328,NS-0872,10100.0,8,"aadhaar, ration_card, ",True,False,True
HH-01329,NS-1317,15900.0,2,", , address_proof",False,True,True
HH-01330,NS-1054,6400.0,4,"aadhaar, ration_card, ",True,False,True
HH-01331,NS-0968,29900.0,2,", ration_card, address_proof",False,False,False
HH-01332,NS-0911,8900.0,5,", , address_proof",False,True,True
HH-01333,NS-0511,8900.0,1,"aadhaar, ration_card, ",True,False,True
HH-01334,NS-1450,15400.0,5,"aadhaar, ration_card, address_proof",True,True,True
HH-01335,NS-0187,9600.0,6,"aadhaar, ration_card, address_proof",True,True,True
HH-01336,NS-0529,4400.0,1,"aadhaar, ration_card, address_proof",True,False,True
HH-01337,NS-1048,26200.0,7,"aadhaar, , ",True,False,False
HH-01338,NS-0753,18900.0,4,"aadhaar, ration_card, address_proof",True,True,True
HH-01339,NS-1228,11900.0,6,", ration_card, address_proof",False,True,True
HH-01340,NS-0075,13100.0,8,", ration_card, ",False,False,True
HH-01341,NS-0334,10100.0,2,"aadhaar, ration_card, address_proof",True,True,True
HH-01342,NS-1009,13800.0,4,"aadhaar, ration_card, address_proof",True,True,True
HH-01343,NS-0493,10600.0,7,"aadhaar, ration_card, ",True,False,True
HH-01344,NS-0454,6800.0,7,"aadhaar, ration_card, ",True,False,True
HH-01345,NS-1185,11400.0,7,"aadhaar, ration_card, address_proof",True,True,True
HH-01346,NS-0117,19100.0,8,"aadhaar, ration_card, address_proof",True,True,True
HH-01347,NS-1245,9000.0,1,"aadhaar, ration_card, address_proof",True,True,True
HH-01348,NS-1060,9400.0,7,"aadhaar, ration_card, address_proof",True,True,True
HH-01349,NS-0116,8400.0,6,"aadhaar, ration_card, ",True,False,True
HH-01350,NS-0305,9900.0,6,"aadhaar, , ",True,False,True
HH-01351,NS-0928,12800.0,5,"aadhaar, ration_card, ",True,False,True
HH-01352,NS-0220,23600.0,7,"aadhaar, ration_card, ",True,False,True
HH-01353,NS-0932,26800.0,3,"aadhaar, ration_card, address_proof",True,True,False
HH-01354,NS-0366,11500.0,5,"aadhaar, ration_card, address_proof",True,False,True
HH-01355,NS-1127,8200.0,6,"aadhaar, ration_card, address_proof",True,True,True
HH-01356,NS-1117,14200.0,7,"aadhaar, ration_card, address_proof",True,True,True
HH-01357,NS-0597,19600.0,5,"aadhaar, ration_card, address_proof",True,True,True
HH-01358,NS-0874,10500.0,1,"aadhaar, ration_card, address_proof",True,True,True
HH-01359,NS-0730,6100.0,1,"aadhaar, ration_card, address_proof",True,False,True
HH-01360,NS-0151,12000.0,6,"aadhaar, ration_card, ",True,False,True
HH-01361,NS-0151,16500.0,5,"aadhaar, ration_card, ",True,False,True
HH-01362,NS-0418,25500.0,6,"aadhaar, ration_card, address_proof",True,True,False
HH-01363,NS-0084,20100.0,1,"aadhaar, ration_card, address_proof",True,True,True
HH-01364,NS-0908,12800.0,1,"aadhaar, ration_card, address_proof",True,False,True
HH-01365,NS-0748,17000.0,7,", , ",False,False,True
HH-01366,NS-0945,31200.0,4,"aadhaar, ration_card, address_proof",True,True,False
HH-01367,NS-0142,41100.0,5,"aadhaar, , address_proof",True,True,False
HH-01368,NS-1026,10900.0,8,"aadhaar, ration_card, ",True,False,True
HH-01369,NS-1432,11200.0,8,"aadhaar, ration_card, ",True,False,True
HH-01370,NS-1388,3600.0,2,"aadhaar, ration_card, address_proof",True,False,True
HH-01371,NS-0610,19000.0,2,"aadhaar, ration_card, ",True,False,True
HH-01372,NS-0079,19900.0,4,"aadhaar, ration_card, address_proof",True,True,True
HH-01373,NS-0786,34000.0,6,"aadhaar, ration_card, address_proof",True,True,False
HH-01374,NS-1212,22600.0,6,"aadhaar, ration_card, ",True,False,True
HH-01375,NS-1200,13800.0,7,"aadhaar, ration_card, address_proof",True,True,True
HH-01376,NS-0966,11700.0,1,"aadhaar, ration_card, address_proof",True,True,True
HH-01377,NS-0927,16800.0,1,"aadhaar, , address_proof",True,True,True
HH-01378,NS-0421,5900.0,2,"aadhaar, , address_proof",True,True,True
HH-01379,NS-1051,10400.0,3,"aadhaar, ration_card, address_proof",True,True,True
HH-01380,NS-0533,18900.0,1,"aadhaar, ration_card, ",True,False,True
HH-01381,NS-1479,14400.0,6,"aadhaar, ration_card, ",True,False,True
HH-01382,NS-1151,10000.0,2,"aadhaar, ration_card, address_proof",True,True,True
HH-01383,NS-1315,8000.0,7,"aadhaar, ration_card, ",True,False,True
HH-01384,NS-1444,16700.0,7,"aadhaar, ration_card, ",True,False,True
HH-01385,NS-0762,34300.0,1,"aadhaar, ration_card, address_proof",True,True,False
HH-01386,NS-0397,7800.0,1,"aadhaar, ration_card, ",True,False,True
HH-01387,NS-0700,12900.0,3,"aadhaar, ration_card, ",True,False,True
HH-01388,NS-0482,20600.0,3,"aadhaar, , address_proof",True,False,True
HH-01389,NS-0203,9700.0,3,"aadhaar, ration_card, address_proof",True,True,True
HH-01390,NS-0318,5700.0,2,"aadhaar, ration_card, address_proof",True,False,True
HH-01391,NS-0395,10600.0,1,"aadhaar, ration_card, address_proof",True,False,True
HH-01392,NS-1024,19100.0,8,"aadhaar, ration_card, address_proof",True,True,True
HH-01393,NS-0947,10400.0,7,"aadhaar, ration_card, address_proof",True,True,True
HH-01394,NS-0553,12000.0,7,"aadhaar, , address_proof",True,True,True
HH-01395,NS-1053,14000.0,3,", ration_card, address_proof",False,True,True
HH-01396,NS-0409,17000.0,8,"aadhaar, ration_card, address_proof",True,True,True
HH-01397,NS-1345,21400.0,1,"aadhaar, , address_proof",True,True,True
HH-01398,NS-0543,12500.0,2,"aadhaar, ration_card, ",True,False,True
HH-01399,NS-0986,17300.0,4,"aadhaar, , address_proof",True,False,True
HH-01400,NS-0804,10600.0,1,"aadhaar, , ",True,False,True
HH-01401,NS-0808,21100.0,8,"aadhaar, ration_card, address_proof",True,True,True
HH-01402,NS-0180,7800.0,4,"aadhaar, ration_card, address_proof",True,True,True
HH-01403,NS-0759,9100.0,6,"aadhaar, ration_card, ",True,False,True
HH-01404,NS-1383,12600.0,8,"aadhaar, ration_card, ",True,False,True
HH-01405,NS-1083,7300.0,3,"aadhaar, ration_card, ",True,False,True
HH-01406,NS-0360,18500.0,4,"aadhaar, ration_card, address_proof",True,True,True
HH-01407,NS-0829,33300.0,1,"aadhaar, ration_card, ",True,False,False
HH-01408,NS-0072,33900.0,7,"aadhaar, , ",True,False,False
HH-01409,NS-0088,10400.0,8,", ration_card, address_proof",False,True,True
HH-01410,NS-0645,11500.0,8,"aadhaar, ration_card, address_proof",True,True,True
HH-01411,NS-0671,26600.0,4,"aadhaar, , ",True,False,False
HH-01412,NS-1077,15700.0,4,", , address_proof",False,True,True
HH-01413,NS-1182,24100.0,8,"aadhaar, ration_card, address_proof",True,True,True
HH-01414,NS-1311,14900.0,7,"aadhaar, ration_card, address_proof",True,True,True
HH-01415,NS-0216,7000.0,5,"aadhaar, ration_card, address_proof",True,True,True
HH-01416,NS-0583,7900.0,5,", ration_card, address_proof",False,True,True
HH-01417,NS-1031,9500.0,7,"aadhaar, ration_card, ",True,False,True
HH-01418,NS-1452,26900.0,2,"aadhaar, , address_proof",True,True,False
HH-01419,NS-0092,9000.0,3,"aadhaar, ration_card, address_proof",True,True,True
HH-01420,NS-1357,17800.0,3,"aadhaar, ration_card, address_proof",True,True,True
HH-01421,NS-0349,13000.0,2,"aadhaar, ration_card, ",True,False,True
HH-01422,NS-0422,16800.0,3,"aadhaar, , address_proof",True,False,True
HH-01423,NS-1290,18200.0,1,"aadhaar, ration_card, address_proof",True,True,True
HH-01424,NS-1487,8400.0,2,"aadhaar, , ",True,False,True
HH-01425,NS-0723,10700.0,2,"aadhaar, ration_card, address_proof",True,True,True
HH-01426,NS-0324,13600.0,4,"aadhaar, ration_card, address_proof",True,True,True
HH-01427,NS-1026,7900.0,5,"aadhaar, ration_card, ",True,False,True
HH-01428,NS-0726,13500.0,2,", ration_card, address_proof",False,True,True
HH-01429,NS-1089,7800.0,1,", ration_card, ",False,False,True
HH-01430,NS-1196,8600.0,3,"aadhaar, ration_card, address_proof",True,True,True
HH-01431,NS-1225,9600.0,7,"aadhaar, ration_card, address_proof",True,True,True
HH-01432,NS-1131,31400.0,8,"aadhaar, ration_card, address_proof",True,True,False
HH-01433,NS-0597,8400.0,2,"aadhaar, ration_card, address_proof",True,True,True
HH-01434,NS-0736,9000.0,1,"aadhaar, ration_card, address_proof",True,True,True
HH-01435,NS-1120,4100.0,3,"aadhaar, , address_proof",True,False,True
HH-01436,NS-0945,10700.0,3,"aadhaar, ration_card, ",True,False,True
HH-01437,NS-0965,10000.0,8,"aadhaar, ration_card, ",True,False,True
HH-01438,NS-0088,7200.0,6,"aadhaar, ration_card, ",True,False,True
HH-01439,NS-0151,18900.0,3,"aadhaar, , ",True,False,True
HH-01440,NS-0406,15000.0,2,"aadhaar, , address_proof",True,True,True
HH-01441,NS-0997,17100.0,4,"aadhaar, , address_proof",True,True,True
HH-01442,NS-0066,12600.0,6,"aadhaar, ration_card, ",True,False,True
HH-01443,NS-0250,14700.0,2,"aadhaar, ration_card, address_proof",True,True,True
HH-01444,NS-0204,8900.0,6,", , address_proof",False,True,True
HH-01445,NS-0733,10100.0,4,"aadhaar, , address_proof",True,True,True
HH-01446,NS-0293,32700.0,3,"aadhaar, ration_card, ",True,False,False
HH-01447,NS-0841,5900.0,7,"aadhaar, ration_card, address_proof",True,False,True
HH-01448,NS-0613,4400.0,8,"aadhaar, ration_card, address_proof",True,True,True
HH-01449,NS-0136,10800.0,5,"aadhaar, ration_card, address_proof",True,True,True
HH-01450,NS-1287,18800.0,6,"aadhaar, ration_card, ",True,False,True
HH-01451,NS-0115,19700.0,2,"aadhaar, ration_card, ",True,False,True
HH-01452,NS-0264,11300.0,5,"aadhaar, , ",True,False,True
HH-01453,NS-0014,12500.0,7,", ration_card, ",False,False,True
HH-01454,NS-0707,9400.0,1,"aadhaar, , address_proof",True,True,True
HH-01455,NS-0668,11200.0,6,"aadhaar, ration_card, address_proof",True,True,True
HH-01456,NS-1049,23500.0,2,"aadhaar, ration_card, ",True,False,True
HH-01457,NS-0965,6500.0,7,"aadhaar, ration_card, ",True,False,True
HH-01458,NS-0453,15800.0,2,"aadhaar, ration_card, address_proof",True,True,True
HH-01459,NS-0116,7300.0,2,"aadhaar, ration_card, address_proof",True,True,True
HH-01460,NS-0061,23400.0,4,"aadhaar, , address_proof",True,True,True
HH-01461,NS-1320,13400.0,7,"aadhaar, ration_card, address_proof",True,True,True
HH-01462,NS-0140,9700.0,5,", ration_card, address_proof",False,True,True
HH-01463,NS-1037,8100.0,3,"aadhaar, ration_card, ",True,False,True
HH-01464,NS-0309,12300.0,6,"aadhaar, ration_card, address_proof",True,True,True
HH-01465,NS-0964,5400.0,8,"aadhaar, ration_card, address_proof",True,True,True
HH-01466,NS-0664,12400.0,2,"aadhaar, ration_card, ",True,False,True
HH-01467,NS-0242,18700.0,7,"aadhaar, ration_card, address_proof",True,False,True
HH-01468,NS-1466,12900.0,8,"aadhaar, , address_proof",True,True,True
HH-01469,NS-0467,8300.0,6,"aadhaar, ration_card, address_proof",True,False,True
HH-01470,NS-0018,35200.0,3,"aadhaar, , ",True,False,False
HH-01471,NS-0068,15100.0,1,"aadhaar, ration_card, address_proof",True,True,True
HH-01472,NS-0766,8600.0,5,"aadhaar, ration_card, address_proof",True,True,True
HH-01473,NS-0046,17400.0,5,"aadhaar, ration_card, ",True,False,True
HH-01474,NS-0819,24800.0,1,"aadhaar, ration_card, ",True,False,True
HH-01475,NS-0441,6300.0,1,"aadhaar, ration_card, ",True,False,True
HH-01476,NS-1175,7500.0,4,"aadhaar, ration_card, address_proof",True,True,True
HH-01477,NS-0060,52300.0,4,"aadhaar, , address_proof",False,True,False
HH-01478,NS-0736,7200.0,2,"aadhaar, ration_card, address_proof",True,True,True
HH-01479,NS-0727,10300.0,3,"aadhaar, , ",True,False,True
HH-01480,NS-1179,12200.0,5,"aadhaar, ration_card, address_proof",True,True,True
HH-01481,NS-0035,3900.0,2,"aadhaar, ration_card, ",True,False,True
HH-01482,NS-0499,4700.0,6,", ration_card, address_proof",False,True,True
HH-01483,NS-0883,4100.0,5,"aadhaar, , address_proof",True,True,True
HH-01484,NS-1324,13900.0,6,"aadhaar, ration_card, address_proof",True,True,True
HH-01485,NS-1156,9700.0,5,"aadhaar, ration_card, ",True,False,True
HH-01486,NS-1280,19800.0,5,"aadhaar, ration_card, ",True,False,True
HH-01487,NS-0077,20500.0,7,"aadhaar, , ",True,False,True
HH-01488,NS-1142,25600.0,4,"aadhaar, ration_card, address_proof",True,True,False
HH-01489,NS-1341,20000.0,4,"aadhaar, , ",True,False,True
HH-01490,NS-1164,15100.0,1,", ration_card, ",False,False,True
HH-01491,NS-0006,10900.0,6,"aadhaar, , address_proof",True,False,True
HH-01492,NS-0075,10100.0,2,"aadhaar, ration_card, address_proof",True,True,True
HH-01493,NS-0491,5800.0,5,"aadhaar, ration_card, address_proof",True,True,True
HH-01494,NS-0378,12200.0,1,", , ",False,False,True
HH-01495,NS-0589,7500.0,2,"aadhaar, ration_card, address_proof",True,True,True
HH-01496,NS-1079,10500.0,2,"aadhaar, , address_proof",True,True,True
HH-01497,NS-0239,15200.0,8,"aadhaar, , ",True,False,True
HH-01498,NS-0211,17100.0,8,"aadhaar, ration_card, ",True,False,True
HH-01499,NS-0737,30400.0,6,"aadhaar, , ",True,False,False
HH-01500,NS-0592,11000.0,4,"aadhaar, ration_card, address_proof",True,True,True
HH-01501,NS-0125,12800.0,3,"aadhaar, , address_proof",True,True,True
HH-01502,NS-1334,10200.0,6,"aadhaar, , address_proof",True,True,True
HH-01503,NS-1341,17400.0,6,"aadhaar, , address_proof",True,False,True
HH-01504,NS-0420,8000.0,6,"aadhaar, , address_proof",True,True,True
HH-01505,NS-0437,18700.0,5,"aadhaar, ration_card, ",True,False,True
HH-01506,NS-0662,37000.0,7,"aadhaar, , ",True,False,False
HH-01507,NS-0484,14300.0,5,"aadhaar, ration_card, address_proof",True,True,True
HH-01508,NS-0278,10100.0,2,"aadhaar, ration_card, ",True,False,True
HH-01509,NS-0918,6300.0,2,", , address_proof",False,True,True
HH-01510,NS-0086,13800.0,2,"aadhaar, ration_card, ",True,False,True
HH-01511,NS-1156,4700.0,8,"aadhaar, , address_proof",True,False,True
HH-01512,NS-0548,17800.0,2,", ration_card, address_proof",False,True,True
HH-01513,NS-0256,7100.0,8,"aadhaar, ration_card, address_proof",True,True,True
HH-01514,NS-0640,23300.0,6,"aadhaar, ration_card, address_proof",True,True,True
HH-01515,NS-0214,49900.0,3,"aadhaar, ration_card, ",True,False,False
HH-01516,NS-1486,7100.0,1,"aadhaar, ration_card, ",True,False,True
HH-01517,NS-0710,5500.0,3,"aadhaar, ration_card, address_proof",True,True,True
HH-01518,NS-0487,13400.0,8,"aadhaar, ration_card, address_proof",True,True,True
HH-01519,NS-0310,14700.0,4,"aadhaar, ration_card, address_proof",True,True,True
HH-01520,NS-0314,17200.0,6,"aadhaar, ration_card, address_proof",True,True,True
HH-01521,NS-1184,6100.0,1,"aadhaar, ration_card, ",True,False,True
HH-01522,NS-0412,11500.0,5,"aadhaar, ration_card, address_proof",True,True,True
HH-01523,NS-0620,21900.0,7,"aadhaar, ration_card, address_proof",True,True,True
HH-01524,NS-0049,11600.0,1,"aadhaar, ration_card, ",True,False,True
HH-01525,NS-0700,8700.0,2,"aadhaar, ration_card, address_proof",True,True,True
HH-01526,NS-1073,7300.0,6,"aadhaar, ration_card, ",True,False,True
HH-01527,NS-0394,7100.0,5,", ration_card, ",False,False,True
HH-01528,NS-0099,18200.0,2,"aadhaar, ration_card, address_proof",True,True,True
HH-01529,NS-0751,9100.0,8,"aadhaar, ration_card, address_proof",True,True,True
HH-01530,NS-1316,14400.0,1,", ration_card, address_proof",False,True,True
HH-01531,NS-0853,14700.0,8,"aadhaar, ration_card, address_proof",True,True,True
HH-01532,NS-1150,22600.0,4,", , address_proof",False,True,True
HH-01533,NS-0787,14300.0,2,"aadhaar, ration_card, address_proof",True,True,True
HH-01534,NS-1268,6100.0,3,"aadhaar, ration_card, address_proof",True,False,True
HH-01535,NS-0383,9800.0,7,"aadhaar, ration_card, ",True,False,True
HH-01536,NS-0446,6500.0,8,"aadhaar, , address_proof",True,True,True
HH-01537,NS-0872,19000.0,5,"aadhaar, ration_card, address_proof",True,True,True
HH-01538,NS-1005,26700.0,5,"aadhaar, ration_card, address_proof",True,False,False
HH-01539,NS-0443,16000.0,5,"aadhaar, ration_card, address_proof",True,True,True
HH-01540,NS-0833,21700.0,3,"aadhaar, , address_proof",True,True,True
HH-01541,NS-0566,31000.0,3,"aadhaar, ration_card, ",True,False,False
HH-01542,NS-0967,6100.0,2,"aadhaar, , address_proof",True,True,True
HH-01543,NS-1292,21700.0,3,"aadhaar, ration_card, address_proof",True,True,True
HH-01544,NS-0333,7200.0,7,"aadhaar, , address_proof",True,True,True
HH-01545,NS-1088,11200.0,3,"aadhaar, ration_card, address_proof",True,True,True
HH-01546,NS-1085,26500.0,2,"aadhaar, ration_card, address_proof",True,True,False
HH-01547,NS-0684,13700.0,1,"aadhaar, ration_card, address_proof",True,True,True
HH-01548,NS-0563,22600.0,6,"aadhaar, , address_proof",True,True,True
HH-01549,NS-1058,13600.0,4,"aadhaar, , address_proof",True,True,True
HH-01550,NS-0834,20800.0,4,"aadhaar, , ",True,False,True
HH-01551,NS-1395,17000.0,6,"aadhaar, ration_card, ",True,False,True
HH-01552,NS-0668,10300.0,3,"aadhaar, , address_proof",True,True,True
HH-01553,NS-0307,20900.0,6,"aadhaar, ration_card, ",True,False,True
HH-01554,NS-1093,8000.0,3,"aadhaar, ration_card, address_proof",True,True,True
HH-01555,NS-0462,21900.0,1,"aadhaar, ration_card, ",True,False,True
HH-01556,NS-1461,14400.0,3,"aadhaar, , address_proof",True,True,True
HH-01557,NS-0804,11000.0,6,"aadhaar, ration_card, address_proof",True,False,True
HH-01558,NS-1129,4700.0,4,"aadhaar, , address_proof",True,True,True
HH-01559,NS-0427,18300.0,8,"aadhaar, ration_card, address_proof",True,True,True
HH-01560,NS-0465,7000.0,5,", , ",False,False,True
HH-01561,NS-0631,21500.0,6,"aadhaar, ration_card, ",True,False,True
HH-01562,NS-1163,13800.0,7,"aadhaar, , address_proof",True,True,True
HH-01563,NS-1253,14500.0,8,"aadhaar, , address_proof",True,False,True
HH-01564,NS-0284,17500.0,7,"aadhaar, ration_card, ",True,False,True
HH-01565,NS-1148,7800.0,2,"aadhaar, ration_card, ",True,False,True
HH-01566,NS-0610,30100.0,6,"aadhaar, ration_card, address_proof",True,True,False
HH-01567,NS-0286,7100.0,7,"aadhaar, , ",True,False,True
HH-01568,NS-0417,4400.0,8,"aadhaar, , address_proof",True,True,True
HH-01569,NS-1137,19100.0,5,"aadhaar, , address_proof",True,True,True
HH-01570,NS-0200,5700.0,5,"aadhaar, ration_card, address_proof",True,True,True
HH-01571,NS-0687,20600.0,5,"aadhaar, , ",True,False,True
HH-01572,NS-1436,10100.0,5,"aadhaar, ration_card, address_proof",True,True,True
HH-01573,NS-0587,5600.0,8,"aadhaar, ration_card, address_proof",True,True,True
HH-01574,NS-0664,26300.0,5,"aadhaar, ration_card, ",True,False,False
HH-01575,NS-0054,16800.0,7,"aadhaar, ration_card, ",True,False,True
HH-01576,NS-0803,28400.0,6,"aadhaar, , ",True,False,False
HH-01577,NS-0416,25000.0,8,"aadhaar, ration_card, ",True,False,False
HH-01578,NS-0110,13700.0,8,"aadhaar, ration_card, ",True,False,True
HH-01579,NS-0449,23800.0,4,"aadhaar, ration_card, ",True,False,True
HH-01580,NS-0121,86200.0,5,"aadhaar, , address_proof",False,False,False
HH-01581,NS-1012,33100.0,6,"aadhaar, ration_card, address_proof",True,True,False
HH-01582,NS-1305,13600.0,1,"aadhaar, , address_proof",True,True,True
HH-01583,NS-0619,16000.0,7,"aadhaar, ration_card, address_proof",True,True,True
HH-01584,NS-0575,9900.0,1,"aadhaar, , address_proof",True,True,True
HH-01585,NS-0277,14800.0,2,"aadhaar, ration_card, address_proof",True,True,True
HH-01586,NS-0498,4000.0,8,"aadhaar, ration_card, address_proof",True,True,True
HH-01587,NS-0057,15100.0,4,"aadhaar, ration_card, ",True,False,True
HH-01588,NS-1338,29900.0,7,"aadhaar, , address_proof",True,True,False
HH-01589,NS-0856,5300.0,3,"aadhaar, ration_card, address_proof",True,True,True
HH-01590,NS-0287,21000.0,3,"aadhaar, ration_card, ",True,False,True
HH-01591,NS-0199,17700.0,2,"aadhaar, ration_card, ",True,False,True
HH-01592,NS-0251,23200.0,5,"aadhaar, ration_card, ",True,False,True
HH-01593,NS-1025,6200.0,7,", ration_card, address_proof",False,True,True
HH-01594,NS-0486,8200.0,7,"aadhaar, , address_proof",True,True,True
HH-01595,NS-0965,27700.0,8,"aadhaar, ration_card, address_proof",True,False,False
HH-01596,NS-0637,12800.0,2,"aadhaar, , address_proof",True,True,True
HH-01597,NS-0007,14800.0,2,"aadhaar, ration_card, address_proof",True,True,True
HH-01598,NS-1497,18100.0,8,"aadhaar, ration_card, ",True,False,True
HH-01599,NS-1283,32600.0,8,"aadhaar, ration_card, address_proof",True,True,False
HH-01600,NS-1336,18300.0,2,", ration_card, ",False,False,True
HH-01601,NS-1314,23200.0,2,"aadhaar, ration_card, address_proof",True,False,True
HH-01602,NS-0265,9700.0,5,"aadhaar, ration_card, ",True,False,True
HH-01603,NS-1098,11300.0,8,"aadhaar, ration_card, ",True,False,True
HH-01604,NS-1215,19400.0,1,"aadhaar, , ",True,False,True
HH-01605,NS-0429,5600.0,7,"aadhaar, ration_card, ",True,False,True
HH-01606,NS-1232,5600.0,5,"aadhaar, , ",True,False,True
HH-01607,NS-0913,7400.0,1,"aadhaar, ration_card, address_proof",True,True,True
HH-01608,NS-0517,10900.0,6,"aadhaar, , ",True,False,True
HH-01609,NS-0751,23400.0,8,"aadhaar, ration_card, address_proof",True,True,True
HH-01610,NS-0791,6800.0,6,"aadhaar, ration_card, ",True,False,True
HH-01611,NS-1356,16900.0,1,"aadhaar, ration_card, ",True,False,True
HH-01612,NS-1393,43900.0,5,"aadhaar, ration_card, ",True,False,False
HH-01613,NS-0163,3900.0,8,"aadhaar, ration_card, ",True,False,True
HH-01614,NS-0002,11200.0,4,"aadhaar, ration_card, ",True,False,True
HH-01615,NS-0619,13000.0,8,"aadhaar, ration_card, ",True,False,True
HH-01616,NS-1059,10000.0,2,"aadhaar, ration_card, address_proof",True,False,True
HH-01617,NS-0531,9000.0,5,"aadhaar, ration_card, ",True,False,True
HH-01618,NS-0632,15300.0,4,"aadhaar, ration_card, ",True,False,True
HH-01619,NS-1348,17700.0,3,"aadhaar, ration_card, address_proof",True,False,True
HH-01620,NS-1073,10300.0,7,"aadhaar, ration_card, address_proof",True,False,True
HH-01621,NS-0895,7700.0,1,", ration_card, ",False,False,True
HH-01622,NS-1162,12700.0,7,"aadhaar, , address_proof",True,True,True
HH-01623,NS-1057,19100.0,5,"aadhaar, ration_card, ",True,False,True
HH-01624,NS-0850,10700.0,6,"aadhaar, ration_card, ",True,False,True
HH-01625,NS-0269,13800.0,5,"aadhaar, ration_card, address_proof",True,True,True
HH-01626,NS-0917,19800.0,2,", ration_card, address_proof",False,True,True
HH-01627,NS-0336,3200.0,7,"aadhaar, ration_card, ",True,False,True
HH-01628,NS-0106,6700.0,5,"aadhaar, ration_card, ",True,False,True
HH-01629,NS-0053,24600.0,1,"aadhaar, ration_card, ",True,False,True
HH-01630,NS-0399,17100.0,5,"aadhaar, ration_card, ",True,False,True
HH-01631,NS-0659,39000.0,3,"aadhaar, ration_card, address_proof",True,True,False
HH-01632,NS-0759,17300.0,7,"aadhaar, ration_card, address_proof",True,True,True
HH-01633,NS-1321,15400.0,4,", ration_card, address_proof",False,True,True
HH-01634,NS-0638,19500.0,2,"aadhaar, , address_proof",True,True,True
HH-01635,NS-0696,13700.0,5,"aadhaar, ration_card, address_proof",True,True,True
HH-01636,NS-0867,48900.0,6,"aadhaar, ration_card, address_proof",True,True,False
HH-01637,NS-0242,12200.0,1,"aadhaar, ration_card, address_proof",True,False,True
HH-01638,NS-0377,16300.0,5,"aadhaar, ration_card, ",True,False,True
HH-01639,NS-0235,26400.0,7,"aadhaar, ration_card, ",True,False,False
HH-01640,NS-0057,14200.0,6,"aadhaar, ration_card, ",True,False,True
HH-01641,NS-0245,49900.0,2,"aadhaar, ration_card, address_proof",True,True,False
HH-01642,NS-0353,19300.0,4,"aadhaar, ration_card, address_proof",True,True,True
HH-01643,NS-0345,10900.0,7,"aadhaar, ration_card, ",True,False,True
HH-01644,NS-1140,21700.0,7,", ration_card, address_proof",False,False,True
HH-01645,NS-1262,14600.0,8,"aadhaar, ration_card, ",True,False,True
HH-01646,NS-0281,6200.0,1,"aadhaar, , ",True,False,True
HH-01647,NS-1163,7900.0,8,"aadhaar, ration_card, ",True,False,True
HH-01648,NS-0633,51000.0,2,"aadhaar, ration_card, address_proof",False,True,False
HH-01649,NS-0390,11500.0,7,"aadhaar, ration_card, ",True,False,True
HH-01650,NS-1278,5600.0,6,"aadhaar, , ",True,False,True
HH-01651,NS-0412,8800.0,5,"aadhaar, ration_card, address_proof",True,True,True
HH-01652,NS-1435,4500.0,4,"aadhaar, ration_card, ",True,False,True
HH-01653,NS-0130,7700.0,7,"aadhaar, ration_card, address_proof",True,False,True
HH-01654,NS-0503,11400.0,5,"aadhaar, ration_card, address_proof",True,False,True
HH-01655,NS-0480,6700.0,3,"aadhaar, , address_proof",True,True,True
HH-01656,NS-0966,4800.0,8,"aadhaar, , ",True,False,True
HH-01657,NS-1113,15100.0,6,"aadhaar, , address_proof",True,True,True
HH-01658,NS-0771,10100.0,7,"aadhaar, ration_card, address_proof",True,False,True
HH-01659,NS-0774,15500.0,8,"aadhaar, ration_card, address_proof",True,True,True
HH-01660,NS-0985,11200.0,3,"aadhaar, ration_card, address_proof",True,True,True
HH-01661,NS-0524,9200.0,7,"aadhaar, ration_card, ",True,False,True
HH-01662,NS-0554,24700.0,6,"aadhaar, ration_card, address_proof",True,False,True
HH-01663,NS-0823,18600.0,7,"aadhaar, , address_proof",True,True,True
HH-01664,NS-1418,11300.0,8,"aadhaar, ration_card, ",True,False,True
HH-01665,NS-1480,47000.0,5,"aadhaar, ration_card, ",True,False,False
HH-01666,NS-0968,11500.0,7,", ration_card, address_proof",False,False,True
HH-01667,NS-0876,15400.0,8,"aadhaar, ration_card, address_proof",True,True,True
HH-01668,NS-0625,9900.0,7,"aadhaar, , address_proof",True,True,True
HH-01669,NS-0055,11100.0,4,"aadhaar, ration_card, address_proof",True,True,True
HH-01670,NS-0832,23900.0,1,"aadhaar, ration_card, address_proof",True,False,True
HH-01671,NS-1015,9500.0,5,"aadhaar, ration_card, address_proof",True,True,True
HH-01672,NS-0409,22700.0,4,"aadhaar, ration_card, ",True,False,True
HH-01673,NS-0031,17500.0,4,"aadhaar, ration_card, ",True,False,True
HH-01674,NS-1259,31600.0,6,"aadhaar, ration_card, address_proof",True,True,False
HH-01675,NS-0287,10600.0,4,"aadhaar, ration_card, address_proof",True,True,True
HH-01676,NS-1391,22800.0,8,"aadhaar, ration_card, address_proof",True,True,True
HH-01677,NS-0756,20200.0,1,"aadhaar, ration_card, address_proof",True,True,True
HH-01678,NS-0445,14100.0,5,", ration_card, address_proof",False,True,True
HH-01679,NS-0198,10700.0,4,"aadhaar, ration_card, address_proof",True,True,True
HH-01680,NS-0185,15700.0,7,"aadhaar, ration_card, address_proof",True,True,True
HH-01681,NS-0670,44600.0,1,"aadhaar, ration_card, address_proof",True,True,False
HH-01682,NS-0990,15800.0,3,"aadhaar, ration_card, ",True,False,True
HH-01683,NS-1377,29700.0,4,", ration_card, ",False,False,False
HH-01684,NS-0285,4300.0,5,"aadhaar, ration_card, address_proof",True,True,True
HH-01685,NS-1064,11500.0,3,"aadhaar, ration_card, address_proof",True,True,True
HH-01686,NS-1361,15100.0,5,"aadhaar, ration_card, address_proof",True,True,True
HH-01687,NS-0383,12300.0,3,"aadhaar, ration_card, ",True,False,True
HH-01688,NS-0314,26000.0,5,"aadhaar, ration_card, ",True,False,False
HH-01689,NS-1447,12500.0,8,"aadhaar, ration_card, address_proof",True,True,True
HH-01690,NS-0562,7200.0,7,", ration_card, address_proof",False,True,True
HH-01691,NS-0703,14300.0,2,", , address_proof",False,True,True
HH-01692,NS-0295,6200.0,3,"aadhaar, ration_card, ",True,False,True
HH-01693,NS-1417,11600.0,5,"aadhaar, , address_proof",True,True,True
HH-01694,NS-0249,9900.0,6,"aadhaar, ration_card, address_proof",True,True,True
HH-01695,NS-0778,15600.0,6,"aadhaar, ration_card, ",True,False,True
HH-01696,NS-0118,23900.0,4,"aadhaar, , address_proof",True,True,True
HH-01697,NS-1437,20400.0,3,"aadhaar, ration_card, address_proof",True,True,True
HH-01698,NS-1451,22300.0,6,", , address_proof",False,True,True
HH-01699,NS-0389,16500.0,4,"aadhaar, , ",True,False,True
HH-01700,NS-1369,9200.0,3,"aadhaar, ration_card, ",True,False,True
HH-01701,NS-0741,39300.0,1,"aadhaar, ration_card, ",True,False,False
HH-01702,NS-0152,23300.0,7,"aadhaar, ration_card, ",True,False,True
HH-01703,NS-0471,7300.0,1,"aadhaar, ration_card, ",True,False,True
HH-01704,NS-0853,26200.0,2,"aadhaar, , address_proof",True,True,False
HH-01705,NS-0648,65900.0,2,"aadhaar, , ",False,False,False
HH-01706,NS-0833,6800.0,5,"aadhaar, ration_card, address_proof",True,True,True
HH-01707,NS-0124,4900.0,5,"aadhaar, ration_card, ",True,False,True
HH-01708,NS-0011,10900.0,2,"aadhaar, , address_proof",True,True,True
HH-01709,NS-1192,12200.0,7,"aadhaar, ration_card, address_proof",True,False,True
HH-01710,NS-1260,11300.0,5,"aadhaar, ration_card, ",True,False,True
HH-01711,NS-0686,6800.0,4,"aadhaar, ration_card, address_proof",True,True,True
HH-01712,NS-0312,8800.0,2,"aadhaar, , ",True,False,True
HH-01713,NS-0061,8300.0,4,"aadhaar, ration_card, address_proof",True,True,True
HH-01714,NS-0503,14800.0,2,", ration_card, address_proof",False,False,True
HH-01715,NS-0858,10500.0,4,"aadhaar, ration_card, address_proof",True,True,True
HH-01716,NS-0639,27300.0,8,"aadhaar, ration_card, ",True,False,False
HH-01717,NS-0270,14900.0,6,"aadhaar, ration_card, address_proof",True,True,True
HH-01718,NS-0190,21900.0,4,"aadhaar, ration_card, address_proof",True,True,True
HH-01719,NS-0487,16100.0,1,"aadhaar, ration_card, address_proof",True,True,True
HH-01720,NS-1284,4700.0,1,"aadhaar, ration_card, ",True,False,True
HH-01721,NS-0904,9100.0,3,"aadhaar, ration_card, ",True,False,True
HH-01722,NS-0007,31500.0,1,"aadhaar, ration_card, address_proof",True,True,False
HH-01723,NS-0604,20900.0,3,"aadhaar, ration_card, address_proof",True,True,True
HH-01724,NS-0625,9100.0,2,"aadhaar, ration_card, address_proof",True,True,True
HH-01725,NS-0670,10200.0,1,"aadhaar, ration_card, ",True,False,True
HH-01726,NS-0173,10500.0,6,"aadhaar, ration_card, address_proof",True,True,True
HH-01727,NS-0720,14300.0,3,"aadhaar, , address_proof",True,False,True
HH-01728,NS-0703,28100.0,8,"aadhaar, ration_card, ",True,False,False
HH-01729,NS-0356,11600.0,7,"aadhaar, ration_card, ",True,False,True
HH-01730,NS-0608,6100.0,1,"aadhaar, ration_card, address_proof",True,True,True
HH-01731,NS-1270,14100.0,2,"aadhaar, ration_card, address_proof",True,True,True
HH-01732,NS-1074,19900.0,5,"aadhaar, ration_card, address_proof",True,True,True
HH-01733,NS-0209,13100.0,6,"aadhaar, ration_card, ",True,False,True
HH-01734,NS-0024,56000.0,3,"aadhaar, ration_card, address_proof",False,True,False
HH-01735,NS-0091,20400.0,4,"aadhaar, ration_card, address_proof",True,True,True
HH-01736,NS-0149,10100.0,1,"aadhaar, ration_card, address_proof",True,True,True
HH-01737,NS-0785,5500.0,6,"aadhaar, ration_card, address_proof",True,True,True
HH-01738,NS-1377,20300.0,6,"aadhaar, ration_card, address_proof",True,True,True
HH-01739,NS-0310,25900.0,7,"aadhaar, ration_card, address_proof",True,True,False
HH-01740,NS-0927,22500.0,7,"aadhaar, ration_card, ",True,False,True
HH-01741,NS-1376,13700.0,2,"aadhaar, ration_card, address_proof",True,True,True
HH-01742,NS-0001,25700.0,4,"aadhaar, ration_card, address_proof",True,False,False
HH-01743,NS-0286,15100.0,3,"aadhaar, ration_card, address_proof",True,True,True
HH-01744,NS-1082,10200.0,5,"aadhaar, , ",True,False,True
HH-01745,NS-1298,12200.0,6,"aadhaar, ration_card, ",True,False,True
HH-01746,NS-0988,8900.0,3,"aadhaar, ration_card, address_proof",True,True,True
HH-01747,NS-1266,13700.0,7,"aadhaar, ration_card, address_proof",True,True,True
HH-01748,NS-0426,25000.0,5,"aadhaar, ration_card, address_proof",True,True,False
HH-01749,NS-0226,29500.0,8,"aadhaar, ration_card, address_proof",True,True,False
HH-01750,NS-0636,3000.0,6,"aadhaar, , ",True,False,True
HH-01751,NS-1431,13300.0,8,"aadhaar, ration_card, address_proof",True,True,True
HH-01752,NS-0327,10900.0,6,"aadhaar, ration_card, ",True,False,True
HH-01753,NS-0440,10500.0,3,"aadhaar, ration_card, ",True,False,True
HH-01754,NS-1420,31000.0,3,"aadhaar, ration_card, address_proof",True,True,False
HH-01755,NS-0522,7700.0,8,"aadhaar, ration_card, address_proof",True,True,True
HH-01756,NS-0380,16000.0,1,"aadhaar, ration_card, address_proof",True,True,True
HH-01757,NS-0778,20400.0,8,", ration_card, address_proof",False,True,True
HH-01758,NS-0565,13100.0,8,"aadhaar, ration_card, address_proof",True,False,True
HH-01759,NS-1136,5900.0,8,"aadhaar, , address_proof",True,False,True
HH-01760,NS-0953,10600.0,8,"aadhaar, ration_card, address_proof",True,True,True
HH-01761,NS-0922,10600.0,5,"aadhaar, , ",True,False,True
HH-01762,NS-0735,13200.0,7,"aadhaar, ration_card, address_proof",True,True,True
HH-01763,NS-0195,5600.0,5,"aadhaar, ration_card, address_proof",True,True,True
HH-01764,NS-0119,14000.0,6,"aadhaar, ration_card, address_proof",True,True,True
HH-01765,NS-0722,10400.0,4,"aadhaar, ration_card, ",True,False,True
HH-01766,NS-1237,6100.0,8,"aadhaar, ration_card, address_proof",True,True,True
HH-01767,NS-0125,9600.0,7,"aadhaar, , address_proof",True,True,True
HH-01768,NS-0044,6200.0,2,"aadhaar, ration_card, address_proof",True,True,True
HH-01769,NS-0512,13200.0,4,"aadhaar, ration_card, address_proof",True,True,True
HH-01770,NS-0865,25200.0,7,"aadhaar, , address_proof",True,False,False
HH-01771,NS-0743,18400.0,5,"aadhaar, , ",True,False,True
HH-01772,NS-1463,12200.0,6,"aadhaar, , ",True,False,True
HH-01773,NS-1265,36800.0,3,"aadhaar, ration_card, address_proof",True,True,False
HH-01774,NS-1421,4900.0,7,"aadhaar, , address_proof",True,True,True
HH-01775,NS-0650,12000.0,1,"aadhaar, ration_card, address_proof",True,True,True
HH-01776,NS-0622,28200.0,2,"aadhaar, , address_proof",True,True,False
HH-01777,NS-1079,10400.0,2,"aadhaar, ration_card, ",True,False,True
HH-01778,NS-1004,15800.0,5,"aadhaar, ration_card, address_proof",True,True,True
HH-01779,NS-1365,12900.0,5,"aadhaar, ration_card, address_proof",True,False,True
HH-01780,NS-0565,3300.0,4,"aadhaar, ration_card, address_proof",True,False,True
HH-01781,NS-0211,26100.0,4,"aadhaar, , ",True,False,False
HH-01782,NS-0020,6300.0,7,"aadhaar, , address_proof",True,True,True
HH-01783,NS-1137,20100.0,6,"aadhaar, ration_card, ",True,False,True
HH-01784,NS-1141,13300.0,4,"aadhaar, ration_card, address_proof",True,True,True
HH-01785,NS-1166,9200.0,3,", ration_card, address_proof",False,True,True
HH-01786,NS-0195,22200.0,3,"aadhaar, ration_card, ",True,False,True
HH-01787,NS-1269,12200.0,2,"aadhaar, , ",True,False,True
HH-01788,NS-0439,15600.0,2,"aadhaar, , address_proof",True,True,True
HH-01789,NS-1306,6700.0,1,"aadhaar, ration_card, ",True,False,True
HH-01790,NS-0601,17500.0,7,"aadhaar, ration_card, address_proof",True,True,True
HH-01791,NS-0775,4500.0,4,", ration_card, ",False,False,True
HH-01792,NS-0720,19700.0,1,"aadhaar, ration_card, address_proof",True,False,True
HH-01793,NS-0968,17500.0,4,"aadhaar, ration_card, address_proof",True,False,True
HH-01794,NS-0016,14600.0,4,", ration_card, address_proof",False,True,True
HH-01795,NS-0799,13600.0,6,"aadhaar, ration_card, address_proof",True,True,True
HH-01796,NS-1478,18500.0,1,"aadhaar, , address_proof",True,True,True
HH-01797,NS-0318,48600.0,4,"aadhaar, , address_proof",True,False,False
HH-01798,NS-0965,21100.0,7,"aadhaar, ration_card, address_proof",True,False,True
HH-01799,NS-0871,14500.0,1,"aadhaar, , ",True,False,True
HH-01800,NS-1200,21500.0,4,"aadhaar, ration_card, address_proof",True,True,True
HH-01801,NS-1482,14200.0,1,"aadhaar, ration_card, address_proof",True,True,True
HH-01802,NS-1321,37100.0,7,"aadhaar, , address_proof",True,True,False
HH-01803,NS-0141,13600.0,5,"aadhaar, , address_proof",True,True,True
HH-01804,NS-0547,22700.0,5,"aadhaar, ration_card, ",True,False,True
HH-01805,NS-0895,8600.0,5,"aadhaar, , address_proof",True,True,True
HH-01806,NS-1166,10800.0,1,"aadhaar, ration_card, address_proof",True,True,True
HH-01807,NS-0046,12300.0,2,"aadhaar, ration_card, address_proof",True,True,True
HH-01808,NS-0027,11600.0,4,"aadhaar, , address_proof",True,True,True
HH-01809,NS-0838,30300.0,5,"aadhaar, ration_card, ",True,False,False
HH-01810,NS-0603,21200.0,8,"aadhaar, ration_card, address_proof",True,True,True
HH-01811,NS-0428,14100.0,5,", , address_proof",False,False,True
HH-01812,NS-1487,8100.0,5,"aadhaar, , ",True,False,True
HH-01813,NS-0417,9800.0,5,"aadhaar, ration_card, address_proof",True,True,True
HH-01814,NS-0413,11500.0,7,"aadhaar, , address_proof",True,True,True
HH-01815,NS-0764,10000.0,4,"aadhaar, ration_card, address_proof",True,True,True
HH-01816,NS-1096,16500.0,8,"aadhaar, ration_card, address_proof",True,True,True
HH-01817,NS-1107,8600.0,8,"aadhaar, ration_card, address_proof",True,True,True
HH-01818,NS-0890,6500.0,3,"aadhaar, ration_card, address_proof",True,True,True
HH-01819,NS-1464,41500.0,4,"aadhaar, ration_card, ",True,False,False
HH-01820,NS-0824,19100.0,5,"aadhaar, ration_card, address_proof",True,True,True
HH-01821,NS-0161,7700.0,4,"aadhaar, ration_card, address_proof",True,True,True
HH-01822,NS-0294,10600.0,8,"aadhaar, ration_card, ",True,False,True
HH-01823,NS-0966,4000.0,5,"aadhaar, ration_card, address_proof",True,True,True
HH-01824,NS-0477,17200.0,6,"aadhaar, ration_card, address_proof",True,True,True
HH-01825,NS-0196,5800.0,8,"aadhaar, ration_card, address_proof",True,True,True
HH-01826,NS-1041,9200.0,4,"aadhaar, ration_card, ",True,False,True
HH-01827,NS-0176,6700.0,4,"aadhaar, ration_card, ",True,False,True
HH-01828,NS-0660,20100.0,7,"aadhaar, ration_card, address_proof",True,True,True
HH-01829,NS-0682,10700.0,8,"aadhaar, ration_card, address_proof",True,True,True
HH-01830,NS-1022,21100.0,8,"aadhaar, , address_proof",True,True,True
HH-01831,NS-0784,10400.0,6,"aadhaar, ration_card, address_proof",True,True,True
HH-01832,NS-0586,11400.0,4,"aadhaar, ration_card, address_proof",True,True,True
HH-01833,NS-0024,10600.0,3,"aadhaar, ration_card, ",True,False,True
HH-01834,NS-0651,19700.0,4,", ration_card, ",False,False,True
HH-01835,NS-0897,16900.0,1,"aadhaar, ration_card, ",True,False,True
HH-01836,NS-1184,30200.0,2,"aadhaar, ration_card, ",True,False,False
HH-01837,NS-0657,7900.0,8,"aadhaar, , ",True,False,True
HH-01838,NS-0481,14300.0,3,"aadhaar, ration_card, ",True,False,True
HH-01839,NS-0044,12000.0,6,"aadhaar, , address_proof",True,True,True
HH-01840,NS-0210,10400.0,2,"aadhaar, , address_proof",True,False,True
HH-01841,NS-0307,26100.0,7,"aadhaar, ration_card, address_proof",True,True,False
HH-01842,NS-0927,12200.0,8,"aadhaar, , address_proof",True,True,True
HH-01843,NS-1325,51300.0,7,"aadhaar, ration_card, ",False,False,False
HH-01844,NS-1339,12500.0,3,", , ",False,False,True
HH-01845,NS-0190,8800.0,3,"aadhaar, ration_card, ",True,False,True
HH-01846,NS-0763,25800.0,6,"aadhaar, , ",True,False,False
HH-01847,NS-0140,28900.0,5,"aadhaar, ration_card, address_proof",True,True,False
HH-01848,NS-0754,21000.0,6,"aadhaar, ration_card, address_proof",True,True,True
HH-01849,NS-1321,7700.0,3,"aadhaar, ration_card, address_proof",True,True,True
HH-01850,NS-0412,8200.0,5,", ration_card, ",False,False,True
HH-01851,NS-1416,29900.0,5,"aadhaar, ration_card, address_proof",True,False,False
HH-01852,NS-1484,9800.0,3,"aadhaar, ration_card, ",True,False,True
HH-01853,NS-0540,18800.0,8,"aadhaar, , address_proof",True,True,True
HH-01854,NS-1463,27500.0,8,"aadhaar, , address_proof",True,False,False
HH-01855,NS-1068,10500.0,7,"aadhaar, ration_card, address_proof",True,True,True
HH-01856,NS-1272,8700.0,2,", ration_card, address_proof",False,True,True
HH-01857,NS-1058,9800.0,6,", ration_card, ",False,False,True
HH-01858,NS-0358,5400.0,4,"aadhaar, ration_card, address_proof",True,False,True
HH-01859,NS-0768,20400.0,7,"aadhaar, ration_card, ",True,False,True
HH-01860,NS-0024,30600.0,3,"aadhaar, ration_card, address_proof",True,True,False
HH-01861,NS-1246,13000.0,8,", ration_card, address_proof",False,True,True
HH-01862,NS-0280,24200.0,5,"aadhaar, ration_card, address_proof",True,True,True
HH-01863,NS-0981,6400.0,6,"aadhaar, , address_proof",True,True,True
HH-01864,NS-0339,43400.0,7,"aadhaar, , ",True,False,False
HH-01865,NS-0945,10700.0,5,"aadhaar, , ",True,False,True
HH-01866,NS-0366,24700.0,8,"aadhaar, ration_card, ",True,False,True
HH-01867,NS-0659,7400.0,1,"aadhaar, ration_card, address_proof",True,True,True
HH-01868,NS-0998,19700.0,7,", , address_proof",False,False,True
HH-01869,NS-0063,9200.0,8,"aadhaar, ration_card, address_proof",True,False,True
HH-01870,NS-1369,5400.0,8,", ration_card, ",False,False,True
HH-01871,NS-0323,9400.0,6,"aadhaar, ration_card, address_proof",True,True,True
HH-01872,NS-1066,16000.0,7,"aadhaar, , address_proof",True,True,True
HH-01873,NS-0190,31200.0,7,"aadhaar, ration_card, address_proof",True,True,False
HH-01874,NS-0293,25200.0,3,"aadhaar, ration_card, ",True,False,False
HH-01875,NS-0310,21900.0,6,"aadhaar, ration_card, address_proof",True,True,True
HH-01876,NS-0600,12000.0,8,"aadhaar, ration_card, address_proof",True,False,True
HH-01877,NS-1057,15400.0,6,"aadhaar, , address_proof",True,True,True
HH-01878,NS-0363,15400.0,1,"aadhaar, ration_card, ",True,False,True
HH-01879,NS-0935,13500.0,4,"aadhaar, ration_card, address_proof",True,True,True
HH-01880,NS-0789,11000.0,2,"aadhaar, , address_proof",True,True,True
HH-01881,NS-0362,18200.0,5,"aadhaar, ration_card, address_proof",True,True,True
HH-01882,NS-1181,7300.0,3,"aadhaar, ration_card, address_proof",True,False,True
HH-01883,NS-0099,31800.0,5,"aadhaar, ration_card, address_proof",True,True,False
HH-01884,NS-0865,5000.0,5,"aadhaar, , ",True,False,True
HH-01885,NS-1306,9100.0,5,"aadhaar, , address_proof",True,True,True
HH-01886,NS-1111,7700.0,5,"aadhaar, ration_card, address_proof",True,True,True
HH-01887,NS-1381,10400.0,8,", ration_card, ",False,False,True
HH-01888,NS-0738,5100.0,1,", , address_proof",False,True,True
HH-01889,NS-0766,13400.0,7,"aadhaar, , ",True,False,True
HH-01890,NS-1243,6800.0,7,"aadhaar, ration_card, ",True,False,True
HH-01891,NS-1310,7900.0,2,"aadhaar, ration_card, ",True,False,True
HH-01892,NS-1212,9200.0,7,", ration_card, address_proof",False,True,True
HH-01893,NS-0803,14300.0,4,"aadhaar, ration_card, address_proof",True,True,True
HH-01894,NS-1388,11500.0,1,"aadhaar, ration_card, address_proof",True,False,True
HH-01895,NS-0501,8000.0,4,"aadhaar, , address_proof",True,True,True
HH-01896,NS-0524,43500.0,7,"aadhaar, ration_card, ",True,False,False
HH-01897,NS-0252,15000.0,7,"aadhaar, ration_card, address_proof",True,True,True
HH-01898,NS-0937,17000.0,7,"aadhaar, , address_proof",True,False,True
HH-01899,NS-0719,13600.0,3,"aadhaar, ration_card, address_proof",True,True,True
HH-01900,NS-1472,7600.0,3,"aadhaar, ration_card, address_proof",True,True,True
HH-01901,NS-1091,17700.0,6,"aadhaar, ration_card, address_proof",True,True,True
HH-01902,NS-0955,33000.0,1,"aadhaar, ration_card, ",True,False,False
HH-01903,NS-0342,19600.0,2,", ration_card, address_proof",False,True,True
HH-01904,NS-0722,8000.0,4,"aadhaar, ration_card, address_proof",True,True,True
HH-01905,NS-0135,12600.0,8,"aadhaar, ration_card, address_proof",True,True,True
HH-01906,NS-0519,10100.0,3,"aadhaar, ration_card, address_proof",True,True,True
HH-01907,NS-0123,18100.0,7,"aadhaar, ration_card, address_proof",True,True,True
HH-01908,NS-1279,10000.0,2,"aadhaar, , address_proof",True,True,True
HH-01909,NS-0728,12500.0,4,"aadhaar, ration_card, address_proof",True,True,True
HH-01910,NS-1375,45700.0,2,"aadhaar, ration_card, address_proof",True,True,False
HH-01911,NS-1208,8600.0,3,"aadhaar, , address_proof",True,True,True
HH-01912,NS-0031,27200.0,7,"aadhaar, ration_card, address_proof",True,False,False
HH-01913,NS-0035,4900.0,6,"aadhaar, ration_card, address_proof",True,True,True
HH-01914,NS-1321,23400.0,7,"aadhaar, , ",True,False,True
HH-01915,NS-0675,10600.0,4,"aadhaar, ration_card, address_proof",True,False,True
HH-01916,NS-0154,17300.0,6,"aadhaar, ration_card, address_proof",True,True,True
HH-01917,NS-0055,17300.0,6,"aadhaar, , address_proof",True,True,True
HH-01918,NS-0248,10800.0,6,"aadhaar, , ",True,False,True
HH-01919,NS-0375,12000.0,4,", ration_card, address_proof",False,False,True
HH-01920,NS-1386,11700.0,3,"aadhaar, ration_card, address_proof",True,True,True
HH-01921,NS-0434,12300.0,7,", , address_proof",False,True,True
HH-01922,NS-0035,4500.0,2,"aadhaar, , address_proof",True,True,True
HH-01923,NS-0427,10800.0,7,"aadhaar, ration_card, address_proof",True,True,True
HH-01924,NS-0505,16700.0,5,"aadhaar, ration_card, address_proof",True,True,True
HH-01925,NS-1137,13000.0,8,", ration_card, ",False,False,True
HH-01926,NS-1342,16700.0,1,"aadhaar, ration_card, address_proof",True,False,True
HH-01927,NS-1473,26900.0,3,"aadhaar, ration_card, ",True,False,False
HH-01928,NS-1428,17700.0,1,", , address_proof",False,True,True
HH-01929,NS-1308,16800.0,4,"aadhaar, ration_card, ",True,False,True
HH-01930,NS-0581,11500.0,6,"aadhaar, ration_card, ",True,False,True
HH-01931,NS-1148,13700.0,2,"aadhaar, , ",True,False,True
HH-01932,NS-0008,4600.0,6,"aadhaar, ration_card, address_proof",True,True,True
HH-01933,NS-0768,12100.0,8,"aadhaar, ration_card, address_proof",True,True,True
HH-01934,NS-0968,27900.0,8,"aadhaar, ration_card, address_proof",True,False,False
HH-01935,NS-0111,10200.0,7,"aadhaar, ration_card, ",True,False,True
HH-01936,NS-0328,11300.0,6,"aadhaar, ration_card, address_proof",True,True,True
HH-01937,NS-1352,17300.0,2,"aadhaar, ration_card, address_proof",True,True,True
HH-01938,NS-1429,18500.0,6,", ration_card, address_proof",False,True,True
HH-01939,NS-0091,28900.0,2,"aadhaar, ration_card, ",True,False,False
HH-01940,NS-0994,13900.0,3,"aadhaar, ration_card, address_proof",True,True,True
HH-01941,NS-0128,21500.0,8,"aadhaar, ration_card, ",True,False,True
HH-01942,NS-0707,15400.0,4,"aadhaar, , ",True,False,True
HH-01943,NS-0612,13100.0,5,"aadhaar, ration_card, ",True,False,True
HH-01944,NS-0625,13800.0,7,"aadhaar, ration_card, address_proof",True,True,True
HH-01945,NS-0080,11300.0,8,"aadhaar, ration_card, address_proof",True,False,True
HH-01946,NS-0815,67300.0,8,"aadhaar, , address_proof",False,True,False
HH-01947,NS-0354,8900.0,8,"aadhaar, ration_card, address_proof",True,False,True
HH-01948,NS-1475,14900.0,2,", ration_card, address_proof",False,True,True
HH-01949,NS-0022,27400.0,3,"aadhaar, ration_card, ",True,False,False
HH-01950,NS-0822,11900.0,3,", , address_proof",False,True,True
HH-01951,NS-0059,17400.0,1,"aadhaar, ration_card, ",True,False,True
HH-01952,NS-0548,11500.0,7,", ration_card, ",False,False,True
HH-01953,NS-0556,7000.0,8,"aadhaar, ration_card, address_proof",True,True,True
HH-01954,NS-0990,30500.0,4,"aadhaar, ration_card, address_proof",True,True,False
HH-01955,NS-0633,32200.0,3,"aadhaar, ration_card, address_proof",True,True,False
HH-01956,NS-0818,33000.0,7,"aadhaar, , address_proof",True,False,False
HH-01957,NS-0261,8500.0,2,"aadhaar, ration_card, address_proof",True,False,True
HH-01958,NS-0756,12900.0,7,"aadhaar, ration_card, ",True,False,True
HH-01959,NS-0433,9400.0,2,"aadhaar, ration_card, address_proof",True,True,True
HH-01960,NS-1492,14400.0,3,"aadhaar, , address_proof",True,True,True
HH-01961,NS-1032,10100.0,6,"aadhaar, , ",True,False,True
HH-01962,NS-1315,16500.0,4,"aadhaar, ration_card, address_proof",True,True,True
HH-01963,NS-0154,14500.0,6,"aadhaar, ration_card, ",True,False,True
HH-01964,NS-0743,7300.0,4,"aadhaar, ration_card, address_proof",True,True,True
HH-01965,NS-0141,23400.0,7,"aadhaar, ration_card, ",True,False,True
HH-01966,NS-1005,20200.0,5,"aadhaar, ration_card, address_proof",True,False,True
HH-01967,NS-1239,69600.0,1,"aadhaar, , address_proof",False,True,False
HH-01968,NS-0498,9500.0,7,"aadhaar, ration_card, address_proof",True,True,True
HH-01969,NS-1017,9200.0,2,"aadhaar, , ",True,False,True
HH-01970,NS-0972,17800.0,2,"aadhaar, ration_card, address_proof",True,True,True
HH-01971,NS-0710,24300.0,7,"aadhaar, ration_card, address_proof",True,True,True
HH-01972,NS-1328,5400.0,3,"aadhaar, ration_card, address_proof",True,True,True
HH-01973,NS-0701,6600.0,6,", , ",False,False,True
HH-01974,NS-0405,15500.0,5,"aadhaar, ration_card, address_proof",True,True,True
HH-01975,NS-0190,14200.0,8,"aadhaar, , ",True,False,True
HH-01976,NS-0594,10500.0,1,"aadhaar, ration_card, address_proof",True,False,True
HH-01977,NS-0190,31200.0,1,"aadhaar, ration_card, ",True,False,False
HH-01978,NS-1180,14000.0,1,"aadhaar, ration_card, address_proof",True,True,True
HH-01979,NS-0013,9400.0,6,"aadhaar, ration_card, address_proof",True,True,True
HH-01980,NS-1332,16800.0,2,"aadhaar, , ",True,False,True
HH-01981,NS-1341,7100.0,3,"aadhaar, ration_card, address_proof",True,False,True
HH-01982,NS-1233,10700.0,6,"aadhaar, ration_card, ",True,False,True
HH-01983,NS-0737,14300.0,4,"aadhaar, ration_card, ",True,False,True
HH-01984,NS-0902,5100.0,5,"aadhaar, , ",True,False,True
HH-01985,NS-0699,13300.0,1,"aadhaar, ration_card, address_proof",True,True,True
HH-01986,NS-1110,4600.0,3,"aadhaar, , ",True,False,True
HH-01987,NS-1305,17600.0,3,"aadhaar, ration_card, address_proof",True,True,True
HH-01988,NS-0675,4500.0,6,"aadhaar, ration_card, address_proof",True,False,True
HH-01989,NS-1446,8600.0,7,"aadhaar, ration_card, address_proof",True,True,True
HH-01990,NS-0702,8800.0,8,"aadhaar, ration_card, ",True,False,True
HH-01991,NS-0407,20800.0,6,"aadhaar, ration_card, address_proof",True,True,True
HH-01992,NS-1000,40900.0,8,"aadhaar, , address_proof",True,True,False
HH-01993,NS-0414,23300.0,2,"aadhaar, , ",True,False,True
HH-01994,NS-0649,22300.0,1,", ration_card, address_proof",False,True,True
HH-01995,NS-0227,6200.0,3,"aadhaar, , address_proof",True,True,True
HH-01996,NS-0214,34600.0,2,"aadhaar, ration_card, address_proof",True,True,False
HH-01997,NS-0051,3500.0,6,"aadhaar, ration_card, address_proof",True,False,True
HH-01998,NS-1372,5200.0,4,"aadhaar, , ",True,False,True
HH-01999,NS-1460,23900.0,4,"aadhaar, ration_card, ",True,False,True
HH-02000,NS-1043,16300.0,4,", ration_card, address_proof",False,True,True
HH-02001,NS-1311,18300.0,6,", ration_card, ",False,False,True
HH-02002,NS-1184,5800.0,8,"aadhaar, ration_card, ",True,False,True
HH-02003,NS-0540,18000.0,7,"aadhaar, , address_proof",True,True,True
HH-02004,NS-0098,22000.0,6,"aadhaar, ration_card, ",True,False,True
HH-02005,NS-0770,14900.0,7,"aadhaar, ration_card, ",True,False,True
HH-02006,NS-0527,10900.0,8,", ration_card, address_proof",False,True,True
HH-02007,NS-1403,10500.0,6,"aadhaar, ration_card, address_proof",True,True,True
HH-02008,NS-0120,25100.0,7,"aadhaar, ration_card, address_proof",True,True,False
HH-02009,NS-0298,7600.0,6,"aadhaar, , address_proof",True,True,True
HH-02010,NS-0966,15900.0,4,"aadhaar, ration_card, address_proof",True,True,True
HH-02011,NS-1111,7700.0,7,"aadhaar, , ",True,False,True
HH-02012,NS-0839,11100.0,6,", ration_card, ",False,False,True
HH-02013,NS-1160,18000.0,7,"aadhaar, ration_card, ",True,False,True
HH-02014,NS-0241,8300.0,4,"aadhaar, ration_card, ",True,False,True
HH-02015,NS-1163,5500.0,5,"aadhaar, , address_proof",True,True,True
HH-02016,NS-1228,28800.0,8,"aadhaar, ration_card, address_proof",True,True,False
HH-02017,NS-1016,10300.0,4,"aadhaar, ration_card, address_proof",True,True,True
HH-02018,NS-1021,30100.0,8,"aadhaar, ration_card, ",True,False,False
HH-02019,NS-1156,24900.0,8,"aadhaar, ration_card, address_proof",True,False,True
HH-02020,NS-0953,13000.0,8,"aadhaar, , address_proof",True,True,True
HH-02021,NS-1089,17300.0,3,"aadhaar, ration_card, address_proof",True,True,True
HH-02022,NS-0472,9800.0,2,"aadhaar, ration_card, address_proof",True,True,True
HH-02023,NS-0021,26600.0,4,"aadhaar, , address_proof",True,True,False
HH-02024,NS-0396,12100.0,6,"aadhaar, ration_card, ",True,False,True
HH-02025,NS-1223,32100.0,8,"aadhaar, , ",True,False,False
HH-02026,NS-0055,18000.0,2,"aadhaar, ration_card, address_proof",True,True,True
HH-02027,NS-0070,17800.0,7,"aadhaar, ration_card, address_proof",True,True,True
HH-02028,NS-0696,30500.0,3,"aadhaar, , address_proof",True,True,False
HH-02029,NS-0792,8100.0,2,"aadhaar, ration_card, ",True,False,True
HH-02030,NS-0508,13400.0,3,"aadhaar, ration_card, address_proof",True,True,True
HH-02031,NS-1116,7500.0,2,"aadhaar, ration_card, address_proof",True,True,True
HH-02032,NS-1115,15300.0,2,"aadhaar, , address_proof",True,True,True
HH-02033,NS-1424,25800.0,2,"aadhaar, ration_card, address_proof",True,True,False
HH-02034,NS-0270,7500.0,7,"aadhaar, , ",True,False,True
HH-02035,NS-0493,8200.0,6,"aadhaar, ration_card, address_proof",True,True,True
HH-02036,NS-1109,8600.0,1,"aadhaar, ration_card, ",True,False,True
HH-02037,NS-1338,11400.0,5,"aadhaar, ration_card, ",True,False,True
HH-02038,NS-1398,20600.0,8,"aadhaar, , ",True,False,True
HH-02039,NS-0360,11100.0,6,"aadhaar, ration_card, address_proof",True,True,True
HH-02040,NS-1004,15400.0,7,"aadhaar, , address_proof",True,True,True
HH-02041,NS-0104,26900.0,8,", ration_card, ",False,False,False
HH-02042,NS-1439,8900.0,1,"aadhaar, ration_card, ",True,False,True
HH-02043,NS-0426,10400.0,6,"aadhaar, ration_card, address_proof",True,True,True
HH-02044,NS-1118,4000.0,5,", , ",False,False,True
HH-02045,NS-0483,15800.0,6,"aadhaar, ration_card, address_proof",True,True,True
HH-02046,NS-0132,15700.0,6,"aadhaar, ration_card, address_proof",True,True,True
HH-02047,NS-1395,8000.0,7,"aadhaar, , address_proof",True,False,True
HH-02048,NS-0468,11800.0,6,", ration_card, ",False,False,True
HH-02049,NS-0364,6900.0,1,", ration_card, address_proof",False,True,True
HH-02050,NS-0740,10500.0,5,"aadhaar, ration_card, address_proof",True,True,True
HH-02051,NS-1111,18100.0,4,"aadhaar, ration_card, address_proof",True,True,True
HH-02052,NS-1348,14700.0,7,"aadhaar, ration_card, address_proof",True,False,True
HH-02053,NS-1217,7600.0,3,"aadhaar, ration_card, address_proof",True,True,True
HH-02054,NS-1084,19700.0,7,"aadhaar, ration_card, address_proof",True,True,True
HH-02055,NS-0371,14400.0,3,"aadhaar, ration_card, ",True,False,True
HH-02056,NS-0244,22800.0,2,", ration_card, address_proof",False,True,True
HH-02057,NS-0351,5900.0,2,"aadhaar, ration_card, ",True,False,True
HH-02058,NS-0641,11700.0,4,", , address_proof",False,True,True
HH-02059,NS-0334,6600.0,3,"aadhaar, , ",True,False,True
HH-02060,NS-0950,14500.0,3,"aadhaar, , address_proof",True,True,True
HH-02061,NS-0687,17600.0,1,"aadhaar, , ",True,False,True
HH-02062,NS-0469,12800.0,6,", ration_card, address_proof",False,True,True
HH-02063,NS-1252,10400.0,7,"aadhaar, ration_card, ",True,False,True
HH-02064,NS-1029,15500.0,5,"aadhaar, ration_card, ",True,False,True
HH-02065,NS-1168,12300.0,7,"aadhaar, ration_card, address_proof",True,True,True
HH-02066,NS-1050,7900.0,7,", ration_card, address_proof",False,True,True
HH-02067,NS-0258,8800.0,8,"aadhaar, , address_proof",True,True,True
HH-02068,NS-0813,8900.0,7,"aadhaar, ration_card, address_proof",True,True,True
HH-02069,NS-0068,10500.0,4,"aadhaar, ration_card, address_proof",True,True,True
HH-02070,NS-0114,11900.0,3,"aadhaar, ration_card, ",True,False,True
HH-02071,NS-0558,13400.0,6,", , ",False,False,True
HH-02072,NS-0949,12800.0,1,"aadhaar, ration_card, address_proof",True,False,True
HH-02073,NS-1395,6200.0,4,"aadhaar, ration_card, address_proof",True,False,True
HH-02074,NS-0190,6500.0,6,"aadhaar, ration_card, address_proof",True,True,True
HH-02075,NS-0821,12800.0,3,"aadhaar, ration_card, address_proof",True,True,True
HH-02076,NS-1204,7100.0,3,"aadhaar, ration_card, ",True,False,True
HH-02077,NS-0236,12600.0,5,"aadhaar, ration_card, ",True,False,True
HH-02078,NS-0961,5900.0,2,"aadhaar, ration_card, ",True,False,True
HH-02079,NS-1486,15300.0,3,"aadhaar, ration_card, address_proof",True,True,True
HH-02080,NS-1076,12700.0,2,"aadhaar, ration_card, address_proof",True,False,True
HH-02081,NS-1191,8400.0,5,"aadhaar, , ",True,False,True
HH-02082,NS-1085,23200.0,3,"aadhaar, ration_card, ",True,False,True
HH-02083,NS-0703,29100.0,8,"aadhaar, ration_card, address_proof",True,True,False
HH-02084,NS-1497,17300.0,2,"aadhaar, ration_card, ",True,False,True
HH-02085,NS-0843,3000.0,8,", , address_proof",False,True,True
HH-02086,NS-1219,12600.0,2,"aadhaar, ration_card, address_proof",True,True,True
HH-02087,NS-0783,5800.0,7,"aadhaar, ration_card, ",True,False,True
HH-02088,NS-1066,14900.0,2,"aadhaar, ration_card, address_proof",True,True,True
HH-02089,NS-0013,8600.0,1,"aadhaar, ration_card, ",True,False,True
HH-02090,NS-1382,25200.0,6,"aadhaar, ration_card, address_proof",True,True,False
HH-02091,NS-0259,13200.0,7,", ration_card, ",False,False,True
HH-02092,NS-0263,24400.0,5,"aadhaar, , ",True,False,True
HH-02093,NS-1412,9100.0,2,"aadhaar, ration_card, ",True,False,True
HH-02094,NS-0224,7700.0,3,"aadhaar, ration_card, ",True,False,True
HH-02095,NS-0521,6700.0,6,"aadhaar, ration_card, address_proof",True,True,True
HH-02096,NS-0532,10100.0,8,"aadhaar, ration_card, address_proof",True,True,True
HH-02097,NS-0150,23600.0,5,"aadhaar, ration_card, address_proof",True,True,True
HH-02098,NS-0836,16000.0,2,"aadhaar, ration_card, address_proof",True,True,True
HH-02099,NS-1112,16400.0,7,"aadhaar, ration_card, ",True,False,True
HH-02100,NS-0804,53200.0,4,"aadhaar, ration_card, ",False,False,False
HH-02101,NS-0758,5300.0,5,"aadhaar, ration_card, address_proof",True,False,True
HH-02102,NS-0677,19900.0,3,"aadhaar, ration_card, ",True,False,True
HH-02103,NS-0502,11500.0,8,"aadhaar, ration_card, ",True,False,True
HH-02104,NS-1386,11600.0,7,", ration_card, address_proof",False,True,True
HH-02105,NS-1157,6500.0,8,"aadhaar, ration_card, address_proof",True,True,True
HH-02106,NS-1127,12900.0,2,"aadhaar, , address_proof",True,True,True
HH-02107,NS-0130,32700.0,3,"aadhaar, , address_proof",True,False,False
HH-02108,NS-0418,17800.0,8,"aadhaar, ration_card, address_proof",True,True,True
HH-02109,NS-1114,26500.0,4,"aadhaar, ration_card, address_proof",True,False,False
HH-02110,NS-1073,15100.0,3,"aadhaar, ration_card, address_proof",True,False,True
HH-02111,NS-0169,10100.0,4,"aadhaar, , address_proof",True,True,True
HH-02112,NS-0432,10200.0,2,"aadhaar, ration_card, ",True,False,True
HH-02113,NS-0083,13400.0,1,"aadhaar, ration_card, address_proof",True,True,True
HH-02114,NS-0299,9800.0,6,"aadhaar, ration_card, address_proof",True,True,True
HH-02115,NS-0532,33300.0,7,"aadhaar, ration_card, address_proof",True,True,False
HH-02116,NS-1039,6600.0,8,"aadhaar, ration_card, address_proof",True,True,True
HH-02117,NS-0700,16100.0,6,"aadhaar, ration_card, address_proof",True,True,True
HH-02118,NS-0481,6800.0,4,"aadhaar, ration_card, ",True,False,True
HH-02119,NS-0723,16200.0,1,"aadhaar, ration_card, address_proof",True,True,True
HH-02120,NS-1106,29200.0,1,"aadhaar, ration_card, ",True,False,False
HH-02121,NS-0092,22200.0,3,", ration_card, address_proof",False,True,True
HH-02122,NS-0383,12100.0,8,"aadhaar, ration_card, address_proof",True,True,True
HH-02123,NS-0629,11500.0,6,", ration_card, address_proof",False,False,True
HH-02124,NS-0250,23500.0,2,"aadhaar, , address_proof",True,True,True
HH-02125,NS-1389,25600.0,7,"aadhaar, ration_card, address_proof",True,True,False
HH-02126,NS-1135,20100.0,6,"aadhaar, ration_card, address_proof",True,True,True
HH-02127,NS-0788,18500.0,1,"aadhaar, ration_card, ",True,False,True
HH-02128,NS-0632,17600.0,4,"aadhaar, ration_card, address_proof",True,True,True
HH-02129,NS-1043,8400.0,8,", ration_card, address_proof",False,True,True
HH-02130,NS-1056,8500.0,6,"aadhaar, ration_card, ",True,False,True
HH-02131,NS-0130,26800.0,2,"aadhaar, , address_proof",True,False,False
HH-02132,NS-0076,3100.0,4,"aadhaar, , ",True,False,True
HH-02133,NS-1250,16500.0,2,"aadhaar, ration_card, ",True,False,True
HH-02134,NS-0513,14500.0,5,"aadhaar, , ",True,False,True
HH-02135,NS-0816,27300.0,2,"aadhaar, ration_card, address_proof",True,True,False
HH-02136,NS-1265,16800.0,3,"aadhaar, ration_card, ",True,False,True
HH-02137,NS-1296,6400.0,3,", ration_card, address_proof",False,True,True
HH-02138,NS-0543,11600.0,5,"aadhaar, ration_card, address_proof",True,True,True
HH-02139,NS-0257,15800.0,2,"aadhaar, ration_card, ",True,False,True
HH-02140,NS-1009,13600.0,4,"aadhaar, ration_card, ",True,False,True
HH-02141,NS-0722,11500.0,6,"aadhaar, , address_proof",True,True,True
HH-02142,NS-0511,10200.0,2,"aadhaar, ration_card, address_proof",True,True,True
HH-02143,NS-0942,22600.0,6,"aadhaar, ration_card, address_proof",True,True,True
HH-02144,NS-1421,12300.0,5,", ration_card, ",False,False,True
HH-02145,NS-0758,4100.0,8,"aadhaar, ration_card, ",True,False,True
HH-02146,NS-1020,23900.0,7,", , ",False,False,True
HH-02147,NS-1376,36900.0,2,"aadhaar, ration_card, address_proof",True,True,False
HH-02148,NS-0379,21800.0,3,"aadhaar, ration_card, ",True,False,True
HH-02149,NS-1201,16800.0,4,"aadhaar, , address_proof",True,True,True
HH-02150,NS-1111,16800.0,4,"aadhaar, ration_card, address_proof",True,True,True
HH-02151,NS-0379,7800.0,2,"aadhaar, ration_card, address_proof",True,True,True
HH-02152,NS-1190,9700.0,1,"aadhaar, ration_card, address_proof",True,True,True
HH-02153,NS-1383,4500.0,6,"aadhaar, ration_card, address_proof",True,True,True
HH-02154,NS-0485,14500.0,7,"aadhaar, ration_card, address_proof",True,True,True
HH-02155,NS-0777,13000.0,5,"aadhaar, , address_proof",True,True,True
HH-02156,NS-0556,7500.0,5,"aadhaar, , ",True,False,True
HH-02157,NS-0427,5700.0,7,"aadhaar, ration_card, address_proof",True,True,True
HH-02158,NS-0046,7000.0,4,"aadhaar, ration_card, ",True,False,True
HH-02159,NS-0289,21000.0,5,"aadhaar, ration_card, ",True,False,True
HH-02160,NS-0815,10500.0,8,"aadhaar, ration_card, address_proof",True,True,True
HH-02161,NS-0413,12600.0,4,", ration_card, ",False,False,True
HH-02162,NS-1307,10100.0,1,"aadhaar, , ",True,False,True
HH-02163,NS-0871,4600.0,6,", , address_proof",False,True,True
HH-02164,NS-1233,19800.0,7,"aadhaar, ration_card, ",True,False,True
HH-02165,NS-0045,42800.0,4,"aadhaar, ration_card, address_proof",True,True,False
HH-02166,NS-0833,16500.0,8,", ration_card, address_proof",False,True,True
HH-02167,NS-1021,15000.0,5,"aadhaar, , ",True,False,True
HH-02168,NS-1085,10300.0,8,"aadhaar, ration_card, address_proof",True,True,True
HH-02169,NS-0804,33900.0,7,"aadhaar, ration_card, ",True,False,False
HH-02170,NS-0846,31900.0,6,"aadhaar, ration_card, address_proof",True,True,False
HH-02171,NS-0117,15300.0,6,"aadhaar, ration_card, address_proof",True,True,True
HH-02172,NS-0358,8600.0,3,"aadhaar, ration_card, address_proof",True,False,True
HH-02173,NS-0884,18500.0,3,"aadhaar, ration_card, address_proof",True,True,True
HH-02174,NS-1368,3200.0,4,"aadhaar, ration_card, ",True,False,True
HH-02175,NS-0697,12300.0,5,", , address_proof",False,True,True
HH-02176,NS-0096,20700.0,2,", , ",False,False,True
HH-02177,NS-0566,28200.0,2,", , ",False,False,False
HH-02178,NS-1333,16400.0,7,"aadhaar, ration_card, ",True,False,True
HH-02179,NS-1363,16300.0,8,", ration_card, address_proof",False,True,True
HH-02180,NS-0861,14400.0,2,", ration_card, ",False,False,True
HH-02181,NS-0124,28900.0,5,"aadhaar, , address_proof",True,True,False
HH-02182,NS-0540,12000.0,2,", ration_card, ",False,False,True
HH-02183,NS-0325,10600.0,4,"aadhaar, ration_card, address_proof",True,True,True
HH-02184,NS-0016,15800.0,3,", ration_card, ",False,False,True
HH-02185,NS-0835,27300.0,1,"aadhaar, , ",True,False,False
HH-02186,NS-1061,10400.0,7,", ration_card, address_proof",False,True,True
HH-02187,NS-0259,9300.0,2,"aadhaar, , address_proof",True,True,True
HH-02188,NS-0436,23300.0,8,", ration_card, address_proof",False,False,True
HH-02189,NS-1444,29300.0,3,"aadhaar, , address_proof",True,False,False
HH-02190,NS-1035,17200.0,1,"aadhaar, ration_card, ",True,False,True
HH-02191,NS-0788,8800.0,1,"aadhaar, ration_card, address_proof",True,True,True
HH-02192,NS-1174,14800.0,6,", , ",False,False,True
HH-02193,NS-1362,31900.0,7,", ration_card, ",False,False,False
HH-02194,NS-0261,10200.0,5,"aadhaar, ration_card, address_proof",True,False,True
HH-02195,NS-1096,17100.0,6,"aadhaar, ration_card, address_proof",True,True,True
HH-02196,NS-0791,15400.0,1,"aadhaar, ration_card, address_proof",True,True,True
HH-02197,NS-0509,13800.0,6,"aadhaar, , address_proof",True,True,True
HH-02198,NS-0773,19300.0,1,", ration_card, address_proof",False,True,True
HH-02199,NS-0140,9900.0,2,"aadhaar, ration_card, ",True,False,True
HH-02200,NS-1412,36800.0,1,"aadhaar, ration_card, address_proof",True,True,False
HH-02201,NS-0795,24700.0,1,"aadhaar, ration_card, ",True,False,True
HH-02202,NS-1145,4800.0,4,"aadhaar, , ",True,False,True
HH-02203,NS-1428,42200.0,2,"aadhaar, ration_card, address_proof",True,True,False
HH-02204,NS-1159,7400.0,5,"aadhaar, ration_card, ",True,False,True
HH-02205,NS-0833,17100.0,1,"aadhaar, , address_proof",True,True,True
HH-02206,NS-1473,6700.0,1,"aadhaar, ration_card, ",True,False,True
HH-02207,NS-0208,10900.0,5,"aadhaar, , ",True,False,True
HH-02208,NS-0636,40900.0,8,"aadhaar, ration_card, ",True,False,False
HH-02209,NS-0271,12300.0,5,"aadhaar, ration_card, address_proof",True,True,True
HH-02210,NS-1097,6100.0,8,"aadhaar, , address_proof",True,True,True
HH-02211,NS-1047,3000.0,8,"aadhaar, , address_proof",True,False,True
HH-02212,NS-0436,5800.0,5,"aadhaar, ration_card, address_proof",True,False,True
HH-02213,NS-0236,15000.0,3,"aadhaar, ration_card, address_proof",True,True,True
HH-02214,NS-0990,5300.0,1,"aadhaar, ration_card, address_proof",True,True,True
HH-02215,NS-1054,11700.0,1,"aadhaar, ration_card, address_proof",True,False,True
HH-02216,NS-0553,12300.0,7,", , ",False,False,True
HH-02217,NS-1077,23800.0,8,"aadhaar, ration_card, ",True,False,True
HH-02218,NS-0599,13900.0,8,"aadhaar, ration_card, address_proof",True,True,True
HH-02219,NS-0225,42800.0,2,"aadhaar, ration_card, ",True,False,False
HH-02220,NS-0188,17600.0,2,"aadhaar, ration_card, address_proof",True,True,True
HH-02221,NS-0538,9700.0,3,"aadhaar, ration_card, address_proof",True,True,True
HH-02222,NS-1360,4800.0,8,"aadhaar, ration_card, address_proof",True,True,True
HH-02223,NS-1369,7400.0,3,"aadhaar, ration_card, address_proof",True,True,True
HH-02224,NS-1172,10100.0,6,"aadhaar, ration_card, address_proof",True,False,True
HH-02225,NS-1059,27800.0,5,"aadhaar, ration_card, ",True,False,False
HH-02226,NS-1146,7000.0,7,"aadhaar, ration_card, address_proof",True,True,True
HH-02227,NS-0619,12600.0,2,", , ",False,False,True
HH-02228,NS-0476,16500.0,2,", , address_proof",False,True,True
HH-02229,NS-1096,10100.0,8,"aadhaar, ration_card, address_proof",True,True,True
HH-02230,NS-1165,42900.0,6,", ration_card, address_proof",False,True,False
HH-02231,NS-1067,14400.0,4,"aadhaar, ration_card, ",True,False,True
HH-02232,NS-0331,10000.0,3,", ration_card, ",False,False,True
HH-02233,NS-0420,13500.0,7,"aadhaar, ration_card, address_proof",True,True,True
HH-02234,NS-0245,5000.0,1,"aadhaar, , ",True,False,True
HH-02235,NS-0572,18200.0,2,"aadhaar, , address_proof",True,True,True
HH-02236,NS-1424,32700.0,1,"aadhaar, ration_card, ",True,False,False
HH-02237,NS-1444,25700.0,2,"aadhaar, , address_proof",True,False,False
HH-02238,NS-0925,15700.0,8,"aadhaar, ration_card, ",True,False,True
HH-02239,NS-0829,5400.0,5,"aadhaar, ration_card, address_proof",True,True,True
HH-02240,NS-0962,19900.0,2,"aadhaar, ration_card, ",True,False,True
HH-02241,NS-0736,25800.0,5,"aadhaar, ration_card, address_proof",True,True,False
HH-02242,NS-0536,16200.0,5,"aadhaar, , ",True,False,True
HH-02243,NS-1361,32600.0,4,"aadhaar, ration_card, address_proof",True,True,False
HH-02244,NS-0936,6700.0,8,"aadhaar, , address_proof",True,True,True
HH-02245,NS-0431,4300.0,7,"aadhaar, ration_card, address_proof",True,True,True
HH-02246,NS-1408,16700.0,3,"aadhaar, ration_card, ",True,False,True
HH-02247,NS-0386,14400.0,2,"aadhaar, , address_proof",True,True,True
HH-02248,NS-1032,8200.0,6,"aadhaar, , ",True,False,True
HH-02249,NS-1004,14400.0,3,"aadhaar, ration_card, address_proof",True,True,True
HH-02250,NS-1490,37200.0,2,"aadhaar, ration_card, ",True,False,False
HH-02251,NS-1168,26400.0,4,"aadhaar, ration_card, ",True,False,False
HH-02252,NS-0476,7100.0,6,"aadhaar, , ",True,False,True
HH-02253,NS-0026,7600.0,5,"aadhaar, ration_card, ",True,False,True
HH-02254,NS-1075,21400.0,5,"aadhaar, ration_card, address_proof",True,True,True
HH-02255,NS-0041,12200.0,7,"aadhaar, ration_card, address_proof",True,True,True
HH-02256,NS-1387,18700.0,7,"aadhaar, ration_card, ",True,False,True
HH-02257,NS-0542,35800.0,2,"aadhaar, ration_card, address_proof",True,True,False
HH-02258,NS-0803,5500.0,2,", ration_card, address_proof",False,True,True
HH-02259,NS-0101,26200.0,1,", ration_card, address_proof",False,True,False
HH-02260,NS-0087,14500.0,7,"aadhaar, ration_card, address_proof",True,True,True
HH-02261,NS-0562,14100.0,8,"aadhaar, ration_card, address_proof",True,True,True
HH-02262,NS-1326,13200.0,8,"aadhaar, ration_card, address_proof",True,True,True
HH-02263,NS-0944,8900.0,6,", ration_card, address_proof",False,True,True
HH-02264,NS-0447,16200.0,7,", , address_proof",False,True,True
HH-02265,NS-0280,9300.0,2,"aadhaar, ration_card, ",True,False,True
HH-02266,NS-1340,13000.0,2,"aadhaar, , address_proof",True,True,True
HH-02267,NS-0559,4200.0,8,"aadhaar, ration_card, ",True,False,True
HH-02268,NS-1045,16000.0,6,"aadhaar, ration_card, address_proof",True,True,True
HH-02269,NS-0251,13800.0,7,", ration_card, address_proof",False,True,True
HH-02270,NS-0280,9500.0,7,"aadhaar, ration_card, ",True,False,True
HH-02271,NS-0539,4700.0,3,"aadhaar, ration_card, ",True,False,True
HH-02272,NS-0138,25400.0,2,", ration_card, ",False,False,False
HH-02273,NS-1162,5500.0,4,"aadhaar, ration_card, address_proof",True,True,True
HH-02274,NS-0360,15600.0,4,"aadhaar, ration_card, ",True,False,True
HH-02275,NS-0047,12700.0,3,", ration_card, ",False,False,True
HH-02276,NS-1461,7400.0,4,"aadhaar, ration_card, address_proof",True,True,True
HH-02277,NS-0537,48600.0,2,"aadhaar, ration_card, ",True,False,False
HH-02278,NS-1383,18300.0,5,"aadhaar, ration_card, address_proof",True,True,True
HH-02279,NS-0973,4500.0,8,"aadhaar, ration_card, address_proof",True,True,True
HH-02280,NS-0856,4400.0,1,"aadhaar, ration_card, ",True,False,True
HH-02281,NS-1454,11400.0,6,"aadhaar, ration_card, ",True,False,True
HH-02282,NS-0851,25300.0,2,"aadhaar, ration_card, address_proof",True,True,False
HH-02283,NS-1043,18700.0,8,"aadhaar, ration_card, ",True,False,True
HH-02284,NS-0392,18400.0,3,"aadhaar, , address_proof",True,True,True
HH-02285,NS-1255,12000.0,4,"aadhaar, ration_card, address_proof",True,True,True
HH-02286,NS-0259,10700.0,5,", , ",False,False,True
HH-02287,NS-0662,9100.0,1,", ration_card, address_proof",False,True,True
HH-02288,NS-1300,5100.0,3,"aadhaar, , address_proof",True,True,True
HH-02289,NS-1304,12300.0,6,", ration_card, address_proof",False,True,True
HH-02290,NS-0808,10000.0,1,"aadhaar, ration_card, address_proof",True,True,True
HH-02291,NS-1481,5400.0,7,"aadhaar, , ",True,False,True
HH-02292,NS-0242,23900.0,2,"aadhaar, , address_proof",True,False,True
HH-02293,NS-1198,6200.0,7,"aadhaar, , ",True,False,True
HH-02294,NS-0941,12300.0,2,"aadhaar, ration_card, address_proof",True,True,True
HH-02295,NS-1329,18000.0,4,"aadhaar, ration_card, address_proof",True,True,True
HH-02296,NS-1029,10900.0,6,"aadhaar, ration_card, address_proof",True,True,True
HH-02297,NS-0729,4400.0,2,"aadhaar, ration_card, ",True,False,True
HH-02298,NS-0024,33900.0,7,"aadhaar, ration_card, address_proof",True,True,False
HH-02299,NS-1003,14100.0,6,"aadhaar, , address_proof",True,True,True
HH-02300,NS-0868,13200.0,6,"aadhaar, ration_card, address_proof",True,True,True
HH-02301,NS-0435,11000.0,8,"aadhaar, ration_card, address_proof",True,True,True
HH-02302,NS-0203,10100.0,6,"aadhaar, ration_card, ",True,False,True
HH-02303,NS-0095,11700.0,6,"aadhaar, ration_card, ",True,False,True
HH-02304,NS-0354,13500.0,1,"aadhaar, ration_card, address_proof",True,False,True
HH-02305,NS-0534,10400.0,6,", , ",False,False,True
HH-02306,NS-0298,16300.0,5,"aadhaar, ration_card, address_proof",True,True,True
HH-02307,NS-0851,15300.0,4,"aadhaar, , address_proof",True,True,True
HH-02308,NS-1220,11500.0,8,"aadhaar, ration_card, address_proof",True,True,True
HH-02309,NS-0369,34600.0,2,"aadhaar, , ",True,False,False
HH-02310,NS-1058,7000.0,6,"aadhaar, , address_proof",True,True,True
HH-02311,NS-0788,25300.0,4,"aadhaar, ration_card, address_proof",True,True,False
HH-02312,NS-0922,13400.0,5,"aadhaar, ration_card, address_proof",True,True,True
HH-02313,NS-1058,13400.0,3,"aadhaar, ration_card, ",True,False,True
HH-02314,NS-1313,17400.0,6,"aadhaar, ration_card, address_proof",True,True,True
HH-02315,NS-0638,10500.0,2,"aadhaar, ration_card, ",True,False,True
HH-02316,NS-0881,10600.0,3,"aadhaar, ration_card, ",True,False,True
HH-02317,NS-0615,5900.0,3,", ration_card, ",False,False,True
HH-02318,NS-1181,7500.0,4,"aadhaar, ration_card, address_proof",True,False,True
HH-02319,NS-1340,7800.0,6,"aadhaar, ration_card, address_proof",True,True,True
HH-02320,NS-1140,4500.0,7,"aadhaar, ration_card, address_proof",True,False,True
HH-02321,NS-1124,12500.0,8,"aadhaar, ration_card, address_proof",True,True,True
HH-02322,NS-1449,24900.0,5,"aadhaar, , ",True,False,True
HH-02323,NS-0757,18300.0,4,"aadhaar, ration_card, address_proof",True,False,True
HH-02324,NS-0962,10600.0,3,"aadhaar, , address_proof",True,True,True
HH-02325,NS-0547,9600.0,8,", ration_card, address_proof",False,True,True
HH-02326,NS-0916,12300.0,3,", ration_card, ",False,False,True
HH-02327,NS-0201,17000.0,4,"aadhaar, ration_card, address_proof",True,False,True
HH-02328,NS-0657,8000.0,5,"aadhaar, ration_card, ",True,False,True
HH-02329,NS-0010,29100.0,8,"aadhaar, ration_card, address_proof",True,False,False
HH-02330,NS-0791,22000.0,4,", ration_card, address_proof",False,True,True
HH-02331,NS-0400,25400.0,6,"aadhaar, , ",True,False,False
HH-02332,NS-1451,34300.0,5,"aadhaar, ration_card, ",True,False,False
HH-02333,NS-1286,19500.0,6,"aadhaar, , ",True,False,True
HH-02334,NS-0090,31600.0,2,", ration_card, ",False,False,False
HH-02335,NS-0189,6200.0,8,"aadhaar, ration_card, address_proof",True,True,True
HH-02336,NS-0900,20100.0,6,"aadhaar, ration_card, address_proof",True,True,True
HH-02337,NS-1202,19600.0,8,"aadhaar, ration_card, address_proof",True,True,True
HH-02338,NS-1164,7000.0,6,"aadhaar, ration_card, address_proof",True,True,True
HH-02339,NS-0710,32200.0,2,"aadhaar, ration_card, address_proof",True,True,False
HH-02340,NS-0640,11800.0,3,"aadhaar, , address_proof",True,True,True
HH-02341,NS-0028,7000.0,3,"aadhaar, ration_card, address_proof",True,True,True
HH-02342,NS-0701,6400.0,3,"aadhaar, ration_card, address_proof",True,True,True
HH-02343,NS-1359,31100.0,5,"aadhaar, ration_card, ",True,False,False
HH-02344,NS-0486,14200.0,8,"aadhaar, , ",True,False,True
HH-02345,NS-0070,9500.0,1,"aadhaar, ration_card, address_proof",True,True,True
HH-02346,NS-0719,51100.0,2,"aadhaar, , ",False,False,False
HH-02347,NS-0308,20200.0,2,"aadhaar, ration_card, address_proof",True,False,True
HH-02348,NS-0836,19800.0,6,"aadhaar, ration_card, ",True,False,True
HH-02349,NS-0673,11800.0,3,"aadhaar, ration_card, address_proof",True,True,True
HH-02350,NS-0339,7500.0,8,"aadhaar, ration_card, address_proof",True,True,True
HH-02351,NS-0179,20300.0,8,"aadhaar, ration_card, address_proof",True,True,True
HH-02352,NS-0324,22200.0,4,"aadhaar, ration_card, ",True,False,True
HH-02353,NS-0827,12600.0,8,"aadhaar, ration_card, address_proof",True,True,True
HH-02354,NS-1155,50200.0,6,"aadhaar, ration_card, ",False,False,False
HH-02355,NS-1467,27200.0,2,"aadhaar, ration_card, ",True,False,False
HH-02356,NS-1356,18500.0,8,", ration_card, ",False,False,True
HH-02357,NS-0229,13800.0,4,"aadhaar, ration_card, ",True,False,True
HH-02358,NS-0995,25300.0,7,"aadhaar, ration_card, address_proof",True,True,False
HH-02359,NS-0142,20000.0,6,"aadhaar, ration_card, ",True,False,True
HH-02360,NS-1188,28700.0,8,"aadhaar, ration_card, ",True,False,False
HH-02361,NS-1161,16200.0,7,"aadhaar, , ",True,False,True
HH-02362,NS-0195,19500.0,3,"aadhaar, , address_proof",True,True,True
HH-02363,NS-0883,6400.0,3,"aadhaar, , ",True,False,True
HH-02364,NS-1384,26500.0,1,"aadhaar, , address_proof",True,True,False
HH-02365,NS-0771,19300.0,1,"aadhaar, , address_proof",True,False,True
HH-02366,NS-0975,13800.0,7,"aadhaar, ration_card, address_proof",True,True,True
HH-02367,NS-0001,20600.0,8,"aadhaar, , ",True,False,True
HH-02368,NS-0654,14300.0,7,"aadhaar, , address_proof",True,False,True
HH-02369,NS-1454,41700.0,3,"aadhaar, ration_card, ",True,False,False
HH-02370,NS-0268,15900.0,7,"aadhaar, ration_card, address_proof",True,True,True
HH-02371,NS-0195,6300.0,1,"aadhaar, ration_card, ",True,False,True
HH-02372,NS-0618,12800.0,6,"aadhaar, ration_card, address_proof",True,True,True
HH-02373,NS-0825,11800.0,5,"aadhaar, ration_card, ",True,False,True
HH-02374,NS-1053,18000.0,6,"aadhaar, ration_card, address_proof",True,True,True
HH-02375,NS-1458,9500.0,8,"aadhaar, ration_card, ",True,False,True
HH-02376,NS-1263,20500.0,7,"aadhaar, ration_card, ",True,False,True
HH-02377,NS-0252,7400.0,7,"aadhaar, ration_card, address_proof",True,True,True
HH-02378,NS-0770,15300.0,7,"aadhaar, , ",True,False,True
HH-02379,NS-0033,13400.0,1,"aadhaar, ration_card, address_proof",True,True,True
HH-02380,NS-0912,11200.0,4,"aadhaar, ration_card, address_proof",True,True,True
HH-02381,NS-0636,6900.0,6,"aadhaar, ration_card, ",True,False,True
HH-02382,NS-1431,25900.0,3,"aadhaar, ration_card, ",True,False,False
HH-02383,NS-0247,11600.0,6,"aadhaar, ration_card, address_proof",True,True,True
HH-02384,NS-0534,12800.0,1,"aadhaar, ration_card, ",True,False,True
HH-02385,NS-1247,6400.0,1,", ration_card, address_proof",False,True,True
HH-02386,NS-1098,10200.0,6,"aadhaar, ration_card, address_proof",True,True,True
HH-02387,NS-1398,52200.0,2,"aadhaar, ration_card, address_proof",False,True,False
HH-02388,NS-0881,21700.0,2,"aadhaar, ration_card, address_proof",True,True,True
HH-02389,NS-0364,23700.0,2,", , address_proof",False,True,True
HH-02390,NS-1407,20300.0,8,"aadhaar, ration_card, ",True,False,True
HH-02391,NS-0820,6100.0,7,"aadhaar, ration_card, address_proof",True,True,True
HH-02392,NS-0532,21300.0,2,"aadhaar, ration_card, address_proof",True,True,True
HH-02393,NS-0063,10400.0,1,"aadhaar, ration_card, address_proof",True,False,True
HH-02394,NS-1401,5800.0,8,"aadhaar, ration_card, address_proof",True,True,True
HH-02395,NS-1057,17200.0,3,"aadhaar, , address_proof",True,True,True
HH-02396,NS-0433,4700.0,7,"aadhaar, , ",True,False,True
HH-02397,NS-1080,20400.0,5,"aadhaar, ration_card, ",True,False,True
HH-02398,NS-1214,22700.0,4,"aadhaar, ration_card, address_proof",True,True,True
HH-02399,NS-0015,28400.0,3,"aadhaar, ration_card, ",True,False,False
HH-02400,NS-0067,18700.0,7,"aadhaar, ration_card, address_proof",True,True,True
HH-02401,NS-0602,22100.0,1,"aadhaar, , address_proof",True,False,True
HH-02402,NS-0018,16300.0,7,"aadhaar, ration_card, address_proof",True,True,True
HH-02403,NS-1048,13900.0,4,"aadhaar, ration_card, address_proof",True,True,True
HH-02404,NS-1159,13800.0,3,"aadhaar, ration_card, address_proof",True,False,True
HH-02405,NS-0298,7900.0,8,"aadhaar, , ",True,False,True
HH-02406,NS-0188,20200.0,7,"aadhaar, , address_proof",True,True,True
HH-02407,NS-0184,17300.0,1,"aadhaar, , address_proof",True,True,True
HH-02408,NS-0493,14100.0,7,"aadhaar, ration_card, ",True,False,True
HH-02409,NS-0969,13000.0,1,", ration_card, address_proof",False,True,True
HH-02410,NS-0244,14200.0,1,"aadhaar, ration_card, ",True,False,True
HH-02411,NS-0738,23500.0,7,"aadhaar, ration_card, address_proof",True,True,True
HH-02412,NS-0510,14300.0,3,"aadhaar, ration_card, address_proof",True,True,True
HH-02413,NS-0556,11900.0,2,"aadhaar, ration_card, ",True,False,True
HH-02414,NS-0030,13400.0,1,"aadhaar, ration_card, ",True,False,True
HH-02415,NS-1160,25600.0,5,"aadhaar, ration_card, address_proof",True,True,False
HH-02416,NS-0573,13100.0,6,"aadhaar, ration_card, ",True,False,True
HH-02417,NS-1086,24700.0,5,"aadhaar, ration_card, ",True,False,True
HH-02418,NS-0071,15300.0,4,"aadhaar, , address_proof",True,True,True
HH-02419,NS-1498,42000.0,2,"aadhaar, ration_card, address_proof",True,True,False
HH-02420,NS-0681,10100.0,3,"aadhaar, ration_card, address_proof",True,True,True
HH-02421,NS-0362,9100.0,3,"aadhaar, ration_card, address_proof",True,True,True
HH-02422,NS-0772,17500.0,4,"aadhaar, ration_card, ",True,False,True
HH-02423,NS-0766,6000.0,3,"aadhaar, ration_card, ",True,False,True
HH-02424,NS-0537,6900.0,1,"aadhaar, ration_card, ",True,False,True
HH-02425,NS-0966,14700.0,5,"aadhaar, ration_card, address_proof",True,True,True
HH-02426,NS-1301,23300.0,4,"aadhaar, ration_card, ",True,False,True
HH-02427,NS-0273,4100.0,8,"aadhaar, ration_card, address_proof",True,True,True
HH-02428,NS-1423,4300.0,1,"aadhaar, ration_card, ",True,False,True
HH-02429,NS-1411,11500.0,5,", ration_card, address_proof",False,True,True
HH-02430,NS-0824,25600.0,8,"aadhaar, , address_proof",True,True,False
HH-02431,NS-1290,12700.0,7,"aadhaar, ration_card, ",True,False,True
HH-02432,NS-0838,6400.0,5,", ration_card, address_proof",False,True,True
HH-02433,NS-0598,18700.0,5,"aadhaar, , address_proof",True,True,True
HH-02434,NS-1205,51100.0,6,"aadhaar, ration_card, ",False,False,False
HH-02435,NS-1254,16900.0,2,"aadhaar, ration_card, address_proof",True,True,True
HH-02436,NS-1238,8300.0,4,"aadhaar, ration_card, address_proof",True,False,True
HH-02437,NS-1006,33200.0,4,"aadhaar, ration_card, address_proof",True,True,False
HH-02438,NS-1491,7800.0,4,"aadhaar, , address_proof",True,False,True
HH-02439,NS-1072,13600.0,1,"aadhaar, ration_card, ",True,False,True
HH-02440,NS-1301,15200.0,8,"aadhaar, ration_card, address_proof",True,True,True
HH-02441,NS-0084,9700.0,7,"aadhaar, , ",True,False,True
HH-02442,NS-0370,12100.0,7,"aadhaar, , ",True,False,True
HH-02443,NS-1360,8000.0,4,"aadhaar, , ",True,False,True
HH-02444,NS-1213,8800.0,5,"aadhaar, , ",True,False,True
HH-02445,NS-0085,12300.0,7,"aadhaar, , address_proof",True,True,True
HH-02446,NS-0443,13100.0,6,"aadhaar, ration_card, address_proof",True,True,True
HH-02447,NS-0932,12300.0,3,"aadhaar, ration_card, address_proof",True,True,True
HH-02448,NS-0145,11900.0,5,"aadhaar, ration_card, address_proof",True,True,True
HH-02449,NS-0480,19900.0,3,"aadhaar, , ",True,False,True
HH-02450,NS-0490,23100.0,6,", ration_card, address_proof",False,True,True
HH-02451,NS-0162,16800.0,3,"aadhaar, ration_card, address_proof",True,True,True
HH-02452,NS-0680,10400.0,4,"aadhaar, , address_proof",True,True,True
HH-02453,NS-0045,12000.0,8,"aadhaar, , address_proof",True,True,True
HH-02454,NS-0566,10800.0,2,"aadhaar, ration_card, address_proof",True,True,True
HH-02455,NS-0697,7200.0,4,"aadhaar, , address_proof",True,True,True
HH-02456,NS-0976,18700.0,1,"aadhaar, , address_proof",True,False,True
HH-02457,NS-1030,7200.0,2,", ration_card, address_proof",False,True,True
HH-02458,NS-1026,19100.0,6,"aadhaar, ration_card, ",True,False,True
HH-02459,NS-0668,18300.0,3,", ration_card, address_proof",False,True,True
HH-02460,NS-1140,13900.0,5,", ration_card, ",False,False,True
HH-02461,NS-0246,28800.0,3,"aadhaar, , address_proof",True,True,False
HH-02462,NS-0048,20600.0,2,"aadhaar, ration_card, ",True,False,True
HH-02463,NS-1164,22600.0,3,"aadhaar, ration_card, ",True,False,True
HH-02464,NS-0424,7900.0,8,"aadhaar, ration_card, ",True,False,True
HH-02465,NS-0864,8100.0,6,"aadhaar, ration_card, address_proof",True,True,True
HH-02466,NS-0607,33400.0,8,", ration_card, ",False,False,False
HH-02467,NS-0106,4800.0,4,", ration_card, address_proof",False,True,True
HH-02468,NS-1346,20300.0,2,", ration_card, address_proof",False,True,True
HH-02469,NS-0077,9100.0,4,"aadhaar, ration_card, address_proof",True,False,True
HH-02470,NS-1166,11300.0,7,"aadhaar, ration_card, address_proof",True,True,True
HH-02471,NS-1262,15900.0,8,"aadhaar, ration_card, address_proof",True,True,True
HH-02472,NS-1279,18800.0,4,"aadhaar, ration_card, address_proof",True,True,True
HH-02473,NS-0564,32000.0,4,"aadhaar, ration_card, ",True,False,False
HH-02474,NS-0003,21400.0,5,"aadhaar, ration_card, ",True,False,True
HH-02475,NS-0669,9100.0,8,"aadhaar, ration_card, ",True,False,True
HH-02476,NS-0750,31400.0,3,"aadhaar, ration_card, address_proof",True,True,False
HH-02477,NS-1220,49400.0,8,"aadhaar, ration_card, address_proof",True,True,False
HH-02478,NS-1310,15500.0,4,", ration_card, address_proof",False,True,True
HH-02479,NS-1002,10900.0,6,"aadhaar, , address_proof",True,True,True
HH-02480,NS-0779,14300.0,4,"aadhaar, ration_card, address_proof",True,True,True
HH-02481,NS-0878,33300.0,6,"aadhaar, ration_card, address_proof",True,True,False
HH-02482,NS-1373,31100.0,8,"aadhaar, ration_card, address_proof",True,False,False
HH-02483,NS-0053,17700.0,8,"aadhaar, ration_card, address_proof",True,True,True
HH-02484,NS-0465,6600.0,5,"aadhaar, ration_card, ",True,False,True
HH-02485,NS-0371,16200.0,8,", , address_proof",False,True,True
HH-02486,NS-1261,15500.0,4,"aadhaar, ration_card, address_proof",True,True,True
HH-02487,NS-1371,10400.0,4,"aadhaar, ration_card, address_proof",True,True,True
HH-02488,NS-1136,12000.0,5,"aadhaar, ration_card, address_proof",True,False,True
HH-02489,NS-0365,15600.0,7,"aadhaar, ration_card, ",True,False,True
HH-02490,NS-1489,6100.0,5,"aadhaar, ration_card, ",True,False,True
HH-02491,NS-0708,7300.0,2,"aadhaar, ration_card, address_proof",True,True,True
HH-02492,NS-1126,16100.0,1,"aadhaar, ration_card, ",True,False,True
HH-02493,NS-0551,18200.0,8,"aadhaar, ration_card, address_proof",True,True,True
HH-02494,NS-0207,8100.0,7,"aadhaar, ration_card, address_proof",True,True,True
HH-02495,NS-1394,6900.0,2,"aadhaar, ration_card, address_proof",True,True,True
HH-02496,NS-1015,10300.0,7,"aadhaar, ration_card, address_proof",True,True,True
HH-02497,NS-0508,12900.0,5,"aadhaar, , ",True,False,True
HH-02498,NS-1340,11300.0,1,", ration_card, address_proof",False,True,True
HH-02499,NS-0706,14400.0,6,"aadhaar, , address_proof",True,True,True
HH-02500,NS-1130,16800.0,1,"aadhaar, ration_card, ",True,False,True
HH-02501,NS-1342,19600.0,8,"aadhaar, ration_card, ",True,False,True
HH-02502,NS-0968,22200.0,3,"aadhaar, , address_proof",True,False,True
HH-02503,NS-0737,16200.0,4,"aadhaar, ration_card, address_proof",True,True,True
HH-02504,NS-1330,9500.0,7,"aadhaar, ration_card, ",True,False,True
HH-02505,NS-0851,14100.0,4,", ration_card, address_proof",False,True,True
HH-02506,NS-0086,9700.0,3,"aadhaar, ration_card, address_proof",True,True,True
HH-02507,NS-1159,22300.0,4,"aadhaar, ration_card, address_proof",True,False,True
HH-02508,NS-0108,12600.0,2,", ration_card, address_proof",False,False,True
HH-02509,NS-1253,38700.0,7,"aadhaar, ration_card, address_proof",True,False,False
HH-02510,NS-0913,4700.0,2,", ration_card, ",False,False,True
HH-02511,NS-1095,14800.0,8,"aadhaar, ration_card, ",True,False,True
HH-02512,NS-0783,17600.0,1,"aadhaar, ration_card, address_proof",True,True,True
HH-02513,NS-1037,11700.0,2,"aadhaar, ration_card, address_proof",True,True,True
HH-02514,NS-1437,6300.0,4,"aadhaar, ration_card, address_proof",True,True,True
HH-02515,NS-1416,5400.0,3,"aadhaar, ration_card, address_proof",True,False,True
HH-02516,NS-1358,9300.0,1,"aadhaar, ration_card, ",True,False,True
HH-02517,NS-0521,11700.0,1,"aadhaar, ration_card, address_proof",True,True,True
HH-02518,NS-0942,20200.0,5,"aadhaar, , address_proof",True,True,True
HH-02519,NS-0862,21800.0,6,"aadhaar, , address_proof",True,True,True
HH-02520,NS-0086,13400.0,7,"aadhaar, ration_card, ",True,False,True
HH-02521,NS-1413,19600.0,3,"aadhaar, ration_card, ",True,False,True
HH-02522,NS-0602,17100.0,1,"aadhaar, , address_proof",True,False,True
HH-02523,NS-1417,8500.0,2,"aadhaar, ration_card, address_proof",True,True,True
HH-02524,NS-0288,25300.0,3,"aadhaar, ration_card, address_proof",True,True,False
HH-02525,NS-1190,15900.0,1,"aadhaar, ration_card, address_proof",True,True,True
HH-02526,NS-0184,16200.0,3,", ration_card, address_proof",False,True,True
HH-02527,NS-0506,11700.0,4,", ration_card, address_proof",False,True,True
HH-02528,NS-1492,3600.0,5,"aadhaar, ration_card, ",True,False,True
HH-02529,NS-1346,18500.0,3,"aadhaar, ration_card, address_proof",True,True,True
HH-02530,NS-0835,7000.0,2,"aadhaar, , address_proof",True,True,True
HH-02531,NS-0934,15300.0,5,", ration_card, ",False,False,True
HH-02532,NS-1399,7700.0,6,"aadhaar, , address_proof",True,True,True
HH-02533,NS-0326,25200.0,7,"aadhaar, ration_card, ",True,False,False
HH-02534,NS-0299,14800.0,7,", ration_card, ",False,False,True
HH-02535,NS-1446,11300.0,1,"aadhaar, ration_card, address_proof",True,True,True
HH-02536,NS-0549,21900.0,7,", ration_card, address_proof",False,False,True
HH-02537,NS-1420,23500.0,5,"aadhaar, ration_card, address_proof",True,True,True
HH-02538,NS-0825,5400.0,8,"aadhaar, ration_card, ",True,False,True
HH-02539,NS-0653,35400.0,8,"aadhaar, ration_card, address_proof",True,True,False
HH-02540,NS-1260,14200.0,8,"aadhaar, ration_card, address_proof",True,True,True
HH-02541,NS-0287,11400.0,3,"aadhaar, ration_card, ",True,False,True
HH-02542,NS-0647,17200.0,2,"aadhaar, ration_card, ",True,False,True
HH-02543,NS-1241,31300.0,3,"aadhaar, , ",True,False,False
HH-02544,NS-1188,11500.0,2,"aadhaar, ration_card, address_proof",True,True,True
HH-02545,NS-1299,27400.0,8,"aadhaar, ration_card, address_proof",True,True,False
HH-02546,NS-0028,12300.0,2,", , address_proof",False,True,True
HH-02547,NS-0304,9100.0,5,"aadhaar, ration_card, ",True,False,True
HH-02548,NS-0573,28900.0,7,"aadhaar, , address_proof",True,False,False
HH-02549,NS-0359,12900.0,2,"aadhaar, ration_card, address_proof",True,True,True
HH-02550,NS-0607,20200.0,7,"aadhaar, ration_card, ",True,False,True
HH-02551,NS-0488,17100.0,7,"aadhaar, ration_card, ",True,False,True
HH-02552,NS-0013,18700.0,2,", ration_card, address_proof",False,True,True
HH-02553,NS-0283,9800.0,4,", ration_card, ",False,False,True
HH-02554,NS-1350,12500.0,7,"aadhaar, ration_card, address_proof",True,True,True
HH-02555,NS-0948,10000.0,4,"aadhaar, ration_card, address_proof",True,True,True
HH-02556,NS-1431,10100.0,8,"aadhaar, ration_card, ",True,False,True
HH-02557,NS-0190,15800.0,6,"aadhaar, , ",True,False,True
HH-02558,NS-1132,7400.0,1,"aadhaar, ration_card, address_proof",True,False,True
HH-02559,NS-1325,16200.0,2,"aadhaar, ration_card, ",True,False,True
HH-02560,NS-0212,21800.0,1,"aadhaar, , address_proof",True,True,True
HH-02561,NS-0704,18000.0,7,"aadhaar, ration_card, ",True,False,True
HH-02562,NS-0814,8300.0,7,", , address_proof",False,True,True
HH-02563,NS-1441,16600.0,6,"aadhaar, , address_proof",True,True,True
HH-02564,NS-0212,17900.0,5,"aadhaar, ration_card, ",True,False,True
HH-02565,NS-0949,16600.0,1,"aadhaar, ration_card, address_proof",True,False,True
HH-02566,NS-0515,15500.0,5,", ration_card, ",False,False,True
HH-02567,NS-0912,7900.0,1,"aadhaar, ration_card, ",True,False,True
HH-02568,NS-1173,17900.0,5,"aadhaar, , address_proof",True,True,True
HH-02569,NS-0733,5100.0,2,"aadhaar, ration_card, address_proof",True,True,True
HH-02570,NS-0453,12400.0,1,"aadhaar, ration_card, address_proof",True,True,True
HH-02571,NS-0484,16300.0,6,"aadhaar, ration_card, address_proof",True,True,True
HH-02572,NS-0837,12900.0,3,"aadhaar, ration_card, address_proof",True,True,True
HH-02573,NS-1034,10800.0,8,"aadhaar, , address_proof",True,False,True
HH-02574,NS-0899,15000.0,7,"aadhaar, ration_card, address_proof",True,True,True
HH-02575,NS-0132,20000.0,8,"aadhaar, ration_card, address_proof",True,True,True
HH-02576,NS-0413,6600.0,3,", ration_card, ",False,False,True
HH-02577,NS-0605,13700.0,3,", ration_card, address_proof",False,True,True
HH-02578,NS-0714,12200.0,5,"aadhaar, ration_card, address_proof",True,True,True
HH-02579,NS-1381,15000.0,4,", ration_card, address_proof",False,True,True
HH-02580,NS-1126,43100.0,5,"aadhaar, ration_card, address_proof",True,True,False
HH-02581,NS-0598,13800.0,7,"aadhaar, ration_card, address_proof",True,True,True
HH-02582,NS-0037,7400.0,3,"aadhaar, ration_card, ",True,False,True
HH-02583,NS-0694,10300.0,7,"aadhaar, , ",True,False,True
HH-02584,NS-0643,8200.0,8,"aadhaar, ration_card, address_proof",True,True,True
HH-02585,NS-0186,9000.0,6,"aadhaar, ration_card, ",True,False,True
HH-02586,NS-0429,13900.0,6,"aadhaar, , address_proof",True,True,True
HH-02587,NS-0129,9200.0,8,", ration_card, ",False,False,True
HH-02588,NS-0518,16500.0,1,"aadhaar, ration_card, ",True,False,True
HH-02589,NS-0531,8900.0,8,"aadhaar, ration_card, ",True,False,True
HH-02590,NS-0661,4900.0,2,", , ",False,False,True
HH-02591,NS-0925,6100.0,7,"aadhaar, ration_card, address_proof",True,True,True
HH-02592,NS-0222,7400.0,7,"aadhaar, ration_card, address_proof",True,True,True
HH-02593,NS-0818,9000.0,7,"aadhaar, ration_card, address_proof",True,False,True
HH-02594,NS-0440,7100.0,6,", ration_card, ",False,False,True
HH-02595,NS-0373,26800.0,1,", ration_card, ",False,False,False
HH-02596,NS-0823,13400.0,3,"aadhaar, ration_card, address_proof",True,True,True
HH-02597,NS-0726,9500.0,6,", , ",False,False,True
HH-02598,NS-0821,7200.0,4,"aadhaar, ration_card, ",True,False,True
HH-02599,NS-0829,3700.0,5,"aadhaar, ration_card, address_proof",True,True,True
HH-02600,NS-1441,7000.0,1,"aadhaar, ration_card, ",True,False,True
HH-02601,NS-0549,7800.0,7,"aadhaar, ration_card, address_proof",True,False,True
HH-02602,NS-0928,16000.0,2,"aadhaar, ration_card, address_proof",True,True,True
HH-02603,NS-0714,34600.0,2,"aadhaar, ration_card, address_proof",True,True,False
HH-02604,NS-0404,7900.0,6,"aadhaar, ration_card, address_proof",True,False,True
HH-02605,NS-0174,8700.0,6,"aadhaar, ration_card, address_proof",True,True,True
HH-02606,NS-0213,8500.0,7,"aadhaar, ration_card, address_proof",True,True,True
HH-02607,NS-0009,8000.0,1,"aadhaar, ration_card, ",True,False,True
HH-02608,NS-1119,13800.0,7,"aadhaar, , address_proof",True,True,True
HH-02609,NS-0055,13400.0,4,"aadhaar, ration_card, address_proof",True,True,True
HH-02610,NS-0653,5700.0,8,"aadhaar, ration_card, ",True,False,True
HH-02611,NS-0274,12300.0,1,"aadhaar, , address_proof",True,True,True
HH-02612,NS-0651,12200.0,8,"aadhaar, ration_card, address_proof",True,True,True
HH-02613,NS-0173,7900.0,8,"aadhaar, , address_proof",True,True,True
HH-02614,NS-1087,8900.0,8,", ration_card, address_proof",False,True,True
HH-02615,NS-0475,15400.0,4,"aadhaar, ration_card, address_proof",True,True,True
HH-02616,NS-0760,10800.0,5,"aadhaar, , address_proof",True,True,True
HH-02617,NS-0444,16100.0,5,"aadhaar, ration_card, address_proof",True,False,True
HH-02618,NS-0119,15400.0,4,", ration_card, address_proof",False,True,True
HH-02619,NS-0731,16300.0,8,"aadhaar, , address_proof",True,True,True
HH-02620,NS-1183,17200.0,8,"aadhaar, ration_card, ",True,False,True
HH-02621,NS-0867,16700.0,7,"aadhaar, ration_card, address_proof",True,True,True
HH-02622,NS-0580,25400.0,4,"aadhaar, ration_card, ",True,False,False
HH-02623,NS-0552,3200.0,8,"aadhaar, ration_card, ",True,False,True
HH-02624,NS-0812,32800.0,7,"aadhaar, ration_card, address_proof",True,True,False
HH-02625,NS-0387,4800.0,3,"aadhaar, ration_card, ",True,False,True
HH-02626,NS-1246,12600.0,3,"aadhaar, ration_card, address_proof",True,True,True
HH-02627,NS-1259,34700.0,2,"aadhaar, ration_card, ",True,False,False
HH-02628,NS-0291,7000.0,3,"aadhaar, ration_card, address_proof",True,True,True
HH-02629,NS-1139,12000.0,6,"aadhaar, ration_card, address_proof",True,True,True
HH-02630,NS-0374,8900.0,7,"aadhaar, ration_card, address_proof",True,True,True
HH-02631,NS-1408,11100.0,8,"aadhaar, , address_proof",True,True,True
HH-02632,NS-0504,6100.0,6,"aadhaar, ration_card, ",True,False,True
HH-02633,NS-1470,10200.0,6,"aadhaar, ration_card, ",True,False,True
HH-02634,NS-1441,10800.0,7,"aadhaar, ration_card, address_proof",True,True,True
HH-02635,NS-1318,18800.0,3,"aadhaar, , ",True,False,True
HH-02636,NS-1474,15900.0,3,"aadhaar, ration_card, ",True,False,True
HH-02637,NS-0931,21800.0,5,"aadhaar, ration_card, address_proof",True,True,True
HH-02638,NS-0058,15500.0,8,"aadhaar, ration_card, ",True,False,True
HH-02639,NS-0584,19000.0,1,", ration_card, address_proof",False,True,True
HH-02640,NS-0163,14900.0,6,"aadhaar, ration_card, address_proof",True,True,True
HH-02641,NS-0487,6100.0,3,"aadhaar, , ",True,False,True
HH-02642,NS-0303,23600.0,4,", , ",False,False,True
HH-02643,NS-0704,10100.0,2,"aadhaar, , address_proof",True,True,True
HH-02644,NS-0964,9500.0,7,"aadhaar, ration_card, address_proof",True,True,True
HH-02645,NS-0027,4700.0,3,"aadhaar, ration_card, address_proof",True,True,True
HH-02646,NS-0523,5900.0,4,"aadhaar, ration_card, ",True,False,True
HH-02647,NS-0558,20100.0,5,"aadhaar, ration_card, address_proof",True,True,True
HH-02648,NS-0147,17900.0,3,"aadhaar, ration_card, address_proof",True,True,True
HH-02649,NS-1429,14000.0,1,"aadhaar, , ",True,False,True
HH-02650,NS-1165,23500.0,5,"aadhaar, ration_card, address_proof",True,True,True
HH-02651,NS-0084,10800.0,8,"aadhaar, ration_card, address_proof",True,True,True
HH-02652,NS-0890,30300.0,3,"aadhaar, ration_card, address_proof",True,True,False
HH-02653,NS-0569,52100.0,5,"aadhaar, , address_proof",False,False,False
HH-02654,NS-1473,22700.0,2,"aadhaar, ration_card, ",True,False,True
HH-02655,NS-1076,13700.0,7,", ration_card, ",False,False,True
HH-02656,NS-0338,10400.0,4,", ration_card, address_proof",False,True,True
HH-02657,NS-1028,17100.0,8,"aadhaar, ration_card, ",True,False,True
HH-02658,NS-0354,16500.0,6,"aadhaar, ration_card, address_proof",True,False,True
HH-02659,NS-0675,16500.0,1,"aadhaar, ration_card, ",True,False,True
HH-02660,NS-0181,14800.0,5,"aadhaar, ration_card, ",True,False,True
HH-02661,NS-0198,6900.0,1,"aadhaar, ration_card, address_proof",True,True,True
HH-02662,NS-0972,29900.0,3,"aadhaar, ration_card, address_proof",True,True,False
HH-02663,NS-1324,13900.0,2,"aadhaar, ration_card, address_proof",True,True,True
HH-02664,NS-0514,3000.0,6,"aadhaar, ration_card, ",True,False,True
HH-02665,NS-1385,24700.0,7,"aadhaar, ration_card, ",True,False,True
HH-02666,NS-1312,15000.0,1,"aadhaar, , address_proof",True,True,True
HH-02667,NS-1216,23000.0,5,"aadhaar, ration_card, address_proof",True,True,True
HH-02668,NS-1218,8000.0,2,"aadhaar, ration_card, address_proof",True,True,True
HH-02669,NS-0662,13600.0,6,", ration_card, address_proof",False,True,True
HH-02670,NS-0126,11700.0,4,"aadhaar, ration_card, ",True,False,True
HH-02671,NS-0088,39900.0,7,"aadhaar, , address_proof",True,True,False
HH-02672,NS-0377,19300.0,8,"aadhaar, ration_card, address_proof",True,True,True
HH-02673,NS-0256,6500.0,1,"aadhaar, , address_proof",True,True,True
HH-02674,NS-0919,26900.0,6,", ration_card, address_proof",False,False,False
HH-02675,NS-0936,24400.0,2,"aadhaar, ration_card, address_proof",True,True,True
HH-02676,NS-0759,13400.0,1,", ration_card, address_proof",False,True,True
HH-02677,NS-1271,9300.0,3,"aadhaar, ration_card, ",True,False,True
HH-02678,NS-0846,14800.0,2,"aadhaar, , address_proof",True,True,True
HH-02679,NS-1429,11600.0,6,"aadhaar, ration_card, ",True,False,True
HH-02680,NS-0569,22000.0,5,"aadhaar, ration_card, address_proof",True,False,True
HH-02681,NS-0286,8000.0,6,"aadhaar, ration_card, address_proof",True,True,True
HH-02682,NS-1476,12500.0,5,"aadhaar, , address_proof",True,True,True
HH-02683,NS-0983,18600.0,5,"aadhaar, , address_proof",True,True,True
HH-02684,NS-0967,9300.0,2,"aadhaar, ration_card, address_proof",True,True,True
HH-02685,NS-1113,7000.0,8,"aadhaar, ration_card, ",True,False,True
HH-02686,NS-1484,12600.0,8,"aadhaar, ration_card, address_proof",True,True,True
HH-02687,NS-1349,11500.0,7,"aadhaar, , address_proof",True,True,True
HH-02688,NS-1359,14300.0,8,", ration_card, ",False,False,True
HH-02689,NS-0333,10200.0,5,"aadhaar, ration_card, ",True,False,True
HH-02690,NS-1086,6200.0,7,"aadhaar, ration_card, address_proof",True,True,True
HH-02691,NS-0123,4200.0,6,"aadhaar, ration_card, address_proof",True,True,True
HH-02692,NS-0756,3700.0,7,"aadhaar, ration_card, address_proof",True,True,True
HH-02693,NS-1323,29100.0,2,"aadhaar, ration_card, ",True,False,False
HH-02694,NS-1243,47700.0,5,", ration_card, address_proof",False,True,False
HH-02695,NS-1223,18900.0,6,"aadhaar, , address_proof",True,True,True
HH-02696,NS-0887,15000.0,1,"aadhaar, ration_card, address_proof",True,True,True
HH-02697,NS-0708,10300.0,3,", ration_card, ",False,False,True
HH-02698,NS-1209,34100.0,3,"aadhaar, , address_proof",True,True,False
HH-02699,NS-0802,7200.0,8,", , ",False,False,True
HH-02700,NS-0271,11500.0,1,"aadhaar, ration_card, address_proof",True,True,True
HH-02701,NS-0508,19400.0,6,", , ",False,False,True
HH-02702,NS-0021,17700.0,2,"aadhaar, ration_card, address_proof",True,True,True
HH-02703,NS-0377,13700.0,1,"aadhaar, ration_card, address_proof",True,True,True
HH-02704,NS-1373,9300.0,8,"aadhaar, ration_card, address_proof",True,False,True
HH-02705,NS-0841,11700.0,8,"aadhaar, ration_card, ",True,False,True
HH-02706,NS-0117,9600.0,8,"aadhaar, ration_card, address_proof",True,True,True
HH-02707,NS-1345,5200.0,4,"aadhaar, ration_card, ",True,False,True
HH-02708,NS-0862,11000.0,6,"aadhaar, ration_card, ",True,False,True
HH-02709,NS-0029,23000.0,7,"aadhaar, ration_card, ",True,False,True
HH-02710,NS-0613,16200.0,7,"aadhaar, ration_card, address_proof",True,True,True
HH-02711,NS-0300,9500.0,3,"aadhaar, ration_card, ",True,False,True
HH-02712,NS-1285,20600.0,6,"aadhaar, , address_proof",True,True,True
HH-02713,NS-0911,7000.0,2,"aadhaar, , address_proof",True,True,True
HH-02714,NS-0780,11300.0,1,"aadhaar, ration_card, address_proof",True,True,True
HH-02715,NS-1317,14400.0,7,"aadhaar, ration_card, address_proof",True,True,True
HH-02716,NS-1287,3900.0,5,", ration_card, address_proof",False,True,True
HH-02717,NS-0724,16800.0,6,"aadhaar, ration_card, address_proof",True,True,True
HH-02718,NS-0993,11500.0,8,", ration_card, ",False,False,True
HH-02719,NS-1058,15600.0,8,"aadhaar, ration_card, ",True,False,True
HH-02720,NS-0483,12400.0,8,"aadhaar, ration_card, address_proof",True,True,True
HH-02721,NS-0808,15200.0,5,"aadhaar, , address_proof",True,True,True
HH-02722,NS-0920,24200.0,7,"aadhaar, ration_card, address_proof",True,False,True
HH-02723,NS-1280,5300.0,4,"aadhaar, , ",True,False,True
HH-02724,NS-0308,14700.0,6,"aadhaar, ration_card, address_proof",True,False,True
HH-02725,NS-1492,11200.0,1,", ration_card, address_proof",False,True,True
HH-02726,NS-1069,48100.0,5,"aadhaar, ration_card, ",True,False,False
HH-02727,NS-1051,14000.0,8,"aadhaar, ration_card, address_proof",True,True,True
HH-02728,NS-1250,32000.0,7,"aadhaar, ration_card, address_proof",True,True,False
HH-02729,NS-1361,9900.0,3,"aadhaar, ration_card, address_proof",True,True,True
HH-02730,NS-0580,13200.0,4,", ration_card, address_proof",False,True,True
HH-02731,NS-0964,8500.0,4,"aadhaar, ration_card, address_proof",True,True,True
HH-02732,NS-0243,8300.0,7,"aadhaar, ration_card, address_proof",True,True,True
HH-02733,NS-0521,20800.0,8,"aadhaar, ration_card, address_proof",True,True,True
HH-02734,NS-1105,16000.0,3,"aadhaar, ration_card, address_proof",True,True,True
HH-02735,NS-1029,15700.0,2,"aadhaar, ration_card, address_proof",True,True,True
HH-02736,NS-0986,15500.0,1,"aadhaar, ration_card, ",True,False,True
HH-02737,NS-0358,11900.0,7,"aadhaar, , address_proof",True,False,True
HH-02738,NS-0135,6800.0,1,"aadhaar, ration_card, address_proof",True,True,True
HH-02739,NS-1119,17400.0,1,"aadhaar, , address_proof",True,True,True
HH-02740,NS-1404,8300.0,7,"aadhaar, ration_card, address_proof",True,True,True
HH-02741,NS-1012,16400.0,3,"aadhaar, ration_card, address_proof",True,True,True
HH-02742,NS-0978,15100.0,4,"aadhaar, ration_card, ",True,False,True
HH-02743,NS-0875,20600.0,8,"aadhaar, ration_card, ",True,False,True
HH-02744,NS-0666,7000.0,5,"aadhaar, ration_card, ",True,False,True
HH-02745,NS-0261,11500.0,1,"aadhaar, ration_card, ",True,False,True
HH-02746,NS-1399,8000.0,1,"aadhaar, , address_proof",True,True,True
HH-02747,NS-1105,15200.0,4,"aadhaar, ration_card, address_proof",True,True,True
HH-02748,NS-0076,37400.0,5,"aadhaar, ration_card, ",True,False,False
HH-02749,NS-0672,20500.0,1,"aadhaar, ration_card, address_proof",True,True,True
HH-02750,NS-1170,19700.0,2,"aadhaar, ration_card, address_proof",True,True,True
HH-02751,NS-0679,14400.0,8,"aadhaar, ration_card, address_proof",True,True,True
HH-02752,NS-0963,9200.0,1,"aadhaar, ration_card, ",True,False,True
HH-02753,NS-1146,8900.0,1,"aadhaar, ration_card, address_proof",True,True,True
HH-02754,NS-1192,43500.0,1,"aadhaar, ration_card, address_proof",True,False,False
HH-02755,NS-0251,15400.0,3,"aadhaar, ration_card, address_proof",True,True,True
HH-02756,NS-0201,17500.0,2,"aadhaar, ration_card, address_proof",True,False,True
HH-02757,NS-0287,50400.0,3,"aadhaar, ration_card, address_proof",False,True,False
HH-02758,NS-0895,16900.0,1,"aadhaar, ration_card, ",True,False,True
HH-02759,NS-1332,42200.0,8,"aadhaar, ration_card, ",True,False,False
HH-02760,NS-0259,31400.0,5,", ration_card, ",False,False,False
HH-02761,NS-1242,13500.0,1,"aadhaar, ration_card, ",True,False,True
HH-02762,NS-1452,9600.0,3,"aadhaar, ration_card, address_proof",True,True,True
HH-02763,NS-1023,14300.0,1,"aadhaar, , address_proof",True,True,True
HH-02764,NS-0061,14700.0,5,"aadhaar, ration_card, address_proof",True,True,True
HH-02765,NS-0221,11100.0,6,"aadhaar, ration_card, address_proof",True,True,True
HH-02766,NS-0520,34200.0,3,"aadhaar, ration_card, address_proof",True,True,False
HH-02767,NS-0887,9600.0,5,"aadhaar, , address_proof",True,True,True
HH-02768,NS-0657,12200.0,6,"aadhaar, , ",True,False,True
HH-02769,NS-1226,20900.0,5,"aadhaar, , address_proof",True,True,True
HH-02770,NS-1218,19100.0,1,"aadhaar, ration_card, address_proof",True,True,True
HH-02771,NS-1480,9800.0,4,"aadhaar, ration_card, address_proof",True,True,True
HH-02772,NS-0830,11700.0,6,"aadhaar, , address_proof",True,True,True
HH-02773,NS-0503,8200.0,2,", , address_proof",False,False,True
HH-02774,NS-0640,43500.0,1,"aadhaar, ration_card, address_proof",True,True,False
HH-02775,NS-0645,11600.0,1,"aadhaar, ration_card, address_proof",True,True,True
HH-02776,NS-0599,9800.0,4,"aadhaar, ration_card, address_proof",True,True,True
HH-02777,NS-0151,16200.0,7,"aadhaar, , address_proof",True,True,True
HH-02778,NS-0173,9400.0,8,"aadhaar, , ",True,False,True
HH-02779,NS-1357,11500.0,6,"aadhaar, ration_card, ",True,False,True
HH-02780,NS-0296,16000.0,3,"aadhaar, ration_card, address_proof",True,False,True
HH-02781,NS-0080,19500.0,7,"aadhaar, , ",True,False,True
HH-02782,NS-1273,9500.0,7,"aadhaar, , address_proof",True,False,True
HH-02783,NS-0705,19300.0,4,"aadhaar, , address_proof",True,True,True
HH-02784,NS-0824,5700.0,6,"aadhaar, ration_card, address_proof",True,True,True
HH-02785,NS-0001,20600.0,8,"aadhaar, ration_card, address_proof",True,False,True
HH-02786,NS-0530,5800.0,7,"aadhaar, ration_card, address_proof",True,True,True
HH-02787,NS-1046,19300.0,1,"aadhaar, ration_card, address_proof",True,True,True
HH-02788,NS-1424,23100.0,4,"aadhaar, ration_card, address_proof",True,True,True
HH-02789,NS-0180,19400.0,5,"aadhaar, ration_card, ",True,False,True
HH-02790,NS-0480,42100.0,8,"aadhaar, ration_card, address_proof",True,True,False
HH-02791,NS-0209,20800.0,7,"aadhaar, ration_card, address_proof",True,True,True
HH-02792,NS-0900,6500.0,1,"aadhaar, , ",True,False,True
HH-02793,NS-0750,15600.0,3,"aadhaar, ration_card, address_proof",True,True,True
HH-02794,NS-0313,26100.0,4,"aadhaar, ration_card, ",True,False,False
HH-02795,NS-0751,11700.0,2,"aadhaar, ration_card, address_proof",True,True,True
HH-02796,NS-1330,18500.0,4,"aadhaar, ration_card, ",True,False,True
HH-02797,NS-0609,13400.0,1,"aadhaar, , ",True,False,True
HH-02798,NS-0829,38000.0,7,"aadhaar, ration_card, ",True,False,False
HH-02799,NS-0946,6200.0,5,"aadhaar, ration_card, ",True,False,True
HH-02800,NS-1261,19900.0,1,"aadhaar, ration_card, address_proof",True,True,True
HH-02801,NS-0254,18600.0,7,"aadhaar, , address_proof",True,True,True
HH-02802,NS-1242,18200.0,2,", , ",False,False,True
HH-02803,NS-0552,19000.0,2,"aadhaar, , address_proof",True,True,True
HH-02804,NS-0272,64600.0,3,"aadhaar, ration_card, address_proof",False,True,False
HH-02805,NS-1294,19100.0,5,"aadhaar, , ",True,False,True
HH-02806,NS-0836,7800.0,6,"aadhaar, ration_card, address_proof",True,True,True
HH-02807,NS-0755,14200.0,8,"aadhaar, ration_card, ",True,False,True
HH-02808,NS-0996,22700.0,3,"aadhaar, , ",True,False,True
HH-02809,NS-0751,15100.0,3,"aadhaar, ration_card, address_proof",True,True,True
HH-02810,NS-0070,8400.0,2,"aadhaar, ration_card, address_proof",True,True,True
HH-02811,NS-0540,44200.0,3,", , address_proof",False,True,False
HH-02812,NS-0343,20800.0,8,"aadhaar, ration_card, address_proof",True,True,True
HH-02813,NS-0612,8900.0,4,"aadhaar, ration_card, address_proof",True,True,True
HH-02814,NS-0412,26600.0,7,"aadhaar, ration_card, address_proof",True,True,False
HH-02815,NS-0591,13700.0,7,"aadhaar, ration_card, address_proof",True,True,True
HH-02816,NS-1228,14800.0,5,"aadhaar, ration_card, ",True,False,True
HH-02817,NS-0470,16200.0,2,"aadhaar, ration_card, ",True,False,True
HH-02818,NS-0559,11900.0,6,"aadhaar, ration_card, ",True,False,True
HH-02819,NS-0621,15300.0,3,"aadhaar, , address_proof",True,True,True
HH-02820,NS-0164,26400.0,2,"aadhaar, , address_proof",True,True,False
HH-02821,NS-1260,16200.0,1,"aadhaar, ration_card, ",True,False,True
HH-02822,NS-0002,8300.0,6,", ration_card, address_proof",False,True,True
HH-02823,NS-0536,20100.0,5,"aadhaar, ration_card, address_proof",True,True,True
HH-02824,NS-1257,34400.0,2,"aadhaar, , ",True,False,False
HH-02825,NS-0156,17500.0,5,"aadhaar, ration_card, ",True,False,True
HH-02826,NS-0773,18700.0,5,"aadhaar, , address_proof",True,True,True
HH-02827,NS-0571,22800.0,3,"aadhaar, , address_proof",True,True,True
HH-02828,NS-1058,13700.0,8,"aadhaar, ration_card, address_proof",True,True,True
HH-02829,NS-1330,12100.0,8,"aadhaar, ration_card, ",True,False,True
HH-02830,NS-1414,22700.0,5,"aadhaar, ration_card, address_proof",True,False,True
HH-02831,NS-0619,15500.0,5,", ration_card, address_proof",False,True,True
HH-02832,NS-0618,8200.0,2,"aadhaar, , address_proof",True,True,True
HH-02833,NS-1075,20800.0,5,"aadhaar, ration_card, ",True,False,True
HH-02834,NS-0888,14200.0,2,"aadhaar, ration_card, address_proof",True,True,True
HH-02835,NS-0793,13300.0,2,"aadhaar, ration_card, address_proof",True,True,True
HH-02836,NS-0125,18000.0,7,"aadhaar, ration_card, address_proof",True,True,True
HH-02837,NS-1319,21100.0,8,"aadhaar, ration_card, ",True,False,True
HH-02838,NS-0058,21600.0,4,"aadhaar, ration_card, ",True,False,True
HH-02839,NS-0173,16500.0,2,"aadhaar, ration_card, ",True,False,True
HH-02840,NS-0596,21400.0,5,", ration_card, address_proof",False,True,True
HH-02841,NS-0946,10800.0,3,"aadhaar, , ",True,False,True
HH-02842,NS-0692,41000.0,6,"aadhaar, ration_card, ",True,False,False
HH-02843,NS-0096,7200.0,7,"aadhaar, ration_card, address_proof",True,True,True
HH-02844,NS-0141,17900.0,6,"aadhaar, ration_card, address_proof",True,True,True
HH-02845,NS-1261,24300.0,8,"aadhaar, ration_card, address_proof",True,True,True
HH-02846,NS-0834,6600.0,5,"aadhaar, ration_card, ",True,False,True
HH-02847,NS-0548,24500.0,4,"aadhaar, ration_card, ",True,False,True
HH-02848,NS-0814,9800.0,5,"aadhaar, ration_card, ",True,False,True
HH-02849,NS-1297,9200.0,8,"aadhaar, ration_card, address_proof",True,False,True
HH-02850,NS-1336,17400.0,2,"aadhaar, , address_proof",True,True,True
HH-02851,NS-0852,17900.0,5,"aadhaar, ration_card, ",True,False,True
HH-02852,NS-1495,23400.0,4,"aadhaar, ration_card, address_proof",True,True,True
HH-02853,NS-1475,14500.0,5,"aadhaar, ration_card, address_proof",True,True,True
HH-02854,NS-0426,12200.0,4,"aadhaar, ration_card, address_proof",True,True,True
HH-02855,NS-1268,12700.0,4,"aadhaar, ration_card, address_proof",True,False,True
HH-02856,NS-0952,7900.0,6,"aadhaar, ration_card, address_proof",True,True,True
HH-02857,NS-1459,8400.0,1,"aadhaar, ration_card, address_proof",True,True,True
HH-02858,NS-0732,5900.0,8,"aadhaar, ration_card, address_proof",True,True,True
HH-02859,NS-0478,11500.0,4,", ration_card, ",False,False,True
HH-02860,NS-0048,15200.0,8,"aadhaar, ration_card, ",True,False,True
HH-02861,NS-1203,21200.0,3,"aadhaar, , address_proof",True,True,True
HH-02862,NS-1207,16400.0,2,", ration_card, ",False,False,True
HH-02863,NS-0257,16000.0,3,"aadhaar, ration_card, ",True,False,True
HH-02864,NS-1312,15900.0,8,"aadhaar, , address_proof",True,True,True
HH-02865,NS-0103,20600.0,5,"aadhaar, ration_card, ",True,False,True
HH-02866,NS-0809,13800.0,6,"aadhaar, ration_card, address_proof",True,True,True
HH-02867,NS-0691,14100.0,2,"aadhaar, , address_proof",True,True,True
HH-02868,NS-0433,21700.0,4,", ration_card, ",False,False,True
HH-02869,NS-1268,6800.0,5,"aadhaar, ration_card, address_proof",True,False,True
HH-02870,NS-1157,12000.0,7,"aadhaar, ration_card, address_proof",True,True,True
HH-02871,NS-1405,8600.0,2,"aadhaar, ration_card, ",True,False,True
HH-02872,NS-0442,20500.0,5,"aadhaar, , address_proof",True,True,True
HH-02873,NS-0093,11500.0,5,"aadhaar, ration_card, ",True,False,True
HH-02874,NS-0791,8000.0,3,"aadhaar, , address_proof",True,True,True
HH-02875,NS-0936,27100.0,7,", ration_card, ",False,False,False
HH-02876,NS-0450,7200.0,4,"aadhaar, , ",True,False,True
HH-02877,NS-0625,30300.0,4,"aadhaar, ration_card, address_proof",True,True,False
HH-02878,NS-0188,12500.0,8,"aadhaar, , ",True,False,True
HH-02879,NS-1319,6100.0,5,"aadhaar, ration_card, address_proof",True,True,True
HH-02880,NS-0953,17800.0,6,"aadhaar, , address_proof",True,True,True
HH-02881,NS-1150,17500.0,8,"aadhaar, ration_card, address_proof",True,True,True
HH-02882,NS-0876,7100.0,7,"aadhaar, ration_card, ",True,False,True
HH-02883,NS-0056,5800.0,8,"aadhaar, ration_card, address_proof",True,True,True
HH-02884,NS-0876,8300.0,6,"aadhaar, ration_card, ",True,False,True
HH-02885,NS-0704,15500.0,7,"aadhaar, ration_card, address_proof",True,True,True
HH-02886,NS-0320,17500.0,6,"aadhaar, ration_card, ",True,False,True
HH-02887,NS-0289,23600.0,5,"aadhaar, ration_card, ",True,False,True
HH-02888,NS-0308,5500.0,2,"aadhaar, ration_card, address_proof",True,False,True
HH-02889,NS-1427,25500.0,8,"aadhaar, ration_card, address_proof",True,True,False
HH-02890,NS-1216,8500.0,7,"aadhaar, , ",True,False,True
HH-02891,NS-0878,4600.0,8,"aadhaar, , address_proof",True,True,True
HH-02892,NS-0502,32200.0,4,"aadhaar, , address_proof",True,False,False
HH-02893,NS-1015,39200.0,8,", ration_card, address_proof",False,True,False
HH-02894,NS-1499,11200.0,8,"aadhaar, ration_card, address_proof",True,True,True
HH-02895,NS-0948,4200.0,7,"aadhaar, ration_card, address_proof",True,True,True
HH-02896,NS-1284,13100.0,3,", ration_card, address_proof",False,True,True
HH-02897,NS-0803,22100.0,1,"aadhaar, ration_card, ",True,False,True
HH-02898,NS-0384,9600.0,5,"aadhaar, ration_card, address_proof",True,False,True
HH-02899,NS-0286,20600.0,8,"aadhaar, ration_card, address_proof",True,True,True
HH-02900,NS-0084,15400.0,1,"aadhaar, ration_card, ",True,False,True
HH-02901,NS-0551,13500.0,1,"aadhaar, ration_card, ",True,False,True
HH-02902,NS-0947,10300.0,1,", ration_card, address_proof",False,True,True
HH-02903,NS-0748,7500.0,5,"aadhaar, ration_card, address_proof",True,True,True
HH-02904,NS-1169,13000.0,3,", ration_card, ",False,False,True
HH-02905,NS-0293,20600.0,1,"aadhaar, ration_card, address_proof",True,True,True
HH-02906,NS-0538,12900.0,5,"aadhaar, ration_card, ",True,False,True
HH-02907,NS-1103,13400.0,6,"aadhaar, ration_card, address_proof",True,True,True
HH-02908,NS-0335,13800.0,6,", , ",False,False,True
HH-02909,NS-1490,4600.0,6,"aadhaar, ration_card, address_proof",True,True,True
HH-02910,NS-1107,31200.0,1,"aadhaar, ration_card, address_proof",True,True,False
HH-02911,NS-0425,3700.0,6,"aadhaar, ration_card, ",True,False,True
HH-02912,NS-0585,7700.0,7,"aadhaar, , address_proof",True,True,True
HH-02913,NS-0276,14000.0,4,"aadhaar, , address_proof",True,True,True
HH-02914,NS-0608,6200.0,3,"aadhaar, ration_card, address_proof",True,True,True
HH-02915,NS-1379,28300.0,8,"aadhaar, ration_card, address_proof",True,True,False
HH-02916,NS-0762,33900.0,8,"aadhaar, ration_card, ",True,False,False
HH-02917,NS-0873,22300.0,8,", ration_card, address_proof",False,True,True
HH-02918,NS-1287,13000.0,4,", ration_card, address_proof",False,True,True
HH-02919,NS-0170,25100.0,5,"aadhaar, ration_card, address_proof",True,True,False
HH-02920,NS-0407,13500.0,4,"aadhaar, ration_card, ",True,False,True
HH-02921,NS-1247,14500.0,8,", ration_card, address_proof",False,True,True
HH-02922,NS-0452,7500.0,4,"aadhaar, ration_card, address_proof",True,True,True
HH-02923,NS-1261,11900.0,6,"aadhaar, ration_card, address_proof",True,True,True
HH-02924,NS-0788,15900.0,1,"aadhaar, ration_card, ",True,False,True
HH-02925,NS-0037,10100.0,1,"aadhaar, ration_card, ",True,False,True
HH-02926,NS-0220,43100.0,6,"aadhaar, ration_card, address_proof",True,True,False
HH-02927,NS-1444,22800.0,4,", ration_card, ",False,False,True
HH-02928,NS-0462,8300.0,8,"aadhaar, ration_card, address_proof",True,True,True
HH-02929,NS-1401,4900.0,6,"aadhaar, ration_card, ",True,False,True
HH-02930,NS-0563,7900.0,3,"aadhaar, ration_card, address_proof",True,True,True
HH-02931,NS-0027,46200.0,3,"aadhaar, , address_proof",True,True,False
HH-02932,NS-0480,8900.0,3,"aadhaar, ration_card, address_proof",True,True,True
HH-02933,NS-1491,19200.0,3,"aadhaar, ration_card, address_proof",True,False,True
HH-02934,NS-0172,11100.0,8,", ration_card, address_proof",False,True,True
HH-02935,NS-0697,22100.0,5,"aadhaar, ration_card, address_proof",True,True,True
HH-02936,NS-0010,20400.0,4,"aadhaar, ration_card, ",True,False,True
HH-02937,NS-0809,6700.0,4,", ration_card, ",False,False,True
HH-02938,NS-0120,9600.0,5,"aadhaar, ration_card, address_proof",True,True,True
HH-02939,NS-1301,12400.0,2,"aadhaar, ration_card, ",True,False,True
HH-02940,NS-1081,16400.0,5,"aadhaar, ration_card, address_proof",True,True,True
HH-02941,NS-1191,35600.0,3,"aadhaar, ration_card, address_proof",True,True,False
HH-02942,NS-0688,20300.0,7,"aadhaar, ration_card, address_proof",True,True,True
HH-02943,NS-1318,16300.0,5,"aadhaar, , ",True,False,True
HH-02944,NS-0620,23500.0,5,"aadhaar, ration_card, address_proof",True,True,True
HH-02945,NS-0339,10600.0,3,"aadhaar, ration_card, address_proof",True,True,True
HH-02946,NS-0350,15200.0,6,"aadhaar, ration_card, address_proof",True,True,True
HH-02947,NS-0830,9500.0,5,"aadhaar, ration_card, address_proof",True,True,True
HH-02948,NS-0848,10800.0,8,"aadhaar, ration_card, address_proof",True,True,True
HH-02949,NS-1341,13400.0,7,", ration_card, address_proof",False,False,True
HH-02950,NS-1323,14400.0,6,"aadhaar, ration_card, address_proof",True,True,True
HH-02951,NS-1386,8700.0,5,", ration_card, ",False,False,True
HH-02952,NS-0161,9000.0,4,"aadhaar, ration_card, address_proof",True,True,True
HH-02953,NS-0734,16500.0,5,"aadhaar, ration_card, address_proof",True,True,True
HH-02954,NS-1477,11100.0,5,", ration_card, address_proof",False,True,True
HH-02955,NS-0868,26100.0,2,", ration_card, address_proof",False,True,False
HH-02956,NS-0780,26400.0,6,"aadhaar, ration_card, ",True,False,False
HH-02957,NS-0579,8000.0,4,"aadhaar, ration_card, address_proof",True,True,True
HH-02958,NS-1497,10300.0,1,"aadhaar, ration_card, address_proof",True,True,True
HH-02959,NS-0926,12400.0,5,"aadhaar, ration_card, address_proof",True,False,True
HH-02960,NS-1303,15600.0,2,"aadhaar, ration_card, address_proof",True,True,True
HH-02961,NS-0030,31600.0,1,"aadhaar, , address_proof",True,True,False
HH-02962,NS-0488,7300.0,1,"aadhaar, ration_card, ",True,False,True
HH-02963,NS-1448,16900.0,4,"aadhaar, , address_proof",True,True,True
HH-02964,NS-1188,19500.0,8,"aadhaar, ration_card, address_proof",True,True,True
HH-02965,NS-0104,18800.0,5,"aadhaar, ration_card, address_proof",True,True,True
HH-02966,NS-0273,22500.0,1,"aadhaar, ration_card, address_proof",True,True,True
HH-02967,NS-0678,10300.0,7,"aadhaar, ration_card, address_proof",True,True,True
HH-02968,NS-0185,52000.0,7,"aadhaar, ration_card, address_proof",False,True,False
HH-02969,NS-0793,16700.0,2,"aadhaar, , address_proof",True,True,True
HH-02970,NS-0657,8200.0,8,"aadhaar, , address_proof",True,True,True
HH-02971,NS-0679,24000.0,2,"aadhaar, ration_card, address_proof",True,True,True
HH-02972,NS-0412,17300.0,8,"aadhaar, , address_proof",True,True,True
HH-02973,NS-0306,12200.0,8,"aadhaar, ration_card, ",True,False,True
HH-02974,NS-1368,5100.0,1,"aadhaar, ration_card, address_proof",True,True,True
HH-02975,NS-0145,13400.0,4,"aadhaar, ration_card, address_proof",True,True,True
HH-02976,NS-1385,14100.0,8,"aadhaar, ration_card, address_proof",True,True,True
HH-02977,NS-0191,33300.0,2,"aadhaar, ration_card, address_proof",True,False,False
HH-02978,NS-1331,6600.0,2,"aadhaar, ration_card, address_proof",True,True,True
HH-02979,NS-1079,7000.0,8,"aadhaar, ration_card, address_proof",True,True,True
HH-02980,NS-1185,20400.0,8,"aadhaar, ration_card, address_proof",True,True,True
HH-02981,NS-0631,20800.0,6,"aadhaar, , address_proof",True,True,True
HH-02982,NS-1016,14200.0,8,", ration_card, address_proof",False,True,True
HH-02983,NS-0924,19700.0,8,"aadhaar, ration_card, address_proof",True,True,True
HH-02984,NS-0103,9600.0,6,"aadhaar, ration_card, address_proof",True,True,True
HH-02985,NS-0810,10100.0,4,"aadhaar, ration_card, ",True,False,True
HH-02986,NS-0582,61600.0,5,"aadhaar, ration_card, address_proof",False,False,False
HH-02987,NS-0484,10300.0,5,"aadhaar, ration_card, address_proof",True,True,True
HH-02988,NS-0708,9900.0,3,"aadhaar, ration_card, address_proof",True,True,True
HH-02989,NS-0374,20900.0,7,"aadhaar, , address_proof",True,True,True
HH-02990,NS-0500,13100.0,8,"aadhaar, ration_card, address_proof",True,True,True
HH-02991,NS-0260,16900.0,6,"aadhaar, , address_proof",True,True,True
HH-02992,NS-0594,18800.0,3,"aadhaar, ration_card, address_proof",True,False,True
HH-02993,NS-0779,19100.0,7,"aadhaar, ration_card, ",True,False,True
HH-02994,NS-1334,17500.0,6,"aadhaar, ration_card, ",True,False,True
HH-02995,NS-0643,30800.0,3,"aadhaar, ration_card, address_proof",True,True,False
HH-02996,NS-0851,15000.0,7,"aadhaar, ration_card, address_proof",True,True,True
HH-02997,NS-0521,9500.0,3,"aadhaar, ration_card, ",True,False,True
HH-02998,NS-0324,10800.0,5,"aadhaar, ration_card, ",True,False,True
HH-02999,NS-1451,9100.0,8,"aadhaar, ration_card, address_proof",True,True,True
HH-03000,NS-0874,11000.0,5,"aadhaar, , address_proof",True,True,True
HH-03001,NS-1410,16100.0,5,"aadhaar, ration_card, ",True,False,True
HH-03002,NS-0301,12500.0,5,"aadhaar, ration_card, ",True,False,True
HH-03003,NS-0866,10300.0,5,"aadhaar, ration_card, address_proof",True,True,True
HH-03004,NS-0417,8700.0,7,"aadhaar, ration_card, address_proof",True,True,True
HH-03005,NS-0664,19000.0,2,"aadhaar, ration_card, address_proof",True,True,True
HH-03006,NS-0898,29800.0,1,"aadhaar, ration_card, address_proof",True,False,False
HH-03007,NS-1107,21200.0,8,"aadhaar, ration_card, address_proof",True,True,True
HH-03008,NS-1211,15900.0,1,"aadhaar, ration_card, address_proof",True,True,True
HH-03009,NS-1499,9200.0,1,"aadhaar, ration_card, address_proof",True,True,True
HH-03010,NS-0604,10800.0,1,"aadhaar, , ",True,False,True
HH-03011,NS-1490,10400.0,5,"aadhaar, ration_card, ",True,False,True
HH-03012,NS-0908,12500.0,2,"aadhaar, ration_card, ",True,False,True
HH-03013,NS-0278,7100.0,5,"aadhaar, ration_card, address_proof",True,True,True
HH-03014,NS-1084,19700.0,6,"aadhaar, ration_card, ",True,False,True
HH-03015,NS-0195,10000.0,3,"aadhaar, ration_card, address_proof",True,True,True
HH-03016,NS-0473,20400.0,5,"aadhaar, ration_card, address_proof",True,True,True
HH-03017,NS-0056,7300.0,8,"aadhaar, ration_card, address_proof",True,True,True
HH-03018,NS-0370,28000.0,4,"aadhaar, , address_proof",True,True,False
HH-03019,NS-0481,11400.0,4,"aadhaar, ration_card, address_proof",True,True,True
HH-03020,NS-0960,31600.0,1,"aadhaar, , address_proof",True,True,False
HH-03021,NS-0058,8900.0,8,"aadhaar, ration_card, address_proof",True,False,True
HH-03022,NS-1211,12700.0,8,"aadhaar, ration_card, ",True,False,True
HH-03023,NS-0754,32000.0,1,", ration_card, address_proof",False,True,False
HH-03024,NS-1487,11500.0,3,"aadhaar, ration_card, ",True,False,True
HH-03025,NS-0476,10400.0,4,", , address_proof",False,True,True
HH-03026,NS-0288,18300.0,8,"aadhaar, ration_card, ",True,False,True
HH-03027,NS-0422,6200.0,4,"aadhaar, ration_card, ",True,False,True
HH-03028,NS-0132,30400.0,4,"aadhaar, ration_card, address_proof",True,True,False
HH-03029,NS-1076,41100.0,3,"aadhaar, ration_card, address_proof",True,False,False
HH-03030,NS-0856,8300.0,8,"aadhaar, , address_proof",True,True,True
HH-03031,NS-1447,11900.0,7,"aadhaar, , address_proof",True,True,True
HH-03032,NS-1387,24600.0,7,"aadhaar, , ",True,False,True
HH-03033,NS-0603,10200.0,6,"aadhaar, ration_card, address_proof",True,True,True
HH-03034,NS-1172,15400.0,6,"aadhaar, ration_card, address_proof",True,False,True
HH-03035,NS-0874,25000.0,7,", ration_card, ",False,False,True
HH-03036,NS-1291,4200.0,7,"aadhaar, ration_card, address_proof",True,True,True
HH-03037,NS-0122,12400.0,1,"aadhaar, , address_proof",True,True,True
HH-03038,NS-0942,11100.0,8,"aadhaar, ration_card, address_proof",True,True,True
HH-03039,NS-0952,13100.0,6,"aadhaar, , address_proof",True,True,True
HH-03040,NS-0016,8100.0,2,"aadhaar, , address_proof",True,True,True
HH-03041,NS-0631,15000.0,8,"aadhaar, , ",True,False,True
HH-03042,NS-1239,11300.0,2,"aadhaar, ration_card, address_proof",True,True,True
HH-03043,NS-0921,37400.0,1,"aadhaar, ration_card, address_proof",True,True,False
HH-03044,NS-0212,8800.0,1,"aadhaar, ration_card, ",True,False,True
HH-03045,NS-1099,21700.0,3,"aadhaar, ration_card, ",True,False,True
HH-03046,NS-0900,7800.0,3,"aadhaar, ration_card, address_proof",True,True,True
HH-03047,NS-0200,13200.0,7,"aadhaar, ration_card, ",True,False,True
HH-03048,NS-0071,21400.0,5,"aadhaar, ration_card, address_proof",True,True,True
HH-03049,NS-0652,27000.0,5,"aadhaar, ration_card, ",True,False,False
HH-03050,NS-1267,9000.0,7,"aadhaar, ration_card, ",True,False,True
HH-03051,NS-0014,9400.0,3,"aadhaar, , address_proof",True,False,True
HH-03052,NS-0121,23000.0,6,"aadhaar, ration_card, address_proof",True,False,True
HH-03053,NS-0501,5200.0,3,", ration_card, ",False,False,True
HH-03054,NS-1010,9800.0,6,"aadhaar, ration_card, ",True,False,True
HH-03055,NS-0241,16500.0,7,", , address_proof",False,True,True
HH-03056,NS-0789,7000.0,6,"aadhaar, , ",True,False,True
HH-03057,NS-0165,8600.0,2,"aadhaar, ration_card, address_proof",True,True,True
HH-03058,NS-1091,12000.0,6,"aadhaar, ration_card, address_proof",True,True,True
HH-03059,NS-1325,42400.0,4,"aadhaar, ration_card, address_proof",True,True,False
HH-03060,NS-1258,77200.0,3,"aadhaar, ration_card, ",False,False,False
HH-03061,NS-0109,7100.0,2,"aadhaar, ration_card, address_proof",True,True,True
HH-03062,NS-0653,10900.0,5,"aadhaar, ration_card, address_proof",True,True,True
HH-03063,NS-0758,3000.0,8,"aadhaar, , address_proof",True,False,True
HH-03064,NS-1218,12400.0,7,", ration_card, address_proof",False,True,True
HH-03065,NS-1321,7500.0,5,"aadhaar, ration_card, address_proof",True,True,True
HH-03066,NS-1363,18000.0,3,"aadhaar, ration_card, address_proof",True,True,True
HH-03067,NS-1027,19800.0,7,"aadhaar, ration_card, ",True,False,True
HH-03068,NS-0096,20800.0,4,"aadhaar, ration_card, address_proof",True,True,True
HH-03069,NS-1079,12800.0,8,", ration_card, address_proof",False,True,True
HH-03070,NS-0079,19200.0,5,"aadhaar, ration_card, address_proof",True,True,True
HH-03071,NS-0998,32100.0,3,"aadhaar, , address_proof",True,False,False
HH-03072,NS-0602,21600.0,5,"aadhaar, , address_proof",True,False,True
HH-03073,NS-1254,13700.0,3,"aadhaar, ration_card, ",True,False,True
HH-03074,NS-1082,4700.0,4,"aadhaar, ration_card, ",True,False,True
HH-03075,NS-0223,30900.0,8,"aadhaar, , ",True,False,False
HH-03076,NS-0873,7200.0,6,"aadhaar, , address_proof",True,True,True
HH-03077,NS-0831,7300.0,3,"aadhaar, ration_card, address_proof",True,True,True
HH-03078,NS-0945,3800.0,5,"aadhaar, ration_card, address_proof",True,True,True
HH-03079,NS-1436,6800.0,5,"aadhaar, ration_card, address_proof",True,True,True
HH-03080,NS-0964,10800.0,5,"aadhaar, ration_card, ",True,False,True
HH-03081,NS-0401,21300.0,7,", ration_card, ",False,False,True
HH-03082,NS-0504,21200.0,6,", ration_card, ",False,False,True
HH-03083,NS-0113,6300.0,7,"aadhaar, ration_card, address_proof",True,True,True
HH-03084,NS-0513,11300.0,4,", ration_card, address_proof",False,True,True
HH-03085,NS-1199,6900.0,1,"aadhaar, , ",True,False,True
HH-03086,NS-0686,7000.0,3,"aadhaar, ration_card, address_proof",True,True,True
HH-03087,NS-0123,10000.0,4,", ration_card, address_proof",False,True,True
HH-03088,NS-1440,10000.0,8,"aadhaar, ration_card, address_proof",True,True,True
HH-03089,NS-1030,5300.0,6,", ration_card, ",False,False,True
HH-03090,NS-1264,30800.0,2,"aadhaar, ration_card, ",True,False,False
HH-03091,NS-0406,12500.0,8,"aadhaar, , address_proof",True,True,True
HH-03092,NS-0914,5900.0,5,"aadhaar, ration_card, address_proof",True,True,True
HH-03093,NS-1289,6200.0,5,"aadhaar, , address_proof",True,True,True
HH-03094,NS-0616,10400.0,8,"aadhaar, ration_card, ",True,False,True
HH-03095,NS-0329,5900.0,6,"aadhaar, ration_card, address_proof",True,False,True
HH-03096,NS-0857,8000.0,4,"aadhaar, ration_card, address_proof",True,True,True
HH-03097,NS-1370,19100.0,3,", ration_card, address_proof",False,True,True
HH-03098,NS-1124,30900.0,7,"aadhaar, , ",True,False,False
HH-03099,NS-0658,15100.0,8,"aadhaar, ration_card, address_proof",True,True,True
HH-03100,NS-0705,13700.0,3,"aadhaar, ration_card, ",True,False,True
HH-03101,NS-0989,13900.0,3,"aadhaar, ration_card, address_proof",True,True,True
HH-03102,NS-0756,34000.0,1,"aadhaar, ration_card, address_proof",True,True,False
HH-03103,NS-0759,20600.0,3,"aadhaar, ration_card, address_proof",True,True,True
HH-03104,NS-0897,11400.0,7,"aadhaar, ration_card, address_proof",True,True,True
HH-03105,NS-0502,6500.0,2,"aadhaar, , ",True,False,True
HH-03106,NS-0387,20200.0,8,"aadhaar, ration_card, ",True,False,True
HH-03107,NS-0165,6800.0,2,", ration_card, address_proof",False,True,True
HH-03108,NS-1412,11500.0,4,"aadhaar, ration_card, address_proof",True,True,True
HH-03109,NS-0035,8000.0,6,"aadhaar, ration_card, ",True,False,True
HH-03110,NS-0966,54100.0,4,"aadhaar, , address_proof",False,True,False
HH-03111,NS-0843,8200.0,5,", ration_card, address_proof",False,True,True
HH-03112,NS-0885,8100.0,5,"aadhaar, ration_card, ",True,False,True
HH-03113,NS-0003,12400.0,7,", , address_proof",False,True,True
HH-03114,NS-0311,15200.0,3,"aadhaar, ration_card, address_proof",True,True,True
HH-03115,NS-0460,10000.0,2,", ration_card, ",False,False,True
HH-03116,NS-0714,30200.0,3,"aadhaar, ration_card, ",True,False,False
HH-03117,NS-0661,7500.0,3,"aadhaar, ration_card, ",True,False,True
HH-03118,NS-0220,9300.0,5,"aadhaar, , ",True,False,True
HH-03119,NS-0371,23500.0,5,", ration_card, address_proof",False,True,True
HH-03120,NS-0589,19200.0,4,"aadhaar, ration_card, ",True,False,True
HH-03121,NS-0619,7900.0,2,", ration_card, address_proof",False,True,True
HH-03122,NS-1031,16200.0,1,"aadhaar, ration_card, ",True,False,True
HH-03123,NS-0877,12100.0,1,", ration_card, address_proof",False,True,True
HH-03124,NS-1264,8300.0,6,"aadhaar, ration_card, ",True,False,True
HH-03125,NS-1345,17000.0,2,"aadhaar, ration_card, ",True,False,True
HH-03126,NS-0763,10800.0,4,"aadhaar, ration_card, address_proof",True,True,True
HH-03127,NS-1500,18300.0,3,"aadhaar, ration_card, ",True,False,True
HH-03128,NS-1352,11600.0,7,"aadhaar, ration_card, address_proof",True,True,True
HH-03129,NS-0071,10500.0,5,"aadhaar, ration_card, ",True,False,True
HH-03130,NS-0222,7100.0,7,"aadhaar, ration_card, address_proof",True,True,True
HH-03131,NS-1300,15800.0,6,"aadhaar, , address_proof",True,True,True
HH-03132,NS-1092,14000.0,6,"aadhaar, ration_card, address_proof",True,False,True
HH-03133,NS-0450,11600.0,8,"aadhaar, ration_card, address_proof",True,True,True
HH-03134,NS-0288,31300.0,4,", ration_card, address_proof",False,True,False
HH-03135,NS-0045,70800.0,6,"aadhaar, ration_card, address_proof",False,True,False
HH-03136,NS-0166,21500.0,6,"aadhaar, ration_card, address_proof",True,True,True
HH-03137,NS-0973,16400.0,1,", , address_proof",False,True,True
HH-03138,NS-0944,4100.0,1,"aadhaar, ration_card, address_proof",True,True,True
HH-03139,NS-0353,13100.0,4,"aadhaar, ration_card, address_proof",True,True,True
HH-03140,NS-0629,6600.0,2,"aadhaar, ration_card, ",True,False,True
HH-03141,NS-1105,4300.0,4,"aadhaar, ration_card, address_proof",True,True,True
HH-03142,NS-1375,7200.0,6,"aadhaar, ration_card, address_proof",True,True,True
HH-03143,NS-0769,19300.0,5,"aadhaar, ration_card, address_proof",True,True,True
HH-03144,NS-1433,18500.0,6,"aadhaar, ration_card, address_proof",True,True,True
HH-03145,NS-0057,6600.0,5,"aadhaar, ration_card, address_proof",True,True,True
HH-03146,NS-0823,13600.0,8,"aadhaar, ration_card, address_proof",True,True,True
HH-03147,NS-0427,21800.0,3,"aadhaar, ration_card, address_proof",True,True,True
HH-03148,NS-0774,29900.0,7,"aadhaar, ration_card, address_proof",True,True,False
HH-03149,NS-1427,72900.0,4,"aadhaar, ration_card, ",False,False,False
HH-03150,NS-0298,18800.0,1,"aadhaar, , address_proof",True,True,True
HH-03151,NS-1070,9000.0,6,"aadhaar, ration_card, address_proof",True,True,True
HH-03152,NS-0866,28400.0,7,"aadhaar, ration_card, address_proof",True,True,False
HH-03153,NS-0009,4400.0,7,", , ",False,False,True
HH-03154,NS-0456,12100.0,5,"aadhaar, ration_card, address_proof",True,True,True
HH-03155,NS-0628,16300.0,3,"aadhaar, ration_card, ",True,False,True
HH-03156,NS-1360,13000.0,1,", ration_card, ",False,False,True
HH-03157,NS-0809,31200.0,1,"aadhaar, ration_card, ",True,False,False
HH-03158,NS-1259,18900.0,7,"aadhaar, ration_card, address_proof",True,True,True
HH-03159,NS-0336,63100.0,2,"aadhaar, ration_card, address_proof",False,True,False
HH-03160,NS-0939,11900.0,1,"aadhaar, ration_card, address_proof",True,True,True
HH-03161,NS-0252,20300.0,4,", ration_card, ",False,False,True
HH-03162,NS-0411,7400.0,2,"aadhaar, ration_card, ",True,False,True
HH-03163,NS-1378,21500.0,5,"aadhaar, ration_card, address_proof",True,True,True
HH-03164,NS-0011,15600.0,6,"aadhaar, , address_proof",True,True,True
HH-03165,NS-1247,7500.0,5,"aadhaar, ration_card, ",True,False,True
HH-03166,NS-1318,11000.0,7,"aadhaar, ration_card, ",True,False,True
HH-03167,NS-0039,14500.0,5,"aadhaar, ration_card, address_proof",True,True,True
HH-03168,NS-0268,20200.0,6,"aadhaar, ration_card, address_proof",True,True,True
HH-03169,NS-0588,11300.0,2,"aadhaar, , ",True,False,True
HH-03170,NS-0241,6600.0,2,"aadhaar, ration_card, address_proof",True,True,True
HH-03171,NS-0880,26100.0,6,"aadhaar, , ",True,False,False
HH-03172,NS-0648,8100.0,4,"aadhaar, ration_card, ",True,False,True
HH-03173,NS-0709,9500.0,7,"aadhaar, , address_proof",True,True,True
HH-03174,NS-1267,7100.0,7,", ration_card, address_proof",False,True,True
HH-03175,NS-1099,28700.0,6,"aadhaar, ration_card, ",True,False,False
HH-03176,NS-1287,13900.0,5,"aadhaar, , address_proof",True,True,True
HH-03177,NS-1022,17300.0,2,"aadhaar, ration_card, address_proof",True,True,True
HH-03178,NS-0015,26600.0,8,"aadhaar, ration_card, address_proof",True,True,False
HH-03179,NS-1409,12500.0,3,"aadhaar, ration_card, ",True,False,True
HH-03180,NS-0202,12400.0,3,"aadhaar, ration_card, ",True,False,True
HH-03181,NS-1250,20800.0,5,"aadhaar, ration_card, ",True,False,True
HH-03182,NS-0324,25000.0,4,"aadhaar, ration_card, address_proof",True,True,False
HH-03183,NS-1462,25500.0,2,", ration_card, address_proof",False,True,False
HH-03184,NS-0480,13500.0,3,"aadhaar, ration_card, address_proof",True,True,True
HH-03185,NS-0628,12600.0,5,"aadhaar, ration_card, ",True,False,True
HH-03186,NS-1474,18500.0,4,"aadhaar, ration_card, address_proof",True,True,True
HH-03187,NS-0601,9400.0,4,"aadhaar, ration_card, address_proof",True,True,True
HH-03188,NS-0861,8200.0,2,"aadhaar, , address_proof",True,True,True
HH-03189,NS-0447,8500.0,6,"aadhaar, ration_card, ",True,False,True
HH-03190,NS-0758,17800.0,8,"aadhaar, ration_card, ",True,False,True
HH-03191,NS-1456,7100.0,3,"aadhaar, , ",True,False,True
HH-03192,NS-0108,5700.0,4,"aadhaar, ration_card, address_proof",True,False,True
HH-03193,NS-0509,15700.0,7,"aadhaar, ration_card, address_proof",True,True,True
HH-03194,NS-0041,26600.0,7,"aadhaar, ration_card, ",True,False,False
HH-03195,NS-0469,9000.0,2,", ration_card, ",False,False,True
HH-03196,NS-0073,20100.0,2,"aadhaar, , address_proof",True,True,True
HH-03197,NS-0558,5600.0,8,"aadhaar, ration_card, address_proof",True,True,True
HH-03198,NS-0019,32500.0,3,"aadhaar, ration_card, address_proof",True,True,False
HH-03199,NS-0861,15500.0,6,"aadhaar, , address_proof",True,True,True
HH-03200,NS-0141,13800.0,8,"aadhaar, ration_card, address_proof",True,True,True
HH-03201,NS-0484,29700.0,8,"aadhaar, ration_card, address_proof",True,True,False
HH-03202,NS-0312,24200.0,8,"aadhaar, , ",True,False,True
HH-03203,NS-0875,8300.0,5,"aadhaar, ration_card, ",True,False,True
HH-03204,NS-1293,5500.0,3,"aadhaar, ration_card, ",True,False,True
HH-03205,NS-1430,10600.0,7,"aadhaar, ration_card, ",True,False,True
HH-03206,NS-1171,8800.0,4,", ration_card, address_proof",False,True,True
HH-03207,NS-0594,3500.0,5,"aadhaar, ration_card, address_proof",True,False,True
HH-03208,NS-0591,8600.0,8,"aadhaar, ration_card, address_proof",True,True,True
HH-03209,NS-1303,12000.0,4,"aadhaar, ration_card, ",True,False,True
HH-03210,NS-0014,14100.0,3,"aadhaar, ration_card, address_proof",True,False,True
HH-03211,NS-0498,11000.0,1,", ration_card, address_proof",False,True,True
HH-03212,NS-1083,18700.0,7,"aadhaar, ration_card, ",True,False,True
HH-03213,NS-0560,13400.0,4,"aadhaar, ration_card, address_proof",True,False,True
HH-03214,NS-0957,6000.0,2,"aadhaar, ration_card, address_proof",True,True,True
HH-03215,NS-0010,12100.0,8,"aadhaar, , address_proof",True,False,True
HH-03216,NS-0594,7000.0,1,"aadhaar, , address_proof",True,False,True
HH-03217,NS-1015,18400.0,2,"aadhaar, ration_card, ",True,False,True
HH-03218,NS-0406,25700.0,5,"aadhaar, ration_card, address_proof",True,True,False
HH-03219,NS-1003,46300.0,7,"aadhaar, ration_card, address_proof",True,True,False
HH-03220,NS-0585,6400.0,6,"aadhaar, , address_proof",True,True,True
HH-03221,NS-0119,11600.0,2,"aadhaar, , address_proof",True,True,True
HH-03222,NS-0989,18100.0,4,"aadhaar, ration_card, address_proof",True,True,True
HH-03223,NS-1337,10300.0,8,"aadhaar, , address_proof",True,True,True
HH-03224,NS-0314,16800.0,2,"aadhaar, ration_card, address_proof",True,True,True
HH-03225,NS-1356,14200.0,2,"aadhaar, ration_card, ",True,False,True
HH-03226,NS-1180,11300.0,3,"aadhaar, ration_card, address_proof",True,True,True
HH-03227,NS-0674,14500.0,1,"aadhaar, ration_card, ",True,False,True
HH-03228,NS-1206,15900.0,7,"aadhaar, ration_card, address_proof",True,True,True
HH-03229,NS-0107,16800.0,3,"aadhaar, , ",True,False,True
HH-03230,NS-0634,5000.0,6,"aadhaar, , address_proof",True,True,True
HH-03231,NS-0675,8600.0,3,", ration_card, address_proof",False,False,True
HH-03232,NS-0174,19700.0,6,"aadhaar, ration_card, address_proof",True,True,True
HH-03233,NS-0900,19700.0,2,"aadhaar, ration_card, address_proof",True,True,True
HH-03234,NS-0654,16900.0,8,"aadhaar, ration_card, address_proof",True,False,True
HH-03235,NS-1093,4800.0,6,", ration_card, address_proof",False,True,True
HH-03236,NS-0587,15800.0,5,"aadhaar, ration_card, address_proof",True,True,True
HH-03237,NS-1405,18400.0,8,", ration_card, ",False,False,True
HH-03238,NS-0761,13300.0,7,"aadhaar, ration_card, address_proof",True,True,True
HH-03239,NS-0872,15800.0,6,"aadhaar, ration_card, address_proof",True,True,True
HH-03240,NS-1074,16400.0,3,"aadhaar, ration_card, ",True,False,True
HH-03241,NS-0149,5500.0,7,"aadhaar, ration_card, ",True,False,True
HH-03242,NS-1210,9800.0,6,"aadhaar, , address_proof",True,True,True
HH-03243,NS-0609,21200.0,1,", ration_card, ",False,False,True
HH-03244,NS-0610,9200.0,8,"aadhaar, ration_card, ",True,False,True
HH-03245,NS-0996,10900.0,3,"aadhaar, ration_card, address_proof",True,True,True
HH-03246,NS-0066,19200.0,6,"aadhaar, , address_proof",True,True,True
HH-03247,NS-0685,17300.0,1,", ration_card, address_proof",False,False,True
HH-03248,NS-1016,12500.0,2,"aadhaar, ration_card, address_proof",True,True,True
HH-03249,NS-0398,19100.0,6,"aadhaar, ration_card, ",True,False,True
HH-03250,NS-0219,26300.0,5,"aadhaar, ration_card, address_proof",True,True,False
HH-03251,NS-0856,8900.0,4,"aadhaar, ration_card, address_proof",True,True,True
HH-03252,NS-0557,42700.0,5,"aadhaar, ration_card, address_proof",True,True,False
HH-03253,NS-0695,10400.0,6,"aadhaar, ration_card, address_proof",True,True,True
HH-03254,NS-0797,39100.0,3,"aadhaar, ration_card, address_proof",True,True,False
HH-03255,NS-0905,11800.0,3,", , address_proof",False,False,True
HH-03256,NS-1328,10900.0,3,", ration_card, address_proof",False,True,True
HH-03257,NS-0853,10700.0,7,"aadhaar, , ",True,False,True
HH-03258,NS-0396,11300.0,2,"aadhaar, ration_card, ",True,False,True
HH-03259,NS-1392,5200.0,3,"aadhaar, ration_card, address_proof",True,True,True
HH-03260,NS-0689,16400.0,3,"aadhaar, ration_card, address_proof",True,True,True
HH-03261,NS-0111,13400.0,2,"aadhaar, ration_card, address_proof",True,True,True
HH-03262,NS-1169,8600.0,7,"aadhaar, ration_card, address_proof",True,True,True
HH-03263,NS-1075,8400.0,2,"aadhaar, , ",True,False,True
HH-03264,NS-1416,9900.0,8,"aadhaar, , address_proof",True,False,True
HH-03265,NS-0773,22700.0,1,"aadhaar, ration_card, ",True,False,True
HH-03266,NS-0769,4900.0,8,"aadhaar, ration_card, ",True,False,True
HH-03267,NS-0773,14000.0,1,"aadhaar, , address_proof",True,True,True
HH-03268,NS-0664,24300.0,2,"aadhaar, ration_card, ",True,False,True
HH-03269,NS-0408,6900.0,7,", ration_card, address_proof",False,True,True
HH-03270,NS-0971,27400.0,7,"aadhaar, ration_card, ",True,False,False
HH-03271,NS-0963,5800.0,8,"aadhaar, ration_card, address_proof",True,True,True
HH-03272,NS-1269,7900.0,6,"aadhaar, ration_card, address_proof",True,True,True
HH-03273,NS-1171,9000.0,3,"aadhaar, ration_card, address_proof",True,True,True
HH-03274,NS-0592,19100.0,7,"aadhaar, ration_card, address_proof",True,True,True
HH-03275,NS-1454,11500.0,1,"aadhaar, , address_proof",True,True,True
HH-03276,NS-0736,14700.0,8,"aadhaar, ration_card, address_proof",True,True,True
HH-03277,NS-0984,23900.0,2,"aadhaar, , address_proof",True,True,True
HH-03278,NS-0980,7100.0,2,"aadhaar, ration_card, address_proof",True,False,True
HH-03279,NS-0924,16400.0,6,"aadhaar, ration_card, ",True,False,True
HH-03280,NS-0309,16900.0,5,"aadhaar, ration_card, address_proof",True,True,True
HH-03281,NS-0246,28600.0,8,"aadhaar, ration_card, ",True,False,False
HH-03282,NS-0589,11100.0,7,"aadhaar, ration_card, ",True,False,True
HH-03283,NS-1330,5400.0,1,"aadhaar, ration_card, address_proof",True,True,True
HH-03284,NS-0437,17700.0,6,"aadhaar, , address_proof",True,True,True
HH-03285,NS-0136,8400.0,7,"aadhaar, ration_card, address_proof",True,True,True
HH-03286,NS-1231,28800.0,7,"aadhaar, , ",True,False,False
HH-03287,NS-1109,13100.0,3,"aadhaar, ration_card, address_proof",True,True,True
HH-03288,NS-0250,7300.0,5,"aadhaar, ration_card, address_proof",True,True,True
HH-03289,NS-1438,19300.0,3,", ration_card, ",False,False,True
HH-03290,NS-1145,19200.0,1,"aadhaar, ration_card, address_proof",True,True,True
HH-03291,NS-0405,15000.0,8,", ration_card, address_proof",False,True,True
HH-03292,NS-0864,23700.0,1,"aadhaar, ration_card, ",True,False,True
HH-03293,NS-1217,13000.0,1,"aadhaar, ration_card, ",True,False,True
HH-03294,NS-1238,32100.0,3,"aadhaar, ration_card, ",True,False,False
HH-03295,NS-0684,26000.0,6,"aadhaar, ration_card, address_proof",True,True,False
HH-03296,NS-1311,12000.0,4,"aadhaar, ration_card, address_proof",True,True,True
HH-03297,NS-1245,9700.0,3,"aadhaar, ration_card, address_proof",True,True,True
HH-03298,NS-0060,25400.0,6,"aadhaar, ration_card, address_proof",True,True,False
HH-03299,NS-0291,10800.0,4,"aadhaar, ration_card, address_proof",True,True,True
HH-03300,NS-0099,12900.0,1,"aadhaar, ration_card, ",True,False,True
HH-03301,NS-0545,10300.0,3,"aadhaar, ration_card, ",True,False,True
HH-03302,NS-1486,25600.0,4,"aadhaar, ration_card, address_proof",True,True,False
HH-03303,NS-0877,29600.0,1,"aadhaar, ration_card, address_proof",True,True,False
HH-03304,NS-1279,17600.0,7,"aadhaar, ration_card, address_proof",True,True,True
HH-03305,NS-1107,26400.0,4,"aadhaar, ration_card, address_proof",True,True,False
HH-03306,NS-0704,11000.0,8,"aadhaar, ration_card, address_proof",True,True,True
HH-03307,NS-0376,14000.0,3,"aadhaar, ration_card, address_proof",True,True,True
HH-03308,NS-1397,14000.0,2,"aadhaar, ration_card, address_proof",True,True,True
HH-03309,NS-1293,9100.0,7,"aadhaar, ration_card, ",True,False,True
HH-03310,NS-1187,21000.0,2,"aadhaar, ration_card, ",True,False,True
HH-03311,NS-0807,10500.0,6,"aadhaar, ration_card, address_proof",True,True,True
HH-03312,NS-0218,14400.0,1,", ration_card, address_proof",False,True,True
HH-03313,NS-0501,18800.0,2,"aadhaar, , address_proof",True,True,True
HH-03314,NS-0325,16300.0,6,", ration_card, address_proof",False,True,True
HH-03315,NS-0823,17500.0,6,"aadhaar, ration_card, address_proof",True,True,True
HH-03316,NS-1042,17800.0,6,"aadhaar, ration_card, ",True,False,True
HH-03317,NS-1307,8400.0,6,"aadhaar, ration_card, ",True,False,True
HH-03318,NS-0002,29900.0,3,"aadhaar, ration_card, ",True,False,False
HH-03319,NS-0253,7100.0,2,", ration_card, ",False,False,True
HH-03320,NS-1407,9600.0,7,"aadhaar, ration_card, ",True,False,True
HH-03321,NS-1290,32200.0,7,"aadhaar, ration_card, address_proof",True,True,False
HH-03322,NS-0517,29400.0,5,"aadhaar, , address_proof",True,True,False
HH-03323,NS-0483,13600.0,3,"aadhaar, , address_proof",True,True,True
HH-03324,NS-0123,26500.0,6,"aadhaar, ration_card, address_proof",True,True,False
HH-03325,NS-0642,11600.0,4,"aadhaar, ration_card, address_proof",True,False,True
HH-03326,NS-0478,48100.0,6,"aadhaar, , ",True,False,False
HH-03327,NS-0495,10900.0,8,", ration_card, address_proof",False,True,True
HH-03328,NS-1258,9900.0,8,"aadhaar, ration_card, ",True,False,True
HH-03329,NS-1100,11000.0,3,", ration_card, address_proof",False,True,True
HH-03330,NS-0145,3400.0,8,"aadhaar, ration_card, ",True,False,True
HH-03331,NS-0666,16400.0,5,"aadhaar, ration_card, address_proof",True,True,True
HH-03332,NS-0578,19800.0,1,"aadhaar, , ",True,False,True
HH-03333,NS-1490,14000.0,4,"aadhaar, ration_card, address_proof",True,True,True
HH-03334,NS-0595,13400.0,7,"aadhaar, ration_card, address_proof",True,True,True
HH-03335,NS-0428,23800.0,5,"aadhaar, ration_card, ",True,False,True
HH-03336,NS-0535,18900.0,6,"aadhaar, ration_card, ",True,False,True
HH-03337,NS-1094,8900.0,3,"aadhaar, ration_card, ",True,False,True
HH-03338,NS-0302,13400.0,7,"aadhaar, ration_card, address_proof",True,True,True
HH-03339,NS-0306,3900.0,4,"aadhaar, ration_card, address_proof",True,True,True
HH-03340,NS-1114,11100.0,3,"aadhaar, ration_card, ",True,False,True
HH-03341,NS-0296,15200.0,8,"aadhaar, , address_proof",True,False,True
HH-03342,NS-0139,23400.0,6,"aadhaar, ration_card, address_proof",True,True,True
HH-03343,NS-0661,31300.0,5,"aadhaar, ration_card, ",True,False,False
HH-03344,NS-0044,5100.0,5,"aadhaar, ration_card, address_proof",True,True,True
HH-03345,NS-1088,34800.0,1,"aadhaar, ration_card, ",True,False,False
HH-03346,NS-0355,12600.0,2,"aadhaar, ration_card, ",True,False,True
HH-03347,NS-0205,8900.0,7,"aadhaar, ration_card, address_proof",True,False,True
HH-03348,NS-1166,26400.0,5,"aadhaar, , address_proof",True,True,False
HH-03349,NS-1057,6900.0,4,"aadhaar, ration_card, address_proof",True,True,True
HH-03350,NS-0548,16000.0,7,"aadhaar, ration_card, address_proof",True,True,True
HH-03351,NS-0621,11700.0,7,"aadhaar, ration_card, ",True,False,True
HH-03352,NS-0473,9500.0,3,", , address_proof",False,True,True
HH-03353,NS-0678,13800.0,1,"aadhaar, ration_card, ",True,False,True
HH-03354,NS-1366,10200.0,2,"aadhaar, ration_card, ",True,False,True
HH-03355,NS-0797,39100.0,7,"aadhaar, ration_card, address_proof",True,True,False
HH-03356,NS-1247,5200.0,8,"aadhaar, ration_card, address_proof",True,True,True
HH-03357,NS-0488,34500.0,4,"aadhaar, ration_card, address_proof",True,True,False
HH-03358,NS-0593,15500.0,6,"aadhaar, ration_card, ",True,False,True
HH-03359,NS-0088,13400.0,6,"aadhaar, ration_card, address_proof",True,True,True
HH-03360,NS-0680,11500.0,7,"aadhaar, ration_card, address_proof",True,True,True
HH-03361,NS-0750,5700.0,4,"aadhaar, ration_card, address_proof",True,True,True
HH-03362,NS-0379,17200.0,2,"aadhaar, ration_card, address_proof",True,True,True
HH-03363,NS-0414,27900.0,5,"aadhaar, ration_card, ",True,False,False
HH-03364,NS-0642,19200.0,2,"aadhaar, ration_card, address_proof",True,False,True
HH-03365,NS-0901,8000.0,8,"aadhaar, ration_card, address_proof",True,True,True
HH-03366,NS-0944,14300.0,6,"aadhaar, ration_card, address_proof",True,True,True
HH-03367,NS-0914,10400.0,5,"aadhaar, ration_card, address_proof",True,True,True
HH-03368,NS-1370,30400.0,4,"aadhaar, ration_card, ",True,False,False
HH-03369,NS-0609,12000.0,8,"aadhaar, ration_card, address_proof",True,True,True
HH-03370,NS-1024,23100.0,8,"aadhaar, ration_card, address_proof",True,True,True
HH-03371,NS-0048,12500.0,1,"aadhaar, , ",True,False,True
HH-03372,NS-1210,25100.0,4,"aadhaar, , address_proof",True,True,False
HH-03373,NS-1145,9600.0,4,"aadhaar, , address_proof",True,True,True
HH-03374,NS-1404,18900.0,1,"aadhaar, , address_proof",True,True,True
HH-03375,NS-0136,11600.0,7,", ration_card, address_proof",False,True,True
HH-03376,NS-1426,21000.0,2,"aadhaar, , ",True,False,True
HH-03377,NS-0301,17100.0,3,"aadhaar, , ",True,False,True
HH-03378,NS-0501,32900.0,3,"aadhaar, ration_card, address_proof",True,True,False
HH-03379,NS-0469,11000.0,5,"aadhaar, ration_card, address_proof",True,True,True
HH-03380,NS-0472,16800.0,7,"aadhaar, ration_card, address_proof",True,True,True
HH-03381,NS-1170,5600.0,5,"aadhaar, ration_card, address_proof",True,True,True
HH-03382,NS-0352,26800.0,4,"aadhaar, ration_card, ",True,False,False
HH-03383,NS-1106,10500.0,6,"aadhaar, , ",True,False,True
HH-03384,NS-1464,26200.0,6,"aadhaar, ration_card, address_proof",True,True,False
HH-03385,NS-1274,7500.0,4,"aadhaar, ration_card, address_proof",True,True,True
HH-03386,NS-0032,10100.0,4,"aadhaar, ration_card, ",True,False,True
HH-03387,NS-1211,9600.0,5,", ration_card, address_proof",False,True,True
HH-03388,NS-0151,18400.0,2,"aadhaar, ration_card, address_proof",True,True,True
HH-03389,NS-1246,5800.0,3,", ration_card, ",False,False,True
HH-03390,NS-0391,16900.0,4,"aadhaar, , ",True,False,True
HH-03391,NS-0152,10100.0,8,"aadhaar, ration_card, ",True,False,True
HH-03392,NS-0402,11000.0,7,"aadhaar, ration_card, ",True,False,True
HH-03393,NS-1185,9000.0,8,"aadhaar, ration_card, address_proof",True,True,True
HH-03394,NS-0014,8300.0,5,"aadhaar, ration_card, address_proof",True,False,True
HH-03395,NS-0783,21000.0,4,"aadhaar, ration_card, address_proof",True,True,True
HH-03396,NS-1498,17100.0,7,"aadhaar, ration_card, ",True,False,True
HH-03397,NS-1446,10600.0,2,"aadhaar, , ",True,False,True
HH-03398,NS-1193,10500.0,1,"aadhaar, ration_card, ",True,False,True
HH-03399,NS-1192,7400.0,1,"aadhaar, ration_card, ",True,False,True
HH-03400,NS-0275,16400.0,1,"aadhaar, ration_card, address_proof",True,False,True
HH-03401,NS-0923,17700.0,1,"aadhaar, , address_proof",True,True,True
HH-03402,NS-0741,26300.0,3,"aadhaar, ration_card, address_proof",True,True,False
HH-03403,NS-0977,13800.0,5,"aadhaar, ration_card, ",True,False,True
HH-03404,NS-0858,21800.0,5,"aadhaar, ration_card, address_proof",True,True,True
HH-03405,NS-0077,12000.0,6,", ration_card, ",False,False,True
HH-03406,NS-0593,9500.0,8,"aadhaar, , address_proof",True,True,True
HH-03407,NS-0196,12800.0,8,"aadhaar, ration_card, ",True,False,True
HH-03408,NS-1326,12500.0,8,", , address_proof",False,True,True
HH-03409,NS-0526,9500.0,6,"aadhaar, ration_card, ",True,False,True
HH-03410,NS-1035,13500.0,6,"aadhaar, ration_card, address_proof",True,True,True
HH-03411,NS-0468,12500.0,3,"aadhaar, , address_proof",True,True,True
HH-03412,NS-1325,17700.0,1,"aadhaar, ration_card, ",True,False,True
HH-03413,NS-0823,10900.0,6,"aadhaar, ration_card, address_proof",True,True,True
HH-03414,NS-1281,12500.0,3,"aadhaar, ration_card, address_proof",True,True,True
HH-03415,NS-1315,12000.0,7,"aadhaar, ration_card, ",True,False,True
HH-03416,NS-1264,7800.0,2,"aadhaar, ration_card, ",True,False,True
HH-03417,NS-1471,17400.0,2,"aadhaar, ration_card, ",True,False,True
HH-03418,NS-0799,19700.0,4,"aadhaar, ration_card, address_proof",True,True,True
HH-03419,NS-1018,4900.0,4,", , address_proof",False,True,True
HH-03420,NS-0274,3900.0,8,"aadhaar, , ",True,False,True
HH-03421,NS-0218,13400.0,8,"aadhaar, , address_proof",True,True,True
HH-03422,NS-0896,22000.0,4,"aadhaar, ration_card, address_proof",True,False,True
HH-03423,NS-0694,11700.0,5,"aadhaar, ration_card, address_proof",True,True,True
HH-03424,NS-1031,13500.0,8,"aadhaar, ration_card, address_proof",True,True,True
HH-03425,NS-0783,8400.0,2,"aadhaar, ration_card, ",True,False,True
HH-03426,NS-0558,4800.0,5,"aadhaar, ration_card, address_proof",True,True,True
HH-03427,NS-1356,32400.0,8,"aadhaar, ration_card, address_proof",True,True,False
HH-03428,NS-0481,9100.0,3,"aadhaar, ration_card, address_proof",True,True,True
HH-03429,NS-0898,19500.0,8,"aadhaar, , address_proof",True,False,True
HH-03430,NS-1107,8000.0,1,"aadhaar, ration_card, ",True,False,True
HH-03431,NS-0416,19700.0,8,"aadhaar, , ",True,False,True
HH-03432,NS-1463,9100.0,2,"aadhaar, ration_card, address_proof",True,False,True
HH-03433,NS-0654,22800.0,6,", ration_card, address_proof",False,False,True
HH-03434,NS-1377,36300.0,2,", ration_card, address_proof",False,True,False
HH-03435,NS-1302,9600.0,2,"aadhaar, ration_card, address_proof",True,True,True
HH-03436,NS-0670,9400.0,8,", , ",False,False,True
HH-03437,NS-1145,15300.0,8,"aadhaar, ration_card, address_proof",True,True,True
HH-03438,NS-0622,8300.0,1,", ration_card, ",False,False,True
HH-03439,NS-0204,27400.0,1,"aadhaar, , address_proof",True,True,False
HH-03440,NS-1156,8900.0,3,"aadhaar, ration_card, address_proof",True,False,True
HH-03441,NS-0402,29900.0,1,"aadhaar, ration_card, address_proof",True,True,False
HH-03442,NS-0551,27700.0,2,"aadhaar, ration_card, address_proof",True,True,False
HH-03443,NS-0877,10900.0,8,"aadhaar, ration_card, ",True,False,True
HH-03444,NS-0057,11500.0,8,"aadhaar, ration_card, ",True,False,True
HH-03445,NS-0187,28400.0,3,"aadhaar, ration_card, address_proof",True,True,False
HH-03446,NS-1332,8100.0,8,"aadhaar, ration_card, ",True,False,True
HH-03447,NS-0665,20600.0,2,"aadhaar, ration_card, address_proof",True,False,True
HH-03448,NS-0273,10200.0,1,"aadhaar, ration_card, address_proof",True,True,True
HH-03449,NS-0833,13400.0,2,"aadhaar, ration_card, address_proof",True,True,True
HH-03450,NS-0967,30200.0,1,"aadhaar, , ",True,False,False
HH-03451,NS-0275,14000.0,1,"aadhaar, , address_proof",True,False,True
HH-03452,NS-0778,10800.0,8,", ration_card, address_proof",False,True,True
HH-03453,NS-0631,23700.0,7,"aadhaar, ration_card, address_proof",True,True,True
HH-03454,NS-1289,7000.0,7,"aadhaar, , address_proof",True,True,True
HH-03455,NS-0250,22900.0,4,"aadhaar, ration_card, ",True,False,True
HH-03456,NS-0624,12200.0,5,"aadhaar, , ",True,False,True
HH-03457,NS-1146,15400.0,3,"aadhaar, ration_card, address_proof",True,True,True
HH-03458,NS-0688,7300.0,8,"aadhaar, ration_card, address_proof",True,True,True
HH-03459,NS-0096,30500.0,4,"aadhaar, , ",True,False,False
HH-03460,NS-0043,28100.0,4,"aadhaar, ration_card, address_proof",True,True,False
HH-03461,NS-0947,24700.0,7,"aadhaar, ration_card, address_proof",True,True,True
HH-03462,NS-1323,5500.0,3,"aadhaar, , address_proof",True,True,True
HH-03463,NS-0314,38500.0,5,"aadhaar, ration_card, address_proof",True,True,False
HH-03464,NS-0564,20000.0,1,"aadhaar, ration_card, ",True,False,True
HH-03465,NS-0870,12000.0,4,"aadhaar, ration_card, address_proof",True,True,True
HH-03466,NS-0765,24000.0,4,"aadhaar, ration_card, address_proof",True,False,True
HH-03467,NS-0092,8100.0,3,"aadhaar, , ",True,False,True
HH-03468,NS-0839,10000.0,1,"aadhaar, ration_card, address_proof",True,True,True
HH-03469,NS-0161,33800.0,1,", ration_card, address_proof",False,True,False
HH-03470,NS-0945,21300.0,7,"aadhaar, ration_card, ",True,False,True
HH-03471,NS-0338,25400.0,6,"aadhaar, ration_card, address_proof",True,True,False
HH-03472,NS-0157,10700.0,1,"aadhaar, ration_card, ",True,False,True
HH-03473,NS-1011,17400.0,7,"aadhaar, ration_card, address_proof",True,True,True
HH-03474,NS-0835,9200.0,2,"aadhaar, ration_card, ",True,False,True
HH-03475,NS-1165,3700.0,8,"aadhaar, ration_card, ",True,False,True
HH-03476,NS-0948,35400.0,6,"aadhaar, ration_card, address_proof",True,True,False
HH-03477,NS-0119,11000.0,1,"aadhaar, ration_card, address_proof",True,True,True
HH-03478,NS-1281,21300.0,2,"aadhaar, , address_proof",True,True,True
HH-03479,NS-0264,11500.0,8,"aadhaar, ration_card, ",True,False,True
HH-03480,NS-1071,12000.0,1,"aadhaar, ration_card, address_proof",True,True,True
HH-03481,NS-0383,6900.0,3,"aadhaar, ration_card, address_proof",True,True,True
HH-03482,NS-0403,23600.0,5,"aadhaar, ration_card, address_proof",True,True,True
HH-03483,NS-0025,13800.0,5,"aadhaar, ration_card, address_proof",True,True,True
HH-03484,NS-1260,14400.0,1,"aadhaar, , ",True,False,True
HH-03485,NS-0346,6200.0,5,", , address_proof",False,True,True
HH-03486,NS-0059,23200.0,6,"aadhaar, ration_card, address_proof",True,True,True
HH-03487,NS-0919,25700.0,7,", ration_card, ",False,False,False
HH-03488,NS-0594,16100.0,1,"aadhaar, , address_proof",True,False,True
HH-03489,NS-0896,10600.0,6,"aadhaar, ration_card, ",True,False,True
HH-03490,NS-0767,12700.0,6,"aadhaar, , address_proof",True,True,True
HH-03491,NS-1189,19400.0,1,"aadhaar, ration_card, address_proof",True,True,True
HH-03492,NS-0850,25900.0,8,"aadhaar, , address_proof",True,True,False
HH-03493,NS-1132,11100.0,6,", ration_card, address_proof",False,False,True
HH-03494,NS-1347,12300.0,3,"aadhaar, ration_card, address_proof",True,True,True
HH-03495,NS-0941,8800.0,7,"aadhaar, , ",True,False,True
HH-03496,NS-1106,25000.0,1,"aadhaar, ration_card, address_proof",True,True,True
HH-03497,NS-0468,11800.0,8,"aadhaar, , ",True,False,True
HH-03498,NS-1335,6400.0,5,"aadhaar, ration_card, ",True,False,True
HH-03499,NS-0118,17400.0,4,"aadhaar, ration_card, ",True,False,True
HH-03500,NS-0927,17400.0,2,"aadhaar, ration_card, ",True,False,True
HH-03501,NS-0983,31600.0,8,"aadhaar, , address_proof",True,True,False
HH-03502,NS-0678,3900.0,1,"aadhaar, ration_card, address_proof",True,True,True
HH-03503,NS-0461,23300.0,6,"aadhaar, ration_card, address_proof",True,True,True
HH-03504,NS-1324,6800.0,2,"aadhaar, , address_proof",True,True,True
HH-03505,NS-1094,8000.0,2,"aadhaar, ration_card, ",True,False,True
HH-03506,NS-1124,18900.0,3,"aadhaar, ration_card, address_proof",True,True,True
HH-03507,NS-0597,19200.0,3,"aadhaar, , address_proof",True,True,True
HH-03508,NS-0825,23000.0,1,"aadhaar, ration_card, address_proof",True,True,True
HH-03509,NS-0911,7900.0,2,"aadhaar, , address_proof",True,True,True
HH-03510,NS-0884,10500.0,8,"aadhaar, ration_card, address_proof",True,True,True
HH-03511,NS-1379,23600.0,3,"aadhaar, , address_proof",True,True,True
HH-03512,NS-0813,7100.0,7,"aadhaar, ration_card, ",True,False,True
HH-03513,NS-0473,11100.0,6,"aadhaar, ration_card, address_proof",True,True,True
HH-03514,NS-1164,11900.0,7,"aadhaar, , address_proof",True,True,True
HH-03515,NS-0822,28700.0,5,"aadhaar, ration_card, address_proof",True,True,False
HH-03516,NS-0805,10900.0,3,", ration_card, ",False,False,True
HH-03517,NS-0194,9600.0,8,"aadhaar, ration_card, address_proof",True,True,True
HH-03518,NS-0835,9600.0,2,"aadhaar, ration_card, address_proof",True,True,True
HH-03519,NS-1475,31400.0,8,"aadhaar, ration_card, address_proof",True,True,False
HH-03520,NS-1205,13700.0,7,"aadhaar, ration_card, address_proof",True,True,True
HH-03521,NS-1231,14100.0,1,"aadhaar, ration_card, ",True,False,True
HH-03522,NS-0295,44200.0,2,"aadhaar, ration_card, address_proof",True,True,False
HH-03523,NS-1205,5500.0,8,"aadhaar, ration_card, address_proof",True,True,True
HH-03524,NS-0670,23300.0,6,"aadhaar, ration_card, ",True,False,True
HH-03525,NS-1315,10000.0,4,"aadhaar, ration_card, address_proof",True,True,True
HH-03526,NS-0322,6700.0,1,", ration_card, ",False,False,True
HH-03527,NS-0079,23700.0,7,"aadhaar, ration_card, address_proof",True,True,True
HH-03528,NS-1341,7000.0,7,"aadhaar, ration_card, address_proof",True,False,True
HH-03529,NS-1471,8700.0,8,"aadhaar, , address_proof",True,True,True
HH-03530,NS-1073,8100.0,3,"aadhaar, ration_card, address_proof",True,False,True
HH-03531,NS-1026,35300.0,2,", ration_card, address_proof",False,False,False
HH-03532,NS-0955,8400.0,2,"aadhaar, ration_card, ",True,False,True
HH-03533,NS-0665,7900.0,7,"aadhaar, , ",True,False,True
HH-03534,NS-0195,6800.0,8,"aadhaar, ration_card, address_proof",True,True,True
HH-03535,NS-1214,16800.0,8,"aadhaar, , address_proof",True,True,True
HH-03536,NS-0811,12800.0,6,"aadhaar, ration_card, address_proof",True,True,True
HH-03537,NS-1236,18300.0,2,"aadhaar, ration_card, ",True,False,True
HH-03538,NS-0855,13300.0,4,"aadhaar, , address_proof",True,True,True
HH-03539,NS-1448,12500.0,3,"aadhaar, ration_card, ",True,False,True
HH-03540,NS-0341,4600.0,5,"aadhaar, ration_card, address_proof",True,True,True
HH-03541,NS-1091,11300.0,8,"aadhaar, ration_card, address_proof",True,True,True
HH-03542,NS-0242,19700.0,3,", , address_proof",False,False,True
HH-03543,NS-0134,7800.0,7,"aadhaar, , address_proof",True,True,True
HH-03544,NS-0368,10200.0,5,"aadhaar, ration_card, address_proof",True,True,True
HH-03545,NS-0605,10000.0,4,"aadhaar, ration_card, address_proof",True,True,True
HH-03546,NS-0313,22800.0,4,"aadhaar, , address_proof",True,True,True
HH-03547,NS-1297,29400.0,8,"aadhaar, ration_card, ",True,False,False
HH-03548,NS-0184,10900.0,5,"aadhaar, ration_card, ",True,False,True
HH-03549,NS-0594,14500.0,8,", ration_card, address_proof",False,False,True
HH-03550,NS-1293,36000.0,7,"aadhaar, ration_card, address_proof",True,True,False
HH-03551,NS-1233,9000.0,8,"aadhaar, ration_card, ",True,False,True
HH-03552,NS-0769,19600.0,4,"aadhaar, ration_card, address_proof",True,True,True
HH-03553,NS-0932,14700.0,1,"aadhaar, ration_card, ",True,False,True
HH-03554,NS-0366,7300.0,8,", , ",False,False,True
HH-03555,NS-0146,18200.0,8,"aadhaar, ration_card, address_proof",True,False,True
HH-03556,NS-0570,15700.0,2,"aadhaar, ration_card, address_proof",True,False,True
HH-03557,NS-0448,36600.0,6,"aadhaar, ration_card, ",True,False,False
HH-03558,NS-0618,12200.0,4,"aadhaar, ration_card, ",True,False,True
HH-03559,NS-1254,10300.0,2,"aadhaar, ration_card, address_proof",True,True,True
HH-03560,NS-0266,18300.0,5,"aadhaar, ration_card, address_proof",True,False,True
HH-03561,NS-0108,5800.0,1,"aadhaar, ration_card, ",True,False,True
HH-03562,NS-0049,11700.0,3,", ration_card, address_proof",False,True,True
HH-03563,NS-1231,11000.0,1,"aadhaar, ration_card, address_proof",True,False,True
HH-03564,NS-0355,15000.0,6,"aadhaar, ration_card, address_proof",True,True,True
HH-03565,NS-0583,13200.0,3,"aadhaar, ration_card, address_proof",True,True,True
HH-03566,NS-0646,42700.0,5,"aadhaar, , ",True,False,False
HH-03567,NS-1235,30500.0,2,"aadhaar, ration_card, address_proof",True,True,False
HH-03568,NS-0243,11700.0,3,"aadhaar, , address_proof",True,True,True
HH-03569,NS-0858,13800.0,7,"aadhaar, ration_card, address_proof",True,True,True
HH-03570,NS-1479,7300.0,3,"aadhaar, ration_card, address_proof",True,True,True
HH-03571,NS-0794,23300.0,8,"aadhaar, ration_card, address_proof",True,True,True
HH-03572,NS-1262,3800.0,2,", ration_card, address_proof",False,True,True
HH-03573,NS-0698,17400.0,1,"aadhaar, , address_proof",True,True,True
HH-03574,NS-0723,11700.0,3,"aadhaar, ration_card, address_proof",True,True,True
HH-03575,NS-0212,9000.0,5,"aadhaar, , address_proof",True,True,True
HH-03576,NS-0642,10100.0,1,"aadhaar, ration_card, address_proof",True,False,True
HH-03577,NS-1161,30000.0,3,"aadhaar, ration_card, ",True,False,False
HH-03578,NS-1281,29400.0,2,"aadhaar, , address_proof",True,True,False
HH-03579,NS-0612,38600.0,4,"aadhaar, ration_card, address_proof",True,True,False
HH-03580,NS-1282,26800.0,7,"aadhaar, ration_card, ",True,False,False
HH-03581,NS-0156,5200.0,3,"aadhaar, ration_card, address_proof",True,True,True
HH-03582,NS-1290,26400.0,8,"aadhaar, ration_card, address_proof",True,True,False
HH-03583,NS-0972,11100.0,3,"aadhaar, ration_card, address_proof",True,True,True
HH-03584,NS-1261,28200.0,4,", ration_card, address_proof",False,True,False
HH-03585,NS-0605,7300.0,6,"aadhaar, ration_card, address_proof",True,True,True
HH-03586,NS-1404,8900.0,1,"aadhaar, ration_card, address_proof",True,True,True
HH-03587,NS-1273,8800.0,2,"aadhaar, ration_card, address_proof",True,False,True
HH-03588,NS-1224,16800.0,4,"aadhaar, ration_card, ",True,False,True
HH-03589,NS-0902,10600.0,7,"aadhaar, ration_card, ",True,False,True
HH-03590,NS-0402,5500.0,8,", ration_card, ",False,False,True
HH-03591,NS-0949,5000.0,1,"aadhaar, ration_card, ",True,False,True
HH-03592,NS-0726,22600.0,7,"aadhaar, , ",True,False,True
HH-03593,NS-0342,17500.0,1,"aadhaar, ration_card, address_proof",True,True,True
HH-03594,NS-0198,7800.0,4,"aadhaar, , address_proof",True,True,True
HH-03595,NS-0014,18700.0,4,", ration_card, ",False,False,True
HH-03596,NS-0746,43800.0,5,"aadhaar, , address_proof",True,True,False
HH-03597,NS-1014,19500.0,1,"aadhaar, , ",True,False,True
HH-03598,NS-1352,5600.0,4,"aadhaar, , address_proof",True,True,True
HH-03599,NS-0450,5300.0,7,"aadhaar, ration_card, address_proof",True,True,True
HH-03600,NS-0063,12700.0,7,"aadhaar, ration_card, address_proof",True,False,True
HH-03601,NS-1316,17700.0,1,"aadhaar, ration_card, ",True,False,True
HH-03602,NS-1122,10200.0,4,"aadhaar, ration_card, address_proof",True,False,True
HH-03603,NS-0914,23100.0,2,", ration_card, address_proof",False,True,True
HH-03604,NS-1290,18700.0,6,"aadhaar, ration_card, ",True,False,True
HH-03605,NS-1003,16100.0,8,", ration_card, ",False,False,True
HH-03606,NS-0738,28400.0,4,"aadhaar, ration_card, address_proof",True,True,False
HH-03607,NS-0836,10900.0,1,", ration_card, ",False,False,True
HH-03608,NS-0135,5000.0,1,"aadhaar, ration_card, ",True,False,True
HH-03609,NS-0522,18200.0,2,"aadhaar, , address_proof",True,True,True
HH-03610,NS-0060,8400.0,3,"aadhaar, ration_card, ",True,False,True
HH-03611,NS-0858,24700.0,3,"aadhaar, ration_card, address_proof",True,True,True
HH-03612,NS-0546,8600.0,7,"aadhaar, ration_card, address_proof",True,True,True
HH-03613,NS-1439,11900.0,7,"aadhaar, ration_card, ",True,False,True
HH-03614,NS-1000,12300.0,3,"aadhaar, ration_card, address_proof",True,True,True
HH-03615,NS-1003,13500.0,2,"aadhaar, ration_card, ",True,False,True
HH-03616,NS-1474,18600.0,7,"aadhaar, ration_card, address_proof",True,True,True
HH-03617,NS-0415,33300.0,8,"aadhaar, ration_card, address_proof",True,True,False
HH-03618,NS-1440,12300.0,8,"aadhaar, ration_card, ",True,False,True
HH-03619,NS-0208,28200.0,3,"aadhaar, , address_proof",True,True,False
HH-03620,NS-0870,25200.0,4,"aadhaar, ration_card, address_proof",True,True,False
HH-03621,NS-0204,17500.0,4,"aadhaar, ration_card, address_proof",True,True,True
HH-03622,NS-1328,9700.0,3,"aadhaar, ration_card, address_proof",True,True,True
HH-03623,NS-1136,6400.0,7,"aadhaar, ration_card, address_proof",True,False,True
HH-03624,NS-0052,16100.0,5,"aadhaar, ration_card, ",True,False,True
HH-03625,NS-0588,12200.0,2,"aadhaar, ration_card, address_proof",True,True,True
HH-03626,NS-0615,7900.0,1,"aadhaar, ration_card, ",True,False,True
HH-03627,NS-0325,23200.0,7,"aadhaar, ration_card, ",True,False,True
HH-03628,NS-1412,3700.0,2,"aadhaar, , address_proof",True,True,True
HH-03629,NS-1464,8300.0,1,"aadhaar, ration_card, address_proof",True,True,True
HH-03630,NS-1034,15600.0,2,"aadhaar, ration_card, address_proof",True,False,True
HH-03631,NS-1352,5200.0,3,"aadhaar, ration_card, address_proof",True,True,True
HH-03632,NS-1138,9000.0,6,"aadhaar, ration_card, address_proof",True,True,True
HH-03633,NS-0002,7600.0,7,"aadhaar, ration_card, address_proof",True,True,True
HH-03634,NS-1137,7500.0,1,"aadhaar, ration_card, address_proof",True,True,True
HH-03635,NS-0354,7900.0,4,"aadhaar, , address_proof",True,False,True
HH-03636,NS-0806,12300.0,8,", ration_card, ",False,False,True
HH-03637,NS-1044,14800.0,4,"aadhaar, ration_card, address_proof",True,True,True
HH-03638,NS-1219,6600.0,5,"aadhaar, ration_card, address_proof",True,True,True
HH-03639,NS-0903,13500.0,8,"aadhaar, ration_card, address_proof",True,True,True
HH-03640,NS-0126,4800.0,2,"aadhaar, ration_card, address_proof",True,True,True
HH-03641,NS-0455,21400.0,1,"aadhaar, ration_card, address_proof",True,True,True
HH-03642,NS-0052,21400.0,3,"aadhaar, ration_card, ",True,False,True
HH-03643,NS-1382,9400.0,1,", ration_card, ",False,False,True
HH-03644,NS-1270,24200.0,5,"aadhaar, , ",True,False,True
HH-03645,NS-0115,14200.0,7,"aadhaar, ration_card, address_proof",True,False,True
HH-03646,NS-0367,9300.0,5,"aadhaar, , address_proof",True,False,True
HH-03647,NS-1025,8500.0,5,"aadhaar, , address_proof",True,True,True
HH-03648,NS-0423,15900.0,7,"aadhaar, ration_card, address_proof",True,True,True
HH-03649,NS-0761,13300.0,1,"aadhaar, ration_card, address_proof",True,True,True
HH-03650,NS-1472,9500.0,8,"aadhaar, ration_card, address_proof",True,True,True
HH-03651,NS-0699,16400.0,4,"aadhaar, ration_card, ",True,False,True
HH-03652,NS-0864,11000.0,2,"aadhaar, ration_card, address_proof",True,True,True
HH-03653,NS-0846,11100.0,2,"aadhaar, ration_card, address_proof",True,True,True
HH-03654,NS-0045,16300.0,3,"aadhaar, ration_card, address_proof",True,True,True
HH-03655,NS-1038,20100.0,1,"aadhaar, ration_card, address_proof",True,True,True
HH-03656,NS-1472,24900.0,2,"aadhaar, ration_card, address_proof",True,True,True
HH-03657,NS-0319,10800.0,3,"aadhaar, ration_card, ",True,False,True
HH-03658,NS-0529,29500.0,6,"aadhaar, , address_proof",True,False,False
HH-03659,NS-0864,12200.0,4,"aadhaar, , ",True,False,True
HH-03660,NS-0580,8100.0,2,"aadhaar, ration_card, address_proof",True,True,True
HH-03661,NS-1005,28100.0,1,"aadhaar, ration_card, ",True,False,False
HH-03662,NS-0800,8000.0,3,", ration_card, address_proof",False,True,True
HH-03663,NS-0560,21700.0,2,"aadhaar, ration_card, ",True,False,True
HH-03664,NS-0544,28400.0,4,"aadhaar, , address_proof",True,True,False
HH-03665,NS-0673,13600.0,2,"aadhaar, ration_card, address_proof",True,True,True
HH-03666,NS-0581,10800.0,8,"aadhaar, ration_card, address_proof",True,False,True
HH-03667,NS-1459,9900.0,3,"aadhaar, ration_card, address_proof",True,True,True
HH-03668,NS-1133,14000.0,5,"aadhaar, ration_card, ",True,False,True
HH-03669,NS-1498,19900.0,1,"aadhaar, , address_proof",True,True,True
HH-03670,NS-1120,12500.0,8,", , address_proof",False,False,True
HH-03671,NS-1363,16300.0,8,"aadhaar, ration_card, address_proof",True,True,True
HH-03672,NS-1473,16600.0,6,", , address_proof",False,True,True
HH-03673,NS-0517,9000.0,1,"aadhaar, ration_card, address_proof",True,True,True
HH-03674,NS-1469,9400.0,6,"aadhaar, ration_card, ",True,False,True
HH-03675,NS-0643,16300.0,1,"aadhaar, ration_card, address_proof",True,True,True
HH-03676,NS-1471,21300.0,8,"aadhaar, ration_card, address_proof",True,True,True
HH-03677,NS-0347,9400.0,4,"aadhaar, ration_card, address_proof",True,True,True
HH-03678,NS-0569,5800.0,6,"aadhaar, , address_proof",True,False,True
HH-03679,NS-1416,5100.0,3,"aadhaar, , ",True,False,True
HH-03680,NS-0134,7500.0,7,"aadhaar, ration_card, ",True,False,True
HH-03681,NS-0683,12600.0,6,", ration_card, address_proof",False,True,True
HH-03682,NS-0429,18400.0,4,", ration_card, address_proof",False,True,True
HH-03683,NS-1101,16800.0,5,", , address_proof",False,True,True
HH-03684,NS-0711,11100.0,7,"aadhaar, ration_card, address_proof",True,True,True
HH-03685,NS-1126,17700.0,3,"aadhaar, ration_card, ",True,False,True
HH-03686,NS-0172,27400.0,1,"aadhaar, , ",True,False,False
HH-03687,NS-1339,16700.0,3,"aadhaar, ration_card, ",True,False,True
HH-03688,NS-0328,20900.0,1,", , address_proof",False,True,True
HH-03689,NS-0550,7400.0,5,"aadhaar, , address_proof",True,True,True
HH-03690,NS-0313,12100.0,1,", , address_proof",False,True,True
HH-03691,NS-1495,24900.0,5,"aadhaar, ration_card, address_proof",True,True,True
HH-03692,NS-0647,15700.0,2,", ration_card, address_proof",False,True,True
HH-03693,NS-0812,19600.0,3,"aadhaar, ration_card, address_proof",True,True,True
HH-03694,NS-0160,14600.0,2,"aadhaar, , address_proof",True,True,True
HH-03695,NS-0643,14900.0,5,"aadhaar, ration_card, address_proof",True,True,True
HH-03696,NS-0897,11000.0,7,"aadhaar, ration_card, ",True,False,True
HH-03697,NS-1227,8200.0,7,"aadhaar, ration_card, address_proof",True,False,True
HH-03698,NS-1156,5000.0,1,"aadhaar, ration_card, address_proof",True,False,True
HH-03699,NS-1313,11500.0,5,"aadhaar, , ",True,False,True
HH-03700,NS-0130,24600.0,7,"aadhaar, ration_card, ",True,False,True
HH-03701,NS-0598,6700.0,5,"aadhaar, ration_card, address_proof",True,True,True
HH-03702,NS-1408,6900.0,8,", ration_card, address_proof",False,True,True
HH-03703,NS-1204,12000.0,2,"aadhaar, ration_card, ",True,False,True
HH-03704,NS-0975,15800.0,8,"aadhaar, ration_card, address_proof",True,True,True
HH-03705,NS-1201,17200.0,1,"aadhaar, , address_proof",True,True,True
HH-03706,NS-0809,18800.0,6,"aadhaar, ration_card, address_proof",True,True,True
HH-03707,NS-0330,7500.0,7,"aadhaar, ration_card, address_proof",True,True,True
HH-03708,NS-1084,13100.0,5,"aadhaar, ration_card, address_proof",True,True,True
HH-03709,NS-1454,20200.0,1,", ration_card, ",False,False,True
HH-03710,NS-0927,17600.0,2,"aadhaar, ration_card, address_proof",True,True,True
HH-03711,NS-1248,18100.0,1,"aadhaar, ration_card, ",True,False,True
HH-03712,NS-0097,7500.0,5,"aadhaar, ration_card, address_proof",True,False,True
HH-03713,NS-0911,13400.0,2,", , ",False,False,True
HH-03714,NS-0690,13500.0,8,"aadhaar, , address_proof",True,True,True
HH-03715,NS-0533,16200.0,4,"aadhaar, ration_card, address_proof",True,True,True
HH-03716,NS-1425,26500.0,3,"aadhaar, ration_card, address_proof",True,True,False
HH-03717,NS-0829,14100.0,1,"aadhaar, ration_card, ",True,False,True
HH-03718,NS-1461,21200.0,8,"aadhaar, ration_card, ",True,False,True
HH-03719,NS-0389,8700.0,7,"aadhaar, ration_card, address_proof",True,True,True
HH-03720,NS-0750,20300.0,7,"aadhaar, ration_card, address_proof",True,True,True
HH-03721,NS-1426,10700.0,8,"aadhaar, , address_proof",True,True,True
HH-03722,NS-1246,15300.0,8,", , address_proof",False,True,True
HH-03723,NS-0079,5900.0,7,"aadhaar, ration_card, ",True,False,True
HH-03724,NS-0229,20300.0,6,"aadhaar, ration_card, address_proof",True,True,True
HH-03725,NS-0884,12500.0,6,"aadhaar, ration_card, ",True,False,True
HH-03726,NS-0693,18600.0,2,"aadhaar, ration_card, address_proof",True,True,True
HH-03727,NS-1211,10800.0,4,"aadhaar, ration_card, address_proof",True,True,True
HH-03728,NS-0609,28900.0,3,", ration_card, address_proof",False,True,False
HH-03729,NS-0826,17700.0,7,"aadhaar, ration_card, address_proof",True,True,True
HH-03730,NS-1346,16300.0,5,"aadhaar, ration_card, ",True,False,True
HH-03731,NS-0594,21200.0,1,"aadhaar, ration_card, ",True,False,True
HH-03732,NS-0941,7200.0,4,"aadhaar, ration_card, ",True,False,True
HH-03733,NS-0933,22100.0,1,"aadhaar, ration_card, ",True,False,True
HH-03734,NS-1148,8900.0,8,"aadhaar, ration_card, ",True,False,True
HH-03735,NS-0026,10800.0,1,"aadhaar, ration_card, address_proof",True,True,True
HH-03736,NS-0695,15900.0,4,"aadhaar, ration_card, address_proof",True,True,True
HH-03737,NS-0657,5400.0,4,"aadhaar, ration_card, address_proof",True,True,True
HH-03738,NS-0498,45500.0,4,"aadhaar, ration_card, ",True,False,False
HH-03739,NS-0150,9100.0,5,"aadhaar, ration_card, address_proof",True,True,True
HH-03740,NS-0569,23400.0,4,"aadhaar, , address_proof",True,False,True
HH-03741,NS-1208,12800.0,4,"aadhaar, ration_card, ",True,False,True
HH-03742,NS-0346,8200.0,2,"aadhaar, ration_card, address_proof",True,True,True
HH-03743,NS-0616,9000.0,2,"aadhaar, ration_card, address_proof",True,True,True
HH-03744,NS-1307,33600.0,2,"aadhaar, ration_card, ",True,False,False
HH-03745,NS-0980,8700.0,6,"aadhaar, , address_proof",True,False,True
HH-03746,NS-0431,17600.0,6,"aadhaar, ration_card, ",True,False,True
HH-03747,NS-1077,18100.0,6,"aadhaar, ration_card, address_proof",True,True,True
HH-03748,NS-1284,8900.0,2,"aadhaar, ration_card, ",True,False,True
HH-03749,NS-0085,13200.0,6,"aadhaar, ration_card, address_proof",True,True,True
HH-03750,NS-0859,15400.0,4,"aadhaar, ration_card, ",True,False,True
HH-03751,NS-0955,9200.0,8,", ration_card, ",False,False,True
HH-03752,NS-0494,14600.0,6,"aadhaar, ration_card, ",True,False,True
HH-03753,NS-0046,33300.0,7,"aadhaar, ration_card, address_proof",True,True,False
HH-03754,NS-0262,11400.0,2,"aadhaar, , ",True,False,True
HH-03755,NS-1434,10100.0,8,"aadhaar, , address_proof",True,True,True
HH-03756,NS-0699,18200.0,2,"aadhaar, ration_card, address_proof",True,True,True
HH-03757,NS-0547,4900.0,7,", ration_card, address_proof",False,True,True
HH-03758,NS-0238,20600.0,6,"aadhaar, ration_card, address_proof",True,True,True
HH-03759,NS-1168,12400.0,7,"aadhaar, ration_card, ",True,False,True
HH-03760,NS-0957,6600.0,8,"aadhaar, ration_card, ",True,False,True
HH-03761,NS-1210,6300.0,5,"aadhaar, ration_card, ",True,False,True
HH-03762,NS-0727,6300.0,2,"aadhaar, , address_proof",True,True,True
HH-03763,NS-0632,9500.0,5,"aadhaar, , ",True,False,True
HH-03764,NS-1389,6500.0,5,"aadhaar, ration_card, ",True,False,True
HH-03765,NS-0333,8100.0,5,"aadhaar, ration_card, address_proof",True,True,True
HH-03766,NS-0809,11200.0,8,"aadhaar, ration_card, ",True,False,True
HH-03767,NS-0218,21800.0,7,", ration_card, ",False,False,True
HH-03768,NS-1187,11600.0,7,"aadhaar, ration_card, address_proof",True,True,True
HH-03769,NS-1285,12800.0,2,"aadhaar, , address_proof",True,True,True
HH-03770,NS-0130,35200.0,8,"aadhaar, ration_card, ",True,False,False
HH-03771,NS-0543,17600.0,7,", ration_card, address_proof",False,True,True
HH-03772,NS-0247,20500.0,5,"aadhaar, , address_proof",True,True,True
HH-03773,NS-1433,4200.0,5,"aadhaar, ration_card, ",True,False,True
HH-03774,NS-0885,30900.0,2,"aadhaar, ration_card, address_proof",True,True,False
HH-03775,NS-1121,17600.0,2,"aadhaar, ration_card, ",True,False,True
HH-03776,NS-0795,10500.0,4,"aadhaar, ration_card, ",True,False,True
HH-03777,NS-0445,12700.0,5,"aadhaar, ration_card, address_proof",True,True,True
HH-03778,NS-0633,6700.0,1,"aadhaar, ration_card, ",True,False,True
HH-03779,NS-0654,19600.0,4,"aadhaar, ration_card, ",True,False,True
HH-03780,NS-1037,16900.0,4,"aadhaar, ration_card, address_proof",True,True,True
HH-03781,NS-0277,16200.0,2,"aadhaar, , address_proof",True,True,True
HH-03782,NS-0684,18500.0,5,"aadhaar, ration_card, address_proof",True,True,True
HH-03783,NS-0586,12700.0,3,"aadhaar, ration_card, address_proof",True,True,True
HH-03784,NS-0820,21300.0,7,"aadhaar, ration_card, ",True,False,True
HH-03785,NS-0640,12100.0,8,"aadhaar, ration_card, address_proof",True,True,True
HH-03786,NS-0187,17500.0,6,"aadhaar, , address_proof",True,True,True
HH-03787,NS-0832,28500.0,6,"aadhaar, ration_card, address_proof",True,False,False
HH-03788,NS-0412,8900.0,6,"aadhaar, ration_card, address_proof",True,True,True
HH-03789,NS-0723,40800.0,1,"aadhaar, ration_card, address_proof",True,True,False
HH-03790,NS-1483,7200.0,2,"aadhaar, ration_card, address_proof",True,True,True
HH-03791,NS-0730,60000.0,3,", , address_proof",False,False,False
HH-03792,NS-0289,16600.0,6,"aadhaar, ration_card, address_proof",True,True,True
HH-03793,NS-0921,20200.0,5,", ration_card, ",False,False,True
HH-03794,NS-0826,13000.0,1,"aadhaar, , address_proof",True,True,True
HH-03795,NS-0633,15500.0,3,"aadhaar, ration_card, address_proof",True,True,True
HH-03796,NS-0007,17200.0,6,"aadhaar, ration_card, address_proof",True,True,True
HH-03797,NS-0853,14800.0,1,"aadhaar, ration_card, address_proof",True,True,True
HH-03798,NS-0608,11000.0,2,"aadhaar, , address_proof",True,True,True
HH-03799,NS-0080,8600.0,5,", ration_card, ",False,False,True
HH-03800,NS-0307,17200.0,3,"aadhaar, ration_card, ",True,False,True
HH-03801,NS-0509,7300.0,2,"aadhaar, ration_card, ",True,False,True
HH-03802,NS-0481,11200.0,4,"aadhaar, ration_card, address_proof",True,True,True
HH-03803,NS-0732,8500.0,5,"aadhaar, ration_card, address_proof",True,True,True
HH-03804,NS-0788,15700.0,1,"aadhaar, , ",True,False,True
HH-03805,NS-1120,7900.0,3,"aadhaar, ration_card, ",True,False,True
HH-03806,NS-1340,7400.0,7,"aadhaar, ration_card, address_proof",True,True,True
HH-03807,NS-0868,18400.0,2,"aadhaar, ration_card, address_proof",True,True,True
HH-03808,NS-0882,33400.0,6,"aadhaar, , address_proof",True,True,False
HH-03809,NS-0246,5400.0,1,"aadhaar, ration_card, address_proof",True,True,True
HH-03810,NS-0006,10100.0,2,"aadhaar, ration_card, address_proof",True,False,True
HH-03811,NS-0115,23700.0,5,"aadhaar, ration_card, address_proof",True,False,True
HH-03812,NS-0920,20600.0,3,", ration_card, ",False,False,True
HH-03813,NS-0352,14800.0,4,"aadhaar, ration_card, address_proof",True,True,True
HH-03814,NS-0318,47100.0,8,"aadhaar, ration_card, address_proof",True,False,False
HH-03815,NS-0667,18600.0,4,"aadhaar, ration_card, ",True,False,True
HH-03816,NS-0942,15900.0,1,"aadhaar, ration_card, ",True,False,True
HH-03817,NS-0259,5000.0,5,", ration_card, address_proof",False,True,True
HH-03818,NS-0926,33600.0,7,"aadhaar, ration_card, address_proof",True,False,False
HH-03819,NS-0887,5700.0,4,", ration_card, address_proof",False,True,True
HH-03820,NS-1063,7900.0,7,"aadhaar, ration_card, address_proof",True,True,True
HH-03821,NS-0276,4800.0,4,"aadhaar, ration_card, address_proof",True,True,True
HH-03822,NS-1373,7700.0,4,", ration_card, address_proof",False,False,True
HH-03823,NS-0582,15700.0,5,"aadhaar, ration_card, ",True,False,True
HH-03824,NS-0526,26700.0,4,"aadhaar, , ",True,False,False
HH-03825,NS-0861,14600.0,5,"aadhaar, ration_card, address_proof",True,True,True
HH-03826,NS-1225,6400.0,7,", ration_card, address_proof",False,True,True
HH-03827,NS-1151,31800.0,4,"aadhaar, ration_card, address_proof",True,True,False
HH-03828,NS-1454,17500.0,5,"aadhaar, ration_card, address_proof",True,True,True
HH-03829,NS-0975,13200.0,3,"aadhaar, ration_card, ",True,False,True
HH-03830,NS-0166,12900.0,1,"aadhaar, ration_card, address_proof",True,True,True
HH-03831,NS-1110,15300.0,4,"aadhaar, ration_card, address_proof",True,True,True
HH-03832,NS-1310,28000.0,4,"aadhaar, , address_proof",True,True,False
HH-03833,NS-0066,11200.0,6,"aadhaar, ration_card, address_proof",True,True,True
HH-03834,NS-0013,21400.0,6,", ration_card, ",False,False,True
HH-03835,NS-0496,9100.0,2,"aadhaar, ration_card, address_proof",True,True,True
HH-03836,NS-0721,15600.0,3,"aadhaar, , ",True,False,True
HH-03837,NS-0434,20800.0,3,"aadhaar, , address_proof",True,True,True
HH-03838,NS-0541,7700.0,7,"aadhaar, ration_card, address_proof",True,True,True
HH-03839,NS-0259,15200.0,2,"aadhaar, , address_proof",True,True,True
HH-03840,NS-0198,22900.0,4,"aadhaar, ration_card, address_proof",True,True,True
HH-03841,NS-0741,5800.0,4,"aadhaar, , ",True,False,True
HH-03842,NS-0585,16000.0,7,"aadhaar, ration_card, address_proof",True,True,True
HH-03843,NS-0913,16100.0,8,"aadhaar, ration_card, ",True,False,True
HH-03844,NS-1448,3300.0,7,"aadhaar, ration_card, address_proof",True,True,True
HH-03845,NS-1293,23300.0,3,"aadhaar, ration_card, ",True,False,True
HH-03846,NS-0077,10300.0,3,"aadhaar, ration_card, address_proof",True,False,True
HH-03847,NS-0079,16100.0,1,", ration_card, address_proof",False,True,True
HH-03848,NS-1296,45300.0,4,"aadhaar, ration_card, address_proof",True,True,False
HH-03849,NS-1113,11900.0,6,"aadhaar, ration_card, address_proof",True,True,True
HH-03850,NS-0412,21800.0,4,"aadhaar, ration_card, address_proof",True,True,True
HH-03851,NS-0012,12200.0,4,"aadhaar, ration_card, address_proof",True,True,True
HH-03852,NS-0172,21400.0,5,"aadhaar, , address_proof",True,True,True
HH-03853,NS-1109,22800.0,8,"aadhaar, ration_card, address_proof",True,True,True
HH-03854,NS-0540,9000.0,6,"aadhaar, ration_card, address_proof",True,True,True
HH-03855,NS-0708,8900.0,6,"aadhaar, ration_card, address_proof",True,True,True
HH-03856,NS-0794,13300.0,7,", ration_card, ",False,False,True
HH-03857,NS-1358,49800.0,8,"aadhaar, ration_card, address_proof",True,True,False
HH-03858,NS-1282,19900.0,4,", , ",False,False,True
HH-03859,NS-1116,9400.0,6,"aadhaar, ration_card, ",True,False,True
HH-03860,NS-0484,10600.0,1,", ration_card, address_proof",False,True,True
HH-03861,NS-0254,5900.0,6,"aadhaar, ration_card, address_proof",True,True,True
HH-03862,NS-1099,13200.0,6,"aadhaar, ration_card, address_proof",True,True,True
HH-03863,NS-1239,15900.0,2,"aadhaar, , address_proof",True,True,True
HH-03864,NS-0944,13200.0,1,"aadhaar, ration_card, ",True,False,True
HH-03865,NS-0645,15400.0,5,"aadhaar, ration_card, ",True,False,True
HH-03866,NS-1475,19600.0,7,"aadhaar, ration_card, ",True,False,True
HH-03867,NS-1387,21900.0,3,"aadhaar, ration_card, ",True,False,True
HH-03868,NS-0594,18100.0,7,"aadhaar, ration_card, address_proof",True,False,True
HH-03869,NS-0210,14800.0,8,"aadhaar, ration_card, address_proof",True,False,True
HH-03870,NS-1189,6900.0,5,"aadhaar, ration_card, address_proof",True,True,True
HH-03871,NS-0047,20700.0,5,"aadhaar, ration_card, address_proof",True,False,True
HH-03872,NS-0215,21700.0,1,"aadhaar, , address_proof",True,True,True
HH-03873,NS-0826,23700.0,6,"aadhaar, ration_card, address_proof",True,True,True
HH-03874,NS-0756,8700.0,5,"aadhaar, ration_card, address_proof",True,True,True
HH-03875,NS-0645,15200.0,6,"aadhaar, ration_card, address_proof",True,True,True
HH-03876,NS-0513,13300.0,8,"aadhaar, ration_card, address_proof",True,True,True
HH-03877,NS-0021,9900.0,4,"aadhaar, , ",True,False,True
HH-03878,NS-1303,3300.0,6,"aadhaar, ration_card, address_proof",True,True,True
HH-03879,NS-1265,12800.0,7,"aadhaar, ration_card, ",True,False,True
HH-03880,NS-0770,16000.0,7,"aadhaar, ration_card, address_proof",True,True,True
HH-03881,NS-0925,6100.0,1,"aadhaar, ration_card, address_proof",True,True,True
HH-03882,NS-1105,12400.0,5,", ration_card, address_proof",False,True,True
HH-03883,NS-1219,9800.0,8,"aadhaar, , ",True,False,True
HH-03884,NS-1174,27900.0,3,"aadhaar, ration_card, address_proof",True,True,False
HH-03885,NS-0609,13600.0,2,"aadhaar, ration_card, ",True,False,True
HH-03886,NS-0821,14000.0,6,"aadhaar, ration_card, ",True,False,True
HH-03887,NS-0500,13500.0,7,"aadhaar, ration_card, address_proof",True,True,True
HH-03888,NS-0205,10900.0,2,"aadhaar, , ",True,False,True
HH-03889,NS-0279,15200.0,5,"aadhaar, , address_proof",True,True,True
HH-03890,NS-0663,22500.0,5,"aadhaar, ration_card, ",True,False,True
HH-03891,NS-1001,11600.0,4,"aadhaar, , address_proof",True,True,True
HH-03892,NS-0590,26500.0,7,"aadhaar, ration_card, address_proof",True,False,False
HH-03893,NS-1088,10300.0,7,"aadhaar, ration_card, address_proof",True,True,True
HH-03894,NS-0895,9100.0,1,"aadhaar, ration_card, address_proof",True,True,True
HH-03895,NS-1037,17900.0,6,", ration_card, address_proof",False,True,True
HH-03896,NS-0566,15400.0,2,"aadhaar, , address_proof",True,True,True
HH-03897,NS-0708,49400.0,6,"aadhaar, ration_card, ",True,False,False
HH-03898,NS-1133,8100.0,5,"aadhaar, ration_card, address_proof",True,True,True
HH-03899,NS-1130,10000.0,6,"aadhaar, ration_card, address_proof",True,True,True
HH-03900,NS-0765,16200.0,6,"aadhaar, ration_card, address_proof",True,False,True
HH-03901,NS-0791,8600.0,1,"aadhaar, ration_card, address_proof",True,True,True
HH-03902,NS-1424,15900.0,8,"aadhaar, ration_card, address_proof",True,True,True
HH-03903,NS-0324,8400.0,1,"aadhaar, ration_card, address_proof",True,True,True
HH-03904,NS-0855,33300.0,8,"aadhaar, ration_card, address_proof",True,True,False
HH-03905,NS-1132,9600.0,4,"aadhaar, ration_card, address_proof",True,False,True
HH-03906,NS-0033,9200.0,6,", ration_card, ",False,False,True
HH-03907,NS-0440,13700.0,5,"aadhaar, ration_card, ",True,False,True
HH-03908,NS-1175,44400.0,3,"aadhaar, ration_card, address_proof",True,True,False
HH-03909,NS-0066,14800.0,5,"aadhaar, , address_proof",True,True,True
HH-03910,NS-1227,22200.0,1,"aadhaar, ration_card, address_proof",True,False,True
HH-03911,NS-1099,8400.0,2,"aadhaar, ration_card, address_proof",True,True,True
HH-03912,NS-0608,13100.0,6,"aadhaar, ration_card, ",True,False,True
HH-03913,NS-0020,11900.0,2,"aadhaar, ration_card, address_proof",True,True,True
HH-03914,NS-0005,13400.0,7,"aadhaar, , address_proof",True,True,True
HH-03915,NS-0084,13200.0,7,"aadhaar, ration_card, ",True,False,True
HH-03916,NS-0760,9900.0,1,"aadhaar, ration_card, ",True,False,True
HH-03917,NS-0539,20500.0,3,", ration_card, ",False,False,True
HH-03918,NS-0191,20900.0,4,"aadhaar, ration_card, address_proof",True,False,True
HH-03919,NS-0609,17400.0,4,", ration_card, ",False,False,True
HH-03920,NS-1452,9900.0,6,"aadhaar, ration_card, address_proof",True,True,True
HH-03921,NS-0717,13600.0,1,"aadhaar, ration_card, ",True,False,True
HH-03922,NS-0707,6500.0,3,"aadhaar, ration_card, address_proof",True,True,True
HH-03923,NS-0642,17400.0,6,"aadhaar, , address_proof",True,False,True
HH-03924,NS-0110,10600.0,7,"aadhaar, ration_card, address_proof",True,True,True
HH-03925,NS-0971,15900.0,7,"aadhaar, ration_card, address_proof",True,True,True
HH-03926,NS-0029,14200.0,2,"aadhaar, ration_card, address_proof",True,True,True
HH-03927,NS-1468,29900.0,6,"aadhaar, ration_card, ",True,False,False
HH-03928,NS-0035,12300.0,5,"aadhaar, , address_proof",True,True,True
HH-03929,NS-0868,17600.0,2,"aadhaar, , ",True,False,True
HH-03930,NS-1175,19500.0,3,", ration_card, address_proof",False,True,True
HH-03931,NS-0308,6000.0,5,"aadhaar, , ",True,False,True
HH-03932,NS-0596,5500.0,5,"aadhaar, ration_card, ",True,False,True
HH-03933,NS-0592,6600.0,8,", ration_card, address_proof",False,True,True
HH-03934,NS-0244,20600.0,7,"aadhaar, ration_card, ",True,False,True
HH-03935,NS-1066,12300.0,2,"aadhaar, ration_card, address_proof",True,True,True
HH-03936,NS-1143,18700.0,8,"aadhaar, , ",True,False,True
HH-03937,NS-0676,18400.0,2,"aadhaar, ration_card, ",True,False,True
HH-03938,NS-1323,12700.0,6,"aadhaar, ration_card, address_proof",True,True,True
HH-03939,NS-0674,25100.0,6,"aadhaar, ration_card, address_proof",True,True,False
HH-03940,NS-0056,18700.0,3,"aadhaar, ration_card, address_proof",True,True,True
HH-03941,NS-1068,17700.0,1,"aadhaar, , ",True,False,True
HH-03942,NS-0917,3300.0,1,"aadhaar, ration_card, address_proof",True,True,True
HH-03943,NS-1298,34600.0,6,"aadhaar, , address_proof",True,True,False
HH-03944,NS-0673,10200.0,3,"aadhaar, ration_card, ",True,False,True
HH-03945,NS-0583,21600.0,7,", ration_card, ",False,False,True
HH-03946,NS-0859,30800.0,3,"aadhaar, , address_proof",True,True,False
HH-03947,NS-1083,5100.0,4,"aadhaar, ration_card, address_proof",True,True,True
HH-03948,NS-0671,13800.0,5,"aadhaar, ration_card, address_proof",True,True,True
HH-03949,NS-0030,10600.0,7,"aadhaar, ration_card, address_proof",True,True,True
HH-03950,NS-0438,5000.0,8,"aadhaar, ration_card, ",True,False,True
HH-03951,NS-1454,10100.0,8,"aadhaar, ration_card, address_proof",True,True,True
HH-03952,NS-1428,17600.0,5,"aadhaar, ration_card, ",True,False,True
HH-03953,NS-0889,9700.0,2,"aadhaar, ration_card, ",True,False,True
HH-03954,NS-1276,17000.0,4,"aadhaar, ration_card, address_proof",True,True,True
HH-03955,NS-1234,16800.0,1,"aadhaar, ration_card, address_proof",True,False,True
HH-03956,NS-0552,7300.0,8,"aadhaar, ration_card, ",True,False,True
HH-03957,NS-0543,22200.0,2,"aadhaar, ration_card, ",True,False,True
HH-03958,NS-0034,11300.0,7,"aadhaar, , ",True,False,True
HH-03959,NS-0870,10600.0,5,"aadhaar, ration_card, address_proof",True,True,True
HH-03960,NS-0904,17500.0,3,"aadhaar, ration_card, address_proof",True,False,True
HH-03961,NS-0941,62700.0,4,"aadhaar, ration_card, ",False,False,False
HH-03962,NS-0701,35700.0,5,"aadhaar, , address_proof",True,True,False
HH-03963,NS-1036,18600.0,4,"aadhaar, ration_card, address_proof",True,False,True
HH-03964,NS-1095,25200.0,1,"aadhaar, ration_card, ",True,False,False
HH-03965,NS-1099,12900.0,2,"aadhaar, , address_proof",True,True,True
HH-03966,NS-0837,10500.0,6,"aadhaar, ration_card, address_proof",True,True,True
HH-03967,NS-0771,18400.0,2,"aadhaar, ration_card, ",True,False,True
HH-03968,NS-1164,17400.0,8,"aadhaar, ration_card, ",True,False,True
HH-03969,NS-0203,15700.0,7,"aadhaar, ration_card, address_proof",True,True,True
HH-03970,NS-0592,12400.0,4,"aadhaar, , address_proof",True,True,True
HH-03971,NS-0638,8500.0,1,"aadhaar, ration_card, address_proof",True,True,True
HH-03972,NS-0584,17300.0,7,"aadhaar, ration_card, address_proof",True,True,True
HH-03973,NS-1159,4400.0,1,"aadhaar, ration_card, address_proof",True,False,True
HH-03974,NS-0412,11800.0,1,", ration_card, ",False,False,True
HH-03975,NS-1146,12700.0,3,"aadhaar, ration_card, address_proof",True,True,True
HH-03976,NS-0258,16100.0,3,"aadhaar, ration_card, ",True,False,True
HH-03977,NS-0924,16500.0,8,"aadhaar, ration_card, ",True,False,True
HH-03978,NS-1361,12600.0,5,"aadhaar, , address_proof",True,True,True
HH-03979,NS-0060,11700.0,3,"aadhaar, ration_card, address_proof",True,True,True
HH-03980,NS-1236,11300.0,5,"aadhaar, ration_card, address_proof",True,True,True
HH-03981,NS-0882,6400.0,1,", ration_card, address_proof",False,True,True
HH-03982,NS-0478,30800.0,2,"aadhaar, ration_card, ",True,False,False
HH-03983,NS-0744,11500.0,6,"aadhaar, ration_card, ",True,False,True
HH-03984,NS-1103,29500.0,5,"aadhaar, ration_card, address_proof",True,True,False
HH-03985,NS-0512,6100.0,8,"aadhaar, ration_card, address_proof",True,True,True
HH-03986,NS-1210,3700.0,6,"aadhaar, ration_card, address_proof",True,True,True
HH-03987,NS-0127,9700.0,6,"aadhaar, ration_card, address_proof",True,False,True
HH-03988,NS-1253,12100.0,2,"aadhaar, ration_card, address_proof",True,False,True
HH-03989,NS-1134,24400.0,3,"aadhaar, , ",True,False,True
HH-03990,NS-0078,34800.0,6,"aadhaar, , address_proof",True,False,False
HH-03991,NS-0444,12100.0,3,"aadhaar, ration_card, address_proof",True,False,True
HH-03992,NS-0036,6000.0,2,", ration_card, address_proof",False,True,True
HH-03993,NS-1208,30200.0,1,"aadhaar, , address_proof",True,True,False
HH-03994,NS-0414,12400.0,5,"aadhaar, ration_card, ",True,False,True
HH-03995,NS-1474,7500.0,2,"aadhaar, ration_card, ",True,False,True
HH-03996,NS-1178,37900.0,1,"aadhaar, ration_card, address_proof",True,True,False
HH-03997,NS-0374,6200.0,3,", ration_card, address_proof",False,True,True
HH-03998,NS-1017,24000.0,4,"aadhaar, ration_card, ",True,False,True
HH-03999,NS-0571,8400.0,4,"aadhaar, , address_proof",True,True,True
HH-04000,NS-1171,20800.0,1,", , ",False,False,True
HH-04001,NS-0137,9300.0,3,"aadhaar, ration_card, address_proof",True,True,True
HH-04002,NS-1264,9300.0,4,"aadhaar, , address_proof",True,True,True
HH-04003,NS-0020,11700.0,5,"aadhaar, ration_card, address_proof",True,True,True
HH-04004,NS-0295,8100.0,1,"aadhaar, ration_card, ",True,False,True
HH-04005,NS-0493,24900.0,1,"aadhaar, ration_card, address_proof",True,True,True
HH-04006,NS-1193,24800.0,5,"aadhaar, ration_card, ",True,False,True
HH-04007,NS-0875,18400.0,1,"aadhaar, ration_card, ",True,False,True
HH-04008,NS-0031,12000.0,3,"aadhaar, , address_proof",True,False,True
HH-04009,NS-0956,10500.0,7,"aadhaar, ration_card, ",True,False,True
HH-04010,NS-0405,19500.0,3,"aadhaar, ration_card, address_proof",True,True,True
HH-04011,NS-1197,17600.0,6,"aadhaar, ration_card, ",True,False,True
HH-04012,NS-0475,17000.0,2,"aadhaar, ration_card, address_proof",True,True,True
HH-04013,NS-0963,16900.0,8,"aadhaar, , address_proof",True,True,True
HH-04014,NS-1487,13200.0,5,"aadhaar, , ",True,False,True
HH-04015,NS-1095,30400.0,5,"aadhaar, ration_card, address_proof",True,True,False
HH-04016,NS-0829,22100.0,2,"aadhaar, , ",True,False,True
HH-04017,NS-0587,5700.0,4,"aadhaar, ration_card, address_proof",True,True,True
HH-04018,NS-0122,15800.0,1,"aadhaar, ration_card, ",True,False,True
HH-04019,NS-1089,7900.0,4,"aadhaar, , address_proof",True,True,True
HH-04020,NS-0776,21600.0,2,"aadhaar, ration_card, address_proof",True,True,True
HH-04021,NS-0227,17800.0,6,"aadhaar, ration_card, address_proof",True,True,True
HH-04022,NS-1353,6500.0,2,", ration_card, ",False,False,True
HH-04023,NS-1130,12500.0,4,", ration_card, address_proof",False,True,True
HH-04024,NS-1253,20300.0,8,"aadhaar, , address_proof",True,False,True
HH-04025,NS-0746,49400.0,8,"aadhaar, ration_card, address_proof",True,True,False
HH-04026,NS-1149,16400.0,8,"aadhaar, , address_proof",True,True,True
HH-04027,NS-0337,10300.0,1,"aadhaar, , ",True,False,True
HH-04028,NS-0216,14900.0,1,"aadhaar, ration_card, address_proof",True,True,True
HH-04029,NS-1430,17700.0,4,"aadhaar, ration_card, address_proof",True,True,True
HH-04030,NS-0452,4000.0,8,"aadhaar, ration_card, ",True,False,True
HH-04031,NS-1013,12900.0,4,"aadhaar, ration_card, address_proof",True,True,True
HH-04032,NS-0916,3000.0,1,"aadhaar, ration_card, address_proof",True,True,True
HH-04033,NS-0084,7500.0,7,"aadhaar, , address_proof",True,True,True
HH-04034,NS-0516,12500.0,8,"aadhaar, ration_card, address_proof",True,True,True
HH-04035,NS-1051,25500.0,3,"aadhaar, ration_card, ",True,False,False
HH-04036,NS-0260,9700.0,8,"aadhaar, ration_card, address_proof",True,True,True
HH-04037,NS-1220,19800.0,1,"aadhaar, ration_card, ",True,False,True
HH-04038,NS-1252,20000.0,5,"aadhaar, , address_proof",True,True,True
HH-04039,NS-1139,47500.0,3,"aadhaar, ration_card, ",True,False,False
HH-04040,NS-1391,9500.0,6,"aadhaar, ration_card, address_proof",True,True,True
HH-04041,NS-1237,3000.0,6,", ration_card, address_proof",False,True,True
HH-04042,NS-1006,9200.0,4,"aadhaar, ration_card, ",True,False,True
HH-04043,NS-0809,14600.0,7,"aadhaar, ration_card, address_proof",True,True,True
HH-04044,NS-0753,8300.0,6,"aadhaar, , address_proof",True,True,True
HH-04045,NS-1415,28100.0,6,", ration_card, address_proof",False,True,False
HH-04046,NS-0879,29900.0,4,"aadhaar, , ",True,False,False
HH-04047,NS-0766,9900.0,4,"aadhaar, ration_card, address_proof",True,True,True
HH-04048,NS-0006,14500.0,2,"aadhaar, ration_card, address_proof",True,False,True
HH-04049,NS-0154,15800.0,4,"aadhaar, , ",True,False,True
HH-04050,NS-1254,10700.0,7,"aadhaar, , address_proof",True,True,True
HH-04051,NS-0681,11100.0,8,"aadhaar, ration_card, ",True,False,True
HH-04052,NS-0980,11300.0,3,"aadhaar, , address_proof",True,False,True
HH-04053,NS-1313,22400.0,5,"aadhaar, ration_card, address_proof",True,True,True
HH-04054,NS-1442,43300.0,7,"aadhaar, ration_card, address_proof",True,True,False
HH-04055,NS-0147,20100.0,6,"aadhaar, ration_card, address_proof",True,True,True
HH-04056,NS-1283,33600.0,3,"aadhaar, ration_card, ",True,False,False
HH-04057,NS-0290,15400.0,2,", ration_card, address_proof",False,True,True
HH-04058,NS-0040,12400.0,8,"aadhaar, ration_card, address_proof",True,True,True
HH-04059,NS-0752,16900.0,3,"aadhaar, ration_card, address_proof",True,True,True
HH-04060,NS-0533,9600.0,5,", ration_card, ",False,False,True
HH-04061,NS-0648,5500.0,4,"aadhaar, ration_card, address_proof",True,True,True
HH-04062,NS-0971,10300.0,7,"aadhaar, ration_card, ",True,False,True
HH-04063,NS-0192,42100.0,1,"aadhaar, , address_proof",True,True,False
HH-04064,NS-1246,6500.0,2,"aadhaar, ration_card, ",True,False,True
HH-04065,NS-1237,7200.0,5,"aadhaar, ration_card, ",True,False,True
HH-04066,NS-0450,12300.0,4,"aadhaar, ration_card, address_proof",True,True,True
HH-04067,NS-0384,10200.0,4,"aadhaar, ration_card, address_proof",True,False,True
HH-04068,NS-0369,9500.0,4,"aadhaar, ration_card, ",True,False,True
HH-04069,NS-0353,10200.0,3,"aadhaar, ration_card, address_proof",True,True,True
HH-04070,NS-0392,16400.0,7,"aadhaar, ration_card, address_proof",True,True,True
HH-04071,NS-0125,32600.0,7,"aadhaar, ration_card, address_proof",True,True,False
HH-04072,NS-0082,14400.0,3,"aadhaar, ration_card, ",True,False,True
HH-04073,NS-1198,16100.0,5,"aadhaar, ration_card, address_proof",True,True,True
HH-04074,NS-0868,20900.0,2,"aadhaar, , address_proof",True,True,True
HH-04075,NS-0121,8700.0,7,"aadhaar, , address_proof",True,False,True
HH-04076,NS-0877,29600.0,3,"aadhaar, , ",True,False,False
HH-04077,NS-0781,14100.0,4,"aadhaar, , address_proof",True,True,True
HH-04078,NS-0695,11300.0,3,"aadhaar, , address_proof",True,True,True
HH-04079,NS-0151,5900.0,4,"aadhaar, ration_card, ",True,False,True
HH-04080,NS-0156,23500.0,2,"aadhaar, ration_card, ",True,False,True
HH-04081,NS-1234,14800.0,4,"aadhaar, ration_card, ",True,False,True
HH-04082,NS-0906,14700.0,4,"aadhaar, ration_card, ",True,False,True
HH-04083,NS-0220,7600.0,5,"aadhaar, ration_card, ",True,False,True
HH-04084,NS-1201,10300.0,7,"aadhaar, ration_card, ",True,False,True
HH-04085,NS-0570,14800.0,3,"aadhaar, , address_proof",True,False,True
HH-04086,NS-0595,19400.0,4,"aadhaar, ration_card, address_proof",True,True,True
HH-04087,NS-0122,31100.0,2,"aadhaar, ration_card, ",True,False,False
HH-04088,NS-0795,5900.0,8,"aadhaar, ration_card, ",True,False,True
HH-04089,NS-1448,15500.0,6,"aadhaar, ration_card, address_proof",True,True,True
HH-04090,NS-0174,7600.0,8,"aadhaar, ration_card, ",True,False,True
HH-04091,NS-0313,9000.0,4,"aadhaar, ration_card, ",True,False,True
HH-04092,NS-1459,7000.0,2,", ration_card, address_proof",False,True,True
HH-04093,NS-0637,26600.0,4,"aadhaar, ration_card, address_proof",True,True,False
HH-04094,NS-0523,12100.0,7,"aadhaar, ration_card, address_proof",True,False,True
HH-04095,NS-0045,52000.0,4,"aadhaar, , ",False,False,False
HH-04096,NS-0140,45300.0,5,"aadhaar, ration_card, address_proof",True,True,False
HH-04097,NS-0733,16400.0,6,"aadhaar, ration_card, address_proof",True,True,True
HH-04098,NS-0080,35300.0,7,"aadhaar, ration_card, address_proof",True,False,False
HH-04099,NS-0063,34900.0,5,"aadhaar, , ",True,False,False
HH-04100,NS-0925,3500.0,7,"aadhaar, ration_card, address_proof",True,True,True
HH-04101,NS-1437,10600.0,8,"aadhaar, ration_card, address_proof",True,True,True
HH-04102,NS-0960,6700.0,6,", ration_card, address_proof",False,True,True
HH-04103,NS-0485,14300.0,7,"aadhaar, , address_proof",True,True,True
HH-04104,NS-1339,23800.0,6,"aadhaar, ration_card, address_proof",True,True,True
HH-04105,NS-0498,14100.0,6,"aadhaar, ration_card, address_proof",True,True,True
HH-04106,NS-0278,11600.0,7,"aadhaar, ration_card, ",True,False,True
HH-04107,NS-1325,10900.0,6,"aadhaar, ration_card, address_proof",True,True,True
HH-04108,NS-0174,16700.0,7,"aadhaar, ration_card, ",True,False,True
HH-04109,NS-1419,19500.0,1,"aadhaar, , ",True,False,True
HH-04110,NS-1316,7400.0,7,"aadhaar, , address_proof",True,True,True
HH-04111,NS-0257,12800.0,7,"aadhaar, , address_proof",True,True,True
HH-04112,NS-1443,30700.0,6,"aadhaar, ration_card, address_proof",True,True,False
HH-04113,NS-0172,11600.0,8,", ration_card, address_proof",False,True,True
HH-04114,NS-0853,9600.0,1,"aadhaar, ration_card, ",True,False,True
HH-04115,NS-0893,5700.0,4,"aadhaar, ration_card, ",True,False,True
HH-04116,NS-0831,12900.0,7,"aadhaar, ration_card, address_proof",True,True,True
HH-04117,NS-0509,10700.0,4,"aadhaar, , address_proof",True,True,True
HH-04118,NS-0589,39500.0,8,"aadhaar, ration_card, address_proof",True,True,False
HH-04119,NS-1408,12700.0,8,"aadhaar, ration_card, address_proof",True,True,True
HH-04120,NS-0868,21700.0,8,"aadhaar, ration_card, ",True,False,True
HH-04121,NS-1402,8400.0,7,"aadhaar, ration_card, ",True,False,True
HH-04122,NS-1494,18000.0,6,", ration_card, address_proof",False,True,True
HH-04123,NS-0297,31000.0,4,"aadhaar, ration_card, address_proof",True,True,False
HH-04124,NS-1068,7300.0,1,"aadhaar, , address_proof",True,True,True
HH-04125,NS-1314,18700.0,4,"aadhaar, ration_card, ",True,False,True
HH-04126,NS-0557,7300.0,3,"aadhaar, ration_card, ",True,False,True
HH-04127,NS-0236,17000.0,7,"aadhaar, ration_card, ",True,False,True
HH-04128,NS-1303,21900.0,7,"aadhaar, ration_card, address_proof",True,True,True
HH-04129,NS-0884,16500.0,2,"aadhaar, , address_proof",True,True,True
HH-04130,NS-0543,11000.0,3,"aadhaar, , ",True,False,True
HH-04131,NS-1381,7100.0,6,", ration_card, address_proof",False,True,True
HH-04132,NS-1339,3600.0,3,"aadhaar, ration_card, ",True,False,True
HH-04133,NS-1145,16900.0,5,"aadhaar, ration_card, address_proof",True,True,True
HH-04134,NS-1007,20600.0,3,"aadhaar, ration_card, ",True,False,True
HH-04135,NS-0738,14800.0,6,"aadhaar, ration_card, address_proof",True,True,True
HH-04136,NS-0726,3600.0,8,"aadhaar, ration_card, ",True,False,True
HH-04137,NS-1478,12900.0,6,"aadhaar, ration_card, ",True,False,True
HH-04138,NS-0252,19400.0,3,"aadhaar, , address_proof",True,True,True
HH-04139,NS-0915,13300.0,7,"aadhaar, ration_card, address_proof",True,True,True
HH-04140,NS-0771,17700.0,1,"aadhaar, ration_card, address_proof",True,False,True
HH-04141,NS-1314,6300.0,6,"aadhaar, , address_proof",True,False,True
HH-04142,NS-0223,9300.0,7,", ration_card, address_proof",False,False,True
HH-04143,NS-1450,34800.0,5,"aadhaar, ration_card, address_proof",True,True,False
HH-04144,NS-0275,15700.0,7,"aadhaar, ration_card, address_proof",True,False,True
HH-04145,NS-0003,11800.0,8,"aadhaar, , address_proof",True,True,True
HH-04146,NS-1148,9000.0,2,"aadhaar, ration_card, ",True,False,True
HH-04147,NS-0362,8500.0,7,"aadhaar, ration_card, ",True,False,True
HH-04148,NS-0863,7500.0,8,"aadhaar, ration_card, address_proof",True,True,True
HH-04149,NS-1025,40400.0,5,"aadhaar, ration_card, ",True,False,False
HH-04150,NS-0394,13100.0,7,"aadhaar, ration_card, address_proof",True,True,True
HH-04151,NS-0518,17000.0,4,"aadhaar, ration_card, address_proof",True,True,True
HH-04152,NS-1336,17400.0,7,"aadhaar, ration_card, ",True,False,True
HH-04153,NS-1123,9100.0,8,"aadhaar, , address_proof",True,False,True
HH-04154,NS-1110,15600.0,3,", ration_card, ",False,False,True
HH-04155,NS-0540,28900.0,3,"aadhaar, ration_card, address_proof",True,True,False
HH-04156,NS-0028,10900.0,5,"aadhaar, ration_card, address_proof",True,True,True
HH-04157,NS-1351,10500.0,7,"aadhaar, , address_proof",True,True,True
HH-04158,NS-1085,17500.0,7,", ration_card, address_proof",False,True,True
HH-04159,NS-0140,14200.0,6,"aadhaar, ration_card, ",True,False,True
HH-04160,NS-1425,6200.0,4,"aadhaar, ration_card, address_proof",True,True,True
HH-04161,NS-0402,11800.0,5,"aadhaar, , ",True,False,True
HH-04162,NS-0958,9600.0,2,"aadhaar, ration_card, address_proof",True,True,True
HH-04163,NS-0337,10300.0,3,"aadhaar, , address_proof",True,True,True
HH-04164,NS-0851,12800.0,2,"aadhaar, ration_card, address_proof",True,True,True
HH-04165,NS-0636,18700.0,2,"aadhaar, ration_card, ",True,False,True
HH-04166,NS-1081,18200.0,6,"aadhaar, ration_card, address_proof",True,True,True
HH-04167,NS-0729,12900.0,4,"aadhaar, ration_card, address_proof",True,True,True
HH-04168,NS-0774,11700.0,5,"aadhaar, ration_card, ",True,False,True
HH-04169,NS-0369,6500.0,3,"aadhaar, ration_card, address_proof",True,True,True
HH-04170,NS-0223,14400.0,6,"aadhaar, ration_card, address_proof",True,False,True
HH-04171,NS-0569,39100.0,1,"aadhaar, ration_card, address_proof",True,False,False
HH-04172,NS-0899,10300.0,1,"aadhaar, ration_card, address_proof",True,True,True
HH-04173,NS-0348,15100.0,2,", , address_proof",False,False,True
HH-04174,NS-0084,21700.0,6,"aadhaar, ration_card, address_proof",True,True,True
HH-04175,NS-0047,23600.0,8,"aadhaar, ration_card, address_proof",True,False,True
HH-04176,NS-0466,8600.0,8,"aadhaar, , address_proof",True,True,True
HH-04177,NS-0558,10100.0,4,"aadhaar, ration_card, address_proof",True,True,True
HH-04178,NS-0867,14200.0,5,"aadhaar, ration_card, address_proof",True,True,True
HH-04179,NS-1254,5000.0,6,"aadhaar, , address_proof",True,True,True
HH-04180,NS-0598,4800.0,5,"aadhaar, , ",True,False,True
HH-04181,NS-0582,18500.0,1,"aadhaar, ration_card, address_proof",True,False,True
HH-04182,NS-0196,22300.0,2,"aadhaar, ration_card, address_proof",True,True,True
HH-04183,NS-0465,11700.0,3,"aadhaar, ration_card, ",True,False,True
HH-04184,NS-1162,32600.0,7,"aadhaar, , address_proof",True,True,False
HH-04185,NS-0388,25900.0,8,"aadhaar, , ",True,False,False
HH-04186,NS-0174,12100.0,1,"aadhaar, ration_card, ",True,False,True
HH-04187,NS-0352,21700.0,3,", ration_card, ",False,False,True
HH-04188,NS-1188,14100.0,4,"aadhaar, , address_proof",True,True,True
HH-04189,NS-1453,45300.0,2,"aadhaar, ration_card, ",True,False,False
HH-04190,NS-0398,15000.0,1,", ration_card, ",False,False,True
HH-04191,NS-0073,13900.0,6,"aadhaar, ration_card, address_proof",True,True,True
HH-04192,NS-0280,13100.0,7,"aadhaar, ration_card, ",True,False,True
HH-04193,NS-0924,13500.0,7,", , address_proof",False,True,True
HH-04194,NS-0110,10300.0,3,"aadhaar, ration_card, address_proof",True,True,True
HH-04195,NS-1357,10500.0,6,"aadhaar, ration_card, address_proof",True,True,True
HH-04196,NS-0357,21000.0,4,"aadhaar, ration_card, address_proof",True,True,True
HH-04197,NS-0446,43500.0,1,"aadhaar, ration_card, ",True,False,False
HH-04198,NS-1369,3200.0,1,"aadhaar, ration_card, address_proof",True,True,True
HH-04199,NS-1395,25600.0,2,"aadhaar, ration_card, address_proof",True,False,False
HH-04200,NS-1320,10900.0,3,"aadhaar, , ",True,False,True
HH-04201,NS-0201,20300.0,6,"aadhaar, , address_proof",True,False,True
HH-04202,NS-1427,20000.0,8,"aadhaar, ration_card, address_proof",True,True,True
HH-04203,NS-0753,18600.0,5,"aadhaar, ration_card, ",True,False,True
HH-04204,NS-0600,16800.0,5,"aadhaar, , address_proof",True,False,True
HH-04205,NS-1470,15900.0,7,"aadhaar, ration_card, address_proof",True,True,True
HH-04206,NS-0447,13900.0,2,"aadhaar, ration_card, ",True,False,True
HH-04207,NS-1110,7600.0,4,", ration_card, ",False,False,True
HH-04208,NS-1057,7400.0,1,"aadhaar, ration_card, ",True,False,True
HH-04209,NS-1157,15200.0,2,"aadhaar, ration_card, ",True,False,True
HH-04210,NS-0762,6800.0,7,"aadhaar, ration_card, address_proof",True,True,True
HH-04211,NS-0311,15300.0,4,"aadhaar, ration_card, address_proof",True,True,True
HH-04212,NS-0960,17600.0,2,"aadhaar, ration_card, ",True,False,True
HH-04213,NS-0424,16100.0,3,"aadhaar, ration_card, address_proof",True,True,True
HH-04214,NS-1481,10000.0,2,"aadhaar, ration_card, ",True,False,True
HH-04215,NS-0059,13500.0,1,"aadhaar, ration_card, ",True,False,True
HH-04216,NS-0126,9600.0,8,"aadhaar, , address_proof",True,True,True
HH-04217,NS-0554,21800.0,4,"aadhaar, ration_card, address_proof",True,False,True
HH-04218,NS-1150,12000.0,3,"aadhaar, ration_card, address_proof",True,True,True
HH-04219,NS-0116,16400.0,7,"aadhaar, ration_card, ",True,False,True
HH-04220,NS-0026,11500.0,6,"aadhaar, ration_card, ",True,False,True
HH-04221,NS-0638,5000.0,4,"aadhaar, ration_card, ",True,False,True
HH-04222,NS-1326,10600.0,7,"aadhaar, , address_proof",True,True,True
HH-04223,NS-1109,10000.0,1,"aadhaar, ration_card, ",True,False,True
HH-04224,NS-1352,7800.0,8,"aadhaar, ration_card, address_proof",True,True,True
HH-04225,NS-0662,6700.0,8,"aadhaar, , ",True,False,True
HH-04226,NS-0826,15200.0,1,"aadhaar, , ",True,False,True
HH-04227,NS-0745,12600.0,7,", ration_card, address_proof",False,True,True
HH-04228,NS-0817,17200.0,2,"aadhaar, ration_card, ",True,False,True
HH-04229,NS-0699,13300.0,4,"aadhaar, , address_proof",True,True,True
HH-04230,NS-0510,7200.0,1,"aadhaar, ration_card, address_proof",True,True,True
HH-04231,NS-0073,28800.0,7,"aadhaar, , ",True,False,False
HH-04232,NS-0859,14600.0,7,"aadhaar, , address_proof",True,True,True
HH-04233,NS-0041,20900.0,3,"aadhaar, ration_card, address_proof",True,True,True
HH-04234,NS-0971,13000.0,2,"aadhaar, ration_card, address_proof",True,True,True
HH-04235,NS-0882,3400.0,7,"aadhaar, , ",True,False,True
HH-04236,NS-0368,22500.0,8,"aadhaar, ration_card, ",True,False,True
HH-04237,NS-0647,12200.0,5,"aadhaar, ration_card, ",True,False,True
HH-04238,NS-1227,8800.0,8,"aadhaar, ration_card, address_proof",True,False,True
HH-04239,NS-0486,11900.0,5,", ration_card, address_proof",False,True,True
HH-04240,NS-0048,16300.0,8,"aadhaar, ration_card, address_proof",True,False,True
HH-04241,NS-0880,10300.0,4,", ration_card, address_proof",False,True,True
HH-04242,NS-1064,12100.0,1,", , ",False,False,True
HH-04243,NS-1267,12500.0,3,"aadhaar, ration_card, address_proof",True,True,True
HH-04244,NS-0720,34100.0,7,"aadhaar, ration_card, address_proof",True,False,False
HH-04245,NS-0876,11400.0,8,"aadhaar, , ",True,False,True
HH-04246,NS-1280,24000.0,7,"aadhaar, ration_card, ",True,False,True
HH-04247,NS-0516,22400.0,7,"aadhaar, ration_card, address_proof",True,True,True
HH-04248,NS-1228,8000.0,4,"aadhaar, ration_card, address_proof",True,True,True
HH-04249,NS-0324,31200.0,3,"aadhaar, ration_card, address_proof",True,True,False
HH-04250,NS-1147,8000.0,1,"aadhaar, , ",True,False,True
HH-04251,NS-1313,19700.0,1,"aadhaar, ration_card, address_proof",True,True,True
HH-04252,NS-0344,9200.0,2,"aadhaar, ration_card, ",True,False,True
HH-04253,NS-1294,14400.0,4,", , ",False,False,True
HH-04254,NS-1226,7200.0,2,"aadhaar, ration_card, address_proof",True,True,True
HH-04255,NS-0077,13200.0,5,", ration_card, address_proof",False,False,True
HH-04256,NS-0340,10700.0,6,"aadhaar, ration_card, address_proof",True,True,True
HH-04257,NS-0334,37600.0,5,"aadhaar, ration_card, address_proof",True,True,False
HH-04258,NS-0107,6000.0,6,"aadhaar, ration_card, address_proof",True,True,True
HH-04259,NS-0361,17000.0,4,"aadhaar, ration_card, address_proof",True,True,True
HH-04260,NS-0317,10600.0,5,"aadhaar, ration_card, address_proof",True,True,True
HH-04261,NS-0772,5800.0,5,"aadhaar, , address_proof",True,True,True
HH-04262,NS-0492,12400.0,2,"aadhaar, ration_card, ",True,False,True
HH-04263,NS-0492,18800.0,5,"aadhaar, ration_card, address_proof",True,True,True
HH-04264,NS-1375,8900.0,7,"aadhaar, ration_card, ",True,False,True
HH-04265,NS-0684,24900.0,3,"aadhaar, ration_card, address_proof",True,True,True
HH-04266,NS-0162,13000.0,5,", , address_proof",False,True,True
HH-04267,NS-0638,39400.0,4,"aadhaar, ration_card, ",True,False,False
HH-04268,NS-1412,14300.0,5,", , ",False,False,True
HH-04269,NS-0848,12700.0,5,"aadhaar, ration_card, ",True,False,True
HH-04270,NS-0284,5700.0,1,"aadhaar, ration_card, ",True,False,True
HH-04271,NS-0690,11800.0,6,"aadhaar, ration_card, ",True,False,True
HH-04272,NS-1298,14800.0,2,"aadhaar, ration_card, address_proof",True,True,True
HH-04273,NS-0891,24000.0,7,"aadhaar, ration_card, address_proof",True,True,True
HH-04274,NS-1452,11000.0,7,"aadhaar, ration_card, address_proof",True,True,True
HH-04275,NS-0275,9500.0,1,"aadhaar, , address_proof",True,False,True
HH-04276,NS-0516,9100.0,4,"aadhaar, ration_card, ",True,False,True
HH-04277,NS-1414,15800.0,3,"aadhaar, ration_card, address_proof",True,False,True
HH-04278,NS-0054,10400.0,3,"aadhaar, ration_card, ",True,False,True
HH-04279,NS-1367,17800.0,2,"aadhaar, ration_card, address_proof",True,False,True
HH-04280,NS-1470,16800.0,4,"aadhaar, ration_card, ",True,False,True
HH-04281,NS-0964,16300.0,4,"aadhaar, , address_proof",True,True,True
HH-04282,NS-1495,6200.0,3,"aadhaar, ration_card, address_proof",True,True,True
HH-04283,NS-1019,37800.0,7,"aadhaar, , ",True,False,False
HH-04284,NS-0162,17800.0,5,"aadhaar, ration_card, ",True,False,True
HH-04285,NS-1347,25900.0,3,", , ",False,False,False
HH-04286,NS-0974,10200.0,2,"aadhaar, ration_card, address_proof",True,True,True
HH-04287,NS-1113,29100.0,3,"aadhaar, , address_proof",True,True,False
HH-04288,NS-0385,19400.0,3,"aadhaar, ration_card, address_proof",True,True,True
HH-04289,NS-0908,18500.0,8,"aadhaar, ration_card, ",True,False,True
HH-04290,NS-1112,11900.0,4,", ration_card, address_proof",False,True,True
HH-04291,NS-0226,8200.0,1,"aadhaar, ration_card, address_proof",True,True,True
HH-04292,NS-0012,21200.0,6,"aadhaar, ration_card, address_proof",True,True,True
HH-04293,NS-1305,10000.0,7,"aadhaar, ration_card, address_proof",True,True,True
HH-04294,NS-0260,5700.0,1,"aadhaar, ration_card, address_proof",True,True,True
HH-04295,NS-0262,10100.0,6,", ration_card, ",False,False,True
HH-04296,NS-0827,18300.0,2,", ration_card, ",False,False,True
HH-04297,NS-1430,21200.0,4,", ration_card, address_proof",False,True,True
HH-04298,NS-1136,10200.0,3,"aadhaar, , ",True,False,True
HH-04299,NS-1276,44700.0,3,"aadhaar, ration_card, ",True,False,False
HH-04300,NS-0484,5600.0,2,", ration_card, address_proof",False,True,True
HH-04301,NS-0284,20300.0,8,"aadhaar, ration_card, address_proof",True,True,True
HH-04302,NS-1435,16800.0,5,"aadhaar, , address_proof",True,True,True
HH-04303,NS-1346,7500.0,5,"aadhaar, ration_card, address_proof",True,True,True
HH-04304,NS-0938,16400.0,8,"aadhaar, ration_card, ",True,False,True
HH-04305,NS-0854,9000.0,3,"aadhaar, ration_card, address_proof",True,True,True
HH-04306,NS-0795,5100.0,3,"aadhaar, ration_card, address_proof",True,True,True
HH-04307,NS-1257,10000.0,8,"aadhaar, ration_card, address_proof",True,True,True
HH-04308,NS-0193,12000.0,5,"aadhaar, , address_proof",True,True,True
HH-04309,NS-0819,12800.0,1,"aadhaar, ration_card, ",True,False,True
HH-04310,NS-0224,9400.0,5,"aadhaar, ration_card, address_proof",True,True,True
HH-04311,NS-0945,19500.0,3,"aadhaar, ration_card, address_proof",True,True,True
HH-04312,NS-0061,9800.0,8,", ration_card, ",False,False,True
HH-04313,NS-0925,12000.0,1,"aadhaar, ration_card, address_proof",True,True,True
HH-04314,NS-0312,12600.0,8,"aadhaar, , ",True,False,True
HH-04315,NS-1474,22900.0,2,"aadhaar, ration_card, address_proof",True,True,True
HH-04316,NS-1391,5100.0,1,"aadhaar, ration_card, address_proof",True,True,True
HH-04317,NS-1245,18600.0,5,"aadhaar, ration_card, ",True,False,True
HH-04318,NS-0293,18100.0,5,"aadhaar, , ",True,False,True
HH-04319,NS-1484,9300.0,4,", , address_proof",False,True,True
HH-04320,NS-1037,8500.0,1,"aadhaar, ration_card, address_proof",True,True,True
HH-04321,NS-0556,11500.0,6,", ration_card, address_proof",False,True,True
HH-04322,NS-1205,10300.0,7,"aadhaar, ration_card, address_proof",True,True,True
HH-04323,NS-0114,11500.0,5,"aadhaar, ration_card, ",True,False,True
HH-04324,NS-0354,23300.0,6,", ration_card, address_proof",False,False,True
HH-04325,NS-0739,9600.0,6,"aadhaar, ration_card, address_proof",True,True,True
HH-04326,NS-0948,10000.0,1,"aadhaar, ration_card, ",True,False,True
HH-04327,NS-0859,14000.0,4,", ration_card, address_proof",False,True,True
HH-04328,NS-0431,6700.0,8,"aadhaar, ration_card, address_proof",True,True,True
HH-04329,NS-0695,27900.0,6,"aadhaar, ration_card, address_proof",True,True,False
HH-04330,NS-1420,6500.0,3,"aadhaar, ration_card, ",True,False,True
HH-04331,NS-0545,10400.0,2,"aadhaar, , address_proof",True,True,True
HH-04332,NS-0240,12300.0,8,"aadhaar, ration_card, ",True,False,True
HH-04333,NS-0777,18000.0,4,"aadhaar, ration_card, address_proof",True,True,True
HH-04334,NS-0283,10500.0,7,"aadhaar, ration_card, address_proof",True,True,True
HH-04335,NS-0037,16700.0,4,"aadhaar, ration_card, ",True,False,True
HH-04336,NS-0658,19300.0,1,"aadhaar, ration_card, address_proof",True,True,True
HH-04337,NS-0704,7400.0,6,"aadhaar, ration_card, address_proof",True,True,True
HH-04338,NS-0191,19900.0,2,"aadhaar, ration_card, address_proof",True,False,True
HH-04339,NS-1150,13600.0,2,"aadhaar, ration_card, address_proof",True,True,True
HH-04340,NS-0462,8600.0,3,"aadhaar, ration_card, address_proof",True,True,True
HH-04341,NS-0349,22700.0,5,"aadhaar, ration_card, ",True,False,True
HH-04342,NS-0636,7100.0,3,"aadhaar, ration_card, address_proof",True,False,True
HH-04343,NS-0120,19200.0,8,"aadhaar, , ",True,False,True
HH-04344,NS-1208,11400.0,5,"aadhaar, ration_card, address_proof",True,True,True
HH-04345,NS-1308,10000.0,5,"aadhaar, ration_card, address_proof",True,True,True
HH-04346,NS-0747,10300.0,7,"aadhaar, ration_card, address_proof",True,True,True
HH-04347,NS-1492,9000.0,7,"aadhaar, ration_card, ",True,False,True
HH-04348,NS-0600,15600.0,3,", ration_card, ",False,False,True
HH-04349,NS-1464,11500.0,4,", , address_proof",False,True,True
HH-04350,NS-0145,10600.0,1,"aadhaar, ration_card, address_proof",True,True,True
HH-04351,NS-1348,19000.0,7,"aadhaar, ration_card, address_proof",True,False,True
HH-04352,NS-0901,19300.0,3,"aadhaar, ration_card, address_proof",True,True,True
HH-04353,NS-1337,8600.0,1,"aadhaar, , ",True,False,True
HH-04354,NS-0683,22900.0,2,"aadhaar, ration_card, address_proof",True,True,True
HH-04355,NS-0025,12600.0,2,"aadhaar, ration_card, address_proof",True,True,True
HH-04356,NS-1157,14700.0,5,"aadhaar, , address_proof",True,True,True
HH-04357,NS-0899,7300.0,5,"aadhaar, , address_proof",True,True,True
HH-04358,NS-0279,18000.0,3,"aadhaar, , address_proof",True,True,True
HH-04359,NS-0629,11100.0,7,"aadhaar, ration_card, ",True,False,True
HH-04360,NS-0713,32000.0,1,"aadhaar, ration_card, address_proof",True,True,False
HH-04361,NS-0177,5100.0,7,"aadhaar, ration_card, address_proof",True,True,True
HH-04362,NS-0912,9000.0,3,"aadhaar, , address_proof",True,True,True
HH-04363,NS-0904,13100.0,1,"aadhaar, , address_proof",True,False,True
HH-04364,NS-0694,11300.0,5,", , ",False,False,True
HH-04365,NS-1189,27200.0,3,"aadhaar, ration_card, address_proof",True,True,False
HH-04366,NS-1227,3900.0,6,"aadhaar, ration_card, address_proof",True,False,True
HH-04367,NS-1257,3900.0,2,", ration_card, ",False,False,True
HH-04368,NS-0377,21800.0,8,"aadhaar, ration_card, ",True,False,True
HH-04369,NS-0831,6600.0,2,", ration_card, ",False,False,True
HH-04370,NS-0415,9300.0,7,"aadhaar, ration_card, address_proof",True,True,True
HH-04371,NS-0418,34300.0,4,"aadhaar, ration_card, ",True,False,False
HH-04372,NS-0408,11500.0,4,"aadhaar, , address_proof",True,True,True
HH-04373,NS-0484,10000.0,7,"aadhaar, ration_card, address_proof",True,True,True
HH-04374,NS-0471,4000.0,4,"aadhaar, , ",True,False,True
HH-04375,NS-0101,9200.0,6,"aadhaar, ration_card, ",True,False,True
HH-04376,NS-0541,20500.0,8,"aadhaar, , address_proof",True,True,True
HH-04377,NS-1338,9700.0,7,", ration_card, address_proof",False,True,True
HH-04378,NS-0132,14100.0,7,"aadhaar, ration_card, address_proof",True,True,True
HH-04379,NS-0078,16700.0,5,", ration_card, ",False,False,True
HH-04380,NS-0421,11500.0,6,"aadhaar, ration_card, address_proof",True,True,True
HH-04381,NS-0262,17800.0,2,"aadhaar, ration_card, ",True,False,True
HH-04382,NS-0919,34700.0,5,"aadhaar, ration_card, address_proof",True,False,False
HH-04383,NS-0546,10800.0,5,"aadhaar, , ",True,False,True
HH-04384,NS-1074,28700.0,3,"aadhaar, , address_proof",True,True,False
HH-04385,NS-0487,6700.0,1,"aadhaar, , address_proof",True,True,True
HH-04386,NS-1380,27900.0,8,"aadhaar, , address_proof",True,True,False
HH-04387,NS-1000,14400.0,6,"aadhaar, ration_card, address_proof",True,True,True
HH-04388,NS-1067,17100.0,7,"aadhaar, , address_proof",True,True,True
HH-04389,NS-0069,25500.0,8,"aadhaar, ration_card, address_proof",True,True,False
HH-04390,NS-0270,6500.0,5,", ration_card, address_proof",False,True,True
HH-04391,NS-0429,11200.0,5,"aadhaar, ration_card, address_proof",True,True,True
HH-04392,NS-1046,16400.0,4,"aadhaar, ration_card, address_proof",True,True,True
HH-04393,NS-0662,4300.0,1,", ration_card, address_proof",False,True,True
HH-04394,NS-0787,11300.0,7,"aadhaar, ration_card, ",True,False,True
HH-04395,NS-0974,15100.0,6,"aadhaar, ration_card, address_proof",True,True,True
HH-04396,NS-0880,18800.0,1,"aadhaar, ration_card, ",True,False,True
HH-04397,NS-0134,6700.0,6,"aadhaar, , ",True,False,True
HH-04398,NS-0368,12000.0,5,"aadhaar, ration_card, ",True,False,True
HH-04399,NS-1395,8300.0,2,", , ",False,False,True
HH-04400,NS-0712,20100.0,5,"aadhaar, ration_card, address_proof",True,True,True
HH-04401,NS-1435,11700.0,4,"aadhaar, ration_card, ",True,False,True
HH-04402,NS-0401,9900.0,5,"aadhaar, ration_card, ",True,False,True
HH-04403,NS-0347,14500.0,2,"aadhaar, ration_card, address_proof",True,True,True
HH-04404,NS-0745,12900.0,1,"aadhaar, ration_card, address_proof",True,True,True
HH-04405,NS-0207,12000.0,2,"aadhaar, ration_card, address_proof",True,True,True
HH-04406,NS-1226,12500.0,5,"aadhaar, ration_card, address_proof",True,True,True
HH-04407,NS-0407,9600.0,4,"aadhaar, ration_card, address_proof",True,True,True
HH-04408,NS-0190,20500.0,4,"aadhaar, ration_card, address_proof",True,True,True
HH-04409,NS-0141,25800.0,2,"aadhaar, ration_card, address_proof",True,True,False
HH-04410,NS-0865,7200.0,6,"aadhaar, ration_card, address_proof",True,False,True
HH-04411,NS-0915,41100.0,2,"aadhaar, ration_card, address_proof",True,True,False
HH-04412,NS-0666,16100.0,8,"aadhaar, ration_card, address_proof",True,True,True
HH-04413,NS-0534,40000.0,1,", ration_card, ",False,False,False
HH-04414,NS-0211,22300.0,3,"aadhaar, ration_card, address_proof",True,True,True
HH-04415,NS-0761,31000.0,7,"aadhaar, , address_proof",True,True,False
HH-04416,NS-0978,16900.0,2,", , ",False,False,True
HH-04417,NS-1186,15600.0,5,"aadhaar, ration_card, ",True,False,True
HH-04418,NS-0027,15800.0,4,"aadhaar, ration_card, ",True,False,True
HH-04419,NS-1095,6900.0,6,"aadhaar, ration_card, address_proof",True,True,True
HH-04420,NS-0126,6600.0,8,"aadhaar, ration_card, ",True,False,True
HH-04421,NS-1475,6600.0,6,"aadhaar, ration_card, ",True,False,True
HH-04422,NS-0770,7600.0,7,"aadhaar, ration_card, ",True,False,True
HH-04423,NS-0015,16900.0,6,"aadhaar, ration_card, address_proof",True,True,True
HH-04424,NS-1048,37600.0,5,"aadhaar, ration_card, address_proof",True,True,False
HH-04425,NS-1326,9600.0,2,"aadhaar, ration_card, address_proof",True,True,True
HH-04426,NS-0621,20100.0,8,", ration_card, address_proof",False,True,True
HH-04427,NS-0798,12900.0,6,"aadhaar, ration_card, ",True,False,True
HH-04428,NS-0181,27900.0,5,"aadhaar, ration_card, address_proof",True,True,False
HH-04429,NS-0550,8300.0,6,"aadhaar, ration_card, address_proof",True,True,True
HH-04430,NS-0208,8300.0,8,"aadhaar, ration_card, ",True,False,True
HH-04431,NS-0545,3000.0,4,"aadhaar, ration_card, ",True,False,True
HH-04432,NS-0001,21800.0,1,"aadhaar, ration_card, ",True,False,True
HH-04433,NS-0444,7900.0,2,", ration_card, address_proof",False,False,True
HH-04434,NS-0361,17300.0,3,"aadhaar, , ",True,False,True
HH-04435,NS-0108,13600.0,6,"aadhaar, ration_card, address_proof",True,False,True
HH-04436,NS-0676,11600.0,2,"aadhaar, ration_card, ",True,False,True
HH-04437,NS-1344,13500.0,8,"aadhaar, ration_card, address_proof",True,True,True
HH-04438,NS-0732,9500.0,3,"aadhaar, ration_card, ",True,False,True
HH-04439,NS-1314,8500.0,5,"aadhaar, , ",True,False,True
HH-04440,NS-0067,8000.0,4,"aadhaar, ration_card, address_proof",True,True,True
HH-04441,NS-0546,25300.0,4,"aadhaar, ration_card, ",True,False,False
HH-04442,NS-1412,10300.0,4,"aadhaar, , address_proof",True,True,True
HH-04443,NS-0503,24400.0,1,"aadhaar, ration_card, ",True,False,True
HH-04444,NS-1039,7900.0,8,"aadhaar, , address_proof",True,True,True
HH-04445,NS-0092,11000.0,5,"aadhaar, ration_card, ",True,False,True
HH-04446,NS-0801,22100.0,4,"aadhaar, ration_card, address_proof",True,True,True
HH-04447,NS-0136,18900.0,2,"aadhaar, ration_card, address_proof",True,True,True
HH-04448,NS-1331,21400.0,4,", , address_proof",False,True,True
HH-04449,NS-0711,22500.0,5,", , address_proof",False,True,True
HH-04450,NS-1400,7200.0,1,"aadhaar, ration_card, address_proof",True,True,True
HH-04451,NS-0742,5900.0,5,"aadhaar, ration_card, address_proof",True,True,True
HH-04452,NS-1097,10900.0,7,"aadhaar, ration_card, ",True,False,True
HH-04453,NS-0656,17100.0,7,"aadhaar, ration_card, address_proof",True,True,True
HH-04454,NS-0708,15600.0,7,"aadhaar, ration_card, address_proof",True,True,True
HH-04455,NS-0830,28800.0,1,"aadhaar, ration_card, ",True,False,False
HH-04456,NS-1123,5500.0,6,", ration_card, address_proof",False,False,True
HH-04457,NS-1241,7600.0,4,"aadhaar, ration_card, address_proof",True,True,True
HH-04458,NS-1481,21500.0,1,"aadhaar, ration_card, address_proof",True,True,True
HH-04459,NS-1230,16400.0,1,"aadhaar, ration_card, address_proof",True,True,True
HH-04460,NS-0488,15900.0,1,"aadhaar, ration_card, ",True,False,True
HH-04461,NS-1152,30900.0,2,"aadhaar, , address_proof",True,True,False
HH-04462,NS-1048,13100.0,4,"aadhaar, ration_card, ",True,False,True
HH-04463,NS-0384,12000.0,5,"aadhaar, , address_proof",True,False,True
HH-04464,NS-1490,24900.0,7,"aadhaar, , address_proof",True,True,True
HH-04465,NS-1035,4400.0,7,"aadhaar, , address_proof",True,True,True
HH-04466,NS-0694,17900.0,5,"aadhaar, ration_card, ",True,False,True
HH-04467,NS-0996,5800.0,6,"aadhaar, ration_card, address_proof",True,True,True
HH-04468,NS-1426,9900.0,1,"aadhaar, ration_card, address_proof",True,True,True
HH-04469,NS-0503,7900.0,3,", ration_card, address_proof",False,False,True
HH-04470,NS-0664,50500.0,5,"aadhaar, ration_card, ",False,False,False
HH-04471,NS-0327,9000.0,6,"aadhaar, ration_card, address_proof",True,True,True
HH-04472,NS-1247,12400.0,3,"aadhaar, ration_card, address_proof",True,True,True
HH-04473,NS-0110,9300.0,6,"aadhaar, ration_card, ",True,False,True
HH-04474,NS-0947,33800.0,1,"aadhaar, ration_card, address_proof",True,True,False
HH-04475,NS-0983,3000.0,4,", ration_card, address_proof",False,True,True
HH-04476,NS-0364,11700.0,1,"aadhaar, , address_proof",True,True,True
HH-04477,NS-0600,12900.0,1,", ration_card, address_proof",False,False,True
HH-04478,NS-0040,15800.0,8,"aadhaar, ration_card, address_proof",True,True,True
HH-04479,NS-1088,9500.0,1,"aadhaar, , ",True,False,True
HH-04480,NS-1395,9200.0,6,"aadhaar, ration_card, ",True,False,True
HH-04481,NS-1112,25500.0,4,"aadhaar, ration_card, ",True,False,False
HH-04482,NS-0168,9900.0,6,"aadhaar, ration_card, address_proof",True,True,True
HH-04483,NS-0819,11100.0,8,"aadhaar, ration_card, address_proof",True,True,True
HH-04484,NS-0518,21100.0,2,"aadhaar, ration_card, address_proof",True,True,True
HH-04485,NS-0953,35300.0,5,"aadhaar, ration_card, address_proof",True,True,False
HH-04486,NS-1218,6100.0,6,"aadhaar, ration_card, address_proof",True,True,True
HH-04487,NS-0273,22900.0,4,", ration_card, address_proof",False,True,True
HH-04488,NS-0479,13500.0,7,"aadhaar, , address_proof",True,True,True
HH-04489,NS-0091,6500.0,6,"aadhaar, ration_card, ",True,False,True
HH-04490,NS-1067,9400.0,7,"aadhaar, ration_card, address_proof",True,True,True
HH-04491,NS-0043,21000.0,6,"aadhaar, ration_card, ",True,False,True
HH-04492,NS-0828,21300.0,2,"aadhaar, ration_card, address_proof",True,True,True
HH-04493,NS-1175,25300.0,3,"aadhaar, ration_card, address_proof",True,True,False
HH-04494,NS-0842,16400.0,8,", ration_card, address_proof",False,True,True
HH-04495,NS-0702,30800.0,1,"aadhaar, ration_card, ",True,False,False
HH-04496,NS-0338,14800.0,4,"aadhaar, ration_card, address_proof",True,True,True
HH-04497,NS-0910,30200.0,3,"aadhaar, ration_card, ",True,False,False
HH-04498,NS-0671,7300.0,4,"aadhaar, ration_card, ",True,False,True
HH-04499,NS-0364,9200.0,4,"aadhaar, ration_card, address_proof",True,True,True
HH-04500,NS-1018,5500.0,8,", ration_card, address_proof",False,True,True
HH-04501,NS-1452,10400.0,3,"aadhaar, ration_card, address_proof",True,True,True
HH-04502,NS-0119,16600.0,4,"aadhaar, ration_card, address_proof",True,True,True
HH-04503,NS-0221,19500.0,2,"aadhaar, ration_card, address_proof",True,True,True
HH-04504,NS-0772,5600.0,5,"aadhaar, ration_card, ",True,False,True
HH-04505,NS-0628,7100.0,1,"aadhaar, ration_card, address_proof",True,True,True
HH-04506,NS-0693,7000.0,7,"aadhaar, ration_card, address_proof",True,True,True
HH-04507,NS-0140,33500.0,8,"aadhaar, ration_card, ",True,False,False
HH-04508,NS-0861,7400.0,7,"aadhaar, , address_proof",True,True,True
HH-04509,NS-0771,4900.0,1,"aadhaar, ration_card, ",True,False,True
HH-04510,NS-1406,7300.0,6,"aadhaar, , ",True,False,True
HH-04511,NS-1081,10100.0,7,"aadhaar, ration_card, ",True,False,True
HH-04512,NS-0702,19400.0,8,"aadhaar, ration_card, ",True,False,True
HH-04513,NS-1479,7400.0,2,"aadhaar, ration_card, address_proof",True,True,True
HH-04514,NS-0959,13600.0,6,"aadhaar, ration_card, address_proof",True,True,True
HH-04515,NS-0056,3200.0,1,", ration_card, address_proof",False,True,True
HH-04516,NS-1124,15800.0,5,"aadhaar, , address_proof",True,True,True
HH-04517,NS-1171,6700.0,4,", , ",False,False,True
HH-04518,NS-0820,30900.0,3,"aadhaar, ration_card, address_proof",True,True,False
HH-04519,NS-0058,25800.0,6,"aadhaar, ration_card, ",True,False,False
HH-04520,NS-0517,17300.0,1,"aadhaar, ration_card, ",True,False,True
HH-04521,NS-0657,18000.0,8,"aadhaar, ration_card, ",True,False,True
HH-04522,NS-0811,14200.0,3,"aadhaar, ration_card, address_proof",True,True,True
HH-04523,NS-0333,12100.0,7,", ration_card, address_proof",False,True,True
HH-04524,NS-0347,23900.0,7,"aadhaar, ration_card, address_proof",True,True,True
HH-04525,NS-0087,20100.0,1,"aadhaar, ration_card, address_proof",True,True,True
HH-04526,NS-0973,7100.0,5,"aadhaar, , address_proof",True,True,True
HH-04527,NS-1478,8400.0,3,"aadhaar, ration_card, address_proof",True,True,True
HH-04528,NS-0309,19800.0,4,"aadhaar, , address_proof",True,True,True
HH-04529,NS-0703,5600.0,3,"aadhaar, ration_card, ",True,False,True
HH-04530,NS-1333,12100.0,7,"aadhaar, ration_card, address_proof",True,True,True
HH-04531,NS-0523,11900.0,2,"aadhaar, ration_card, address_proof",True,False,True
HH-04532,NS-1164,13700.0,8,"aadhaar, ration_card, address_proof",True,True,True
HH-04533,NS-0169,11200.0,1,"aadhaar, ration_card, address_proof",True,True,True
HH-04534,NS-1149,28500.0,7,", , address_proof",False,True,False
HH-04535,NS-1067,40700.0,4,"aadhaar, , ",True,False,False
HH-04536,NS-1456,16100.0,6,"aadhaar, ration_card, address_proof",True,True,True
HH-04537,NS-0876,11300.0,1,"aadhaar, ration_card, ",True,False,True
HH-04538,NS-1169,7600.0,5,"aadhaar, ration_card, ",True,False,True
HH-04539,NS-0456,25200.0,1,", ration_card, address_proof",False,True,False
HH-04540,NS-0229,6500.0,4,"aadhaar, ration_card, address_proof",True,True,True
HH-04541,NS-0976,17300.0,5,"aadhaar, ration_card, address_proof",True,False,True
HH-04542,NS-0692,14500.0,3,"aadhaar, ration_card, ",True,False,True
HH-04543,NS-0031,32500.0,6,"aadhaar, ration_card, address_proof",True,False,False
HH-04544,NS-1332,12600.0,4,"aadhaar, ration_card, ",True,False,True
HH-04545,NS-1500,23100.0,6,"aadhaar, ration_card, address_proof",True,False,True
HH-04546,NS-0836,13700.0,8,"aadhaar, ration_card, address_proof",True,True,True
HH-04547,NS-0052,6800.0,1,"aadhaar, ration_card, ",True,False,True
HH-04548,NS-0852,9200.0,4,"aadhaar, ration_card, ",True,False,True
HH-04549,NS-1148,23900.0,7,", ration_card, address_proof",False,True,True
HH-04550,NS-0208,21100.0,2,"aadhaar, , ",True,False,True
HH-04551,NS-1361,8200.0,2,"aadhaar, ration_card, address_proof",True,True,True
HH-04552,NS-0827,4900.0,2,"aadhaar, ration_card, address_proof",True,True,True
HH-04553,NS-1038,19500.0,5,"aadhaar, , ",True,False,True
HH-04554,NS-0551,6000.0,4,"aadhaar, ration_card, ",True,False,True
HH-04555,NS-1394,7600.0,3,"aadhaar, ration_card, address_proof",True,True,True
HH-04556,NS-0214,5500.0,6,"aadhaar, ration_card, ",True,False,True
HH-04557,NS-1146,22400.0,6,"aadhaar, ration_card, ",True,False,True
HH-04558,NS-1283,7700.0,4,"aadhaar, , address_proof",True,True,True
HH-04559,NS-0733,21800.0,4,"aadhaar, ration_card, ",True,False,True
HH-04560,NS-1487,24500.0,5,"aadhaar, ration_card, ",True,False,True
HH-04561,NS-0685,10000.0,8,"aadhaar, , address_proof",True,False,True
HH-04562,NS-1196,17700.0,1,"aadhaar, ration_card, address_proof",True,True,True
HH-04563,NS-0386,17400.0,7,", ration_card, ",False,False,True
HH-04564,NS-1067,11400.0,3,"aadhaar, , address_proof",True,True,True
HH-04565,NS-1051,11700.0,7,"aadhaar, ration_card, address_proof",True,True,True
HH-04566,NS-0869,7200.0,3,"aadhaar, ration_card, address_proof",True,False,True
HH-04567,NS-0800,7200.0,5,"aadhaar, ration_card, address_proof",True,True,True
HH-04568,NS-1052,26800.0,8,", ration_card, ",False,False,False
HH-04569,NS-0472,19800.0,4,"aadhaar, , address_proof",True,True,True
HH-04570,NS-1067,6600.0,6,"aadhaar, ration_card, address_proof",True,True,True
HH-04571,NS-0178,10700.0,5,"aadhaar, ration_card, address_proof",True,True,True
HH-04572,NS-1299,10400.0,1,"aadhaar, ration_card, ",True,False,True
HH-04573,NS-0471,5800.0,6,"aadhaar, ration_card, address_proof",True,True,True
HH-04574,NS-0399,42400.0,5,"aadhaar, ration_card, address_proof",True,True,False
HH-04575,NS-0819,11800.0,3,"aadhaar, ration_card, address_proof",True,True,True
HH-04576,NS-0256,20700.0,8,"aadhaar, ration_card, address_proof",True,True,True
HH-04577,NS-0410,13600.0,2,"aadhaar, ration_card, address_proof",True,True,True
HH-04578,NS-0047,25000.0,4,"aadhaar, ration_card, ",True,False,False
HH-04579,NS-0963,17000.0,8,", ration_card, ",False,False,True
HH-04580,NS-1062,22400.0,6,"aadhaar, ration_card, ",True,False,True
HH-04581,NS-1006,38500.0,6,"aadhaar, ration_card, address_proof",True,True,False
HH-04582,NS-0601,8000.0,3,"aadhaar, ration_card, address_proof",True,True,True
HH-04583,NS-0529,5600.0,7,"aadhaar, ration_card, ",True,False,True
HH-04584,NS-0103,17600.0,2,"aadhaar, , address_proof",True,True,True
HH-04585,NS-1215,7500.0,4,"aadhaar, ration_card, address_proof",True,True,True
HH-04586,NS-0368,7100.0,6,", ration_card, address_proof",False,True,True
HH-04587,NS-0212,19400.0,7,", ration_card, ",False,False,True
HH-04588,NS-1320,15200.0,5,"aadhaar, , address_proof",True,True,True
HH-04589,NS-0897,24900.0,6,"aadhaar, ration_card, ",True,False,True
HH-04590,NS-1046,20700.0,8,"aadhaar, ration_card, ",True,False,True
HH-04591,NS-1263,22400.0,7,"aadhaar, , address_proof",True,True,True
HH-04592,NS-0896,8500.0,7,"aadhaar, ration_card, address_proof",True,False,True
HH-04593,NS-0597,14300.0,8,"aadhaar, ration_card, address_proof",True,True,True
HH-04594,NS-0029,13000.0,5,"aadhaar, , ",True,False,True
HH-04595,NS-0738,9400.0,7,"aadhaar, , ",True,False,True
HH-04596,NS-0700,18900.0,1,"aadhaar, ration_card, address_proof",True,True,True
HH-04597,NS-0828,22100.0,7,"aadhaar, ration_card, address_proof",True,True,True
HH-04598,NS-0619,13800.0,7,"aadhaar, , ",True,False,True
HH-04599,NS-0779,4800.0,8,"aadhaar, ration_card, address_proof",True,True,True
HH-04600,NS-1425,21000.0,1,"aadhaar, ration_card, address_proof",True,True,True
HH-04601,NS-1080,18900.0,1,"aadhaar, ration_card, ",True,False,True
HH-04602,NS-0874,25400.0,2,"aadhaar, ration_card, address_proof",True,True,False
HH-04603,NS-0047,22700.0,7,"aadhaar, , ",True,False,True
HH-04604,NS-0175,6400.0,8,"aadhaar, ration_card, ",True,False,True
HH-04605,NS-0010,20700.0,8,"aadhaar, ration_card, address_proof",True,False,True
HH-04606,NS-0700,4200.0,4,"aadhaar, , ",True,False,True
HH-04607,NS-0423,15200.0,2,"aadhaar, ration_card, ",True,False,True
HH-04608,NS-1323,8300.0,1,"aadhaar, ration_card, ",True,False,True
HH-04609,NS-0227,9000.0,5,"aadhaar, ration_card, address_proof",True,True,True
HH-04610,NS-0214,8700.0,3,"aadhaar, ration_card, address_proof",True,True,True
HH-04611,NS-0780,8100.0,8,"aadhaar, ration_card, ",True,False,True
HH-04612,NS-0631,11100.0,7,"aadhaar, ration_card, address_proof",True,True,True
HH-04613,NS-0124,12100.0,2,"aadhaar, ration_card, address_proof",True,True,True
HH-04614,NS-0229,20000.0,5,"aadhaar, , address_proof",True,True,True
HH-04615,NS-0764,13200.0,8,", ration_card, address_proof",False,True,True
HH-04616,NS-0500,8900.0,2,"aadhaar, ration_card, address_proof",True,True,True
HH-04617,NS-0368,11500.0,8,"aadhaar, , address_proof",True,True,True
HH-04618,NS-1389,4600.0,6,"aadhaar, ration_card, ",True,False,True
HH-04619,NS-0406,6300.0,8,"aadhaar, , address_proof",True,True,True
HH-04620,NS-1127,8200.0,1,"aadhaar, , ",True,False,True
HH-04621,NS-1152,10400.0,2,"aadhaar, ration_card, address_proof",True,True,True
HH-04622,NS-1236,22200.0,1,"aadhaar, ration_card, address_proof",True,True,True
HH-04623,NS-0304,19600.0,5,"aadhaar, ration_card, address_proof",True,True,True
HH-04624,NS-1262,24700.0,3,"aadhaar, ration_card, address_proof",True,True,True
HH-04625,NS-1013,29600.0,5,"aadhaar, ration_card, ",True,False,False
HH-04626,NS-1349,5800.0,6,"aadhaar, ration_card, address_proof",True,True,True
HH-04627,NS-0375,11000.0,6,"aadhaar, ration_card, ",True,False,True
HH-04628,NS-0982,12300.0,1,"aadhaar, ration_card, address_proof",True,True,True
HH-04629,NS-0149,31100.0,3,"aadhaar, ration_card, address_proof",True,True,False
HH-04630,NS-0441,32300.0,2,"aadhaar, , address_proof",True,True,False
HH-04631,NS-0421,7200.0,1,", , address_proof",False,True,True
HH-04632,NS-0780,10400.0,3,", , ",False,False,True
HH-04633,NS-0467,12400.0,2,"aadhaar, ration_card, ",True,False,True
HH-04634,NS-0853,10700.0,1,"aadhaar, ration_card, address_proof",True,True,True
HH-04635,NS-1309,29100.0,7,"aadhaar, ration_card, address_proof",True,True,False
HH-04636,NS-0892,10100.0,2,"aadhaar, ration_card, address_proof",True,True,True
HH-04637,NS-0235,9900.0,3,"aadhaar, ration_card, ",True,False,True
HH-04638,NS-1398,19100.0,1,"aadhaar, ration_card, address_proof",True,True,True
HH-04639,NS-0654,19600.0,4,"aadhaar, ration_card, address_proof",True,False,True
HH-04640,NS-0023,11300.0,6,"aadhaar, ration_card, address_proof",True,True,True
HH-04641,NS-0379,17300.0,4,"aadhaar, ration_card, ",True,False,True
HH-04642,NS-1215,9800.0,1,"aadhaar, , ",True,False,True
HH-04643,NS-0459,7700.0,1,", ration_card, address_proof",False,True,True
HH-04644,NS-0017,14900.0,3,"aadhaar, ration_card, ",True,False,True
HH-04645,NS-1071,22000.0,4,", ration_card, ",False,False,True
HH-04646,NS-0712,19700.0,6,"aadhaar, ration_card, ",True,False,True
HH-04647,NS-1371,6200.0,6,"aadhaar, ration_card, ",True,False,True
HH-04648,NS-0174,11700.0,7,"aadhaar, ration_card, address_proof",True,True,True
HH-04649,NS-1415,9800.0,4,"aadhaar, ration_card, address_proof",True,True,True
HH-04650,NS-0512,33000.0,1,"aadhaar, , address_proof",True,True,False
HH-04651,NS-0054,5600.0,5,"aadhaar, ration_card, address_proof",True,True,True
HH-04652,NS-0806,6200.0,3,"aadhaar, ration_card, ",True,False,True
HH-04653,NS-1290,14800.0,1,", ration_card, address_proof",False,True,True
HH-04654,NS-1130,11000.0,7,"aadhaar, ration_card, ",True,False,True
HH-04655,NS-0072,15800.0,2,"aadhaar, ration_card, address_proof",True,True,True
HH-04656,NS-0610,9000.0,2,"aadhaar, ration_card, address_proof",True,True,True
HH-04657,NS-1105,15300.0,6,"aadhaar, , address_proof",True,True,True
HH-04658,NS-0646,26800.0,3,"aadhaar, ration_card, ",True,False,False
HH-04659,NS-1466,20900.0,5,"aadhaar, ration_card, ",True,False,True
HH-04660,NS-0448,4400.0,5,"aadhaar, , address_proof",True,True,True
HH-04661,NS-0419,4800.0,5,"aadhaar, , address_proof",True,True,True
HH-04662,NS-0046,11800.0,6,", ration_card, address_proof",False,True,True
HH-04663,NS-0606,14700.0,1,", , address_proof",False,True,True
HH-04664,NS-0542,16800.0,8,"aadhaar, ration_card, ",True,False,True
HH-04665,NS-1348,5700.0,8,"aadhaar, ration_card, address_proof",True,False,True
HH-04666,NS-0777,35500.0,2,"aadhaar, ration_card, address_proof",True,True,False
HH-04667,NS-0906,14000.0,2,"aadhaar, , ",True,False,True
HH-04668,NS-0042,28100.0,8,"aadhaar, , address_proof",True,True,False
HH-04669,NS-0090,7000.0,4,", ration_card, address_proof",False,True,True
HH-04670,NS-0353,24100.0,1,"aadhaar, , address_proof",True,True,True
HH-04671,NS-0248,36300.0,4,"aadhaar, ration_card, ",True,False,False
HH-04672,NS-0989,19900.0,4,"aadhaar, , address_proof",True,True,True
HH-04673,NS-0388,26200.0,4,"aadhaar, ration_card, address_proof",True,True,False
HH-04674,NS-1113,8500.0,4,"aadhaar, , address_proof",True,True,True
HH-04675,NS-0624,4800.0,3,"aadhaar, ration_card, address_proof",True,True,True
HH-04676,NS-1060,12500.0,4,"aadhaar, ration_card, address_proof",True,True,True
HH-04677,NS-0307,21100.0,1,"aadhaar, ration_card, ",True,False,True
HH-04678,NS-0094,33500.0,3,"aadhaar, , address_proof",True,False,False
HH-04679,NS-1393,16700.0,4,"aadhaar, ration_card, address_proof",True,False,True
HH-04680,NS-0094,5800.0,7,"aadhaar, ration_card, address_proof",True,False,True
HH-04681,NS-1379,14400.0,7,"aadhaar, ration_card, ",True,False,True
HH-04682,NS-0761,14700.0,4,", , address_proof",False,True,True
HH-04683,NS-0350,5400.0,1,"aadhaar, ration_card, ",True,False,True
HH-04684,NS-0563,15800.0,1,"aadhaar, ration_card, address_proof",True,True,True
HH-04685,NS-0642,43100.0,3,"aadhaar, ration_card, address_proof",True,False,False
HH-04686,NS-0821,24600.0,6,"aadhaar, ration_card, address_proof",True,True,True
HH-04687,NS-0593,18700.0,7,"aadhaar, ration_card, address_proof",True,True,True
HH-04688,NS-0068,7000.0,1,"aadhaar, , address_proof",True,True,True
HH-04689,NS-0978,8900.0,8,"aadhaar, , address_proof",True,True,True
HH-04690,NS-0052,5900.0,6,"aadhaar, ration_card, ",True,False,True
HH-04691,NS-1289,16300.0,8,", ration_card, address_proof",False,True,True
HH-04692,NS-1060,8900.0,5,", ration_card, ",False,False,True
HH-04693,NS-1138,13200.0,2,"aadhaar, ration_card, ",True,False,True
HH-04694,NS-0038,11100.0,7,", ration_card, ",False,False,True
HH-04695,NS-0310,9200.0,8,"aadhaar, ration_card, ",True,False,True
HH-04696,NS-1074,26100.0,2,"aadhaar, ration_card, ",True,False,False
HH-04697,NS-0046,13100.0,3,"aadhaar, ration_card, address_proof",True,True,True
HH-04698,NS-0707,11500.0,8,"aadhaar, ration_card, address_proof",True,True,True
HH-04699,NS-0770,8100.0,8,"aadhaar, , ",True,False,True
HH-04700,NS-0322,27700.0,5,"aadhaar, ration_card, address_proof",True,True,False
HH-04701,NS-0521,9200.0,2,"aadhaar, ration_card, ",True,False,True
HH-04702,NS-0681,18700.0,8,", ration_card, address_proof",False,True,True
HH-04703,NS-0612,14200.0,3,"aadhaar, , ",True,False,True
HH-04704,NS-0503,8900.0,6,", ration_card, address_proof",False,False,True
HH-04705,NS-1264,17700.0,1,", ration_card, ",False,False,True
HH-04706,NS-1000,21600.0,7,"aadhaar, ration_card, ",True,False,True
HH-04707,NS-1060,17000.0,7,"aadhaar, ration_card, ",True,False,True
HH-04708,NS-0536,10000.0,4,"aadhaar, ration_card, ",True,False,True
HH-04709,NS-1339,12600.0,2,"aadhaar, , address_proof",True,True,True
HH-04710,NS-0370,11800.0,7,"aadhaar, ration_card, address_proof",True,True,True
HH-04711,NS-0179,26800.0,3,"aadhaar, ration_card, ",True,False,False
HH-04712,NS-0881,13400.0,5,"aadhaar, , ",True,False,True
HH-04713,NS-0920,14800.0,8,"aadhaar, ration_card, ",True,False,True
HH-04714,NS-0834,28000.0,1,"aadhaar, ration_card, address_proof",True,True,False
HH-04715,NS-1299,9900.0,6,"aadhaar, ration_card, address_proof",True,True,True
HH-04716,NS-1134,11500.0,1,"aadhaar, ration_card, ",True,False,True
HH-04717,NS-1060,12800.0,1,", ration_card, address_proof",False,True,True
HH-04718,NS-0296,23600.0,3,"aadhaar, ration_card, address_proof",True,False,True
HH-04719,NS-1368,25500.0,6,"aadhaar, , address_proof",True,True,False
HH-04720,NS-1066,13400.0,8,"aadhaar, ration_card, address_proof",True,True,True
HH-04721,NS-0876,9800.0,4,"aadhaar, ration_card, ",True,False,True
HH-04722,NS-0530,4100.0,1,"aadhaar, ration_card, address_proof",True,True,True
HH-04723,NS-1185,8000.0,6,"aadhaar, ration_card, address_proof",True,True,True
HH-04724,NS-0594,13000.0,6,"aadhaar, ration_card, address_proof",True,False,True
HH-04725,NS-0334,18700.0,1,"aadhaar, , ",True,False,True
HH-04726,NS-1094,32300.0,7,", ration_card, address_proof",False,True,False
HH-04727,NS-1287,10000.0,7,"aadhaar, ration_card, ",True,False,True
HH-04728,NS-0227,7000.0,8,"aadhaar, , address_proof",True,True,True
HH-04729,NS-0399,22400.0,3,"aadhaar, ration_card, address_proof",True,True,True
HH-04730,NS-1327,21700.0,5,"aadhaar, ration_card, ",True,False,True
HH-04731,NS-1385,6800.0,6,"aadhaar, ration_card, address_proof",True,True,True
HH-04732,NS-0926,11100.0,7,"aadhaar, ration_card, address_proof",True,False,True
HH-04733,NS-1294,13400.0,1,"aadhaar, ration_card, address_proof",True,False,True
HH-04734,NS-1464,14200.0,4,"aadhaar, , address_proof",True,True,True
HH-04735,NS-0980,26700.0,4,"aadhaar, ration_card, ",True,False,False
HH-04736,NS-0768,13300.0,2,", ration_card, ",False,False,True
HH-04737,NS-1276,19500.0,7,"aadhaar, ration_card, ",True,False,True
HH-04738,NS-0562,5100.0,2,"aadhaar, , ",True,False,True
HH-04739,NS-0670,24500.0,8,"aadhaar, ration_card, address_proof",True,True,True
HH-04740,NS-0265,9800.0,6,"aadhaar, ration_card, address_proof",True,True,True
HH-04741,NS-0724,4200.0,3,"aadhaar, ration_card, address_proof",True,True,True
HH-04742,NS-0767,18100.0,2,"aadhaar, ration_card, address_proof",True,True,True
HH-04743,NS-0626,12000.0,3,"aadhaar, ration_card, address_proof",True,True,True
HH-04744,NS-0607,28800.0,7,"aadhaar, ration_card, ",True,False,False
HH-04745,NS-1304,15200.0,4,"aadhaar, ration_card, address_proof",True,True,True
HH-04746,NS-0527,15000.0,2,"aadhaar, ration_card, address_proof",True,True,True
HH-04747,NS-0972,17600.0,8,"aadhaar, ration_card, address_proof",True,True,True
HH-04748,NS-1169,19000.0,3,"aadhaar, ration_card, address_proof",True,True,True
HH-04749,NS-1060,15900.0,7,"aadhaar, , ",True,False,True
HH-04750,NS-0880,9600.0,4,"aadhaar, ration_card, ",True,False,True
HH-04751,NS-0811,11700.0,3,"aadhaar, ration_card, address_proof",True,True,True
HH-04752,NS-1029,8600.0,8,"aadhaar, ration_card, address_proof",True,True,True
HH-04753,NS-1079,12000.0,4,"aadhaar, ration_card, ",True,False,True
HH-04754,NS-0275,9100.0,5,"aadhaar, ration_card, ",True,False,True
HH-04755,NS-0889,10400.0,8,"aadhaar, ration_card, address_proof",True,True,True
HH-04756,NS-0133,11500.0,7,"aadhaar, ration_card, ",True,False,True
HH-04757,NS-0688,16100.0,1,"aadhaar, ration_card, ",True,False,True
HH-04758,NS-0515,7700.0,1,"aadhaar, , address_proof",True,True,True
HH-04759,NS-1134,16300.0,5,"aadhaar, ration_card, ",True,False,True
HH-04760,NS-0158,8000.0,4,"aadhaar, ration_card, address_proof",True,True,True
HH-04761,NS-1473,16100.0,8,"aadhaar, ration_card, address_proof",True,True,True
HH-04762,NS-0651,19600.0,2,"aadhaar, ration_card, ",True,False,True
HH-04763,NS-0913,6600.0,6,"aadhaar, ration_card, address_proof",True,True,True
HH-04764,NS-0671,23300.0,4,"aadhaar, ration_card, ",True,False,True
HH-04765,NS-0606,15900.0,4,", ration_card, ",False,False,True
HH-04766,NS-1037,11600.0,3,"aadhaar, ration_card, address_proof",True,True,True
HH-04767,NS-0651,13400.0,5,"aadhaar, ration_card, address_proof",True,True,True
HH-04768,NS-1449,12600.0,8,"aadhaar, ration_card, address_proof",True,False,True
HH-04769,NS-0630,23900.0,4,"aadhaar, ration_card, address_proof",True,True,True
HH-04770,NS-0405,22300.0,2,"aadhaar, ration_card, address_proof",True,True,True
HH-04771,NS-0097,13300.0,4,"aadhaar, ration_card, ",True,False,True
HH-04772,NS-1285,12000.0,2,"aadhaar, ration_card, address_proof",True,True,True
HH-04773,NS-1486,11900.0,5,"aadhaar, , ",True,False,True
HH-04774,NS-0397,12100.0,4,"aadhaar, ration_card, address_proof",True,True,True
HH-04775,NS-1431,25500.0,8,"aadhaar, ration_card, address_proof",True,True,False
HH-04776,NS-0185,6800.0,6,"aadhaar, ration_card, address_proof",True,True,True
HH-04777,NS-0719,11100.0,7,", ration_card, address_proof",False,True,True
HH-04778,NS-0265,7000.0,3,"aadhaar, ration_card, ",True,False,True
HH-04779,NS-0353,19400.0,7,"aadhaar, ration_card, address_proof",True,True,True
HH-04780,NS-0096,11100.0,7,"aadhaar, ration_card, address_proof",True,True,True
HH-04781,NS-0154,18300.0,4,"aadhaar, ration_card, address_proof",True,True,True
HH-04782,NS-0577,25100.0,1,"aadhaar, ration_card, ",True,False,False
HH-04783,NS-1175,19200.0,1,"aadhaar, , ",True,False,True
HH-04784,NS-0807,14200.0,1,"aadhaar, , ",True,False,True
HH-04785,NS-1085,11000.0,6,"aadhaar, ration_card, address_proof",True,True,True
HH-04786,NS-0209,9600.0,1,"aadhaar, ration_card, ",True,False,True
HH-04787,NS-0014,10300.0,1,"aadhaar, , address_proof",True,False,True
HH-04788,NS-0600,5200.0,7,"aadhaar, , ",True,False,True
HH-04789,NS-1331,3100.0,4,"aadhaar, , ",True,False,True
HH-04790,NS-1260,11200.0,4,"aadhaar, ration_card, address_proof",True,True,True
HH-04791,NS-0707,13900.0,6,"aadhaar, ration_card, address_proof",True,True,True
HH-04792,NS-1327,14500.0,4,"aadhaar, ration_card, address_proof",True,True,True
HH-04793,NS-1284,6900.0,8,"aadhaar, , address_proof",True,True,True
HH-04794,NS-1399,3500.0,1,", ration_card, address_proof",False,True,True
HH-04795,NS-1044,18500.0,3,"aadhaar, ration_card, address_proof",True,True,True
HH-04796,NS-0972,24400.0,2,", ration_card, address_proof",False,True,True
HH-04797,NS-0876,20800.0,2,"aadhaar, ration_card, address_proof",True,True,True
HH-04798,NS-1497,16600.0,3,"aadhaar, , address_proof",True,True,True
HH-04799,NS-1098,9000.0,7,"aadhaar, ration_card, ",True,False,True
HH-04800,NS-1225,8300.0,5,"aadhaar, ration_card, ",True,False,True
HH-04801,NS-0989,18200.0,6,"aadhaar, ration_card, ",True,False,True
HH-04802,NS-0018,8300.0,6,"aadhaar, , ",True,False,True
HH-04803,NS-0699,7200.0,2,"aadhaar, ration_card, address_proof",True,True,True
HH-04804,NS-0605,11100.0,6,"aadhaar, ration_card, address_proof",True,True,True
HH-04805,NS-0823,10800.0,5,"aadhaar, , address_proof",True,True,True
HH-04806,NS-0535,20300.0,8,"aadhaar, ration_card, address_proof",True,True,True
HH-04807,NS-0138,26900.0,3,"aadhaar, ration_card, address_proof",True,True,False
HH-04808,NS-0929,8800.0,7,", , ",False,False,True
HH-04809,NS-0077,20200.0,4,"aadhaar, , address_proof",True,False,True
HH-04810,NS-0014,15200.0,6,"aadhaar, ration_card, ",True,False,True
HH-04811,NS-0966,12200.0,1,", , address_proof",False,True,True
HH-04812,NS-0557,14600.0,5,"aadhaar, ration_card, address_proof",True,True,True
HH-04813,NS-0761,13500.0,2,"aadhaar, ration_card, address_proof",True,True,True
HH-04814,NS-0181,9900.0,2,"aadhaar, ration_card, address_proof",True,True,True
HH-04815,NS-0626,19900.0,5,"aadhaar, ration_card, address_proof",True,True,True
HH-04816,NS-1063,7100.0,4,"aadhaar, ration_card, address_proof",True,True,True
HH-04817,NS-1109,13500.0,7,"aadhaar, ration_card, address_proof",True,True,True
HH-04818,NS-1203,16200.0,2,"aadhaar, , address_proof",True,True,True
HH-04819,NS-0148,5500.0,7,"aadhaar, ration_card, address_proof",True,True,True
HH-04820,NS-1190,6700.0,6,"aadhaar, ration_card, address_proof",True,True,True
HH-04821,NS-0969,19800.0,2,"aadhaar, ration_card, address_proof",True,True,True
HH-04822,NS-0015,12800.0,4,"aadhaar, ration_card, ",True,False,True
HH-04823,NS-0219,16700.0,1,"aadhaar, ration_card, ",True,False,True
HH-04824,NS-1402,10700.0,7,"aadhaar, , ",True,False,True
HH-04825,NS-0094,20500.0,8,"aadhaar, ration_card, ",True,False,True
HH-04826,NS-0822,8100.0,4,"aadhaar, ration_card, address_proof",True,True,True
HH-04827,NS-1430,22600.0,7,", ration_card, address_proof",False,True,True
HH-04828,NS-0688,9600.0,1,"aadhaar, , address_proof",True,True,True
HH-04829,NS-0501,14300.0,4,"aadhaar, , ",True,False,True
HH-04830,NS-0040,15100.0,8,"aadhaar, ration_card, address_proof",True,True,True
HH-04831,NS-1292,12600.0,8,"aadhaar, ration_card, address_proof",True,True,True
HH-04832,NS-1381,9500.0,5,"aadhaar, , ",True,False,True
HH-04833,NS-0223,11200.0,7,"aadhaar, ration_card, ",True,False,True
HH-04834,NS-1138,20600.0,8,"aadhaar, ration_card, address_proof",True,True,True
HH-04835,NS-0748,7100.0,2,"aadhaar, ration_card, ",True,False,True
HH-04836,NS-0337,19000.0,1,"aadhaar, ration_card, ",True,False,True
HH-04837,NS-0740,19700.0,3,"aadhaar, ration_card, address_proof",True,True,True
HH-04838,NS-0195,6900.0,8,"aadhaar, ration_card, address_proof",True,True,True
HH-04839,NS-1093,16800.0,2,", ration_card, ",False,False,True
HH-04840,NS-1279,7500.0,1,"aadhaar, ration_card, address_proof",True,True,True
HH-04841,NS-0950,18800.0,3,"aadhaar, ration_card, address_proof",True,True,True
HH-04842,NS-0663,14900.0,3,"aadhaar, ration_card, address_proof",True,True,True
HH-04843,NS-0898,9100.0,6,"aadhaar, ration_card, ",True,False,True
HH-04844,NS-0776,9900.0,5,", ration_card, address_proof",False,True,True
HH-04845,NS-1025,29300.0,7,"aadhaar, ration_card, ",True,False,False
HH-04846,NS-0925,22500.0,5,"aadhaar, , address_proof",True,True,True
HH-04847,NS-0730,20600.0,8,"aadhaar, ration_card, ",True,False,True
HH-04848,NS-0128,20300.0,7,"aadhaar, ration_card, address_proof",True,True,True
HH-04849,NS-0158,19600.0,7,"aadhaar, ration_card, ",True,False,True
HH-04850,NS-0894,11100.0,6,"aadhaar, ration_card, address_proof",True,True,True
HH-04851,NS-1325,10500.0,7,"aadhaar, ration_card, ",True,False,True
HH-04852,NS-0867,4700.0,7,"aadhaar, ration_card, ",True,False,True
HH-04853,NS-1041,8900.0,3,"aadhaar, ration_card, ",True,False,True
HH-04854,NS-0939,9700.0,2,", ration_card, ",False,False,True
HH-04855,NS-0026,17400.0,5,"aadhaar, ration_card, address_proof",True,True,True
HH-04856,NS-0645,11600.0,3,"aadhaar, ration_card, ",True,False,True
HH-04857,NS-1446,17000.0,7,"aadhaar, ration_card, ",True,False,True
HH-04858,NS-1308,15300.0,8,"aadhaar, , address_proof",True,True,True
HH-04859,NS-1345,23300.0,7,"aadhaar, ration_card, ",True,False,True
HH-04860,NS-0164,7500.0,7,"aadhaar, ration_card, address_proof",True,True,True
HH-04861,NS-0173,40400.0,8,"aadhaar, , address_proof",True,True,False
HH-04862,NS-0170,4800.0,2,"aadhaar, ration_card, address_proof",True,True,True
HH-04863,NS-0186,6400.0,5,"aadhaar, ration_card, address_proof",True,False,True
HH-04864,NS-0327,15200.0,4,"aadhaar, ration_card, address_proof",True,True,True
HH-04865,NS-0045,10400.0,2,"aadhaar, ration_card, ",True,False,True
HH-04866,NS-1356,7500.0,8,"aadhaar, ration_card, address_proof",True,True,True
HH-04867,NS-0005,17400.0,5,"aadhaar, , address_proof",True,True,True
HH-04868,NS-0547,10000.0,4,"aadhaar, ration_card, address_proof",True,True,True
HH-04869,NS-0119,10800.0,4,", ration_card, ",False,False,True
HH-04870,NS-1057,31600.0,4,"aadhaar, , address_proof",True,True,False
HH-04871,NS-0299,34400.0,3,"aadhaar, ration_card, ",True,False,False
HH-04872,NS-0454,20400.0,4,"aadhaar, ration_card, ",True,False,True
HH-04873,NS-0271,26500.0,6,"aadhaar, ration_card, address_proof",True,True,False
HH-04874,NS-0038,7100.0,4,"aadhaar, ration_card, address_proof",True,True,True
HH-04875,NS-0342,20400.0,3,"aadhaar, ration_card, address_proof",True,True,True
HH-04876,NS-0754,10700.0,2,"aadhaar, ration_card, address_proof",True,True,True
HH-04877,NS-0960,8200.0,6,"aadhaar, , ",True,False,True
HH-04878,NS-1388,7200.0,1,", ration_card, address_proof",False,False,True
HH-04879,NS-0804,25500.0,5,"aadhaar, ration_card, ",True,False,False
HH-04880,NS-0319,40200.0,6,"aadhaar, ration_card, address_proof",True,True,False
HH-04881,NS-1217,27000.0,6,"aadhaar, ration_card, ",True,False,False
HH-04882,NS-1429,18800.0,4,"aadhaar, ration_card, address_proof",True,True,True
HH-04883,NS-0628,16000.0,8,"aadhaar, ration_card, ",True,False,True
HH-04884,NS-1012,6600.0,5,"aadhaar, ration_card, ",True,False,True
HH-04885,NS-1168,11700.0,5,"aadhaar, , ",True,False,True
HH-04886,NS-0276,15000.0,2,"aadhaar, ration_card, ",True,False,True
HH-04887,NS-0080,15800.0,2,"aadhaar, ration_card, address_proof",True,False,True
HH-04888,NS-0407,5100.0,5,", ration_card, address_proof",False,True,True
HH-04889,NS-1450,12700.0,8,"aadhaar, , address_proof",True,True,True
HH-04890,NS-0764,19500.0,7,"aadhaar, ration_card, address_proof",True,True,True
HH-04891,NS-0644,13100.0,6,"aadhaar, ration_card, address_proof",True,True,True
HH-04892,NS-1227,14700.0,5,"aadhaar, ration_card, address_proof",True,False,True
HH-04893,NS-0195,12900.0,5,"aadhaar, , address_proof",True,True,True
HH-04894,NS-1147,11400.0,2,"aadhaar, ration_card, address_proof",True,True,True
HH-04895,NS-0342,43300.0,7,"aadhaar, ration_card, address_proof",True,True,False
HH-04896,NS-1392,10800.0,5,"aadhaar, ration_card, address_proof",True,True,True
HH-04897,NS-0537,8500.0,5,"aadhaar, ration_card, address_proof",True,False,True
HH-04898,NS-1063,11400.0,8,"aadhaar, ration_card, address_proof",True,True,True
HH-04899,NS-0916,16800.0,8,"aadhaar, , address_proof",True,True,True
HH-04900,NS-0570,18200.0,5,"aadhaar, ration_card, address_proof",True,False,True
HH-04901,NS-1043,8400.0,8,"aadhaar, , address_proof",True,True,True
HH-04902,NS-0201,3100.0,5,", ration_card, address_proof",False,False,True
HH-04903,NS-0686,22600.0,2,"aadhaar, ration_card, address_proof",True,True,True
HH-04904,NS-0307,14900.0,1,"aadhaar, , address_proof",True,True,True
HH-04905,NS-1056,9400.0,7,"aadhaar, ration_card, address_proof",True,True,True
HH-04906,NS-0846,8800.0,3,"aadhaar, ration_card, address_proof",True,True,True
HH-04907,NS-1431,9300.0,2,"aadhaar, ration_card, address_proof",True,True,True
HH-04908,NS-0876,17400.0,3,"aadhaar, ration_card, address_proof",True,True,True
HH-04909,NS-0125,25700.0,1,"aadhaar, , ",True,False,False
HH-04910,NS-0292,45700.0,5,"aadhaar, ration_card, ",True,False,False
HH-04911,NS-0213,29100.0,7,"aadhaar, ration_card, address_proof",True,True,False
HH-04912,NS-0639,5100.0,7,"aadhaar, ration_card, ",True,False,True
HH-04913,NS-0030,14200.0,1,"aadhaar, ration_card, address_proof",True,True,True
HH-04914,NS-1420,4000.0,8,"aadhaar, ration_card, address_proof",True,True,True
HH-04915,NS-0033,6900.0,1,", ration_card, address_proof",False,True,True
HH-04916,NS-0254,8900.0,8,"aadhaar, ration_card, ",True,False,True
HH-04917,NS-1422,14400.0,5,", ration_card, address_proof",False,True,True
HH-04918,NS-0242,13200.0,6,"aadhaar, ration_card, ",True,False,True
HH-04919,NS-0838,13100.0,1,"aadhaar, ration_card, address_proof",True,True,True
HH-04920,NS-0856,7500.0,5,"aadhaar, ration_card, address_proof",True,True,True
HH-04921,NS-0355,7900.0,4,"aadhaar, ration_card, address_proof",True,True,True
HH-04922,NS-1368,12200.0,3,", ration_card, ",False,False,True
HH-04923,NS-0317,8500.0,7,"aadhaar, ration_card, address_proof",True,True,True
HH-04924,NS-1388,18900.0,5,", ration_card, address_proof",False,False,True
HH-04925,NS-1309,13000.0,1,"aadhaar, ration_card, ",True,False,True
HH-04926,NS-0290,8800.0,4,"aadhaar, ration_card, ",True,False,True
HH-04927,NS-0858,4500.0,8,"aadhaar, ration_card, address_proof",True,True,True
HH-04928,NS-0501,12900.0,7,"aadhaar, , ",True,False,True
HH-04929,NS-1117,13800.0,3,"aadhaar, ration_card, ",True,False,True
HH-04930,NS-1098,23800.0,4,", ration_card, address_proof",False,True,True
HH-04931,NS-0348,15200.0,3,"aadhaar, ration_card, ",True,False,True
HH-04932,NS-0326,15000.0,1,"aadhaar, ration_card, address_proof",True,True,True
HH-04933,NS-1111,9800.0,8,"aadhaar, ration_card, address_proof",True,True,True
HH-04934,NS-0524,4400.0,4,"aadhaar, , ",True,False,True
HH-04935,NS-1336,10400.0,6,"aadhaar, , address_proof",True,True,True
HH-04936,NS-0227,14300.0,2,"aadhaar, , address_proof",True,True,True
HH-04937,NS-1420,5400.0,8,"aadhaar, ration_card, address_proof",True,True,True
HH-04938,NS-0974,17900.0,2,", , address_proof",False,True,True
HH-04939,NS-0655,18700.0,3,"aadhaar, ration_card, ",True,False,True
HH-04940,NS-0782,7600.0,6,"aadhaar, ration_card, address_proof",True,True,True
HH-04941,NS-1016,22600.0,3,"aadhaar, ration_card, address_proof",True,True,True
HH-04942,NS-1474,11500.0,2,"aadhaar, ration_card, ",True,False,True
HH-04943,NS-1372,24400.0,5,"aadhaar, ration_card, ",True,False,True
HH-04944,NS-1223,31900.0,3,"aadhaar, ration_card, address_proof",True,True,False
HH-04945,NS-1203,10900.0,1,"aadhaar, ration_card, address_proof",True,True,True
HH-04946,NS-0187,13900.0,2,"aadhaar, , address_proof",True,True,True
HH-04947,NS-0623,25400.0,3,"aadhaar, ration_card, address_proof",True,True,False
HH-04948,NS-1179,9600.0,3,"aadhaar, ration_card, address_proof",True,True,True
HH-04949,NS-0504,5600.0,1,"aadhaar, ration_card, ",True,False,True
HH-04950,NS-0039,18400.0,3,"aadhaar, ration_card, ",True,False,True
HH-04951,NS-0564,8400.0,1,"aadhaar, ration_card, address_proof",True,True,True
HH-04952,NS-0503,10500.0,5,"aadhaar, ration_card, address_proof",True,False,True
HH-04953,NS-1487,11600.0,7,"aadhaar, ration_card, address_proof",True,True,True
HH-04954,NS-1166,7100.0,5,"aadhaar, ration_card, address_proof",True,True,True
HH-04955,NS-0505,9900.0,8,"aadhaar, , ",True,False,True
HH-04956,NS-0177,26100.0,6,"aadhaar, ration_card, address_proof",True,True,False
HH-04957,NS-1311,27800.0,8,"aadhaar, ration_card, address_proof",True,True,False
HH-04958,NS-0252,14000.0,4,", ration_card, address_proof",False,True,True
HH-04959,NS-0341,4700.0,8,"aadhaar, , address_proof",True,True,True
HH-04960,NS-0679,22200.0,2,", ration_card, address_proof",False,True,True
HH-04961,NS-1060,22100.0,7,"aadhaar, ration_card, address_proof",True,True,True
HH-04962,NS-1025,14600.0,3,", ration_card, ",False,False,True
HH-04963,NS-1306,8100.0,5,"aadhaar, ration_card, ",True,False,True
HH-04964,NS-1239,33900.0,3,", ration_card, address_proof",False,True,False
HH-04965,NS-1394,9900.0,3,"aadhaar, ration_card, address_proof",True,True,True
HH-04966,NS-1098,15300.0,4,"aadhaar, , ",True,False,True
HH-04967,NS-1308,13300.0,7,"aadhaar, , ",True,False,True
HH-04968,NS-1215,13200.0,2,"aadhaar, ration_card, address_proof",True,True,True
HH-04969,NS-1466,7300.0,5,"aadhaar, ration_card, address_proof",True,True,True
HH-04970,NS-0766,6600.0,7,"aadhaar, ration_card, address_proof",True,True,True
HH-04971,NS-1500,19300.0,1,"aadhaar, ration_card, address_proof",True,False,True
HH-04972,NS-0827,14900.0,3,"aadhaar, ration_card, address_proof",True,True,True
HH-04973,NS-1174,15200.0,2,", ration_card, address_proof",False,True,True
HH-04974,NS-0258,24800.0,6,"aadhaar, ration_card, address_proof",True,True,True
HH-04975,NS-0670,7800.0,2,"aadhaar, ration_card, ",True,False,True
HH-04976,NS-1044,10800.0,8,"aadhaar, ration_card, address_proof",True,True,True
HH-04977,NS-0537,23400.0,7,"aadhaar, ration_card, address_proof",True,False,True
HH-04978,NS-0841,5900.0,6,", ration_card, address_proof",False,False,True
HH-04979,NS-0695,13500.0,3,"aadhaar, ration_card, address_proof",True,True,True
HH-04980,NS-0634,27000.0,6,"aadhaar, , address_proof",True,True,False
HH-04981,NS-0924,52800.0,2,"aadhaar, ration_card, ",False,False,False
HH-04982,NS-0751,13600.0,2,"aadhaar, ration_card, address_proof",True,True,True
HH-04983,NS-0921,20500.0,2,"aadhaar, ration_card, address_proof",True,True,True
HH-04984,NS-1350,8100.0,4,"aadhaar, ration_card, address_proof",True,True,True
HH-04985,NS-0983,8900.0,4,"aadhaar, ration_card, ",True,False,True
HH-04986,NS-0304,13800.0,5,"aadhaar, ration_card, address_proof",True,True,True
HH-04987,NS-0749,7100.0,7,"aadhaar, ration_card, address_proof",True,True,True
HH-04988,NS-0789,20600.0,1,", ration_card, address_proof",False,True,True
HH-04989,NS-0150,28800.0,7,"aadhaar, ration_card, ",True,False,False
HH-04990,NS-0251,23800.0,6,"aadhaar, ration_card, address_proof",True,True,True
HH-04991,NS-1129,17500.0,8,"aadhaar, , ",True,False,True
HH-04992,NS-0238,16000.0,7,"aadhaar, , address_proof",True,True,True
HH-04993,NS-0844,8300.0,3,"aadhaar, , address_proof",True,False,True
HH-04994,NS-1408,16200.0,6,"aadhaar, ration_card, address_proof",True,True,True
HH-04995,NS-0145,12000.0,3,"aadhaar, ration_card, ",True,False,True
HH-04996,NS-0984,8900.0,6,"aadhaar, , address_proof",True,True,True
HH-04997,NS-0784,8300.0,7,"aadhaar, ration_card, address_proof",True,True,True
HH-04998,NS-1293,14900.0,4,"aadhaar, ration_card, address_proof",True,True,True
HH-04999,NS-0516,4400.0,1,"aadhaar, ration_card, address_proof",True,True,True
HH-05000,NS-1462,11200.0,6,", ration_card, address_proof",False,True,True
HH-05001,NS-0424,10700.0,2,"aadhaar, ration_card, ",True,False,True
HH-05002,NS-1211,14300.0,6,"aadhaar, ration_card, ",True,False,True
HH-05003,NS-0480,39500.0,1,"aadhaar, ration_card, address_proof",True,True,False
HH-05004,NS-0340,26600.0,1,", ration_card, address_proof",False,True,False
HH-05005,NS-1275,21400.0,5,"aadhaar, , address_proof",True,True,True
HH-05006,NS-1055,8400.0,2,"aadhaar, ration_card, address_proof",True,True,True
HH-05007,NS-0409,8000.0,2,"aadhaar, ration_card, address_proof",True,True,True
HH-05008,NS-1350,7300.0,4,"aadhaar, ration_card, ",True,False,True
HH-05009,NS-0193,9200.0,3,", , address_proof",False,True,True
HH-05010,NS-0591,9300.0,1,"aadhaar, ration_card, ",True,False,True
HH-05011,NS-0699,9000.0,7,"aadhaar, ration_card, address_proof",True,True,True
HH-05012,NS-0520,8200.0,2,"aadhaar, , address_proof",True,True,True
HH-05013,NS-0688,12900.0,8,"aadhaar, , address_proof",True,True,True
HH-05014,NS-0022,16700.0,4,"aadhaar, ration_card, address_proof",True,True,True
HH-05015,NS-0821,10300.0,5,"aadhaar, ration_card, ",True,False,True
HH-05016,NS-1142,18700.0,6,", ration_card, address_proof",False,True,True
HH-05017,NS-0621,3700.0,3,"aadhaar, ration_card, address_proof",True,True,True
HH-05018,NS-0780,19500.0,8,"aadhaar, ration_card, ",True,False,True
HH-05019,NS-1417,6900.0,6,", ration_card, ",False,False,True
HH-05020,NS-0128,23300.0,6,"aadhaar, ration_card, address_proof",True,True,True
HH-05021,NS-1167,16300.0,8,", ration_card, ",False,False,True
HH-05022,NS-0420,11700.0,4,"aadhaar, ration_card, address_proof",True,True,True
HH-05023,NS-1321,8700.0,8,", ration_card, ",False,False,True
HH-05024,NS-0228,9700.0,6,", , address_proof",False,True,True
HH-05025,NS-0367,13000.0,2,"aadhaar, ration_card, address_proof",True,False,True
HH-05026,NS-1407,35800.0,8,"aadhaar, ration_card, address_proof",True,False,False
HH-05027,NS-1366,37800.0,7,"aadhaar, ration_card, address_proof",True,True,False
HH-05028,NS-1112,5600.0,6,"aadhaar, , ",True,False,True
HH-05029,NS-0284,42800.0,2,"aadhaar, ration_card, address_proof",True,True,False
HH-05030,NS-1179,25100.0,7,"aadhaar, ration_card, address_proof",True,True,False
HH-05031,NS-0321,16100.0,4,"aadhaar, ration_card, address_proof",True,True,True
HH-05032,NS-0979,7600.0,8,"aadhaar, ration_card, address_proof",True,True,True
HH-05033,NS-1299,26100.0,6,"aadhaar, ration_card, address_proof",True,True,False
HH-05034,NS-0457,8000.0,1,"aadhaar, ration_card, address_proof",True,True,True
HH-05035,NS-0602,11700.0,3,"aadhaar, ration_card, address_proof",True,False,True
HH-05036,NS-0944,33500.0,6,"aadhaar, ration_card, ",True,False,False
HH-05037,NS-0973,19200.0,1,"aadhaar, , address_proof",True,True,True
HH-05038,NS-1128,28000.0,3,"aadhaar, ration_card, ",True,False,False
HH-05039,NS-1289,23600.0,7,"aadhaar, , ",True,False,True
HH-05040,NS-0662,10100.0,8,"aadhaar, ration_card, address_proof",True,True,True
HH-05041,NS-1032,19400.0,6,"aadhaar, ration_card, ",True,False,True
HH-05042,NS-0202,26000.0,2,"aadhaar, ration_card, address_proof",True,True,False
HH-05043,NS-0460,8100.0,3,"aadhaar, ration_card, ",True,False,True
HH-05044,NS-0426,7400.0,5,"aadhaar, ration_card, ",True,False,True
HH-05045,NS-0990,25600.0,3,"aadhaar, ration_card, ",True,False,False
HH-05046,NS-0616,12900.0,2,"aadhaar, ration_card, address_proof",True,True,True
HH-05047,NS-0809,19400.0,2,"aadhaar, ration_card, ",True,False,True
HH-05048,NS-1121,7600.0,3,"aadhaar, ration_card, address_proof",True,True,True
HH-05049,NS-0413,15300.0,3,"aadhaar, ration_card, ",True,False,True
HH-05050,NS-1078,13900.0,2,"aadhaar, ration_card, ",True,False,True
HH-05051,NS-0354,14400.0,1,", ration_card, address_proof",False,False,True
HH-05052,NS-0739,11600.0,3,"aadhaar, ration_card, ",True,False,True
HH-05053,NS-0136,31600.0,2,"aadhaar, ration_card, ",True,False,False
HH-05054,NS-1157,18700.0,6,"aadhaar, ration_card, address_proof",True,True,True
HH-05055,NS-0996,9500.0,6,"aadhaar, ration_card, ",True,False,True
HH-05056,NS-1346,25000.0,4,", ration_card, address_proof",False,True,True
HH-05057,NS-1489,11000.0,6,"aadhaar, ration_card, ",True,False,True
HH-05058,NS-0760,31600.0,2,"aadhaar, ration_card, address_proof",True,True,False
HH-05059,NS-0829,9600.0,2,"aadhaar, ration_card, ",True,False,True
HH-05060,NS-1396,10800.0,1,"aadhaar, ration_card, ",True,False,True
HH-05061,NS-0512,5700.0,5,"aadhaar, , address_proof",True,True,True
HH-05062,NS-0364,7900.0,5,"aadhaar, ration_card, address_proof",True,True,True
HH-05063,NS-0657,11300.0,1,"aadhaar, ration_card, address_proof",True,True,True
HH-05064,NS-0242,19600.0,5,"aadhaar, ration_card, address_proof",True,False,True
HH-05065,NS-1210,24200.0,6,"aadhaar, ration_card, ",True,False,True
HH-05066,NS-0414,22000.0,1,"aadhaar, , address_proof",True,True,True
HH-05067,NS-1291,12900.0,4,"aadhaar, ration_card, ",True,False,True
HH-05068,NS-0635,10400.0,3,"aadhaar, ration_card, address_proof",True,True,True
HH-05069,NS-1055,7000.0,4,"aadhaar, ration_card, address_proof",True,True,True
HH-05070,NS-0631,8000.0,6,"aadhaar, ration_card, address_proof",True,True,True
HH-05071,NS-0138,17800.0,3,"aadhaar, ration_card, address_proof",True,True,True
HH-05072,NS-1222,10700.0,5,"aadhaar, ration_card, address_proof",True,False,True
HH-05073,NS-1089,5300.0,3,"aadhaar, ration_card, address_proof",True,True,True
HH-05074,NS-0602,28500.0,7,"aadhaar, ration_card, ",True,False,False
HH-05075,NS-1308,20800.0,8,"aadhaar, , address_proof",True,True,True
HH-05076,NS-0106,12300.0,3,"aadhaar, ration_card, ",True,False,True
HH-05077,NS-0514,4600.0,1,"aadhaar, , address_proof",True,True,True
HH-05078,NS-0692,12400.0,6,"aadhaar, ration_card, address_proof",True,True,True
HH-05079,NS-0582,30000.0,6,"aadhaar, , address_proof",True,False,False
HH-05080,NS-0180,3900.0,1,"aadhaar, ration_card, address_proof",True,True,True
HH-05081,NS-1141,12700.0,4,"aadhaar, ration_card, address_proof",True,True,True
HH-05082,NS-0506,28000.0,5,", ration_card, ",False,False,False
HH-05083,NS-0422,21100.0,7,"aadhaar, ration_card, ",True,False,True
HH-05084,NS-1004,31200.0,2,"aadhaar, ration_card, address_proof",True,True,False
HH-05085,NS-0719,18800.0,5,"aadhaar, , ",True,False,True
HH-05086,NS-1254,37900.0,6,"aadhaar, ration_card, ",True,False,False
HH-05087,NS-0794,22500.0,7,"aadhaar, , address_proof",True,True,True
HH-05088,NS-0305,8400.0,8,"aadhaar, ration_card, address_proof",True,False,True
HH-05089,NS-0544,21400.0,8,"aadhaar, , address_proof",True,True,True
HH-05090,NS-1173,15700.0,3,"aadhaar, ration_card, address_proof",True,True,True
HH-05091,NS-0739,36400.0,6,"aadhaar, ration_card, address_proof",True,True,False
HH-05092,NS-0767,16200.0,1,"aadhaar, ration_card, address_proof",True,True,True
HH-05093,NS-1401,8900.0,6,"aadhaar, ration_card, address_proof",True,True,True
HH-05094,NS-1138,5000.0,5,"aadhaar, ration_card, ",True,False,True
HH-05095,NS-0172,8700.0,4,"aadhaar, ration_card, ",True,False,True
HH-05096,NS-0792,35400.0,6,"aadhaar, ration_card, address_proof",True,True,False
HH-05097,NS-0888,9500.0,3,"aadhaar, ration_card, address_proof",True,True,True
HH-05098,NS-1035,11500.0,7,"aadhaar, ration_card, ",True,False,True
HH-05099,NS-1141,34600.0,8,"aadhaar, , ",True,False,False
HH-05100,NS-1162,16100.0,4,", ration_card, ",False,False,True
HH-05101,NS-1313,9300.0,4,", ration_card, ",False,False,True
HH-05102,NS-0700,5200.0,6,"aadhaar, ration_card, address_proof",True,True,True
HH-05103,NS-0958,18900.0,2,", ration_card, address_proof",False,True,True
HH-05104,NS-0489,12500.0,1,"aadhaar, , ",True,False,True
HH-05105,NS-0700,10200.0,3,", , address_proof",False,True,True
HH-05106,NS-1074,21300.0,2,"aadhaar, ration_card, address_proof",True,True,True
HH-05107,NS-0669,12900.0,8,", ration_card, address_proof",False,True,True
HH-05108,NS-0907,24000.0,5,"aadhaar, , address_proof",True,True,True
HH-05109,NS-0396,12100.0,4,"aadhaar, ration_card, address_proof",True,True,True
HH-05110,NS-0230,13300.0,7,", ration_card, address_proof",False,True,True
HH-05111,NS-0322,15100.0,7,"aadhaar, ration_card, address_proof",True,True,True
HH-05112,NS-1299,15300.0,8,"aadhaar, ration_card, ",True,False,True
HH-05113,NS-1462,49400.0,3,"aadhaar, ration_card, ",True,False,False
HH-05114,NS-1372,3000.0,6,", , ",False,False,True
HH-05115,NS-0299,11200.0,7,"aadhaar, ration_card, address_proof",True,True,True
HH-05116,NS-0330,8900.0,2,"aadhaar, ration_card, address_proof",True,True,True
HH-05117,NS-0644,10000.0,5,"aadhaar, ration_card, address_proof",True,True,True
HH-05118,NS-1265,7600.0,2,"aadhaar, ration_card, ",True,False,True
HH-05119,NS-0976,4100.0,8,"aadhaar, ration_card, address_proof",True,False,True
HH-05120,NS-0987,16000.0,8,"aadhaar, , address_proof",True,True,True
HH-05121,NS-0783,17600.0,2,"aadhaar, ration_card, ",True,False,True
HH-05122,NS-0145,8800.0,1,"aadhaar, , address_proof",True,True,True
HH-05123,NS-0053,13900.0,7,"aadhaar, , address_proof",True,True,True
HH-05124,NS-1169,8500.0,5,", ration_card, address_proof",False,True,True
HH-05125,NS-0117,11200.0,8,"aadhaar, , ",True,False,True
HH-05126,NS-0242,18800.0,4,"aadhaar, ration_card, address_proof",True,False,True
HH-05127,NS-1372,26100.0,2,"aadhaar, ration_card, address_proof",True,True,False
HH-05128,NS-1256,14500.0,1,"aadhaar, ration_card, address_proof",True,True,True
HH-05129,NS-0736,5300.0,6,"aadhaar, , address_proof",True,True,True
HH-05130,NS-0330,15300.0,7,"aadhaar, , address_proof",True,True,True
HH-05131,NS-0729,6000.0,6,"aadhaar, ration_card, address_proof",True,True,True
HH-05132,NS-0493,9700.0,2,"aadhaar, ration_card, address_proof",True,True,True
HH-05133,NS-0272,7900.0,6,"aadhaar, ration_card, ",True,False,True
HH-05134,NS-1370,4900.0,5,", , address_proof",False,True,True
HH-05135,NS-1071,12400.0,4,"aadhaar, ration_card, address_proof",True,True,True
HH-05136,NS-0950,8400.0,8,", ration_card, address_proof",False,True,True
HH-05137,NS-1347,33200.0,7,"aadhaar, ration_card, address_proof",True,True,False
HH-05138,NS-0722,7800.0,1,"aadhaar, ration_card, address_proof",True,True,True
HH-05139,NS-0806,13300.0,3,"aadhaar, ration_card, address_proof",True,True,True
HH-05140,NS-0174,23700.0,3,", , address_proof",False,True,True
HH-05141,NS-1043,16200.0,1,"aadhaar, ration_card, ",True,False,True
HH-05142,NS-0700,10500.0,2,"aadhaar, ration_card, address_proof",True,True,True
HH-05143,NS-0444,25800.0,1,"aadhaar, ration_card, address_proof",True,False,False
HH-05144,NS-0332,16700.0,5,"aadhaar, ration_card, address_proof",True,True,True
HH-05145,NS-1211,16200.0,6,"aadhaar, ration_card, address_proof",True,True,True
HH-05146,NS-0156,15200.0,7,"aadhaar, ration_card, address_proof",True,True,True
HH-05147,NS-0692,10000.0,5,"aadhaar, ration_card, ",True,False,True
HH-05148,NS-0443,7200.0,5,"aadhaar, ration_card, ",True,False,True
HH-05149,NS-1090,9200.0,2,"aadhaar, , address_proof",True,True,True
HH-05150,NS-0976,57500.0,1,"aadhaar, , address_proof",False,False,False
HH-05151,NS-0325,12500.0,3,"aadhaar, ration_card, address_proof",True,True,True
HH-05152,NS-1264,7500.0,2,"aadhaar, ration_card, address_proof",True,True,True
HH-05153,NS-1063,20800.0,5,", , ",False,False,True
HH-05154,NS-0010,6300.0,4,"aadhaar, ration_card, ",True,False,True
HH-05155,NS-0083,5100.0,5,"aadhaar, ration_card, address_proof",True,True,True
HH-05156,NS-1242,31300.0,1,"aadhaar, ration_card, address_proof",True,True,False
HH-05157,NS-0693,10200.0,7,"aadhaar, , ",True,False,True
HH-05158,NS-1181,21000.0,3,", ration_card, ",False,False,True
HH-05159,NS-0651,8900.0,8,"aadhaar, ration_card, ",True,False,True
HH-05160,NS-1073,15500.0,2,", ration_card, address_proof",False,False,True
HH-05161,NS-0956,15400.0,1,"aadhaar, ration_card, address_proof",True,False,True
HH-05162,NS-0926,7000.0,4,"aadhaar, , address_proof",True,False,True
HH-05163,NS-0336,49600.0,4,"aadhaar, ration_card, ",True,False,False
HH-05164,NS-1450,16000.0,1,"aadhaar, ration_card, address_proof",True,True,True
HH-05165,NS-0734,11500.0,1,"aadhaar, ration_card, ",True,False,True
HH-05166,NS-1492,23700.0,1,"aadhaar, ration_card, ",True,False,True
HH-05167,NS-0697,21800.0,5,"aadhaar, ration_card, ",True,False,True
HH-05168,NS-0094,10000.0,2,", ration_card, address_proof",False,False,True
HH-05169,NS-0418,6500.0,3,"aadhaar, ration_card, ",True,False,True
HH-05170,NS-0688,8300.0,7,"aadhaar, ration_card, address_proof",True,True,True
HH-05171,NS-0077,13600.0,8,"aadhaar, ration_card, ",True,False,True
HH-05172,NS-0569,11300.0,4,"aadhaar, ration_card, ",True,False,True
HH-05173,NS-0961,20100.0,7,", ration_card, address_proof",False,True,True
HH-05174,NS-1397,7900.0,8,"aadhaar, ration_card, ",True,False,True
HH-05175,NS-1088,22500.0,4,"aadhaar, ration_card, address_proof",True,True,True
HH-05176,NS-0125,10400.0,7,"aadhaar, ration_card, address_proof",True,True,True
HH-05177,NS-1107,7000.0,2,"aadhaar, ration_card, address_proof",True,True,True
HH-05178,NS-0533,9100.0,1,", ration_card, address_proof",False,True,True
HH-05179,NS-0418,23000.0,1,"aadhaar, ration_card, address_proof",True,True,True
HH-05180,NS-1153,21200.0,5,"aadhaar, ration_card, address_proof",True,True,True
HH-05181,NS-0329,6200.0,2,"aadhaar, ration_card, ",True,False,True
HH-05182,NS-1206,19300.0,3,"aadhaar, ration_card, address_proof",True,True,True
HH-05183,NS-0153,26800.0,6,"aadhaar, ration_card, address_proof",True,False,False
HH-05184,NS-1140,8800.0,4,"aadhaar, ration_card, address_proof",True,False,True
HH-05185,NS-1318,11000.0,3,"aadhaar, ration_card, ",True,False,True
HH-05186,NS-1316,18900.0,7,"aadhaar, ration_card, address_proof",True,True,True
HH-05187,NS-0639,5400.0,7,"aadhaar, ration_card, address_proof",True,True,True
HH-05188,NS-0820,5700.0,5,", ration_card, ",False,False,True
HH-05189,NS-0532,26300.0,5,"aadhaar, ration_card, address_proof",True,True,False
HH-05190,NS-0360,5700.0,5,"aadhaar, ration_card, ",True,False,True
HH-05191,NS-0592,33600.0,3,"aadhaar, ration_card, address_proof",True,True,False
HH-05192,NS-0709,4800.0,4,"aadhaar, ration_card, ",True,False,True
HH-05193,NS-0707,9500.0,1,"aadhaar, ration_card, ",True,False,True
HH-05194,NS-0824,15100.0,1,", ration_card, address_proof",False,True,True
HH-05195,NS-1120,16200.0,3,"aadhaar, ration_card, ",True,False,True
HH-05196,NS-1146,12400.0,4,"aadhaar, ration_card, address_proof",True,True,True
HH-05197,NS-0506,16800.0,1,"aadhaar, , ",True,False,True
HH-05198,NS-0156,21100.0,6,"aadhaar, ration_card, ",True,False,True
HH-05199,NS-0897,15900.0,2,"aadhaar, ration_card, address_proof",True,True,True
HH-05200,NS-1384,9700.0,7,"aadhaar, , ",True,False,True
HH-05201,NS-1254,23500.0,2,"aadhaar, ration_card, ",True,False,True
HH-05202,NS-1007,11200.0,8,"aadhaar, ration_card, ",True,False,True
HH-05203,NS-0381,34500.0,6,"aadhaar, ration_card, address_proof",True,True,False
HH-05204,NS-0847,7300.0,6,"aadhaar, ration_card, address_proof",True,True,True
HH-05205,NS-1132,32700.0,1,"aadhaar, ration_card, address_proof",True,False,False
HH-05206,NS-1206,7400.0,3,"aadhaar, , address_proof",True,True,True
HH-05207,NS-1069,13700.0,6,"aadhaar, , address_proof",True,True,True
HH-05208,NS-0370,13200.0,6,"aadhaar, ration_card, address_proof",True,True,True
HH-05209,NS-1276,16400.0,1,"aadhaar, ration_card, address_proof",True,True,True
HH-05210,NS-0046,17200.0,7,"aadhaar, ration_card, address_proof",True,True,True
HH-05211,NS-1272,13800.0,4,"aadhaar, , ",True,False,True
HH-05212,NS-1124,11000.0,4,"aadhaar, ration_card, address_proof",True,True,True
HH-05213,NS-1101,14000.0,8,"aadhaar, ration_card, address_proof",True,True,True
HH-05214,NS-1229,11600.0,4,", ration_card, address_proof",False,False,True
HH-05215,NS-1422,10000.0,3,"aadhaar, ration_card, address_proof",True,True,True
HH-05216,NS-0808,10700.0,1,"aadhaar, ration_card, ",True,False,True
HH-05217,NS-0043,7900.0,3,"aadhaar, ration_card, ",True,False,True
HH-05218,NS-0453,4800.0,7,"aadhaar, ration_card, ",True,False,True
HH-05219,NS-1272,23100.0,2,"aadhaar, ration_card, address_proof",True,True,True
HH-05220,NS-0840,9500.0,7,", ration_card, address_proof",False,True,True
HH-05221,NS-1344,15800.0,1,"aadhaar, ration_card, ",True,False,True
HH-05222,NS-0671,18400.0,3,"aadhaar, , address_proof",True,True,True
HH-05223,NS-0995,42200.0,8,"aadhaar, ration_card, ",True,False,False
HH-05224,NS-0117,12900.0,8,"aadhaar, , ",True,False,True
HH-05225,NS-1062,18600.0,4,"aadhaar, , address_proof",True,True,True
HH-05226,NS-0584,19400.0,6,"aadhaar, ration_card, address_proof",True,True,True
HH-05227,NS-0174,8000.0,7,"aadhaar, ration_card, address_proof",True,True,True
HH-05228,NS-0655,9600.0,8,"aadhaar, , address_proof",True,True,True
HH-05229,NS-1120,5900.0,3,"aadhaar, ration_card, address_proof",True,False,True
HH-05230,NS-0807,21500.0,4,"aadhaar, ration_card, address_proof",True,True,True
HH-05231,NS-0645,23500.0,2,"aadhaar, ration_card, address_proof",True,True,True
HH-05232,NS-0401,16700.0,1,"aadhaar, ration_card, ",True,False,True
HH-05233,NS-1339,38600.0,5,", ration_card, address_proof",False,True,False
HH-05234,NS-0443,8100.0,8,"aadhaar, ration_card, ",True,False,True
HH-05235,NS-1448,14300.0,5,"aadhaar, ration_card, address_proof",True,True,True
HH-05236,NS-0271,18200.0,8,", ration_card, address_proof",False,True,True
HH-05237,NS-0459,13300.0,8,"aadhaar, ration_card, address_proof",True,True,True
HH-05238,NS-1144,18800.0,4,"aadhaar, ration_card, address_proof",True,True,True
HH-05239,NS-0142,8900.0,7,"aadhaar, ration_card, address_proof",True,True,True
HH-05240,NS-0762,23400.0,4,"aadhaar, , address_proof",True,True,True
HH-05241,NS-1005,20300.0,7,"aadhaar, ration_card, ",True,False,True
HH-05242,NS-1183,13000.0,7,"aadhaar, ration_card, address_proof",True,True,True
HH-05243,NS-0368,41700.0,7,"aadhaar, , address_proof",True,True,False
HH-05244,NS-0867,8700.0,5,", , address_proof",False,True,True
HH-05245,NS-1460,19700.0,4,"aadhaar, ration_card, address_proof",True,True,True
HH-05246,NS-1218,12800.0,3,"aadhaar, ration_card, address_proof",True,True,True
HH-05247,NS-0551,15800.0,1,"aadhaar, ration_card, address_proof",True,True,True
HH-05248,NS-1059,9100.0,2,"aadhaar, ration_card, ",True,False,True
HH-05249,NS-0775,9400.0,8,"aadhaar, ration_card, address_proof",True,True,True
HH-05250,NS-0466,10900.0,6,"aadhaar, ration_card, address_proof",True,True,True
HH-05251,NS-0454,14500.0,2,"aadhaar, ration_card, address_proof",True,True,True
HH-05252,NS-0404,3300.0,8,"aadhaar, ration_card, ",True,False,True
HH-05253,NS-0535,28400.0,4,"aadhaar, ration_card, address_proof",True,True,False
HH-05254,NS-0714,12400.0,4,"aadhaar, ration_card, address_proof",True,True,True
HH-05255,NS-1426,24100.0,5,"aadhaar, ration_card, address_proof",True,True,True
HH-05256,NS-0949,33000.0,7,"aadhaar, , address_proof",True,False,False
HH-05257,NS-0807,6500.0,1,"aadhaar, ration_card, ",True,False,True
HH-05258,NS-0801,12900.0,6,", ration_card, address_proof",False,True,True
HH-05259,NS-0177,14700.0,2,"aadhaar, ration_card, ",True,False,True
HH-05260,NS-0565,15300.0,6,"aadhaar, ration_card, address_proof",True,False,True
HH-05261,NS-0166,9900.0,2,"aadhaar, ration_card, ",True,False,True
HH-05262,NS-1359,10900.0,2,"aadhaar, ration_card, address_proof",True,True,True
HH-05263,NS-0392,6900.0,4,"aadhaar, , address_proof",True,True,True
HH-05264,NS-1290,13500.0,2,"aadhaar, ration_card, address_proof",True,True,True
HH-05265,NS-0705,25400.0,5,"aadhaar, , address_proof",True,True,False
HH-05266,NS-0359,12000.0,5,"aadhaar, , address_proof",True,True,True
HH-05267,NS-1393,13100.0,5,"aadhaar, ration_card, address_proof",True,False,True
HH-05268,NS-0355,15700.0,2,"aadhaar, ration_card, ",True,False,True
HH-05269,NS-0552,5000.0,6,"aadhaar, ration_card, address_proof",True,True,True
HH-05270,NS-1460,10100.0,1,"aadhaar, ration_card, address_proof",True,True,True
HH-05271,NS-0991,18900.0,8,", ration_card, ",False,False,True
HH-05272,NS-1432,24100.0,2,"aadhaar, ration_card, ",True,False,True
HH-05273,NS-1406,14700.0,1,"aadhaar, ration_card, address_proof",True,True,True
HH-05274,NS-1392,20400.0,5,"aadhaar, ration_card, address_proof",True,True,True
HH-05275,NS-0327,20200.0,6,"aadhaar, ration_card, address_proof",True,True,True
HH-05276,NS-0597,30900.0,4,"aadhaar, ration_card, address_proof",True,True,False
HH-05277,NS-1374,19000.0,4,"aadhaar, , address_proof",True,True,True
HH-05278,NS-0767,19500.0,3,"aadhaar, ration_card, address_proof",True,True,True
HH-05279,NS-0774,37100.0,2,"aadhaar, ration_card, address_proof",True,True,False
HH-05280,NS-1442,18100.0,8,"aadhaar, , address_proof",True,True,True
HH-05281,NS-1306,9200.0,7,"aadhaar, ration_card, ",True,False,True
HH-05282,NS-0955,13700.0,1,"aadhaar, , address_proof",True,True,True
HH-05283,NS-1456,5200.0,2,"aadhaar, , address_proof",True,True,True
HH-05284,NS-1110,13500.0,6,"aadhaar, ration_card, ",True,False,True
HH-05285,NS-0649,10400.0,1,"aadhaar, ration_card, address_proof",True,True,True
HH-05286,NS-0675,52800.0,7,"aadhaar, , ",False,False,False
HH-05287,NS-0676,20300.0,4,"aadhaar, ration_card, address_proof",True,True,True
HH-05288,NS-0411,9900.0,3,"aadhaar, ration_card, address_proof",True,True,True
HH-05289,NS-0712,5600.0,6,"aadhaar, , ",True,False,True
HH-05290,NS-0836,6100.0,3,"aadhaar, ration_card, address_proof",True,True,True
HH-05291,NS-0610,16900.0,3,"aadhaar, ration_card, ",True,False,True
HH-05292,NS-0197,13500.0,7,"aadhaar, ration_card, address_proof",True,False,True
HH-05293,NS-0077,6600.0,7,"aadhaar, , address_proof",True,False,True
HH-05294,NS-1097,31000.0,3,"aadhaar, ration_card, address_proof",True,True,False
HH-05295,NS-0329,14300.0,6,"aadhaar, ration_card, ",True,False,True
HH-05296,NS-0958,20400.0,6,"aadhaar, , ",True,False,True
HH-05297,NS-0289,7700.0,6,"aadhaar, , address_proof",True,True,True
HH-05298,NS-0889,10700.0,3,"aadhaar, , address_proof",True,True,True
HH-05299,NS-1266,9200.0,5,"aadhaar, ration_card, address_proof",True,True,True
HH-05300,NS-1341,6300.0,7,"aadhaar, ration_card, address_proof",True,False,True
HH-05301,NS-1224,9900.0,3,", ration_card, address_proof",False,True,True
HH-05302,NS-0737,6200.0,4,", ration_card, ",False,False,True
HH-05303,NS-1415,19700.0,3,"aadhaar, ration_card, ",True,False,True
HH-05304,NS-1340,13500.0,2,"aadhaar, ration_card, address_proof",True,True,True
HH-05305,NS-0731,5400.0,8,"aadhaar, ration_card, address_proof",True,True,True
HH-05306,NS-0658,20200.0,8,", ration_card, address_proof",False,True,True
HH-05307,NS-0047,10800.0,3,"aadhaar, ration_card, address_proof",True,False,True
HH-05308,NS-1290,16100.0,5,"aadhaar, ration_card, ",True,False,True
HH-05309,NS-1000,14600.0,4,"aadhaar, ration_card, ",True,False,True
HH-05310,NS-1311,10600.0,8,"aadhaar, , address_proof",True,True,True
HH-05311,NS-1271,9300.0,2,"aadhaar, ration_card, address_proof",True,False,True
HH-05312,NS-0516,8000.0,3,"aadhaar, , ",True,False,True
HH-05313,NS-0308,16300.0,7,"aadhaar, , address_proof",True,False,True
HH-05314,NS-0338,33200.0,6,"aadhaar, ration_card, ",True,False,False
HH-05315,NS-0418,8800.0,7,"aadhaar, ration_card, address_proof",True,True,True
HH-05316,NS-0450,19000.0,8,"aadhaar, ration_card, address_proof",True,True,True
HH-05317,NS-1381,18700.0,4,"aadhaar, ration_card, address_proof",True,True,True
HH-05318,NS-0434,7700.0,6,"aadhaar, ration_card, ",True,False,True
HH-05319,NS-0169,35700.0,7,"aadhaar, ration_card, address_proof",True,True,False
HH-05320,NS-1036,20900.0,7,"aadhaar, , address_proof",True,False,True
HH-05321,NS-1258,13000.0,2,"aadhaar, , ",True,False,True
HH-05322,NS-1464,18700.0,3,"aadhaar, , address_proof",True,True,True
HH-05323,NS-1276,9300.0,5,", , address_proof",False,True,True
HH-05324,NS-1060,9000.0,4,"aadhaar, ration_card, ",True,False,True
HH-05325,NS-0272,10900.0,7,"aadhaar, , ",True,False,True
HH-05326,NS-0842,11100.0,2,"aadhaar, ration_card, ",True,False,True
HH-05327,NS-0022,23300.0,1,"aadhaar, ration_card, ",True,False,True
HH-05328,NS-0318,47100.0,5,"aadhaar, ration_card, address_proof",True,False,False
HH-05329,NS-0876,10400.0,8,", ration_card, ",False,False,True
HH-05330,NS-1261,6400.0,6,"aadhaar, , ",True,False,True
HH-05331,NS-1003,30600.0,1,"aadhaar, ration_card, ",True,False,False
HH-05332,NS-1309,6400.0,7,"aadhaar, ration_card, ",True,False,True
HH-05333,NS-0789,10100.0,1,"aadhaar, ration_card, address_proof",True,True,True
HH-05334,NS-1086,16400.0,1,"aadhaar, ration_card, address_proof",True,True,True
HH-05335,NS-0845,13200.0,4,"aadhaar, ration_card, address_proof",True,True,True
HH-05336,NS-1429,9100.0,6,"aadhaar, ration_card, ",True,False,True
HH-05337,NS-1170,6300.0,3,"aadhaar, ration_card, ",True,False,True
HH-05338,NS-0919,33900.0,4,"aadhaar, , ",True,False,False
HH-05339,NS-0911,12500.0,7,"aadhaar, ration_card, address_proof",True,True,True
HH-05340,NS-1473,18600.0,5,"aadhaar, , address_proof",True,True,True
HH-05341,NS-0673,13900.0,5,"aadhaar, ration_card, address_proof",True,True,True
HH-05342,NS-1388,10200.0,5,"aadhaar, ration_card, ",True,False,True
HH-05343,NS-0364,6500.0,7,"aadhaar, ration_card, ",True,False,True
HH-05344,NS-1328,14900.0,1,"aadhaar, ration_card, ",True,False,True
HH-05345,NS-1110,24700.0,1,"aadhaar, ration_card, ",True,False,True
HH-05346,NS-1242,16400.0,8,"aadhaar, ration_card, address_proof",True,True,True
HH-05347,NS-0572,11900.0,5,"aadhaar, ration_card, ",True,False,True
HH-05348,NS-1243,15300.0,7,"aadhaar, ration_card, ",True,False,True
HH-05349,NS-0249,30100.0,2,"aadhaar, ration_card, ",True,False,False
HH-05350,NS-0304,13400.0,2,"aadhaar, ration_card, ",True,False,True
HH-05351,NS-0571,8000.0,1,"aadhaar, , address_proof",True,True,True
HH-05352,NS-0658,7400.0,8,"aadhaar, , ",True,False,True
HH-05353,NS-1354,6100.0,8,"aadhaar, ration_card, ",True,False,True
HH-05354,NS-1103,11900.0,8,"aadhaar, ration_card, ",True,False,True
HH-05355,NS-0440,10600.0,2,"aadhaar, ration_card, ",True,False,True
HH-05356,NS-0320,10700.0,3,"aadhaar, ration_card, ",True,False,True
HH-05357,NS-0018,8000.0,3,"aadhaar, ration_card, ",True,False,True
HH-05358,NS-0756,9100.0,8,"aadhaar, ration_card, address_proof",True,True,True
HH-05359,NS-1140,12500.0,3,"aadhaar, , address_proof",True,False,True
HH-05360,NS-0225,16600.0,6,"aadhaar, ration_card, address_proof",True,False,True
HH-05361,NS-0922,21500.0,3,"aadhaar, , ",True,False,True
HH-05362,NS-0821,13300.0,7,"aadhaar, ration_card, ",True,False,True
HH-05363,NS-1000,8900.0,2,"aadhaar, , address_proof",True,True,True
HH-05364,NS-0563,28100.0,7,", ration_card, address_proof",False,True,False
HH-05365,NS-0758,24900.0,3,"aadhaar, ration_card, address_proof",True,False,True
HH-05366,NS-0217,21500.0,3,"aadhaar, ration_card, address_proof",True,True,True
HH-05367,NS-0703,11800.0,1,"aadhaar, ration_card, address_proof",True,True,True
HH-05368,NS-1250,11400.0,5,"aadhaar, ration_card, ",True,False,True
HH-05369,NS-0349,4300.0,8,"aadhaar, , ",True,False,True
HH-05370,NS-0543,5600.0,2,"aadhaar, ration_card, address_proof",True,True,True
HH-05371,NS-1087,9800.0,2,"aadhaar, ration_card, ",True,False,True
HH-05372,NS-0675,13200.0,6,"aadhaar, ration_card, address_proof",True,False,True
HH-05373,NS-0233,15400.0,6,"aadhaar, , ",True,False,True
HH-05374,NS-0052,14700.0,8,"aadhaar, ration_card, ",True,False,True
HH-05375,NS-0659,12800.0,7,", ration_card, ",False,False,True
HH-05376,NS-0167,20500.0,5,"aadhaar, ration_card, address_proof",True,True,True
HH-05377,NS-1444,5400.0,8,"aadhaar, ration_card, address_proof",True,False,True
HH-05378,NS-1100,17800.0,1,"aadhaar, ration_card, address_proof",True,True,True
HH-05379,NS-1271,20900.0,1,"aadhaar, , address_proof",True,False,True
HH-05380,NS-0488,24800.0,3,"aadhaar, , address_proof",True,True,True
HH-05381,NS-0388,15100.0,8,"aadhaar, ration_card, ",True,False,True
HH-05382,NS-0154,14200.0,6,"aadhaar, , address_proof",True,True,True
HH-05383,NS-0787,35500.0,1,"aadhaar, ration_card, ",True,False,False
HH-05384,NS-1239,9400.0,3,"aadhaar, ration_card, ",True,False,True
HH-05385,NS-0938,15500.0,1,"aadhaar, ration_card, address_proof",True,True,True
HH-05386,NS-0253,12900.0,6,"aadhaar, ration_card, address_proof",True,True,True
HH-05387,NS-1255,14900.0,7,"aadhaar, ration_card, address_proof",True,True,True
HH-05388,NS-0739,14300.0,6,"aadhaar, ration_card, ",True,False,True
HH-05389,NS-0636,10900.0,6,"aadhaar, , address_proof",True,False,True
HH-05390,NS-0847,8000.0,1,"aadhaar, ration_card, address_proof",True,True,True
HH-05391,NS-1462,12300.0,1,"aadhaar, ration_card, address_proof",True,True,True
HH-05392,NS-1271,21600.0,7,"aadhaar, ration_card, address_proof",True,False,True
HH-05393,NS-1101,14100.0,7,"aadhaar, ration_card, address_proof",True,True,True
HH-05394,NS-0994,15400.0,1,"aadhaar, ration_card, address_proof",True,True,True
HH-05395,NS-0696,18900.0,5,"aadhaar, , address_proof",True,True,True
HH-05396,NS-0893,10600.0,1,"aadhaar, ration_card, address_proof",True,True,True
HH-05397,NS-0076,11600.0,5,"aadhaar, ration_card, address_proof",True,True,True
HH-05398,NS-0399,31700.0,1,", ration_card, address_proof",False,True,False
HH-05399,NS-0957,11400.0,6,"aadhaar, ration_card, ",True,False,True
HH-05400,NS-0260,22600.0,7,"aadhaar, , ",True,False,True
HH-05401,NS-0798,7600.0,7,"aadhaar, , address_proof",True,True,True
HH-05402,NS-1115,15200.0,4,"aadhaar, ration_card, address_proof",True,True,True
HH-05403,NS-0831,20900.0,6,"aadhaar, ration_card, address_proof",True,True,True
HH-05404,NS-0092,6700.0,8,"aadhaar, , address_proof",True,True,True
HH-05405,NS-1499,21500.0,1,"aadhaar, ration_card, address_proof",True,True,True
HH-05406,NS-0012,8500.0,5,"aadhaar, ration_card, ",True,False,True
HH-05407,NS-0919,17400.0,2,"aadhaar, , address_proof",True,False,True
HH-05408,NS-0045,11500.0,6,"aadhaar, ration_card, address_proof",True,True,True
HH-05409,NS-0387,11400.0,7,"aadhaar, ration_card, address_proof",True,False,True
HH-05410,NS-0588,23300.0,1,"aadhaar, ration_card, address_proof",True,True,True
HH-05411,NS-0994,15300.0,6,"aadhaar, ration_card, address_proof",True,True,True
HH-05412,NS-0590,26900.0,4,"aadhaar, ration_card, address_proof",True,False,False
HH-05413,NS-0487,30600.0,7,"aadhaar, ration_card, ",True,False,False
HH-05414,NS-1444,13500.0,4,"aadhaar, ration_card, address_proof",True,False,True
HH-05415,NS-0655,18900.0,3,", ration_card, ",False,False,True
HH-05416,NS-0555,11600.0,4,"aadhaar, ration_card, ",True,False,True
HH-05417,NS-0395,29100.0,3,", ration_card, address_proof",False,False,False
HH-05418,NS-1349,14800.0,2,", ration_card, address_proof",False,True,True
HH-05419,NS-0544,20300.0,3,"aadhaar, ration_card, address_proof",True,True,True
HH-05420,NS-0890,12400.0,4,"aadhaar, ration_card, address_proof",True,True,True
HH-05421,NS-1035,30900.0,8,"aadhaar, ration_card, ",True,False,False
HH-05422,NS-0014,8900.0,8,"aadhaar, ration_card, address_proof",True,False,True
HH-05423,NS-1335,12100.0,2,"aadhaar, ration_card, ",True,False,True
HH-05424,NS-1475,10200.0,3,"aadhaar, ration_card, address_proof",True,True,True
HH-05425,NS-0858,3700.0,4,", ration_card, ",False,False,True
HH-05426,NS-0452,7000.0,3,"aadhaar, ration_card, ",True,False,True
HH-05427,NS-0804,27400.0,1,"aadhaar, ration_card, address_proof",True,False,False
HH-05428,NS-0172,7400.0,5,"aadhaar, ration_card, address_proof",True,True,True
HH-05429,NS-0942,9000.0,8,"aadhaar, , address_proof",True,True,True
HH-05430,NS-0688,9100.0,7,", ration_card, address_proof",False,True,True
HH-05431,NS-0833,8900.0,5,", , address_proof",False,True,True
HH-05432,NS-0715,14000.0,6,"aadhaar, ration_card, address_proof",True,False,True
HH-05433,NS-0508,11000.0,5,"aadhaar, ration_card, address_proof",True,True,True
HH-05434,NS-0380,4600.0,4,"aadhaar, ration_card, address_proof",True,True,True
HH-05435,NS-0786,23600.0,6,"aadhaar, , ",True,False,True
HH-05436,NS-1432,37900.0,4,"aadhaar, ration_card, address_proof",True,True,False
HH-05437,NS-0509,14500.0,6,"aadhaar, ration_card, ",True,False,True
HH-05438,NS-0296,7200.0,2,"aadhaar, ration_card, address_proof",True,False,True
HH-05439,NS-1227,16000.0,1,"aadhaar, ration_card, address_proof",True,False,True
HH-05440,NS-1297,15100.0,3,"aadhaar, , address_proof",True,False,True
HH-05441,NS-0152,24500.0,8,"aadhaar, , address_proof",True,False,True
HH-05442,NS-0514,14600.0,1,"aadhaar, ration_card, address_proof",True,True,True
HH-05443,NS-0243,17400.0,7,", ration_card, ",False,False,True
HH-05444,NS-1445,14900.0,6,"aadhaar, , address_proof",True,True,True
HH-05445,NS-0024,15100.0,5,"aadhaar, ration_card, address_proof",True,True,True
HH-05446,NS-0449,8900.0,2,"aadhaar, , ",True,False,True
HH-05447,NS-1096,11500.0,7,"aadhaar, ration_card, address_proof",True,True,True
HH-05448,NS-0891,17300.0,3,"aadhaar, , address_proof",True,True,True
HH-05449,NS-1138,34300.0,6,", ration_card, address_proof",False,True,False
HH-05450,NS-0815,13800.0,4,"aadhaar, ration_card, address_proof",True,True,True
HH-05451,NS-0724,26300.0,3,"aadhaar, ration_card, address_proof",True,True,False
HH-05452,NS-0821,20400.0,3,"aadhaar, ration_card, address_proof",True,True,True
HH-05453,NS-0836,27500.0,2,"aadhaar, ration_card, ",True,False,False
HH-05454,NS-0277,7800.0,4,"aadhaar, , address_proof",True,True,True
HH-05455,NS-0699,20300.0,2,"aadhaar, ration_card, address_proof",True,True,True
HH-05456,NS-0673,7900.0,7,"aadhaar, ration_card, ",True,False,True
HH-05457,NS-0720,3500.0,8,"aadhaar, ration_card, ",True,False,True
HH-05458,NS-0767,8300.0,6,"aadhaar, ration_card, ",True,False,True
HH-05459,NS-0437,14200.0,8,"aadhaar, ration_card, address_proof",True,True,True
HH-05460,NS-0518,13800.0,8,"aadhaar, ration_card, address_proof",True,True,True
HH-05461,NS-0883,7100.0,7,"aadhaar, ration_card, ",True,False,True
HH-05462,NS-0981,10300.0,5,"aadhaar, ration_card, address_proof",True,True,True
HH-05463,NS-0451,9000.0,7,"aadhaar, , ",True,False,True
HH-05464,NS-0107,18900.0,7,"aadhaar, , ",True,False,True
HH-05465,NS-0358,9500.0,7,"aadhaar, , address_proof",True,False,True
HH-05466,NS-1269,6600.0,3,"aadhaar, , ",True,False,True
HH-05467,NS-1471,30000.0,1,"aadhaar, , ",True,False,False
HH-05468,NS-0135,14000.0,5,"aadhaar, , ",True,False,True
HH-05469,NS-1237,16700.0,2,"aadhaar, ration_card, address_proof",True,True,True
HH-05470,NS-1254,43400.0,7,"aadhaar, ration_card, ",True,False,False
HH-05471,NS-0080,32600.0,5,"aadhaar, ration_card, address_proof",True,False,False
HH-05472,NS-0777,4800.0,1,"aadhaar, ration_card, ",True,False,True
HH-05473,NS-0070,14200.0,1,", ration_card, ",False,False,True
HH-05474,NS-0405,26000.0,1,"aadhaar, ration_card, address_proof",True,True,False
HH-05475,NS-1415,14600.0,5,"aadhaar, ration_card, ",True,False,True
HH-05476,NS-0785,15900.0,5,"aadhaar, ration_card, address_proof",True,True,True
HH-05477,NS-0047,23900.0,8,"aadhaar, ration_card, address_proof",True,False,True
HH-05478,NS-0186,4800.0,3,"aadhaar, ration_card, address_proof",True,False,True
HH-05479,NS-0580,13700.0,7,"aadhaar, ration_card, address_proof",True,True,True
HH-05480,NS-0798,12000.0,5,"aadhaar, , address_proof",True,True,True
HH-05481,NS-1073,22000.0,7,"aadhaar, ration_card, address_proof",True,False,True
HH-05482,NS-0601,3000.0,4,"aadhaar, ration_card, address_proof",True,True,True
HH-05483,NS-0499,3600.0,1,"aadhaar, ration_card, address_proof",True,True,True
HH-05484,NS-0816,10000.0,2,"aadhaar, , address_proof",True,True,True
HH-05485,NS-0881,42800.0,6,"aadhaar, ration_card, address_proof",True,True,False
HH-05486,NS-1150,16500.0,2,"aadhaar, ration_card, address_proof",True,True,True
HH-05487,NS-0334,34400.0,3,"aadhaar, ration_card, address_proof",True,True,False
HH-05488,NS-0118,30600.0,1,"aadhaar, ration_card, ",True,False,False
HH-05489,NS-0729,19500.0,2,", ration_card, ",False,False,True
HH-05490,NS-0292,11300.0,6,"aadhaar, ration_card, ",True,False,True
HH-05491,NS-0236,3700.0,1,"aadhaar, ration_card, address_proof",True,True,True
HH-05492,NS-0682,20200.0,1,"aadhaar, ration_card, address_proof",True,True,True
HH-05493,NS-0480,34200.0,8,"aadhaar, ration_card, ",True,False,False
HH-05494,NS-1021,12800.0,7,"aadhaar, , ",True,False,True
HH-05495,NS-0099,16700.0,8,"aadhaar, ration_card, address_proof",True,True,True
HH-05496,NS-0115,27000.0,7,"aadhaar, , address_proof",True,False,False
HH-05497,NS-0760,10100.0,3,"aadhaar, ration_card, address_proof",True,True,True
HH-05498,NS-0540,35700.0,2,", ration_card, address_proof",False,True,False
HH-05499,NS-0296,18800.0,5,"aadhaar, , address_proof",True,False,True
HH-05500,NS-0384,7100.0,3,", ration_card, ",False,False,True
HH-05501,NS-0794,11100.0,6,", ration_card, ",False,False,True
HH-05502,NS-1101,39100.0,1,"aadhaar, ration_card, address_proof",True,True,False
HH-05503,NS-1251,15200.0,4,"aadhaar, ration_card, ",True,False,True
HH-05504,NS-0224,19800.0,3,"aadhaar, ration_card, ",True,False,True
HH-05505,NS-0483,7700.0,3,", ration_card, address_proof",False,True,True
HH-05506,NS-0102,11100.0,5,"aadhaar, ration_card, address_proof",True,True,True
HH-05507,NS-0296,16400.0,5,", ration_card, ",False,False,True
HH-05508,NS-0578,5800.0,1,"aadhaar, ration_card, ",True,False,True
HH-05509,NS-1295,8200.0,8,"aadhaar, ration_card, address_proof",True,True,True
HH-05510,NS-0945,8100.0,8,"aadhaar, ration_card, ",True,False,True
HH-05511,NS-1300,11800.0,5,"aadhaar, ration_card, address_proof",True,True,True
HH-05512,NS-0695,5500.0,7,"aadhaar, ration_card, ",True,False,True
HH-05513,NS-1175,11200.0,8,"aadhaar, ration_card, address_proof",True,True,True
HH-05514,NS-0864,13800.0,3,"aadhaar, ration_card, address_proof",True,True,True
HH-05515,NS-0676,12000.0,3,"aadhaar, ration_card, address_proof",True,True,True
HH-05516,NS-0112,17900.0,3,", , address_proof",False,True,True
HH-05517,NS-0111,9100.0,3,"aadhaar, , address_proof",True,True,True
HH-05518,NS-0621,9200.0,7,"aadhaar, ration_card, address_proof",True,True,True
HH-05519,NS-0722,5700.0,7,"aadhaar, ration_card, address_proof",True,True,True
HH-05520,NS-0737,5800.0,2,"aadhaar, ration_card, ",True,False,True
HH-05521,NS-1363,7500.0,1,"aadhaar, ration_card, address_proof",True,True,True
HH-05522,NS-0684,16900.0,4,"aadhaar, ration_card, address_proof",True,True,True
HH-05523,NS-1207,14800.0,2,"aadhaar, ration_card, address_proof",True,True,True
HH-05524,NS-1479,16400.0,6,"aadhaar, ration_card, ",True,False,True
HH-05525,NS-0677,16500.0,1,"aadhaar, ration_card, ",True,False,True
HH-05526,NS-1120,10600.0,7,"aadhaar, ration_card, ",True,False,True
HH-05527,NS-0292,21700.0,1,"aadhaar, ration_card, address_proof",True,True,True
HH-05528,NS-0945,20400.0,4,"aadhaar, ration_card, address_proof",True,True,True
HH-05529,NS-0409,31900.0,8,"aadhaar, ration_card, address_proof",True,True,False
HH-05530,NS-1066,21700.0,5,"aadhaar, , ",True,False,True
HH-05531,NS-0002,17200.0,6,"aadhaar, ration_card, address_proof",True,True,True
HH-05532,NS-0814,20100.0,7,"aadhaar, ration_card, address_proof",True,True,True
HH-05533,NS-1213,23600.0,2,"aadhaar, , address_proof",True,True,True
HH-05534,NS-1472,4900.0,6,"aadhaar, ration_card, address_proof",True,True,True
HH-05535,NS-1320,19100.0,2,"aadhaar, ration_card, ",True,False,True
HH-05536,NS-0598,9500.0,5,"aadhaar, ration_card, address_proof",True,True,True
HH-05537,NS-0144,6400.0,7,"aadhaar, , address_proof",True,False,True
HH-05538,NS-0668,19100.0,1,"aadhaar, ration_card, address_proof",True,True,True
HH-05539,NS-0142,13400.0,6,"aadhaar, ration_card, address_proof",True,True,True
HH-05540,NS-1481,20000.0,7,"aadhaar, ration_card, address_proof",True,True,True
HH-05541,NS-0789,27100.0,4,"aadhaar, , address_proof",True,True,False
HH-05542,NS-0206,11800.0,8,"aadhaar, ration_card, address_proof",True,True,True
HH-05543,NS-1129,14100.0,7,"aadhaar, ration_card, address_proof",True,True,True
HH-05544,NS-0279,7600.0,5,"aadhaar, ration_card, address_proof",True,True,True
HH-05545,NS-0264,5600.0,5,"aadhaar, ration_card, ",True,False,True
HH-05546,NS-0774,15300.0,7,"aadhaar, ration_card, address_proof",True,True,True
HH-05547,NS-1199,12600.0,1,"aadhaar, , address_proof",True,True,True
HH-05548,NS-0453,19300.0,8,"aadhaar, , address_proof",True,True,True
HH-05549,NS-0287,7400.0,8,"aadhaar, ration_card, address_proof",True,True,True
HH-05550,NS-0411,17500.0,1,"aadhaar, , address_proof",True,True,True
HH-05551,NS-0765,18700.0,1,"aadhaar, ration_card, address_proof",True,False,True
HH-05552,NS-0147,17700.0,8,"aadhaar, ration_card, address_proof",True,True,True
HH-05553,NS-0802,9500.0,1,"aadhaar, ration_card, ",True,False,True
HH-05554,NS-1376,34100.0,3,"aadhaar, ration_card, ",True,False,False
HH-05555,NS-0449,9000.0,1,", ration_card, ",False,False,True
HH-05556,NS-1080,8800.0,3,"aadhaar, ration_card, address_proof",True,True,True
HH-05557,NS-1289,20500.0,7,"aadhaar, , address_proof",True,True,True
HH-05558,NS-0710,5900.0,1,"aadhaar, , address_proof",True,True,True
HH-05559,NS-0832,8500.0,3,"aadhaar, ration_card, ",True,False,True
HH-05560,NS-0709,4000.0,7,"aadhaar, ration_card, address_proof",True,True,True
HH-05561,NS-0801,10800.0,3,"aadhaar, , ",True,False,True
HH-05562,NS-1228,8300.0,8,"aadhaar, , address_proof",True,True,True
HH-05563,NS-0621,13700.0,3,"aadhaar, ration_card, ",True,False,True
HH-05564,NS-0090,14400.0,4,"aadhaar, , address_proof",True,True,True
HH-05565,NS-0181,17800.0,5,"aadhaar, ration_card, ",True,False,True
HH-05566,NS-1328,13200.0,4,"aadhaar, ration_card, ",True,False,True
HH-05567,NS-1360,12900.0,8,"aadhaar, ration_card, address_proof",True,True,True
HH-05568,NS-0001,7600.0,5,"aadhaar, , address_proof",True,False,True
HH-05569,NS-1056,15200.0,4,"aadhaar, ration_card, address_proof",True,True,True
HH-05570,NS-0193,15000.0,7,"aadhaar, , address_proof",True,True,True
HH-05571,NS-0494,20200.0,5,"aadhaar, , ",True,False,True
HH-05572,NS-0389,5100.0,5,"aadhaar, ration_card, address_proof",True,True,True
HH-05573,NS-0266,13100.0,3,"aadhaar, ration_card, address_proof",True,False,True
HH-05574,NS-0415,9700.0,4,"aadhaar, ration_card, ",True,False,True
HH-05575,NS-0659,14900.0,8,"aadhaar, ration_card, address_proof",True,True,True
HH-05576,NS-0761,15600.0,2,"aadhaar, , address_proof",True,True,True
HH-05577,NS-0031,8500.0,1,"aadhaar, ration_card, address_proof",True,False,True
HH-05578,NS-1313,16800.0,2,"aadhaar, ration_card, ",True,False,True
HH-05579,NS-1379,9300.0,2,"aadhaar, ration_card, ",True,False,True
HH-05580,NS-1016,12900.0,5,"aadhaar, , address_proof",True,True,True
HH-05581,NS-1350,18900.0,6,"aadhaar, ration_card, address_proof",True,True,True
HH-05582,NS-1039,11000.0,6,"aadhaar, ration_card, address_proof",True,True,True
HH-05583,NS-0223,21200.0,3,"aadhaar, ration_card, address_proof",True,False,True
HH-05584,NS-0702,8500.0,3,"aadhaar, , ",True,False,True
HH-05585,NS-0436,14900.0,1,"aadhaar, , ",True,False,True
HH-05586,NS-0783,11800.0,2,", ration_card, ",False,False,True
HH-05587,NS-0350,5700.0,4,"aadhaar, ration_card, ",True,False,True
HH-05588,NS-0274,4100.0,1,"aadhaar, ration_card, address_proof",True,True,True
HH-05589,NS-0853,13100.0,1,"aadhaar, ration_card, address_proof",True,True,True
HH-05590,NS-0688,15000.0,2,"aadhaar, ration_card, address_proof",True,True,True
HH-05591,NS-0244,11300.0,6,"aadhaar, ration_card, address_proof",True,True,True
HH-05592,NS-0325,13800.0,5,"aadhaar, ration_card, address_proof",True,True,True
HH-05593,NS-0722,23100.0,7,"aadhaar, ration_card, address_proof",True,True,True
HH-05594,NS-0235,72800.0,6,"aadhaar, ration_card, address_proof",False,True,False
HH-05595,NS-1280,15800.0,7,"aadhaar, ration_card, ",True,False,True
HH-05596,NS-0465,12100.0,2,"aadhaar, ration_card, ",True,False,True
HH-05597,NS-1429,17400.0,5,"aadhaar, ration_card, ",True,False,True
HH-05598,NS-0225,18500.0,7,"aadhaar, ration_card, address_proof",True,False,True
HH-05599,NS-0588,14600.0,8,"aadhaar, ration_card, address_proof",True,True,True
HH-05600,NS-0211,16900.0,7,", ration_card, address_proof",False,True,True
HH-05601,NS-0670,21400.0,5,", ration_card, address_proof",False,True,True
HH-05602,NS-0820,12600.0,5,"aadhaar, ration_card, ",True,False,True
HH-05603,NS-0606,7700.0,8,"aadhaar, ration_card, address_proof",True,True,True
HH-05604,NS-0780,29000.0,8,", , address_proof",False,True,False
HH-05605,NS-0722,14700.0,7,"aadhaar, ration_card, address_proof",True,True,True
HH-05606,NS-0842,18700.0,2,"aadhaar, ration_card, ",True,False,True
HH-05607,NS-1449,26100.0,8,"aadhaar, ration_card, address_proof",True,False,False
HH-05608,NS-0010,5700.0,2,"aadhaar, ration_card, address_proof",True,False,True
HH-05609,NS-0767,6000.0,3,"aadhaar, , ",True,False,True
HH-05610,NS-0407,6300.0,3,"aadhaar, ration_card, ",True,False,True
HH-05611,NS-0999,15800.0,7,"aadhaar, , address_proof",True,True,True
HH-05612,NS-0213,24600.0,7,"aadhaar, ration_card, ",True,False,True
HH-05613,NS-0134,6100.0,5,"aadhaar, ration_card, address_proof",True,True,True
HH-05614,NS-0838,9600.0,8,"aadhaar, , ",True,False,True
HH-05615,NS-1165,8900.0,1,"aadhaar, ration_card, ",True,False,True
HH-05616,NS-0622,9400.0,8,"aadhaar, , ",True,False,True
HH-05617,NS-0881,6000.0,3,"aadhaar, , address_proof",True,True,True
HH-05618,NS-0120,24500.0,6,"aadhaar, ration_card, address_proof",True,True,True
HH-05619,NS-0796,14400.0,2,"aadhaar, , ",True,False,True
HH-05620,NS-1494,9700.0,2,"aadhaar, ration_card, address_proof",True,True,True
HH-05621,NS-0414,21500.0,2,"aadhaar, ration_card, address_proof",True,True,True
HH-05622,NS-0987,13800.0,1,"aadhaar, ration_card, ",True,False,True
HH-05623,NS-0412,31800.0,5,", ration_card, ",False,False,False
HH-05624,NS-0936,22500.0,8,", ration_card, address_proof",False,True,True
HH-05625,NS-0428,12000.0,3,"aadhaar, , ",True,False,True
HH-05626,NS-1092,10100.0,6,"aadhaar, ration_card, ",True,False,True
HH-05627,NS-0936,32500.0,2,"aadhaar, ration_card, ",True,False,False
HH-05628,NS-0392,7100.0,6,"aadhaar, , ",True,False,True
HH-05629,NS-0192,9500.0,3,"aadhaar, ration_card, ",True,False,True
HH-05630,NS-0787,9900.0,3,"aadhaar, ration_card, address_proof",True,True,True
HH-05631,NS-1209,13900.0,7,"aadhaar, ration_card, address_proof",True,True,True
HH-05632,NS-0917,34500.0,5,"aadhaar, , address_proof",True,True,False
HH-05633,NS-1107,9100.0,1,"aadhaar, ration_card, ",True,False,True
HH-05634,NS-1050,14900.0,7,"aadhaar, , ",True,False,True
HH-05635,NS-0167,11800.0,3,"aadhaar, ration_card, address_proof",True,True,True
HH-05636,NS-0924,48700.0,1,"aadhaar, , address_proof",True,True,False
HH-05637,NS-1277,12200.0,7,"aadhaar, ration_card, ",True,False,True
HH-05638,NS-1416,15100.0,5,"aadhaar, , ",True,False,True
HH-05639,NS-1129,19500.0,2,"aadhaar, ration_card, address_proof",True,True,True
HH-05640,NS-1213,10000.0,5,"aadhaar, , address_proof",True,True,True
HH-05641,NS-0647,9500.0,1,"aadhaar, ration_card, ",True,False,True
HH-05642,NS-1047,11200.0,3,"aadhaar, , address_proof",True,False,True
HH-05643,NS-0483,8200.0,6,"aadhaar, , address_proof",True,True,True
HH-05644,NS-1069,6200.0,7,"aadhaar, ration_card, address_proof",True,True,True
HH-05645,NS-1259,16200.0,7,"aadhaar, ration_card, address_proof",True,True,True
HH-05646,NS-0918,11300.0,4,", ration_card, address_proof",False,True,True
HH-05647,NS-0643,14300.0,5,"aadhaar, , address_proof",True,True,True
HH-05648,NS-0856,12000.0,5,", ration_card, address_proof",False,True,True
HH-05649,NS-1311,18100.0,4,"aadhaar, , address_proof",True,True,True
HH-05650,NS-1199,21800.0,2,"aadhaar, , address_proof",True,True,True
HH-05651,NS-0088,8800.0,8,"aadhaar, ration_card, ",True,False,True
HH-05652,NS-1430,12600.0,7,"aadhaar, ration_card, ",True,False,True
HH-05653,NS-0942,27400.0,4,"aadhaar, , address_proof",True,True,False
HH-05654,NS-1043,6000.0,7,"aadhaar, ration_card, address_proof",True,True,True
HH-05655,NS-0848,7000.0,5,"aadhaar, , address_proof",True,True,True
HH-05656,NS-0752,21100.0,1,"aadhaar, ration_card, ",True,False,True
HH-05657,NS-1115,24600.0,2,", ration_card, address_proof",False,True,True
HH-05658,NS-0139,10000.0,7,"aadhaar, ration_card, address_proof",True,True,True
HH-05659,NS-1247,14300.0,4,"aadhaar, ration_card, address_proof",True,True,True
HH-05660,NS-0728,5200.0,8,"aadhaar, , ",True,False,True
HH-05661,NS-0624,11500.0,7,"aadhaar, ration_card, address_proof",True,True,True
HH-05662,NS-1461,26000.0,7,"aadhaar, ration_card, ",True,False,False
HH-05663,NS-0969,4800.0,3,"aadhaar, , address_proof",True,True,True
HH-05664,NS-0988,13300.0,5,", ration_card, address_proof",False,True,True
HH-05665,NS-1310,12500.0,7,"aadhaar, ration_card, address_proof",True,True,True
HH-05666,NS-1088,22700.0,3,"aadhaar, ration_card, ",True,False,True
HH-05667,NS-0601,4500.0,7,"aadhaar, ration_card, address_proof",True,True,True
HH-05668,NS-1157,6900.0,1,"aadhaar, ration_card, address_proof",True,True,True
HH-05669,NS-1403,31800.0,2,"aadhaar, ration_card, ",True,False,False
HH-05670,NS-0784,13400.0,1,"aadhaar, ration_card, address_proof",True,True,True
HH-05671,NS-0817,10700.0,6,"aadhaar, ration_card, address_proof",True,True,True
HH-05672,NS-0119,3400.0,3,"aadhaar, ration_card, address_proof",True,True,True
HH-05673,NS-0978,16000.0,8,"aadhaar, , ",True,False,True
HH-05674,NS-0806,8100.0,2,"aadhaar, ration_card, address_proof",True,True,True
HH-05675,NS-0069,22000.0,4,"aadhaar, ration_card, ",True,False,True
HH-05676,NS-0115,13300.0,1,"aadhaar, ration_card, address_proof",True,False,True
HH-05677,NS-1131,10900.0,4,"aadhaar, ration_card, address_proof",True,True,True
HH-05678,NS-0084,21000.0,1,"aadhaar, , address_proof",True,True,True
HH-05679,NS-0651,16500.0,5,"aadhaar, ration_card, address_proof",True,True,True
HH-05680,NS-0401,5600.0,3,", ration_card, address_proof",False,True,True
HH-05681,NS-0905,25200.0,6,"aadhaar, ration_card, ",True,False,False
HH-05682,NS-0754,11100.0,4,"aadhaar, ration_card, ",True,False,True
HH-05683,NS-0456,33000.0,7,"aadhaar, , address_proof",True,True,False
HH-05684,NS-1328,6300.0,4,"aadhaar, ration_card, address_proof",True,True,True
HH-05685,NS-1171,8300.0,6,"aadhaar, ration_card, address_proof",True,True,True
HH-05686,NS-0475,5000.0,7,"aadhaar, ration_card, ",True,False,True
HH-05687,NS-1463,15800.0,5,"aadhaar, ration_card, address_proof",True,False,True
HH-05688,NS-0679,11400.0,5,", ration_card, ",False,False,True
HH-05689,NS-0607,32300.0,6,"aadhaar, ration_card, address_proof",True,True,False
HH-05690,NS-1210,8800.0,6,"aadhaar, ration_card, address_proof",True,True,True
HH-05691,NS-1219,30400.0,6,"aadhaar, ration_card, address_proof",True,True,False
HH-05692,NS-0366,11400.0,8,"aadhaar, ration_card, address_proof",True,False,True
HH-05693,NS-0404,20900.0,7,"aadhaar, ration_card, address_proof",True,False,True
HH-05694,NS-0436,24800.0,1,"aadhaar, ration_card, address_proof",True,False,True
HH-05695,NS-1371,7800.0,1,"aadhaar, ration_card, ",True,False,True
HH-05696,NS-1330,7500.0,4,"aadhaar, ration_card, address_proof",True,True,True
HH-05697,NS-0487,13500.0,3,"aadhaar, ration_card, address_proof",True,True,True
HH-05698,NS-0175,12100.0,5,"aadhaar, ration_card, address_proof",True,True,True
HH-05699,NS-0319,4800.0,7,"aadhaar, ration_card, address_proof",True,True,True
HH-05700,NS-1381,8100.0,6,"aadhaar, ration_card, address_proof",True,True,True
HH-05701,NS-1302,13200.0,6,"aadhaar, ration_card, address_proof",True,True,True
HH-05702,NS-1139,6100.0,2,"aadhaar, ration_card, address_proof",True,True,True
HH-05703,NS-0046,13800.0,2,"aadhaar, , address_proof",True,True,True
HH-05704,NS-0680,27900.0,4,"aadhaar, ration_card, address_proof",True,True,False
HH-05705,NS-1306,18800.0,6,"aadhaar, , address_proof",True,True,True
HH-05706,NS-1390,9700.0,5,"aadhaar, , address_proof",True,True,True
HH-05707,NS-0878,10000.0,8,"aadhaar, ration_card, ",True,False,True
HH-05708,NS-1153,11200.0,7,"aadhaar, ration_card, address_proof",True,True,True
HH-05709,NS-0067,12300.0,7,"aadhaar, ration_card, address_proof",True,True,True
HH-05710,NS-0598,14900.0,1,"aadhaar, ration_card, ",True,False,True
HH-05711,NS-1287,25800.0,8,"aadhaar, ration_card, address_proof",True,True,False
HH-05712,NS-1044,10700.0,1,"aadhaar, , address_proof",True,True,True
HH-05713,NS-0849,6000.0,1,"aadhaar, ration_card, address_proof",True,True,True
HH-05714,NS-0426,13000.0,2,", ration_card, ",False,False,True
HH-05715,NS-0059,9200.0,2,", ration_card, ",False,False,True
HH-05716,NS-0064,11600.0,8,"aadhaar, ration_card, address_proof",True,True,True
HH-05717,NS-1072,14000.0,1,"aadhaar, , address_proof",True,False,True
HH-05718,NS-0191,43900.0,1,"aadhaar, ration_card, ",True,False,False
HH-05719,NS-0182,14500.0,3,"aadhaar, ration_card, ",True,False,True
HH-05720,NS-1390,8000.0,4,"aadhaar, ration_card, ",True,False,True
HH-05721,NS-0947,14500.0,7,"aadhaar, , address_proof",True,True,True
HH-05722,NS-0327,13200.0,7,"aadhaar, ration_card, address_proof",True,True,True
HH-05723,NS-0205,23400.0,7,", ration_card, address_proof",False,False,True
HH-05724,NS-0420,13400.0,5,"aadhaar, ration_card, ",True,False,True
HH-05725,NS-0545,7600.0,4,"aadhaar, , ",True,False,True
HH-05726,NS-0618,35600.0,5,"aadhaar, ration_card, address_proof",True,True,False
HH-05727,NS-0075,11700.0,6,"aadhaar, ration_card, ",True,False,True
HH-05728,NS-0380,6300.0,7,"aadhaar, ration_card, ",True,False,True
HH-05729,NS-1147,16100.0,6,", , address_proof",False,True,True
HH-05730,NS-1318,12000.0,5,"aadhaar, ration_card, ",True,False,True
HH-05731,NS-1217,28700.0,7,"aadhaar, , address_proof",True,True,False
HH-05732,NS-0802,12800.0,2,"aadhaar, , ",True,False,True
HH-05733,NS-0590,19900.0,6,"aadhaar, , address_proof",True,False,True
HH-05734,NS-1124,11100.0,8,", , address_proof",False,True,True
HH-05735,NS-1063,13500.0,1,"aadhaar, ration_card, ",True,False,True
HH-05736,NS-0901,13500.0,7,"aadhaar, ration_card, address_proof",True,True,True
HH-05737,NS-0371,10800.0,1,"aadhaar, ration_card, address_proof",True,True,True
HH-05738,NS-1012,3500.0,2,"aadhaar, , address_proof",True,True,True
HH-05739,NS-0782,5400.0,8,"aadhaar, ration_card, ",True,False,True
HH-05740,NS-1068,10700.0,7,"aadhaar, ration_card, address_proof",True,True,True
HH-05741,NS-0898,6500.0,4,"aadhaar, ration_card, address_proof",True,False,True
HH-05742,NS-0902,11600.0,7,"aadhaar, , ",True,False,True
HH-05743,NS-1065,14400.0,5,"aadhaar, ration_card, address_proof",True,True,True
HH-05744,NS-1162,10000.0,2,"aadhaar, ration_card, address_proof",True,True,True
HH-05745,NS-0814,18700.0,1,"aadhaar, ration_card, address_proof",True,True,True
HH-05746,NS-0472,7000.0,5,"aadhaar, ration_card, ",True,False,True
HH-05747,NS-1339,12500.0,4,"aadhaar, ration_card, ",True,False,True
HH-05748,NS-0402,11400.0,1,"aadhaar, ration_card, address_proof",True,True,True
HH-05749,NS-0621,20300.0,7,"aadhaar, ration_card, address_proof",True,True,True
HH-05750,NS-0160,26400.0,3,"aadhaar, ration_card, address_proof",True,True,False
HH-05751,NS-0852,12900.0,7,", , address_proof",False,True,True
HH-05752,NS-1374,6300.0,5,"aadhaar, , address_proof",True,True,True
HH-05753,NS-0202,4600.0,5,"aadhaar, , ",True,False,True
HH-05754,NS-1145,6100.0,2,"aadhaar, , ",True,False,True
HH-05755,NS-0423,24700.0,6,"aadhaar, ration_card, address_proof",True,True,True
HH-05756,NS-0784,12200.0,3,"aadhaar, ration_card, address_proof",True,True,True
HH-05757,NS-1115,15900.0,7,"aadhaar, ration_card, ",True,False,True
HH-05758,NS-1072,32500.0,4,"aadhaar, ration_card, address_proof",True,False,False
HH-05759,NS-1464,7500.0,1,"aadhaar, ration_card, address_proof",True,True,True
HH-05760,NS-0672,26900.0,1,"aadhaar, , address_proof",True,True,False
HH-05761,NS-1441,17300.0,8,"aadhaar, ration_card, address_proof",True,True,True
HH-05762,NS-0201,11700.0,4,"aadhaar, ration_card, address_proof",True,False,True
HH-05763,NS-0355,12300.0,8,"aadhaar, ration_card, address_proof",True,True,True
HH-05764,NS-0084,9100.0,5,"aadhaar, ration_card, ",True,False,True
HH-05765,NS-1488,4100.0,4,"aadhaar, ration_card, address_proof",True,True,True
HH-05766,NS-1322,10800.0,5,"aadhaar, ration_card, ",True,False,True
HH-05767,NS-1407,20000.0,5,"aadhaar, ration_card, ",True,False,True
HH-05768,NS-0366,20100.0,8,"aadhaar, ration_card, ",True,False,True
HH-05769,NS-0028,10600.0,6,"aadhaar, ration_card, address_proof",True,True,True
HH-05770,NS-0143,17400.0,1,"aadhaar, ration_card, address_proof",True,True,True
HH-05771,NS-1274,18100.0,2,"aadhaar, ration_card, address_proof",True,True,True
HH-05772,NS-0451,19400.0,3,"aadhaar, ration_card, address_proof",True,True,True
HH-05773,NS-0273,12600.0,1,"aadhaar, ration_card, address_proof",True,True,True
HH-05774,NS-1218,17100.0,1,", , ",False,False,True
HH-05775,NS-1186,16200.0,8,"aadhaar, ration_card, ",True,False,True
HH-05776,NS-1490,17700.0,6,"aadhaar, , address_proof",True,True,True
HH-05777,NS-1208,8500.0,7,"aadhaar, , ",True,False,True
HH-05778,NS-0669,8800.0,8,"aadhaar, ration_card, address_proof",True,True,True
HH-05779,NS-1045,16600.0,2,"aadhaar, ration_card, address_proof",True,True,True
HH-05780,NS-0537,17200.0,5,", ration_card, address_proof",False,False,True
HH-05781,NS-0256,18100.0,3,"aadhaar, ration_card, address_proof",True,True,True
HH-05782,NS-0103,32700.0,7,"aadhaar, ration_card, address_proof",True,True,False
HH-05783,NS-1304,3000.0,1,"aadhaar, ration_card, address_proof",True,True,True
HH-05784,NS-0815,10200.0,5,"aadhaar, , address_proof",True,True,True
HH-05785,NS-0163,16500.0,3,"aadhaar, ration_card, address_proof",True,True,True
HH-05786,NS-0891,16000.0,1,"aadhaar, , address_proof",True,True,True
HH-05787,NS-0770,23800.0,1,"aadhaar, ration_card, address_proof",True,True,True
HH-05788,NS-0981,9800.0,8,"aadhaar, ration_card, address_proof",True,True,True
HH-05789,NS-0398,12000.0,8,"aadhaar, ration_card, ",True,False,True
HH-05790,NS-0210,5600.0,4,"aadhaar, , address_proof",True,False,True
HH-05791,NS-0305,5300.0,8,"aadhaar, ration_card, ",True,False,True
HH-05792,NS-0244,6600.0,8,"aadhaar, ration_card, address_proof",True,True,True
HH-05793,NS-0962,52600.0,6,", , ",False,False,False
HH-05794,NS-0271,5000.0,2,"aadhaar, , address_proof",True,True,True
HH-05795,NS-1145,30800.0,1,"aadhaar, ration_card, ",True,False,False
HH-05796,NS-0404,12500.0,1,"aadhaar, ration_card, ",True,False,True
HH-05797,NS-1187,8100.0,1,"aadhaar, ration_card, ",True,False,True
HH-05798,NS-0895,16400.0,2,"aadhaar, ration_card, ",True,False,True
HH-05799,NS-1489,7900.0,5,"aadhaar, ration_card, ",True,False,True
HH-05800,NS-0290,18800.0,2,"aadhaar, ration_card, address_proof",True,True,True
HH-05801,NS-0848,11500.0,8,"aadhaar, , ",True,False,True
HH-05802,NS-0305,7500.0,7,"aadhaar, ration_card, ",True,False,True
HH-05803,NS-0508,15500.0,1,"aadhaar, , address_proof",True,True,True
HH-05804,NS-1360,10200.0,6,"aadhaar, ration_card, ",True,False,True
HH-05805,NS-0650,10400.0,1,"aadhaar, ration_card, address_proof",True,True,True
HH-05806,NS-0598,7000.0,3,"aadhaar, , ",True,False,True
HH-05807,NS-0996,4000.0,7,"aadhaar, ration_card, ",True,False,True
HH-05808,NS-1500,8700.0,3,"aadhaar, ration_card, address_proof",True,False,True
HH-05809,NS-1408,4800.0,7,", ration_card, address_proof",False,True,True
HH-05810,NS-1464,15400.0,2,"aadhaar, ration_card, address_proof",True,True,True
HH-05811,NS-0628,22000.0,2,"aadhaar, ration_card, address_proof",True,True,True
HH-05812,NS-0387,54700.0,2,"aadhaar, ration_card, address_proof",False,False,False
HH-05813,NS-0345,14600.0,1,", , ",False,False,True
HH-05814,NS-0259,13500.0,4,"aadhaar, ration_card, ",True,False,True
HH-05815,NS-1428,11600.0,1,", ration_card, address_proof",False,True,True
HH-05816,NS-0885,9300.0,2,"aadhaar, ration_card, ",True,False,True
HH-05817,NS-0158,13100.0,1,"aadhaar, ration_card, ",True,False,True
HH-05818,NS-1214,15200.0,6,"aadhaar, ration_card, address_proof",True,True,True
HH-05819,NS-0519,30600.0,2,", , address_proof",False,True,False
HH-05820,NS-0879,29700.0,3,"aadhaar, ration_card, ",True,False,False
HH-05821,NS-1292,16300.0,8,", ration_card, address_proof",False,True,True
HH-05822,NS-0256,9300.0,1,"aadhaar, ration_card, address_proof",True,True,True
HH-05823,NS-1224,9800.0,8,"aadhaar, ration_card, address_proof",True,True,True
HH-05824,NS-0300,3700.0,7,"aadhaar, ration_card, ",True,False,True
HH-05825,NS-0587,24400.0,7,"aadhaar, ration_card, ",True,False,True
HH-05826,NS-1373,8000.0,3,"aadhaar, ration_card, address_proof",True,False,True
HH-05827,NS-0859,21100.0,4,"aadhaar, ration_card, address_proof",True,True,True
HH-05828,NS-0419,5300.0,7,"aadhaar, , ",True,False,True
HH-05829,NS-1056,12600.0,8,"aadhaar, ration_card, ",True,False,True
HH-05830,NS-0480,5400.0,7,"aadhaar, ration_card, address_proof",True,True,True
HH-05831,NS-0924,24200.0,5,"aadhaar, ration_card, address_proof",True,True,True
HH-05832,NS-0989,6600.0,5,"aadhaar, ration_card, ",True,False,True
HH-05833,NS-0706,19500.0,6,"aadhaar, ration_card, address_proof",True,True,True
HH-05834,NS-0009,11500.0,5,"aadhaar, ration_card, address_proof",True,True,True
HH-05835,NS-0462,20100.0,2,"aadhaar, ration_card, address_proof",True,True,True
HH-05836,NS-0598,50900.0,2,"aadhaar, ration_card, address_proof",False,True,False
HH-05837,NS-1331,14700.0,3,"aadhaar, ration_card, address_proof",True,True,True
HH-05838,NS-1299,11400.0,8,"aadhaar, ration_card, address_proof",True,True,True
HH-05839,NS-0558,11700.0,7,"aadhaar, , address_proof",True,True,True
HH-05840,NS-0973,8400.0,6,", ration_card, address_proof",False,True,True
HH-05841,NS-0103,33400.0,8,"aadhaar, , address_proof",True,True,False
HH-05842,NS-0087,12900.0,7,"aadhaar, ration_card, ",True,False,True
HH-05843,NS-0994,9100.0,7,"aadhaar, ration_card, ",True,False,True
HH-05844,NS-0459,23800.0,7,"aadhaar, ration_card, ",True,False,True
HH-05845,NS-0513,24800.0,6,"aadhaar, ration_card, ",True,False,True
HH-05846,NS-1317,8000.0,1,", ration_card, address_proof",False,True,True
HH-05847,NS-0151,39700.0,5,", , address_proof",False,True,False
HH-05848,NS-0162,18200.0,2,"aadhaar, ration_card, ",True,False,True
HH-05849,NS-0209,10900.0,1,"aadhaar, ration_card, address_proof",True,True,True
HH-05850,NS-0292,9700.0,3,"aadhaar, ration_card, address_proof",True,True,True
HH-05851,NS-1346,37000.0,2,"aadhaar, ration_card, ",True,False,False
HH-05852,NS-1249,29100.0,3,"aadhaar, , address_proof",True,True,False
HH-05853,NS-1305,13000.0,6,"aadhaar, ration_card, address_proof",True,True,True
HH-05854,NS-1473,14400.0,4,"aadhaar, ration_card, ",True,False,True
HH-05855,NS-1338,12800.0,4,"aadhaar, ration_card, ",True,False,True
HH-05856,NS-0138,9400.0,4,"aadhaar, ration_card, address_proof",True,True,True
HH-05857,NS-0052,10500.0,2,"aadhaar, ration_card, ",True,False,True
HH-05858,NS-0961,7200.0,4,"aadhaar, ration_card, address_proof",True,True,True
HH-05859,NS-0661,7400.0,5,"aadhaar, ration_card, ",True,False,True
HH-05860,NS-0122,16400.0,3,"aadhaar, , address_proof",True,True,True
HH-05861,NS-0863,16200.0,3,"aadhaar, ration_card, address_proof",True,True,True
HH-05862,NS-0182,40200.0,3,"aadhaar, ration_card, address_proof",True,True,False
HH-05863,NS-0499,13500.0,8,"aadhaar, ration_card, address_proof",True,True,True
HH-05864,NS-1087,19700.0,6,"aadhaar, ration_card, address_proof",True,True,True
HH-05865,NS-0976,31700.0,8,"aadhaar, ration_card, ",True,False,False
HH-05866,NS-0103,27300.0,4,", ration_card, address_proof",False,True,False
HH-05867,NS-0336,33300.0,2,"aadhaar, ration_card, address_proof",True,True,False
HH-05868,NS-0502,10000.0,4,"aadhaar, ration_card, address_proof",True,False,True
HH-05869,NS-0784,11500.0,6,"aadhaar, ration_card, ",True,False,True
HH-05870,NS-0511,23700.0,4,"aadhaar, ration_card, ",True,False,True
HH-05871,NS-1202,16800.0,5,"aadhaar, , address_proof",True,True,True
HH-05872,NS-0927,5900.0,4,"aadhaar, ration_card, address_proof",True,True,True
HH-05873,NS-0058,7500.0,5,", ration_card, ",False,False,True
HH-05874,NS-0425,8000.0,7,", ration_card, ",False,False,True
HH-05875,NS-0926,27100.0,6,"aadhaar, ration_card, address_proof",True,False,False
HH-05876,NS-1495,4600.0,2,"aadhaar, ration_card, address_proof",True,True,True
HH-05877,NS-0523,11000.0,1,"aadhaar, ration_card, address_proof",True,False,True
HH-05878,NS-1280,10600.0,8,"aadhaar, ration_card, address_proof",True,True,True
HH-05879,NS-0756,26000.0,4,"aadhaar, , address_proof",True,True,False
HH-05880,NS-0886,31700.0,5,"aadhaar, , address_proof",True,True,False
HH-05881,NS-0985,23700.0,8,"aadhaar, ration_card, address_proof",True,True,True
HH-05882,NS-1459,32500.0,3,"aadhaar, ration_card, address_proof",True,True,False
HH-05883,NS-0378,6600.0,4,"aadhaar, , address_proof",True,False,True
HH-05884,NS-1314,15400.0,1,"aadhaar, ration_card, address_proof",True,False,True
HH-05885,NS-0035,14600.0,3,"aadhaar, ration_card, address_proof",True,True,True
HH-05886,NS-0349,10600.0,7,"aadhaar, ration_card, address_proof",True,True,True
HH-05887,NS-1072,12500.0,2,"aadhaar, ration_card, address_proof",True,False,True
HH-05888,NS-0057,19000.0,4,", ration_card, address_proof",False,True,True
HH-05889,NS-0126,5700.0,1,"aadhaar, ration_card, address_proof",True,True,True
HH-05890,NS-0522,9300.0,4,"aadhaar, ration_card, address_proof",True,True,True
HH-05891,NS-1129,18300.0,2,", ration_card, address_proof",False,True,True
HH-05892,NS-0150,28200.0,2,"aadhaar, ration_card, ",True,False,False
HH-05893,NS-0844,10800.0,6,"aadhaar, , address_proof",True,False,True
HH-05894,NS-0880,6300.0,5,"aadhaar, , ",True,False,True
HH-05895,NS-0369,22200.0,6,"aadhaar, ration_card, ",True,False,True
HH-05896,NS-0056,8700.0,8,"aadhaar, , address_proof",True,True,True
HH-05897,NS-1160,14500.0,6,"aadhaar, ration_card, ",True,False,True
HH-05898,NS-0052,15200.0,1,"aadhaar, ration_card, ",True,False,True
HH-05899,NS-0211,27900.0,6,", , ",False,False,False
HH-05900,NS-0348,12800.0,6,"aadhaar, ration_card, ",True,False,True
HH-05901,NS-0631,16100.0,5,", , address_proof",False,True,True
HH-05902,NS-0642,6000.0,3,"aadhaar, ration_card, address_proof",True,False,True
HH-05903,NS-1453,27700.0,4,"aadhaar, , address_proof",True,True,False
HH-05904,NS-0912,15500.0,4,"aadhaar, ration_card, address_proof",True,True,True
HH-05905,NS-0249,12900.0,5,", ration_card, address_proof",False,True,True
HH-05906,NS-1468,14300.0,2,"aadhaar, ration_card, ",True,False,True
HH-05907,NS-1122,16900.0,6,"aadhaar, ration_card, address_proof",True,False,True
HH-05908,NS-1330,26100.0,2,"aadhaar, ration_card, address_proof",True,True,False
HH-05909,NS-1450,10300.0,1,"aadhaar, ration_card, ",True,False,True
HH-05910,NS-0735,17900.0,6,"aadhaar, ration_card, address_proof",True,True,True
HH-05911,NS-0008,21500.0,1,"aadhaar, , address_proof",True,True,True
HH-05912,NS-0856,33100.0,1,", ration_card, address_proof",False,True,False
HH-05913,NS-1237,22700.0,2,"aadhaar, ration_card, ",True,False,True
HH-05914,NS-0428,13400.0,3,"aadhaar, ration_card, address_proof",True,False,True
HH-05915,NS-0985,8100.0,7,", ration_card, address_proof",False,True,True
HH-05916,NS-0991,16300.0,5,"aadhaar, ration_card, ",True,False,True
HH-05917,NS-0178,17800.0,7,"aadhaar, ration_card, address_proof",True,True,True
HH-05918,NS-0627,10600.0,5,"aadhaar, , address_proof",True,True,True
HH-05919,NS-1213,3000.0,3,"aadhaar, ration_card, address_proof",True,True,True
HH-05920,NS-0010,12100.0,2,"aadhaar, ration_card, ",True,False,True
HH-05921,NS-0722,11700.0,2,"aadhaar, ration_card, address_proof",True,True,True
HH-05922,NS-1479,24800.0,1,"aadhaar, ration_card, ",True,False,True
HH-05923,NS-1340,13100.0,4,"aadhaar, ration_card, address_proof",True,True,True
HH-05924,NS-0070,10600.0,4,"aadhaar, ration_card, address_proof",True,True,True
HH-05925,NS-0925,14100.0,1,"aadhaar, ration_card, ",True,False,True
HH-05926,NS-0852,11000.0,8,"aadhaar, , address_proof",True,True,True
HH-05927,NS-0599,20500.0,8,"aadhaar, ration_card, address_proof",True,True,True
HH-05928,NS-0815,7700.0,8,"aadhaar, ration_card, ",True,False,True
HH-05929,NS-0850,9000.0,4,"aadhaar, ration_card, ",True,False,True
HH-05930,NS-1220,14600.0,8,"aadhaar, ration_card, ",True,False,True
HH-05931,NS-0620,21900.0,3,"aadhaar, , address_proof",True,True,True
HH-05932,NS-0693,20400.0,4,", ration_card, address_proof",False,True,True
HH-05933,NS-1375,18700.0,7,"aadhaar, ration_card, ",True,False,True
HH-05934,NS-0377,9900.0,5,"aadhaar, , ",True,False,True
HH-05935,NS-0197,11800.0,2,"aadhaar, , address_proof",True,False,True
HH-05936,NS-0020,16300.0,1,"aadhaar, ration_card, address_proof",True,True,True
HH-05937,NS-1379,13600.0,8,"aadhaar, , ",True,False,True
HH-05938,NS-0858,20800.0,6,"aadhaar, ration_card, ",True,False,True
HH-05939,NS-0977,19500.0,7,"aadhaar, ration_card, address_proof",True,True,True
HH-05940,NS-1105,10700.0,3,"aadhaar, ration_card, ",True,False,True
HH-05941,NS-0594,25100.0,7,", ration_card, address_proof",False,False,False
HH-05942,NS-0477,20300.0,4,"aadhaar, , address_proof",True,True,True
HH-05943,NS-0377,20700.0,2,", ration_card, address_proof",False,True,True
HH-05944,NS-0212,17700.0,3,"aadhaar, , ",True,False,True
HH-05945,NS-0064,10200.0,8,"aadhaar, ration_card, address_proof",True,True,True
HH-05946,NS-1194,15500.0,3,"aadhaar, ration_card, address_proof",True,True,True
HH-05947,NS-0650,8000.0,5,"aadhaar, ration_card, ",True,False,True
HH-05948,NS-0602,21300.0,2,"aadhaar, ration_card, ",True,False,True
HH-05949,NS-0272,15200.0,8,", ration_card, ",False,False,True
HH-05950,NS-0122,17000.0,2,"aadhaar, ration_card, address_proof",True,True,True
HH-05951,NS-0796,12200.0,6,"aadhaar, , address_proof",True,True,True
HH-05952,NS-0311,11000.0,5,"aadhaar, , ",True,False,True
HH-05953,NS-1254,10500.0,3,"aadhaar, ration_card, address_proof",True,True,True
HH-05954,NS-0670,17600.0,8,"aadhaar, ration_card, ",True,False,True
HH-05955,NS-1193,16400.0,5,"aadhaar, ration_card, ",True,False,True
HH-05956,NS-0305,17500.0,1,"aadhaar, , address_proof",True,False,True
HH-05957,NS-0890,15900.0,1,"aadhaar, , ",True,False,True
HH-05958,NS-0042,23300.0,7,"aadhaar, , address_proof",True,True,True
HH-05959,NS-0204,22900.0,5,", , address_proof",False,True,True
HH-05960,NS-0144,15900.0,5,"aadhaar, ration_card, ",True,False,True
HH-05961,NS-0843,11600.0,8,", ration_card, ",False,False,True
HH-05962,NS-0790,4900.0,3,"aadhaar, ration_card, address_proof",True,True,True
HH-05963,NS-0856,13500.0,7,", , address_proof",False,True,True
HH-05964,NS-1368,36000.0,5,"aadhaar, ration_card, address_proof",True,True,False
HH-05965,NS-1431,12900.0,3,"aadhaar, ration_card, address_proof",True,True,True
HH-05966,NS-0748,33200.0,6,", ration_card, address_proof",False,True,False
HH-05967,NS-0349,8300.0,6,", ration_card, ",False,False,True
HH-05968,NS-0800,15700.0,7,"aadhaar, ration_card, address_proof",True,True,True
HH-05969,NS-0697,32600.0,1,"aadhaar, ration_card, ",True,False,False
HH-05970,NS-0244,15700.0,5,"aadhaar, ration_card, address_proof",True,True,True
HH-05971,NS-1082,4300.0,2,"aadhaar, ration_card, address_proof",True,True,True
HH-05972,NS-1158,24000.0,1,"aadhaar, ration_card, address_proof",True,False,True
HH-05973,NS-0607,14400.0,6,", ration_card, ",False,False,True
HH-05974,NS-0261,36100.0,4,", ration_card, address_proof",False,False,False
HH-05975,NS-1404,19400.0,2,"aadhaar, ration_card, address_proof",True,True,True
HH-05976,NS-0299,34500.0,8,", ration_card, ",False,False,False
HH-05977,NS-0853,8600.0,2,"aadhaar, ration_card, address_proof",True,True,True
HH-05978,NS-0669,10400.0,3,"aadhaar, ration_card, ",True,False,True
HH-05979,NS-0989,9900.0,5,", ration_card, ",False,False,True
HH-05980,NS-0473,6500.0,8,"aadhaar, ration_card, address_proof",True,True,True
HH-05981,NS-1215,51900.0,8,"aadhaar, ration_card, address_proof",False,True,False
HH-05982,NS-0435,3000.0,3,"aadhaar, , address_proof",True,True,True
HH-05983,NS-0769,28300.0,2,"aadhaar, ration_card, address_proof",True,True,False
HH-05984,NS-0892,6000.0,7,"aadhaar, ration_card, address_proof",True,True,True
HH-05985,NS-0607,34200.0,6,"aadhaar, ration_card, address_proof",True,True,False
HH-05986,NS-0428,27500.0,7,"aadhaar, ration_card, address_proof",True,False,False
HH-05987,NS-1236,9000.0,5,"aadhaar, , address_proof",True,True,True
HH-05988,NS-1077,19200.0,8,"aadhaar, ration_card, address_proof",True,True,True
HH-05989,NS-1075,10600.0,1,"aadhaar, ration_card, address_proof",True,True,True
HH-05990,NS-0880,21100.0,1,"aadhaar, ration_card, ",True,False,True
HH-05991,NS-0438,9300.0,6,"aadhaar, ration_card, address_proof",True,False,True
HH-05992,NS-1356,12200.0,4,"aadhaar, ration_card, address_proof",True,True,True
HH-05993,NS-0735,24500.0,8,", ration_card, ",False,False,True
HH-05994,NS-0353,24500.0,7,"aadhaar, ration_card, address_proof",True,True,True
HH-05995,NS-1022,11800.0,2,"aadhaar, ration_card, address_proof",True,True,True
HH-05996,NS-0959,34200.0,6,"aadhaar, , address_proof",True,True,False
HH-05997,NS-0295,6100.0,2,"aadhaar, , ",True,False,True
HH-05998,NS-1291,14600.0,5,"aadhaar, ration_card, address_proof",True,True,True
HH-05999,NS-0277,11100.0,6,"aadhaar, ration_card, address_proof",True,True,True
HH-06000,NS-0518,11100.0,5,"aadhaar, ration_card, address_proof",True,True,True
HH-06001,NS-0129,29700.0,2,"aadhaar, ration_card, address_proof",True,True,False
HH-06002,NS-0398,6600.0,1,"aadhaar, ration_card, address_proof",True,True,True
HH-06003,NS-0315,15400.0,1,"aadhaar, , ",True,False,True
HH-06004,NS-0676,25400.0,7,"aadhaar, , ",True,False,False
HH-06005,NS-0082,8400.0,2,"aadhaar, ration_card, ",True,False,True
HH-06006,NS-0476,27300.0,8,", ration_card, address_proof",False,True,False
HH-06007,NS-1103,32600.0,6,"aadhaar, ration_card, ",True,False,False
HH-06008,NS-1358,13900.0,6,"aadhaar, , address_proof",True,True,True
HH-06009,NS-1072,11100.0,3,"aadhaar, ration_card, address_proof",True,False,True
HH-06010,NS-1058,9900.0,6,"aadhaar, ration_card, ",True,False,True
HH-06011,NS-1273,14300.0,5,"aadhaar, ration_card, address_proof",True,False,True
HH-06012,NS-0104,15900.0,6,"aadhaar, ration_card, ",True,False,True
HH-06013,NS-0638,17600.0,6,", ration_card, address_proof",False,True,True
HH-06014,NS-0095,15300.0,6,"aadhaar, ration_card, ",True,False,True
HH-06015,NS-0766,17800.0,4,"aadhaar, ration_card, ",True,False,True
HH-06016,NS-1394,13800.0,3,"aadhaar, ration_card, ",True,False,True
HH-06017,NS-0501,9400.0,8,"aadhaar, , address_proof",True,True,True
HH-06018,NS-0983,6300.0,6,"aadhaar, , address_proof",True,True,True
HH-06019,NS-0907,4700.0,2,"aadhaar, , address_proof",True,True,True
HH-06020,NS-1457,34000.0,8,"aadhaar, ration_card, address_proof",True,True,False
HH-06021,NS-0533,13500.0,1,", ration_card, ",False,False,True
HH-06022,NS-0887,11100.0,4,"aadhaar, ration_card, ",True,False,True
HH-06023,NS-0673,8700.0,7,"aadhaar, ration_card, address_proof",True,True,True
HH-06024,NS-1483,15400.0,5,"aadhaar, ration_card, ",True,False,True
HH-06025,NS-1497,10300.0,5,"aadhaar, ration_card, ",True,False,True
HH-06026,NS-0898,17900.0,7,"aadhaar, ration_card, ",True,False,True
HH-06027,NS-0518,9800.0,5,"aadhaar, ration_card, address_proof",True,True,True
HH-06028,NS-1462,24100.0,1,"aadhaar, ration_card, ",True,False,True
HH-06029,NS-1398,13000.0,3,"aadhaar, , ",True,False,True
HH-06030,NS-1239,22800.0,7,"aadhaar, ration_card, ",True,False,True
HH-06031,NS-1189,15300.0,6,"aadhaar, ration_card, ",True,False,True
HH-06032,NS-0248,18100.0,1,"aadhaar, ration_card, address_proof",True,True,True
HH-06033,NS-0395,16100.0,4,"aadhaar, ration_card, address_proof",True,False,True
HH-06034,NS-1174,25600.0,7,"aadhaar, ration_card, address_proof",True,True,False
HH-06035,NS-0086,6000.0,5,"aadhaar, , ",True,False,True
HH-06036,NS-1242,14100.0,8,"aadhaar, ration_card, address_proof",True,True,True
HH-06037,NS-0107,24600.0,1,"aadhaar, ration_card, address_proof",True,True,True
HH-06038,NS-1438,15700.0,2,"aadhaar, ration_card, ",True,False,True
HH-06039,NS-0044,7200.0,4,"aadhaar, ration_card, address_proof",True,True,True
HH-06040,NS-0484,9100.0,7,"aadhaar, ration_card, address_proof",True,True,True
HH-06041,NS-0397,5700.0,2,"aadhaar, ration_card, ",True,False,True
HH-06042,NS-0956,18000.0,7,"aadhaar, ration_card, address_proof",True,False,True
HH-06043,NS-1212,54200.0,6,"aadhaar, ration_card, address_proof",False,True,False
HH-06044,NS-0109,12700.0,3,"aadhaar, ration_card, address_proof",True,True,True
HH-06045,NS-0084,12600.0,1,"aadhaar, , address_proof",True,True,True
HH-06046,NS-0124,15700.0,7,"aadhaar, ration_card, ",True,False,True
HH-06047,NS-0683,43400.0,3,"aadhaar, , address_proof",True,True,False
HH-06048,NS-1089,18300.0,6,"aadhaar, ration_card, address_proof",True,True,True
HH-06049,NS-0650,14300.0,1,"aadhaar, , address_proof",True,True,True
HH-06050,NS-1269,10000.0,6,"aadhaar, ration_card, address_proof",True,True,True
HH-06051,NS-0318,15000.0,2,"aadhaar, ration_card, address_proof",True,False,True
HH-06052,NS-0217,5000.0,7,"aadhaar, ration_card, ",True,False,True
HH-06053,NS-1193,10400.0,5,"aadhaar, ration_card, ",True,False,True
HH-06054,NS-0947,38200.0,8,"aadhaar, ration_card, address_proof",True,True,False
HH-06055,NS-0084,12600.0,3,"aadhaar, ration_card, address_proof",True,True,True
HH-06056,NS-1050,8100.0,8,"aadhaar, ration_card, address_proof",True,True,True
HH-06057,NS-0774,6100.0,3,"aadhaar, , address_proof",True,True,True
HH-06058,NS-1051,9400.0,2,"aadhaar, ration_card, ",True,False,True
HH-06059,NS-1461,20700.0,3,"aadhaar, , address_proof",True,True,True
HH-06060,NS-0349,11600.0,5,"aadhaar, ration_card, address_proof",True,True,True
HH-06061,NS-0197,5200.0,5,"aadhaar, ration_card, address_proof",True,False,True
HH-06062,NS-0189,7000.0,1,", , address_proof",False,True,True
HH-06063,NS-0965,11700.0,8,"aadhaar, ration_card, address_proof",True,False,True
HH-06064,NS-1300,22400.0,5,"aadhaar, ration_card, address_proof",True,True,True
HH-06065,NS-0890,13400.0,2,", , address_proof",False,True,True
HH-06066,NS-1355,7200.0,1,"aadhaar, ration_card, address_proof",True,True,True
HH-06067,NS-1073,25000.0,5,"aadhaar, ration_card, address_proof",True,False,True
HH-06068,NS-0213,10300.0,1,"aadhaar, ration_card, address_proof",True,True,True
HH-06069,NS-0119,15600.0,1,", ration_card, address_proof",False,True,True
HH-06070,NS-0048,17200.0,8,", ration_card, address_proof",False,False,True
HH-06071,NS-0669,13900.0,3,"aadhaar, , address_proof",True,True,True
HH-06072,NS-1136,11800.0,4,"aadhaar, , ",True,False,True
HH-06073,NS-1306,14700.0,8,"aadhaar, ration_card, ",True,False,True
HH-06074,NS-1493,17700.0,7,"aadhaar, ration_card, address_proof",True,True,True
HH-06075,NS-0504,22000.0,5,"aadhaar, ration_card, address_proof",True,False,True
HH-06076,NS-1283,12300.0,3,"aadhaar, ration_card, address_proof",True,True,True
HH-06077,NS-0322,9000.0,2,"aadhaar, ration_card, ",True,False,True
HH-06078,NS-0594,11500.0,6,", ration_card, address_proof",False,False,True
HH-06079,NS-0220,13400.0,7,"aadhaar, , ",True,False,True
HH-06080,NS-1273,10900.0,8,"aadhaar, ration_card, address_proof",True,False,True
HH-06081,NS-1145,13200.0,6,"aadhaar, , ",True,False,True
HH-06082,NS-0815,17500.0,2,"aadhaar, ration_card, address_proof",True,True,True
HH-06083,NS-0412,5700.0,8,"aadhaar, ration_card, address_proof",True,True,True
HH-06084,NS-0620,7100.0,1,"aadhaar, ration_card, address_proof",True,True,True
HH-06085,NS-1478,4200.0,2,"aadhaar, ration_card, address_proof",True,True,True
HH-06086,NS-0119,26600.0,5,"aadhaar, ration_card, address_proof",True,True,False
HH-06087,NS-0314,19200.0,2,", ration_card, address_proof",False,True,True
HH-06088,NS-0859,11000.0,6,", ration_card, address_proof",False,True,True
HH-06089,NS-0461,12100.0,8,"aadhaar, ration_card, ",True,False,True
HH-06090,NS-0851,10100.0,4,"aadhaar, , ",True,False,True
HH-06091,NS-0479,47200.0,8,"aadhaar, ration_card, address_proof",True,True,False
HH-06092,NS-0665,17400.0,8,"aadhaar, ration_card, address_proof",True,False,True
HH-06093,NS-1278,13900.0,4,"aadhaar, , ",True,False,True
HH-06094,NS-1147,11700.0,7,", ration_card, ",False,False,True
HH-06095,NS-0767,21100.0,2,"aadhaar, ration_card, address_proof",True,True,True
HH-06096,NS-0148,6700.0,6,"aadhaar, ration_card, address_proof",True,True,True
HH-06097,NS-0142,12100.0,2,"aadhaar, ration_card, address_proof",True,True,True
HH-06098,NS-0737,18900.0,4,"aadhaar, ration_card, address_proof",True,True,True
HH-06099,NS-0957,21400.0,8,"aadhaar, ration_card, ",True,False,True
HH-06100,NS-0457,12700.0,3,"aadhaar, ration_card, ",True,False,True
HH-06101,NS-0503,12400.0,1,"aadhaar, ration_card, address_proof",True,False,True
HH-06102,NS-0137,12800.0,8,"aadhaar, , address_proof",True,True,True
HH-06103,NS-0779,20700.0,1,"aadhaar, ration_card, ",True,False,True
HH-06104,NS-0759,6200.0,5,"aadhaar, ration_card, address_proof",True,True,True
HH-06105,NS-0437,11700.0,8,"aadhaar, ration_card, ",True,False,True
HH-06106,NS-0234,17100.0,1,", , address_proof",False,True,True
HH-06107,NS-1220,12600.0,7,"aadhaar, ration_card, ",True,False,True
HH-06108,NS-0246,15700.0,1,"aadhaar, ration_card, address_proof",True,True,True
HH-06109,NS-1078,11600.0,8,"aadhaar, , ",True,False,True
HH-06110,NS-1338,13100.0,6,"aadhaar, , address_proof",True,True,True
HH-06111,NS-1478,29600.0,6,"aadhaar, ration_card, address_proof",True,True,False
HH-06112,NS-0426,16000.0,2,"aadhaar, ration_card, address_proof",True,True,True
HH-06113,NS-0611,26000.0,5,"aadhaar, , ",True,False,False
HH-06114,NS-1476,14300.0,6,"aadhaar, ration_card, address_proof",True,True,True
HH-06115,NS-0202,14100.0,6,"aadhaar, ration_card, ",True,False,True
HH-06116,NS-0548,11400.0,2,", ration_card, address_proof",False,True,True
HH-06117,NS-0913,17000.0,7,"aadhaar, ration_card, address_proof",True,True,True
HH-06118,NS-0885,20300.0,5,", ration_card, address_proof",False,True,True
HH-06119,NS-0687,8200.0,2,"aadhaar, ration_card, address_proof",True,True,True
HH-06120,NS-1226,4600.0,1,"aadhaar, ration_card, address_proof",True,True,True
HH-06121,NS-0081,27400.0,1,", , ",False,False,False
HH-06122,NS-0870,12400.0,7,"aadhaar, , ",True,False,True
HH-06123,NS-0870,18600.0,1,"aadhaar, , address_proof",True,True,True
HH-06124,NS-0956,22400.0,2,"aadhaar, , address_proof",True,False,True
HH-06125,NS-0498,12000.0,6,"aadhaar, ration_card, ",True,False,True
HH-06126,NS-0122,17500.0,8,", ration_card, address_proof",False,True,True
HH-06127,NS-1370,5500.0,5,"aadhaar, ration_card, address_proof",True,True,True
HH-06128,NS-0357,5500.0,8,"aadhaar, ration_card, ",True,False,True
HH-06129,NS-1408,14100.0,4,"aadhaar, , ",True,False,True
HH-06130,NS-0534,10200.0,3,"aadhaar, ration_card, address_proof",True,True,True
HH-06131,NS-0963,25600.0,4,"aadhaar, ration_card, address_proof",True,True,False
HH-06132,NS-0089,9300.0,7,"aadhaar, ration_card, address_proof",True,True,True
HH-06133,NS-0438,4700.0,1,"aadhaar, , address_proof",True,False,True
HH-06134,NS-0008,9700.0,2,"aadhaar, ration_card, address_proof",True,True,True
HH-06135,NS-0830,7100.0,3,"aadhaar, ration_card, address_proof",True,True,True
HH-06136,NS-0313,11400.0,2,"aadhaar, ration_card, address_proof",True,True,True
HH-06137,NS-0857,6300.0,6,"aadhaar, , address_proof",True,True,True
HH-06138,NS-0713,24300.0,4,"aadhaar, , address_proof",True,True,True
HH-06139,NS-0545,16400.0,4,"aadhaar, , address_proof",True,True,True
HH-06140,NS-0949,13700.0,8,"aadhaar, ration_card, address_proof",True,False,True
HH-06141,NS-0177,26000.0,8,"aadhaar, , address_proof",True,True,False
HH-06142,NS-1137,11400.0,4,"aadhaar, ration_card, address_proof",True,True,True
HH-06143,NS-0250,12900.0,1,"aadhaar, ration_card, address_proof",True,True,True
HH-06144,NS-1157,19600.0,5,"aadhaar, , address_proof",True,True,True
HH-06145,NS-0528,8800.0,3,"aadhaar, ration_card, address_proof",True,True,True
HH-06146,NS-0762,11100.0,5,"aadhaar, ration_card, address_proof",True,True,True
HH-06147,NS-0916,27300.0,6,"aadhaar, ration_card, ",True,False,False
HH-06148,NS-0537,34100.0,4,"aadhaar, ration_card, ",True,False,False
HH-06149,NS-1441,6800.0,2,"aadhaar, ration_card, address_proof",True,True,True
HH-06150,NS-0797,11800.0,2,"aadhaar, ration_card, ",True,False,True
HH-06151,NS-0146,17600.0,7,", ration_card, address_proof",False,False,True
HH-06152,NS-0201,31500.0,7,"aadhaar, ration_card, ",True,False,False
HH-06153,NS-0543,18000.0,5,"aadhaar, ration_card, address_proof",True,True,True
HH-06154,NS-0818,21500.0,4,"aadhaar, ration_card, address_proof",True,False,True
HH-06155,NS-1273,17500.0,2,", ration_card, address_proof",False,False,True
HH-06156,NS-0048,33500.0,4,"aadhaar, , ",True,False,False
HH-06157,NS-1038,21000.0,3,", ration_card, address_proof",False,True,True
HH-06158,NS-1240,20000.0,3,"aadhaar, ration_card, address_proof",True,True,True
HH-06159,NS-1387,24500.0,8,"aadhaar, ration_card, ",True,False,True
HH-06160,NS-0668,5900.0,7,"aadhaar, ration_card, address_proof",True,True,True
HH-06161,NS-0236,33900.0,1,", ration_card, address_proof",False,True,False
HH-06162,NS-0863,10800.0,4,"aadhaar, ration_card, ",True,False,True
HH-06163,NS-1056,10300.0,1,"aadhaar, , address_proof",True,True,True
HH-06164,NS-0816,22300.0,8,"aadhaar, ration_card, address_proof",True,True,True
HH-06165,NS-0570,5900.0,8,"aadhaar, ration_card, address_proof",True,False,True
HH-06166,NS-0524,10900.0,3,"aadhaar, ration_card, address_proof",True,True,True
HH-06167,NS-0554,7300.0,4,"aadhaar, ration_card, address_proof",True,False,True
HH-06168,NS-0372,5200.0,3,"aadhaar, ration_card, address_proof",True,False,True
HH-06169,NS-1285,10400.0,8,", ration_card, address_proof",False,True,True
HH-06170,NS-0367,6800.0,1,"aadhaar, ration_card, address_proof",True,False,True
HH-06171,NS-1201,28200.0,3,"aadhaar, ration_card, address_proof",True,True,False
HH-06172,NS-0903,14700.0,4,"aadhaar, ration_card, address_proof",True,True,True
HH-06173,NS-0112,21200.0,6,"aadhaar, ration_card, address_proof",True,True,True
HH-06174,NS-1477,8600.0,6,"aadhaar, ration_card, ",True,False,True
HH-06175,NS-1325,15600.0,8,"aadhaar, ration_card, address_proof",True,True,True
HH-06176,NS-0466,41000.0,8,", ration_card, address_proof",False,True,False
HH-06177,NS-0811,12500.0,1,"aadhaar, ration_card, address_proof",True,True,True
HH-06178,NS-0671,6300.0,1,"aadhaar, ration_card, ",True,False,True
HH-06179,NS-0873,12000.0,6,"aadhaar, ration_card, address_proof",True,True,True
HH-06180,NS-0318,5300.0,4,"aadhaar, ration_card, address_proof",True,False,True
HH-06181,NS-0215,10100.0,2,"aadhaar, ration_card, address_proof",True,True,True
HH-06182,NS-0945,18700.0,1,"aadhaar, , address_proof",True,True,True
HH-06183,NS-0488,13600.0,7,"aadhaar, ration_card, ",True,False,True
HH-06184,NS-0145,15400.0,7,"aadhaar, , address_proof",True,True,True
HH-06185,NS-0542,20700.0,3,"aadhaar, ration_card, address_proof",True,True,True
HH-06186,NS-1174,4700.0,6,", ration_card, address_proof",False,True,True
HH-06187,NS-1202,27200.0,5,"aadhaar, ration_card, address_proof",True,True,False
HH-06188,NS-0159,52900.0,6,"aadhaar, ration_card, address_proof",False,True,False
HH-06189,NS-1318,49400.0,3,"aadhaar, , ",True,False,False
HH-06190,NS-1152,21100.0,6,", ration_card, address_proof",False,True,True
HH-06191,NS-0079,58800.0,1,"aadhaar, ration_card, ",False,False,False
HH-06192,NS-0130,16000.0,4,"aadhaar, , address_proof",True,False,True
HH-06193,NS-1398,19700.0,8,"aadhaar, , ",True,False,True
HH-06194,NS-0834,10300.0,6,"aadhaar, ration_card, address_proof",True,True,True
HH-06195,NS-0728,11800.0,7,"aadhaar, ration_card, ",True,False,True
HH-06196,NS-0835,10100.0,1,"aadhaar, ration_card, ",True,False,True
HH-06197,NS-0081,20100.0,5,"aadhaar, , ",True,False,True
HH-06198,NS-0680,9300.0,6,"aadhaar, , address_proof",True,True,True
HH-06199,NS-0398,15900.0,6,"aadhaar, ration_card, address_proof",True,True,True
HH-06200,NS-1196,17500.0,3,"aadhaar, ration_card, ",True,False,True
HH-06201,NS-1357,27200.0,2,"aadhaar, ration_card, address_proof",True,True,False
HH-06202,NS-0151,27200.0,2,"aadhaar, ration_card, address_proof",True,True,False
HH-06203,NS-0732,9300.0,3,"aadhaar, ration_card, address_proof",True,True,True
HH-06204,NS-0747,8900.0,4,"aadhaar, ration_card, address_proof",True,True,True
HH-06205,NS-1326,22600.0,2,"aadhaar, ration_card, ",True,False,True
HH-06206,NS-0039,5400.0,3,"aadhaar, ration_card, address_proof",True,True,True
HH-06207,NS-1123,12600.0,6,"aadhaar, ration_card, ",True,False,True
HH-06208,NS-1348,18700.0,5,"aadhaar, ration_card, address_proof",True,False,True
HH-06209,NS-1248,12400.0,6,"aadhaar, , address_proof",True,True,True
HH-06210,NS-0689,22400.0,7,"aadhaar, , address_proof",True,True,True
HH-06211,NS-0162,7500.0,6,"aadhaar, , address_proof",True,True,True
HH-06212,NS-0373,42100.0,4,"aadhaar, ration_card, address_proof",True,False,False
HH-06213,NS-0995,10700.0,8,", ration_card, ",False,False,True
HH-06214,NS-1340,14400.0,8,"aadhaar, ration_card, address_proof",True,True,True
HH-06215,NS-0404,11700.0,5,"aadhaar, ration_card, address_proof",True,False,True
HH-06216,NS-0161,11300.0,1,"aadhaar, ration_card, ",True,False,True
HH-06217,NS-0080,12500.0,1,"aadhaar, ration_card, address_proof",True,False,True
HH-06218,NS-0915,9500.0,8,"aadhaar, ration_card, ",True,False,True
HH-06219,NS-0555,6700.0,1,"aadhaar, ration_card, ",True,False,True
HH-06220,NS-0842,40100.0,8,", ration_card, address_proof",False,True,False
HH-06221,NS-0925,24700.0,4,"aadhaar, ration_card, address_proof",True,True,True
HH-06222,NS-0658,8900.0,7,"aadhaar, , ",True,False,True
HH-06223,NS-1330,14400.0,6,"aadhaar, ration_card, address_proof",True,True,True
HH-06224,NS-1006,9400.0,4,"aadhaar, ration_card, ",True,False,True
HH-06225,NS-0077,11000.0,5,"aadhaar, ration_card, address_proof",True,False,True
HH-06226,NS-0014,17900.0,3,", , address_proof",False,False,True
HH-06227,NS-0415,5400.0,1,"aadhaar, ration_card, address_proof",True,True,True
HH-06228,NS-0593,15700.0,7,"aadhaar, , ",True,False,True
HH-06229,NS-0893,13900.0,7,"aadhaar, ration_card, address_proof",True,True,True
HH-06230,NS-0713,21000.0,6,"aadhaar, , address_proof",True,True,True
HH-06231,NS-0507,8800.0,2,"aadhaar, , address_proof",True,True,True
HH-06232,NS-0593,21400.0,1,", , address_proof",False,True,True
HH-06233,NS-0083,8000.0,8,"aadhaar, , ",True,False,True
HH-06234,NS-0833,6200.0,5,"aadhaar, ration_card, address_proof",True,True,True
HH-06235,NS-1171,10700.0,5,", ration_card, ",False,False,True
HH-06236,NS-1168,14100.0,4,"aadhaar, ration_card, address_proof",True,True,True
HH-06237,NS-1456,8500.0,5,"aadhaar, ration_card, ",True,False,True
HH-06238,NS-0998,26900.0,7,"aadhaar, ration_card, address_proof",True,False,False
HH-06239,NS-1497,7800.0,4,"aadhaar, ration_card, address_proof",True,True,True
HH-06240,NS-0873,14000.0,5,"aadhaar, ration_card, ",True,False,True
HH-06241,NS-0964,12000.0,5,"aadhaar, ration_card, address_proof",True,True,True
HH-06242,NS-1469,8900.0,2,"aadhaar, ration_card, address_proof",True,True,True
HH-06243,NS-0355,3300.0,1,"aadhaar, ration_card, address_proof",True,True,True
HH-06244,NS-0874,13100.0,7,"aadhaar, ration_card, address_proof",True,True,True
HH-06245,NS-1397,26300.0,6,"aadhaar, , address_proof",True,True,False
HH-06246,NS-1203,6900.0,3,"aadhaar, ration_card, ",True,False,True
HH-06247,NS-0885,10600.0,1,"aadhaar, ration_card, ",True,False,True
HH-06248,NS-0125,7300.0,2,"aadhaar, ration_card, ",True,False,True
HH-06249,NS-1130,11300.0,8,"aadhaar, ration_card, ",True,False,True
HH-06250,NS-1118,32700.0,4,"aadhaar, ration_card, address_proof",True,False,False
HH-06251,NS-1111,22200.0,4,"aadhaar, ration_card, ",True,False,True
HH-06252,NS-0174,28200.0,7,"aadhaar, ration_card, address_proof",True,True,False
HH-06253,NS-0069,40500.0,6,"aadhaar, ration_card, address_proof",True,True,False
HH-06254,NS-0334,5600.0,5,"aadhaar, , address_proof",True,True,True
HH-06255,NS-0380,21600.0,3,"aadhaar, ration_card, ",True,False,True
HH-06256,NS-0900,15800.0,7,"aadhaar, , ",True,False,True
HH-06257,NS-0733,20500.0,7,"aadhaar, ration_card, address_proof",True,True,True
HH-06258,NS-0578,5800.0,7,"aadhaar, ration_card, address_proof",True,True,True
HH-06259,NS-1464,18200.0,6,"aadhaar, ration_card, address_proof",True,True,True
HH-06260,NS-0654,4300.0,4,"aadhaar, ration_card, address_proof",True,False,True
HH-06261,NS-0356,8200.0,2,"aadhaar, ration_card, address_proof",True,True,True
HH-06262,NS-0583,30300.0,8,"aadhaar, , address_proof",True,True,False
HH-06263,NS-0983,16400.0,1,", ration_card, address_proof",False,True,True
HH-06264,NS-0830,4200.0,6,"aadhaar, , address_proof",True,True,True
HH-06265,NS-0576,8800.0,5,"aadhaar, ration_card, address_proof",True,True,True
HH-06266,NS-0715,12100.0,6,"aadhaar, , address_proof",True,False,True
HH-06267,NS-0880,12700.0,3,"aadhaar, ration_card, address_proof",True,True,True
HH-06268,NS-0428,14200.0,7,"aadhaar, , ",True,False,True
HH-06269,NS-0266,7900.0,1,", ration_card, address_proof",False,False,True
HH-06270,NS-1018,15900.0,5,"aadhaar, ration_card, address_proof",True,True,True
HH-06271,NS-0480,22800.0,4,"aadhaar, ration_card, address_proof",True,True,True
HH-06272,NS-0807,17600.0,5,"aadhaar, ration_card, ",True,False,True
HH-06273,NS-0654,5600.0,7,"aadhaar, ration_card, address_proof",True,False,True
HH-06274,NS-0676,7300.0,2,"aadhaar, ration_card, address_proof",True,True,True
HH-06275,NS-1353,10600.0,6,"aadhaar, ration_card, address_proof",True,True,True
HH-06276,NS-0631,10200.0,2,"aadhaar, ration_card, address_proof",True,True,True
HH-06277,NS-0088,19400.0,3,"aadhaar, ration_card, address_proof",True,True,True
HH-06278,NS-1099,5100.0,1,"aadhaar, ration_card, ",True,False,True
HH-06279,NS-1313,8500.0,4,", , ",False,False,True
HH-06280,NS-0301,18000.0,3,"aadhaar, ration_card, address_proof",True,True,True
HH-06281,NS-0055,20600.0,5,"aadhaar, , ",True,False,True
HH-06282,NS-0763,5100.0,5,"aadhaar, ration_card, ",True,False,True
HH-06283,NS-0406,10800.0,6,"aadhaar, ration_card, ",True,False,True
HH-06284,NS-1026,7300.0,5,"aadhaar, ration_card, address_proof",True,False,True
HH-06285,NS-0412,14400.0,5,"aadhaar, ration_card, address_proof",True,True,True
HH-06286,NS-0991,18900.0,5,"aadhaar, ration_card, ",True,False,True
HH-06287,NS-0826,10300.0,5,"aadhaar, ration_card, ",True,False,True
HH-06288,NS-0413,18900.0,7,"aadhaar, ration_card, address_proof",True,True,True
HH-06289,NS-0566,4900.0,5,"aadhaar, ration_card, ",True,False,True
HH-06290,NS-1382,39400.0,6,"aadhaar, , ",True,False,False
HH-06291,NS-0200,14000.0,6,"aadhaar, ration_card, ",True,False,True
HH-06292,NS-0002,17800.0,2,"aadhaar, ration_card, address_proof",True,True,True
HH-06293,NS-0615,17600.0,4,"aadhaar, ration_card, address_proof",True,True,True
HH-06294,NS-0251,34800.0,3,"aadhaar, ration_card, address_proof",True,True,False
HH-06295,NS-0209,22700.0,6,"aadhaar, , ",True,False,True
HH-06296,NS-0891,27800.0,6,"aadhaar, ration_card, ",True,False,False
HH-06297,NS-0179,21200.0,1,"aadhaar, , address_proof",True,True,True
HH-06298,NS-0693,11300.0,1,", ration_card, address_proof",False,True,True
HH-06299,NS-1000,11900.0,8,"aadhaar, ration_card, address_proof",True,True,True
HH-06300,NS-0904,15500.0,2,"aadhaar, , address_proof",True,False,True
HH-06301,NS-1244,13000.0,3,", , ",False,False,True
HH-06302,NS-0547,17800.0,1,"aadhaar, ration_card, address_proof",True,True,True
HH-06303,NS-0762,10800.0,3,"aadhaar, , ",True,False,True
HH-06304,NS-0756,17600.0,8,"aadhaar, , address_proof",True,True,True
HH-06305,NS-0117,13200.0,2,", ration_card, address_proof",False,True,True
HH-06306,NS-0980,16800.0,8,"aadhaar, ration_card, address_proof",True,False,True
HH-06307,NS-0744,18000.0,4,"aadhaar, ration_card, address_proof",True,True,True
HH-06308,NS-0261,12700.0,6,"aadhaar, ration_card, ",True,False,True
HH-06309,NS-0040,3400.0,6,"aadhaar, ration_card, ",True,False,True
HH-06310,NS-1259,16400.0,2,"aadhaar, , address_proof",True,True,True
HH-06311,NS-0817,17800.0,8,"aadhaar, ration_card, ",True,False,True
HH-06312,NS-0783,9400.0,5,"aadhaar, ration_card, address_proof",True,True,True
HH-06313,NS-0856,32500.0,7,", , address_proof",False,True,False
HH-06314,NS-0588,9600.0,3,"aadhaar, ration_card, address_proof",True,True,True
HH-06315,NS-1291,4300.0,8,"aadhaar, ration_card, ",True,False,True
HH-06316,NS-1295,10700.0,2,"aadhaar, ration_card, ",True,False,True
HH-06317,NS-0341,9800.0,4,"aadhaar, ration_card, address_proof",True,True,True
HH-06318,NS-1073,19100.0,5,", ration_card, address_proof",False,False,True
HH-06319,NS-1081,13400.0,2,"aadhaar, ration_card, address_proof",True,True,True
HH-06320,NS-0242,21600.0,7,"aadhaar, ration_card, address_proof",True,False,True
HH-06321,NS-0976,10300.0,1,"aadhaar, , ",True,False,True
HH-06322,NS-0034,29300.0,7,"aadhaar, ration_card, address_proof",True,True,False
HH-06323,NS-1283,21400.0,6,"aadhaar, ration_card, ",True,False,True
HH-06324,NS-0977,20700.0,1,", ration_card, address_proof",False,True,True
HH-06325,NS-0188,8000.0,3,"aadhaar, ration_card, ",True,False,True
HH-06326,NS-0091,15300.0,3,"aadhaar, ration_card, ",True,False,True
HH-06327,NS-0983,8800.0,8,"aadhaar, ration_card, ",True,False,True
HH-06328,NS-0264,12100.0,5,"aadhaar, ration_card, ",True,False,True
HH-06329,NS-0782,10100.0,8,"aadhaar, ration_card, ",True,False,True
HH-06330,NS-1462,23700.0,3,", ration_card, address_proof",False,True,True
HH-06331,NS-1332,12000.0,4,"aadhaar, ration_card, address_proof",True,True,True
HH-06332,NS-0554,26500.0,6,"aadhaar, ration_card, address_proof",True,False,False
HH-06333,NS-0721,14000.0,5,"aadhaar, , address_proof",True,True,True
HH-06334,NS-0606,11600.0,3,"aadhaar, ration_card, ",True,False,True
HH-06335,NS-1376,25100.0,7,"aadhaar, ration_card, ",True,False,False
HH-06336,NS-0432,18200.0,7,", ration_card, address_proof",False,False,True
HH-06337,NS-0853,3000.0,5,"aadhaar, ration_card, ",True,False,True
HH-06338,NS-1286,11600.0,5,"aadhaar, ration_card, address_proof",True,True,True
HH-06339,NS-0841,5800.0,2,"aadhaar, , address_proof",True,False,True
HH-06340,NS-0593,10200.0,2,"aadhaar, ration_card, address_proof",True,True,True
HH-06341,NS-0287,31200.0,6,"aadhaar, ration_card, address_proof",True,True,False
HH-06342,NS-1352,16100.0,5,"aadhaar, ration_card, address_proof",True,True,True
HH-06343,NS-0985,24100.0,5,"aadhaar, ration_card, ",True,False,True
HH-06344,NS-0836,21900.0,8,", ration_card, ",False,False,True
HH-06345,NS-1304,35500.0,1,"aadhaar, ration_card, address_proof",True,True,False
HH-06346,NS-0573,10300.0,5,"aadhaar, ration_card, ",True,False,True
HH-06347,NS-1408,20700.0,1,"aadhaar, ration_card, ",True,False,True
HH-06348,NS-0729,10800.0,8,"aadhaar, ration_card, ",True,False,True
HH-06349,NS-1269,7900.0,3,"aadhaar, ration_card, address_proof",True,True,True
HH-06350,NS-0651,19000.0,4,"aadhaar, ration_card, ",True,False,True
HH-06351,NS-1260,11500.0,5,"aadhaar, ration_card, ",True,False,True
HH-06352,NS-1394,17600.0,1,"aadhaar, ration_card, ",True,False,True
HH-06353,NS-0286,21600.0,4,"aadhaar, ration_card, address_proof",True,True,True
HH-06354,NS-0738,21200.0,5,"aadhaar, ration_card, address_proof",True,True,True
HH-06355,NS-0130,10300.0,3,"aadhaar, ration_card, ",True,False,True
HH-06356,NS-0541,9600.0,4,", ration_card, address_proof",False,True,True
HH-06357,NS-0882,8100.0,3,"aadhaar, ration_card, address_proof",True,True,True
HH-06358,NS-1021,3900.0,8,"aadhaar, , address_proof",True,True,True
HH-06359,NS-1043,5500.0,7,"aadhaar, ration_card, address_proof",True,True,True
HH-06360,NS-1087,16200.0,1,"aadhaar, ration_card, address_proof",True,True,True
HH-06361,NS-0830,7800.0,5,", ration_card, address_proof",False,True,True
HH-06362,NS-0718,44300.0,6,"aadhaar, ration_card, address_proof",True,True,False
HH-06363,NS-0130,17100.0,2,"aadhaar, ration_card, address_proof",True,False,True
HH-06364,NS-0887,20300.0,2,"aadhaar, ration_card, address_proof",True,True,True
HH-06365,NS-1178,58800.0,5,"aadhaar, ration_card, address_proof",False,True,False
HH-06366,NS-0674,81800.0,5,"aadhaar, , address_proof",False,True,False
HH-06367,NS-0162,12000.0,1,"aadhaar, , address_proof",True,True,True
HH-06368,NS-0523,24200.0,3,"aadhaar, ration_card, ",True,False,True
HH-06369,NS-0276,3400.0,4,"aadhaar, , ",True,False,True
HH-06370,NS-0333,8000.0,6,"aadhaar, , ",True,False,True
HH-06371,NS-0393,7900.0,8,"aadhaar, , address_proof",True,True,True
HH-06372,NS-0465,4200.0,2,"aadhaar, ration_card, address_proof",True,False,True
HH-06373,NS-0709,18000.0,8,"aadhaar, ration_card, address_proof",True,True,True
HH-06374,NS-0832,13100.0,3,"aadhaar, ration_card, ",True,False,True
HH-06375,NS-0602,14000.0,6,"aadhaar, ration_card, address_proof",True,False,True
HH-06376,NS-0879,44900.0,2,"aadhaar, ration_card, address_proof",True,True,False
HH-06377,NS-0282,24700.0,7,"aadhaar, ration_card, ",True,False,True
HH-06378,NS-0389,14100.0,3,"aadhaar, ration_card, ",True,False,True
HH-06379,NS-0088,32500.0,3,"aadhaar, ration_card, address_proof",True,True,False
HH-06380,NS-0241,37200.0,4,"aadhaar, ration_card, address_proof",True,True,False
HH-06381,NS-0848,5800.0,1,", ration_card, address_proof",False,True,True
HH-06382,NS-0293,6300.0,8,"aadhaar, ration_card, ",True,False,True
HH-06383,NS-0391,24800.0,5,"aadhaar, ration_card, address_proof",True,True,True
HH-06384,NS-1494,4100.0,8,"aadhaar, ration_card, address_proof",True,True,True
HH-06385,NS-0356,11600.0,3,"aadhaar, , address_proof",True,True,True
HH-06386,NS-0733,7800.0,3,"aadhaar, ration_card, ",True,False,True
HH-06387,NS-0953,11900.0,4,"aadhaar, , address_proof",True,True,True
HH-06388,NS-1473,23000.0,8,"aadhaar, ration_card, address_proof",True,True,True
HH-06389,NS-0008,14400.0,4,"aadhaar, ration_card, ",True,False,True
HH-06390,NS-0332,14100.0,5,", ration_card, address_proof",False,True,True
HH-06391,NS-0045,14300.0,1,"aadhaar, ration_card, ",True,False,True
HH-06392,NS-0757,11100.0,7,"aadhaar, ration_card, address_proof",True,False,True
HH-06393,NS-0574,34500.0,5,"aadhaar, ration_card, ",True,False,False
HH-06394,NS-0092,16600.0,3,"aadhaar, , address_proof",True,True,True
HH-06395,NS-1242,9900.0,7,"aadhaar, ration_card, ",True,False,True
HH-06396,NS-1177,58300.0,5,"aadhaar, ration_card, address_proof",False,True,False
HH-06397,NS-0844,4600.0,3,"aadhaar, ration_card, address_proof",True,False,True
HH-06398,NS-1381,20700.0,4,"aadhaar, ration_card, ",True,False,True
HH-06399,NS-1370,7800.0,3,", ration_card, address_proof",False,True,True
HH-06400,NS-1236,15700.0,2,"aadhaar, ration_card, address_proof",True,True,True
HH-06401,NS-1136,8800.0,4,"aadhaar, ration_card, ",True,False,True
HH-06402,NS-0378,9700.0,4,"aadhaar, ration_card, ",True,False,True
HH-06403,NS-1462,7400.0,6,"aadhaar, ration_card, ",True,False,True
HH-06404,NS-0940,46800.0,2,"aadhaar, ration_card, address_proof",True,False,False
HH-06405,NS-1029,15600.0,4,"aadhaar, ration_card, address_proof",True,True,True
HH-06406,NS-1485,32500.0,4,"aadhaar, ration_card, address_proof",True,True,False
HH-06407,NS-0698,13200.0,3,"aadhaar, ration_card, ",True,False,True
HH-06408,NS-0221,51600.0,3,"aadhaar, ration_card, address_proof",False,True,False
HH-06409,NS-1144,17600.0,1,"aadhaar, ration_card, address_proof",True,True,True
HH-06410,NS-0213,26100.0,2,"aadhaar, ration_card, ",True,False,False
HH-06411,NS-1227,3900.0,8,"aadhaar, ration_card, address_proof",True,False,True
HH-06412,NS-1430,9800.0,8,"aadhaar, ration_card, address_proof",True,True,True
HH-06413,NS-0134,13300.0,8,"aadhaar, ration_card, address_proof",True,True,True
HH-06414,NS-0181,18100.0,7,"aadhaar, ration_card, address_proof",True,True,True
HH-06415,NS-0664,22900.0,5,"aadhaar, ration_card, address_proof",True,True,True
HH-06416,NS-0902,22900.0,7,"aadhaar, , ",True,False,True
HH-06417,NS-0882,12900.0,5,"aadhaar, ration_card, ",True,False,True
HH-06418,NS-1256,11500.0,8,"aadhaar, ration_card, ",True,False,True
HH-06419,NS-0840,27300.0,5,"aadhaar, ration_card, address_proof",True,True,False
HH-06420,NS-0679,21400.0,3,"aadhaar, ration_card, address_proof",True,True,True
HH-06421,NS-0812,12000.0,8,"aadhaar, ration_card, address_proof",True,True,True
HH-06422,NS-0088,28700.0,7,"aadhaar, , ",True,False,False
HH-06423,NS-1160,14100.0,7,"aadhaar, , address_proof",True,True,True
HH-06424,NS-0895,20700.0,4,"aadhaar, ration_card, ",True,False,True
HH-06425,NS-0854,8900.0,3,", ration_card, address_proof",False,True,True
HH-06426,NS-0962,10000.0,4,"aadhaar, ration_card, ",True,False,True
HH-06427,NS-0393,11200.0,2,", , address_proof",False,True,True
HH-06428,NS-0940,14400.0,8,", , address_proof",False,False,True
HH-06429,NS-0640,3000.0,2,"aadhaar, , address_proof",True,True,True
HH-06430,NS-0136,7100.0,2,"aadhaar, ration_card, ",True,False,True
HH-06431,NS-0127,11800.0,8,"aadhaar, , address_proof",True,False,True
HH-06432,NS-1086,16700.0,7,"aadhaar, ration_card, address_proof",True,True,True
HH-06433,NS-0265,18400.0,8,"aadhaar, ration_card, ",True,False,True
HH-06434,NS-0774,10800.0,4,"aadhaar, ration_card, address_proof",True,True,True
HH-06435,NS-0647,9900.0,1,"aadhaar, , ",True,False,True
HH-06436,NS-0802,4100.0,1,"aadhaar, ration_card, ",True,False,True
HH-06437,NS-0028,21000.0,2,"aadhaar, ration_card, address_proof",True,True,True
HH-06438,NS-1164,8400.0,4,"aadhaar, , address_proof",True,True,True
HH-06439,NS-1492,8500.0,2,"aadhaar, , address_proof",True,True,True
HH-06440,NS-1035,13600.0,4,"aadhaar, ration_card, ",True,False,True
HH-06441,NS-0929,16900.0,4,"aadhaar, ration_card, ",True,False,True
HH-06442,NS-0809,6200.0,8,"aadhaar, ration_card, address_proof",True,True,True
HH-06443,NS-1405,8300.0,8,", ration_card, address_proof",False,False,True
HH-06444,NS-0144,14600.0,4,"aadhaar, ration_card, ",True,False,True
HH-06445,NS-0964,27700.0,3,"aadhaar, ration_card, address_proof",True,True,False
HH-06446,NS-1005,7400.0,7,"aadhaar, , address_proof",True,False,True
HH-06447,NS-0289,18400.0,7,"aadhaar, ration_card, address_proof",True,True,True
HH-06448,NS-0377,12600.0,3,"aadhaar, ration_card, ",True,False,True
HH-06449,NS-0115,18200.0,8,"aadhaar, ration_card, address_proof",True,False,True
HH-06450,NS-0415,16800.0,1,"aadhaar, ration_card, ",True,False,True
HH-06451,NS-0553,16800.0,3,"aadhaar, , ",True,False,True
HH-06452,NS-0343,31300.0,3,"aadhaar, ration_card, ",True,False,False
HH-06453,NS-0322,20400.0,8,"aadhaar, ration_card, ",True,False,True
HH-06454,NS-1453,4800.0,8,"aadhaar, ration_card, address_proof",True,True,True
HH-06455,NS-0189,11200.0,2,", ration_card, address_proof",False,True,True
HH-06456,NS-0884,7200.0,5,"aadhaar, , ",True,False,True
HH-06457,NS-0101,12100.0,6,"aadhaar, , address_proof",True,True,True
HH-06458,NS-0893,20400.0,8,", , ",False,False,True
HH-06459,NS-0609,8000.0,3,"aadhaar, , address_proof",True,True,True
HH-06460,NS-1143,28300.0,3,"aadhaar, ration_card, ",True,False,False
HH-06461,NS-1154,11400.0,7,"aadhaar, , address_proof",True,True,True
HH-06462,NS-0902,8100.0,6,"aadhaar, , address_proof",True,True,True
HH-06463,NS-0877,5200.0,1,"aadhaar, ration_card, ",True,False,True
HH-06464,NS-1237,12900.0,1,"aadhaar, ration_card, ",True,False,True
HH-06465,NS-0484,12300.0,6,"aadhaar, , address_proof",True,True,True
HH-06466,NS-0788,17500.0,3,", ration_card, address_proof",False,True,True
HH-06467,NS-0028,16400.0,6,"aadhaar, ration_card, ",True,False,True
HH-06468,NS-0004,15800.0,6,"aadhaar, ration_card, address_proof",True,True,True
HH-06469,NS-0265,28800.0,7,"aadhaar, ration_card, address_proof",True,True,False
HH-06470,NS-1280,14800.0,6,"aadhaar, , ",True,False,True
HH-06471,NS-0954,16900.0,1,"aadhaar, ration_card, ",True,False,True
HH-06472,NS-1434,19300.0,8,"aadhaar, ration_card, address_proof",True,True,True
HH-06473,NS-0032,27300.0,4,"aadhaar, ration_card, ",True,False,False
HH-06474,NS-1117,11400.0,4,"aadhaar, ration_card, ",True,False,True
HH-06475,NS-0810,18400.0,5,"aadhaar, ration_card, address_proof",True,True,True
HH-06476,NS-1290,6000.0,5,"aadhaar, , ",True,False,True
HH-06477,NS-0473,9100.0,5,"aadhaar, ration_card, ",True,False,True
HH-06478,NS-0656,6100.0,4,"aadhaar, ration_card, ",True,False,True
HH-06479,NS-1275,13800.0,2,"aadhaar, ration_card, ",True,False,True
HH-06480,NS-0514,10100.0,7,"aadhaar, ration_card, ",True,False,True
HH-06481,NS-0789,13800.0,8,"aadhaar, ration_card, ",True,False,True
HH-06482,NS-0044,20800.0,2,"aadhaar, ration_card, ",True,False,True
HH-06483,NS-0829,10700.0,5,"aadhaar, ration_card, address_proof",True,True,True
HH-06484,NS-0082,22400.0,6,"aadhaar, ration_card, address_proof",True,True,True
HH-06485,NS-0754,15300.0,4,"aadhaar, ration_card, ",True,False,True
HH-06486,NS-1054,54400.0,4,"aadhaar, ration_card, ",False,False,False
HH-06487,NS-0508,12300.0,4,"aadhaar, ration_card, address_proof",True,True,True
HH-06488,NS-1027,24800.0,7,"aadhaar, , address_proof",True,True,True
HH-06489,NS-1367,15000.0,4,"aadhaar, ration_card, address_proof",True,False,True
HH-06490,NS-0175,6900.0,4,"aadhaar, ration_card, ",True,False,True
HH-06491,NS-1117,26100.0,1,", ration_card, address_proof",False,True,False
HH-06492,NS-0983,11700.0,5,"aadhaar, , ",True,False,True
HH-06493,NS-0331,13500.0,8,"aadhaar, , address_proof",True,True,True
HH-06494,NS-0615,6500.0,4,"aadhaar, ration_card, address_proof",True,True,True
HH-06495,NS-0831,23200.0,1,"aadhaar, , address_proof",True,True,True
HH-06496,NS-1012,32100.0,6,", ration_card, ",False,False,False
HH-06497,NS-0838,16500.0,1,"aadhaar, ration_card, address_proof",True,True,True
HH-06498,NS-0638,8400.0,2,", ration_card, address_proof",False,True,True
HH-06499,NS-1268,28400.0,1,"aadhaar, ration_card, address_proof",True,False,False
HH-06500,NS-0941,9200.0,6,"aadhaar, ration_card, address_proof",True,True,True
HH-06501,NS-0914,29400.0,1,"aadhaar, , address_proof",True,True,False
HH-06502,NS-0509,32100.0,4,"aadhaar, ration_card, address_proof",True,True,False
HH-06503,NS-0112,19300.0,7,"aadhaar, ration_card, address_proof",True,True,True
HH-06504,NS-0979,52700.0,6,"aadhaar, , address_proof",False,True,False
HH-06505,NS-1453,9000.0,1,"aadhaar, ration_card, ",True,False,True
HH-06506,NS-0711,6900.0,1,", ration_card, address_proof",False,True,True
HH-06507,NS-0995,13300.0,2,"aadhaar, ration_card, ",True,False,True
HH-06508,NS-1258,9600.0,4,"aadhaar, ration_card, ",True,False,True
HH-06509,NS-0811,8500.0,3,", ration_card, ",False,False,True
HH-06510,NS-0716,13500.0,8,"aadhaar, , ",True,False,True
HH-06511,NS-0966,13200.0,7,"aadhaar, ration_card, address_proof",True,True,True
HH-06512,NS-0255,8000.0,7,"aadhaar, , address_proof",True,True,True
HH-06513,NS-1491,18100.0,1,"aadhaar, ration_card, address_proof",True,False,True
HH-06514,NS-1415,6100.0,6,"aadhaar, , ",True,False,True
HH-06515,NS-0904,23400.0,4,"aadhaar, ration_card, address_proof",True,False,True
HH-06516,NS-1091,12000.0,2,"aadhaar, , address_proof",True,True,True
HH-06517,NS-1229,19400.0,7,"aadhaar, ration_card, address_proof",True,False,True
HH-06518,NS-0908,23300.0,6,"aadhaar, ration_card, ",True,False,True
HH-06519,NS-0690,11600.0,4,"aadhaar, , address_proof",True,True,True
HH-06520,NS-1256,7400.0,6,"aadhaar, ration_card, address_proof",True,True,True
HH-06521,NS-1223,13000.0,5,", ration_card, address_proof",False,True,True
HH-06522,NS-1266,23600.0,3,"aadhaar, ration_card, ",True,False,True
HH-06523,NS-0703,9900.0,2,"aadhaar, ration_card, address_proof",True,True,True
HH-06524,NS-0026,8900.0,5,"aadhaar, , address_proof",True,True,True
HH-06525,NS-0303,12300.0,3,"aadhaar, ration_card, ",True,False,True
HH-06526,NS-0101,10700.0,4,"aadhaar, ration_card, address_proof",True,True,True
HH-06527,NS-0395,15200.0,3,"aadhaar, ration_card, address_proof",True,False,True
HH-06528,NS-1078,12600.0,3,"aadhaar, ration_card, ",True,False,True
HH-06529,NS-0766,33800.0,4,"aadhaar, ration_card, address_proof",True,True,False
HH-06530,NS-0531,16300.0,5,"aadhaar, , address_proof",True,True,True
HH-06531,NS-0421,20800.0,1,"aadhaar, ration_card, ",True,False,True
HH-06532,NS-1265,10700.0,4,"aadhaar, , ",True,False,True
HH-06533,NS-0643,7600.0,5,"aadhaar, , address_proof",True,True,True
HH-06534,NS-0560,15100.0,6,"aadhaar, ration_card, address_proof",True,False,True
HH-06535,NS-0888,42500.0,5,"aadhaar, ration_card, ",True,False,False
HH-06536,NS-1386,12600.0,8,", ration_card, address_proof",False,True,True
HH-06537,NS-0682,14600.0,2,"aadhaar, ration_card, address_proof",True,True,True
HH-06538,NS-0135,18800.0,6,"aadhaar, , address_proof",True,True,True
HH-06539,NS-1257,13300.0,2,", ration_card, address_proof",False,True,True
HH-06540,NS-0487,9800.0,5,"aadhaar, ration_card, ",True,False,True
HH-06541,NS-0652,5900.0,5,"aadhaar, ration_card, ",True,False,True
HH-06542,NS-1111,13600.0,4,"aadhaar, ration_card, address_proof",True,True,True
HH-06543,NS-1134,12500.0,5,", , address_proof",False,True,True
HH-06544,NS-0979,28400.0,5,"aadhaar, ration_card, address_proof",True,True,False
HH-06545,NS-0920,10800.0,8,"aadhaar, ration_card, address_proof",True,False,True
HH-06546,NS-1196,19800.0,4,"aadhaar, , address_proof",True,True,True
HH-06547,NS-0016,8500.0,2,"aadhaar, ration_card, address_proof",True,True,True
HH-06548,NS-0825,16900.0,2,"aadhaar, ration_card, ",True,False,True
HH-06549,NS-0288,7500.0,4,"aadhaar, , ",True,False,True
HH-06550,NS-0558,7700.0,3,"aadhaar, ration_card, address_proof",True,True,True
HH-06551,NS-0997,27000.0,5,", ration_card, address_proof",False,True,False
HH-06552,NS-0671,6700.0,4,"aadhaar, ration_card, ",True,False,True
HH-06553,NS-1332,21100.0,4,"aadhaar, ration_card, address_proof",True,True,True
HH-06554,NS-1363,17600.0,6,"aadhaar, ration_card, ",True,False,True
HH-06555,NS-1033,30500.0,8,"aadhaar, ration_card, ",True,False,False
HH-06556,NS-0340,23500.0,6,"aadhaar, , ",True,False,True
HH-06557,NS-0548,21600.0,4,"aadhaar, ration_card, ",True,False,True
HH-06558,NS-1055,9000.0,5,"aadhaar, ration_card, address_proof",True,True,True
HH-06559,NS-0427,15000.0,4,"aadhaar, , ",True,False,True
HH-06560,NS-1169,6800.0,7,"aadhaar, ration_card, ",True,False,True
HH-06561,NS-0381,11900.0,8,", ration_card, ",False,False,True
HH-06562,NS-1403,9400.0,3,"aadhaar, ration_card, ",True,False,True
HH-06563,NS-0743,7700.0,2,"aadhaar, , ",True,False,True
HH-06564,NS-0598,23100.0,6,"aadhaar, ration_card, address_proof",True,True,True
HH-06565,NS-0280,8500.0,1,"aadhaar, , address_proof",True,True,True
HH-06566,NS-0863,42200.0,8,"aadhaar, , ",True,False,False
HH-06567,NS-1386,26900.0,1,"aadhaar, ration_card, address_proof",True,True,False
HH-06568,NS-1285,13600.0,8,", ration_card, address_proof",False,True,True
HH-06569,NS-0857,13900.0,5,"aadhaar, ration_card, address_proof",True,True,True
HH-06570,NS-1127,6800.0,6,"aadhaar, , address_proof",True,True,True
HH-06571,NS-1313,23900.0,6,", ration_card, address_proof",False,True,True
HH-06572,NS-0660,9900.0,4,"aadhaar, ration_card, ",True,False,True
HH-06573,NS-0014,5500.0,5,"aadhaar, ration_card, ",True,False,True
HH-06574,NS-1212,16800.0,2,"aadhaar, ration_card, ",True,False,True
HH-06575,NS-0419,5700.0,6,"aadhaar, ration_card, address_proof",True,True,True
HH-06576,NS-0746,6500.0,4,"aadhaar, ration_card, ",True,False,True
HH-06577,NS-0216,7700.0,1,"aadhaar, ration_card, address_proof",True,True,True
HH-06578,NS-0355,18300.0,4,"aadhaar, ration_card, address_proof",True,True,True
HH-06579,NS-0454,16100.0,8,"aadhaar, ration_card, address_proof",True,True,True
HH-06580,NS-0268,15000.0,3,"aadhaar, ration_card, ",True,False,True
HH-06581,NS-0387,7100.0,8,", ration_card, ",False,False,True
HH-06582,NS-0375,7000.0,5,"aadhaar, , address_proof",True,False,True
HH-06583,NS-0547,9000.0,1,", ration_card, ",False,False,True
HH-06584,NS-0950,7000.0,8,"aadhaar, , address_proof",True,True,True
HH-06585,NS-0443,13900.0,4,"aadhaar, ration_card, address_proof",True,True,True
HH-06586,NS-0896,12000.0,3,"aadhaar, ration_card, address_proof",True,False,True
HH-06587,NS-0430,10300.0,6,"aadhaar, ration_card, address_proof",True,True,True
HH-06588,NS-0540,12600.0,8,", , address_proof",False,True,True
HH-06589,NS-1348,15700.0,7,"aadhaar, ration_card, address_proof",True,False,True
HH-06590,NS-1257,8300.0,5,"aadhaar, ration_card, address_proof",True,True,True
HH-06591,NS-1094,3300.0,4,"aadhaar, ration_card, address_proof",True,True,True
HH-06592,NS-1406,11300.0,6,", , address_proof",False,True,True
HH-06593,NS-0131,8100.0,4,", ration_card, address_proof",False,True,True
HH-06594,NS-0464,12900.0,8,"aadhaar, ration_card, address_proof",True,True,True
HH-06595,NS-0973,9200.0,3,"aadhaar, ration_card, address_proof",True,True,True
HH-06596,NS-0600,15200.0,7,"aadhaar, ration_card, ",True,False,True
HH-06597,NS-0859,10400.0,2,"aadhaar, ration_card, address_proof",True,True,True
HH-06598,NS-0337,10500.0,1,"aadhaar, ration_card, address_proof",True,True,True
HH-06599,NS-1318,12800.0,3,", ration_card, address_proof",False,True,True
HH-06600,NS-1380,25200.0,8,"aadhaar, ration_card, address_proof",True,True,False
HH-06601,NS-1224,5200.0,6,", , address_proof",False,True,True
HH-06602,NS-0185,9700.0,7,"aadhaar, ration_card, address_proof",True,True,True
HH-06603,NS-0934,9700.0,4,", ration_card, address_proof",False,True,True
HH-06604,NS-0555,14400.0,4,"aadhaar, ration_card, ",True,False,True
HH-06605,NS-0789,10400.0,4,"aadhaar, , ",True,False,True
HH-06606,NS-0152,16500.0,3,"aadhaar, ration_card, ",True,False,True
HH-06607,NS-0598,18600.0,2,"aadhaar, ration_card, address_proof",True,True,True
HH-06608,NS-0052,9400.0,5,"aadhaar, ration_card, address_proof",True,True,True
HH-06609,NS-1472,9100.0,3,"aadhaar, , address_proof",True,True,True
HH-06610,NS-0704,11600.0,3,"aadhaar, ration_card, ",True,False,True
HH-06611,NS-0912,20700.0,3,"aadhaar, ration_card, address_proof",True,True,True
HH-06612,NS-1229,14200.0,1,"aadhaar, , address_proof",True,False,True
HH-06613,NS-0313,59700.0,3,"aadhaar, , address_proof",False,True,False
HH-06614,NS-0346,16900.0,5,"aadhaar, , address_proof",True,True,True
HH-06615,NS-0239,84600.0,2,"aadhaar, ration_card, address_proof",False,True,False
HH-06616,NS-0785,24000.0,8,"aadhaar, ration_card, ",True,False,True
HH-06617,NS-1197,20300.0,4,"aadhaar, ration_card, ",True,False,True
HH-06618,NS-1474,16000.0,4,"aadhaar, ration_card, address_proof",True,True,True
HH-06619,NS-1466,11300.0,8,"aadhaar, ration_card, address_proof",True,True,True
HH-06620,NS-1279,18800.0,7,"aadhaar, ration_card, address_proof",True,True,True
HH-06621,NS-0499,7900.0,4,"aadhaar, , ",True,False,True
HH-06622,NS-1049,11500.0,3,"aadhaar, , address_proof",True,True,True
HH-06623,NS-0501,10600.0,6,"aadhaar, ration_card, address_proof",True,True,True
HH-06624,NS-0817,16000.0,1,"aadhaar, ration_card, address_proof",True,True,True
HH-06625,NS-0145,24100.0,4,"aadhaar, , address_proof",True,True,True
HH-06626,NS-0583,18900.0,3,"aadhaar, , address_proof",True,True,True
HH-06627,NS-0331,22600.0,3,"aadhaar, ration_card, address_proof",True,True,True
HH-06628,NS-0343,4700.0,2,"aadhaar, , ",True,False,True
HH-06629,NS-0332,12300.0,7,"aadhaar, ration_card, address_proof",True,True,True
HH-06630,NS-0226,13600.0,6,"aadhaar, , address_proof",True,True,True
HH-06631,NS-1361,30700.0,4,"aadhaar, , ",True,False,False
HH-06632,NS-0177,5300.0,7,"aadhaar, , ",True,False,True
HH-06633,NS-0988,8300.0,5,"aadhaar, ration_card, address_proof",True,True,True
HH-06634,NS-0829,12500.0,1,"aadhaar, , address_proof",True,True,True
HH-06635,NS-0285,24400.0,2,"aadhaar, , address_proof",True,True,True
HH-06636,NS-1233,20200.0,2,"aadhaar, ration_card, address_proof",True,True,True
HH-06637,NS-0371,3300.0,3,"aadhaar, ration_card, ",True,False,True
HH-06638,NS-0663,16000.0,8,"aadhaar, ration_card, address_proof",True,True,True
HH-06639,NS-1106,43900.0,8,"aadhaar, ration_card, address_proof",True,True,False
HH-06640,NS-0465,5700.0,2,", ration_card, address_proof",False,False,True
HH-06641,NS-0691,22200.0,1,"aadhaar, , address_proof",True,True,True
HH-06642,NS-0141,12000.0,8,"aadhaar, ration_card, address_proof",True,True,True
HH-06643,NS-0762,10900.0,8,"aadhaar, ration_card, address_proof",True,True,True
HH-06644,NS-0106,16500.0,7,"aadhaar, ration_card, address_proof",True,True,True
HH-06645,NS-1062,5800.0,8,"aadhaar, ration_card, address_proof",True,True,True
HH-06646,NS-1477,10600.0,7,"aadhaar, ration_card, address_proof",True,True,True
HH-06647,NS-0093,23000.0,2,", ration_card, ",False,False,True
HH-06648,NS-0545,43300.0,5,"aadhaar, ration_card, ",True,False,False
HH-06649,NS-0139,4900.0,5,"aadhaar, , address_proof",True,True,True
HH-06650,NS-1042,10200.0,7,"aadhaar, ration_card, address_proof",True,True,True
HH-06651,NS-0618,28700.0,5,", ration_card, address_proof",False,True,False
HH-06652,NS-0101,9900.0,4,"aadhaar, ration_card, address_proof",True,True,True
HH-06653,NS-0905,24700.0,7,"aadhaar, ration_card, address_proof",True,False,True
HH-06654,NS-1242,27900.0,2,"aadhaar, , ",True,False,False
HH-06655,NS-1461,17600.0,5,"aadhaar, ration_card, ",True,False,True
HH-06656,NS-0873,4100.0,8,"aadhaar, ration_card, ",True,False,True
HH-06657,NS-1041,9400.0,6,"aadhaar, ration_card, address_proof",True,True,True
HH-06658,NS-0569,6600.0,1,"aadhaar, ration_card, address_proof",True,False,True
HH-06659,NS-1029,12000.0,3,"aadhaar, ration_card, address_proof",True,True,True
HH-06660,NS-0679,13600.0,7,"aadhaar, ration_card, address_proof",True,True,True
HH-06661,NS-1323,9400.0,8,"aadhaar, , address_proof",True,True,True
HH-06662,NS-1366,26900.0,6,"aadhaar, ration_card, ",True,False,False
HH-06663,NS-0529,39800.0,6,", ration_card, address_proof",False,False,False
HH-06664,NS-0983,8300.0,3,"aadhaar, ration_card, ",True,False,True
HH-06665,NS-1107,19700.0,8,"aadhaar, , ",True,False,True
HH-06666,NS-0591,6200.0,6,"aadhaar, ration_card, address_proof",True,True,True
HH-06667,NS-0403,17500.0,1,", , address_proof",False,True,True
HH-06668,NS-1179,25300.0,2,"aadhaar, ration_card, address_proof",True,True,False
HH-06669,NS-0924,15900.0,2,"aadhaar, ration_card, address_proof",True,True,True
HH-06670,NS-0173,14100.0,4,"aadhaar, ration_card, ",True,False,True
HH-06671,NS-0069,14600.0,6,"aadhaar, ration_card, address_proof",True,True,True
HH-06672,NS-0950,5700.0,5,"aadhaar, , address_proof",True,True,True
HH-06673,NS-1260,17900.0,4,", ration_card, ",False,False,True
HH-06674,NS-0299,12200.0,1,", ration_card, ",False,False,True
HH-06675,NS-0894,18800.0,2,"aadhaar, , ",True,False,True
HH-06676,NS-1020,11400.0,1,"aadhaar, , address_proof",True,True,True
HH-06677,NS-1022,7500.0,1,"aadhaar, ration_card, ",True,False,True
HH-06678,NS-0379,4500.0,7,"aadhaar, , address_proof",True,True,True
HH-06679,NS-1260,27700.0,2,", ration_card, address_proof",False,True,False
HH-06680,NS-0851,6400.0,7,"aadhaar, ration_card, address_proof",True,True,True
HH-06681,NS-0998,12200.0,7,", ration_card, address_proof",False,False,True
HH-06682,NS-1315,14300.0,8,"aadhaar, ration_card, ",True,False,True
HH-06683,NS-0606,11500.0,1,"aadhaar, ration_card, address_proof",True,True,True
HH-06684,NS-0917,11300.0,3,", ration_card, ",False,False,True
HH-06685,NS-0644,12300.0,2,"aadhaar, , address_proof",True,True,True
HH-06686,NS-1151,17300.0,1,"aadhaar, ration_card, address_proof",True,True,True
HH-06687,NS-0515,41600.0,2,"aadhaar, ration_card, address_proof",True,True,False
HH-06688,NS-0919,7900.0,6,"aadhaar, ration_card, address_proof",True,False,True
HH-06689,NS-0811,14700.0,5,"aadhaar, ration_card, address_proof",True,True,True
HH-06690,NS-0108,6100.0,7,", ration_card, address_proof",False,False,True
HH-06691,NS-0020,11600.0,1,"aadhaar, ration_card, ",True,False,True
HH-06692,NS-1308,6700.0,6,"aadhaar, ration_card, address_proof",True,True,True
HH-06693,NS-0159,16000.0,7,"aadhaar, ration_card, address_proof",True,True,True
HH-06694,NS-0656,13000.0,2,"aadhaar, ration_card, address_proof",True,True,True
HH-06695,NS-0479,4700.0,1,"aadhaar, ration_card, address_proof",True,True,True
HH-06696,NS-0437,3000.0,3,", ration_card, ",False,False,True
HH-06697,NS-0188,20100.0,2,"aadhaar, ration_card, ",True,False,True
HH-06698,NS-0538,9200.0,1,"aadhaar, ration_card, ",True,False,True
HH-06699,NS-0420,4900.0,8,"aadhaar, ration_card, address_proof",True,True,True
HH-06700,NS-0131,15800.0,5,"aadhaar, ration_card, ",True,False,True
HH-06701,NS-0348,18300.0,7,"aadhaar, ration_card, address_proof",True,False,True
HH-06702,NS-0789,34200.0,5,"aadhaar, ration_card, address_proof",True,True,False
HH-06703,NS-0697,5200.0,6,"aadhaar, ration_card, address_proof",True,True,True
HH-06704,NS-0082,8700.0,4,"aadhaar, ration_card, ",True,False,True
HH-06705,NS-1026,8400.0,1,"aadhaar, , ",True,False,True
HH-06706,NS-0808,17900.0,2,"aadhaar, ration_card, address_proof",True,True,True
HH-06707,NS-0911,4200.0,8,"aadhaar, , address_proof",True,True,True
HH-06708,NS-0997,6600.0,7,"aadhaar, ration_card, ",True,False,True
HH-06709,NS-0428,15200.0,5,", , address_proof",False,False,True
HH-06710,NS-1229,16000.0,6,"aadhaar, , address_proof",True,False,True
HH-06711,NS-0722,9500.0,5,"aadhaar, ration_card, ",True,False,True
HH-06712,NS-0205,68600.0,7,"aadhaar, ration_card, address_proof",False,False,False
HH-06713,NS-1336,33900.0,6,"aadhaar, ration_card, address_proof",True,True,False
HH-06714,NS-0844,17000.0,4,", ration_card, address_proof",False,False,True
HH-06715,NS-0219,7400.0,2,"aadhaar, ration_card, address_proof",True,True,True
HH-06716,NS-1259,5700.0,2,"aadhaar, ration_card, address_proof",True,True,True
HH-06717,NS-0781,17100.0,5,"aadhaar, ration_card, ",True,False,True
HH-06718,NS-0334,10600.0,8,"aadhaar, ration_card, address_proof",True,True,True
HH-06719,NS-0489,8500.0,7,"aadhaar, , address_proof",True,True,True
HH-06720,NS-0544,9100.0,3,"aadhaar, , address_proof",True,True,True
HH-06721,NS-0562,7400.0,3,"aadhaar, ration_card, address_proof",True,True,True
HH-06722,NS-1270,19600.0,1,"aadhaar, ration_card, address_proof",True,True,True
HH-06723,NS-0078,11900.0,6,"aadhaar, ration_card, address_proof",True,False,True
HH-06724,NS-0800,15700.0,5,", , ",False,False,True
HH-06725,NS-0916,13100.0,8,"aadhaar, ration_card, address_proof",True,True,True
HH-06726,NS-0467,23300.0,8,"aadhaar, ration_card, address_proof",True,False,True
HH-06727,NS-0857,36200.0,7,"aadhaar, ration_card, address_proof",True,True,False
HH-06728,NS-1280,6800.0,6,"aadhaar, ration_card, address_proof",True,True,True
HH-06729,NS-0309,5000.0,3,"aadhaar, ration_card, address_proof",True,True,True
HH-06730,NS-0325,15400.0,8,"aadhaar, , address_proof",True,True,True
HH-06731,NS-1389,4900.0,4,"aadhaar, ration_card, ",True,False,True
HH-06732,NS-1112,16600.0,2,"aadhaar, ration_card, ",True,False,True
HH-06733,NS-0230,17200.0,4,"aadhaar, , ",True,False,True
HH-06734,NS-0968,5800.0,3,"aadhaar, ration_card, address_proof",True,False,True
HH-06735,NS-1322,11500.0,5,"aadhaar, , ",True,False,True
HH-06736,NS-0236,9800.0,7,"aadhaar, , ",True,False,True
HH-06737,NS-0041,26400.0,6,", ration_card, address_proof",False,True,False
HH-06738,NS-0335,16100.0,6,"aadhaar, ration_card, address_proof",True,True,True
HH-06739,NS-0454,8800.0,6,"aadhaar, ration_card, ",True,False,True
HH-06740,NS-0024,3900.0,5,"aadhaar, ration_card, ",True,False,True
HH-06741,NS-0454,23200.0,8,"aadhaar, ration_card, address_proof",True,True,True
HH-06742,NS-0845,30400.0,7,"aadhaar, , ",True,False,False
HH-06743,NS-0695,3700.0,5,"aadhaar, ration_card, address_proof",True,True,True
HH-06744,NS-0275,26000.0,6,"aadhaar, ration_card, address_proof",True,False,False
HH-06745,NS-0512,10800.0,5,"aadhaar, , address_proof",True,True,True
HH-06746,NS-1285,13700.0,4,"aadhaar, ration_card, ",True,False,True
HH-06747,NS-1157,11500.0,3,"aadhaar, ration_card, address_proof",True,True,True
HH-06748,NS-1293,21100.0,6,"aadhaar, ration_card, ",True,False,True
HH-06749,NS-0507,35200.0,3,"aadhaar, ration_card, ",True,False,False
HH-06750,NS-0541,5000.0,1,"aadhaar, ration_card, address_proof",True,True,True
HH-06751,NS-0465,15800.0,8,"aadhaar, ration_card, address_proof",True,False,True
HH-06752,NS-0470,9800.0,5,"aadhaar, ration_card, address_proof",True,False,True
HH-06753,NS-0952,22300.0,3,", , address_proof",False,True,True
HH-06754,NS-0019,12100.0,3,"aadhaar, ration_card, address_proof",True,True,True
HH-06755,NS-0919,15200.0,5,"aadhaar, ration_card, address_proof",True,False,True
HH-06756,NS-0691,23800.0,3,"aadhaar, ration_card, address_proof",True,True,True
HH-06757,NS-0962,11400.0,7,"aadhaar, ration_card, ",True,False,True
HH-06758,NS-1185,22300.0,8,"aadhaar, ration_card, address_proof",True,True,True
HH-06759,NS-1399,36200.0,5,"aadhaar, ration_card, ",True,False,False
HH-06760,NS-0296,17500.0,8,"aadhaar, ration_card, address_proof",True,False,True
HH-06761,NS-0338,13800.0,4,", ration_card, address_proof",False,True,True
HH-06762,NS-1254,13600.0,5,"aadhaar, ration_card, address_proof",True,True,True
HH-06763,NS-0812,12700.0,7,"aadhaar, , address_proof",True,True,True
HH-06764,NS-1010,10000.0,3,"aadhaar, ration_card, address_proof",True,True,True
HH-06765,NS-0899,9200.0,7,"aadhaar, ration_card, address_proof",True,True,True
HH-06766,NS-0035,12300.0,5,"aadhaar, ration_card, address_proof",True,True,True
HH-06767,NS-1413,6800.0,4,"aadhaar, ration_card, ",True,False,True
HH-06768,NS-1481,10600.0,1,"aadhaar, , ",True,False,True
HH-06769,NS-1283,14300.0,1,", , address_proof",False,True,True
HH-06770,NS-0647,3900.0,4,"aadhaar, ration_card, address_proof",True,True,True
HH-06771,NS-0907,8900.0,4,"aadhaar, ration_card, address_proof",True,True,True
HH-06772,NS-0559,51800.0,6,"aadhaar, ration_card, address_proof",False,True,False
HH-06773,NS-0644,31900.0,4,"aadhaar, ration_card, address_proof",True,True,False
HH-06774,NS-0896,8700.0,2,"aadhaar, ration_card, ",True,False,True
HH-06775,NS-0674,11200.0,8,"aadhaar, ration_card, address_proof",True,True,True
HH-06776,NS-0548,11600.0,1,"aadhaar, , address_proof",True,True,True
HH-06777,NS-0138,24900.0,6,"aadhaar, , address_proof",True,True,True
HH-06778,NS-0554,33000.0,2,"aadhaar, ration_card, ",True,False,False
HH-06779,NS-0889,19200.0,1,"aadhaar, ration_card, address_proof",True,True,True
HH-06780,NS-0806,13100.0,2,"aadhaar, ration_card, address_proof",True,True,True
HH-06781,NS-1127,18600.0,2,"aadhaar, ration_card, ",True,False,True
HH-06782,NS-0766,8700.0,2,"aadhaar, ration_card, address_proof",True,True,True
HH-06783,NS-0867,46700.0,8,"aadhaar, , address_proof",True,True,False
HH-06784,NS-1073,6900.0,4,"aadhaar, ration_card, ",True,False,True
HH-06785,NS-1198,7600.0,8,"aadhaar, ration_card, address_proof",True,True,True
HH-06786,NS-0687,9700.0,5,"aadhaar, , address_proof",True,True,True
HH-06787,NS-1144,6700.0,8,"aadhaar, ration_card, address_proof",True,True,True
HH-06788,NS-0537,13000.0,4,", ration_card, address_proof",False,False,True
HH-06789,NS-0493,12900.0,7,"aadhaar, ration_card, address_proof",True,True,True
HH-06790,NS-0677,15900.0,4,"aadhaar, ration_card, address_proof",True,False,True
HH-06791,NS-0013,11100.0,6,"aadhaar, ration_card, address_proof",True,True,True
HH-06792,NS-0638,11500.0,6,"aadhaar, , ",True,False,True
HH-06793,NS-0832,25600.0,2,"aadhaar, ration_card, ",True,False,False
HH-06794,NS-0034,5300.0,7,"aadhaar, , address_proof",True,True,True
HH-06795,NS-0197,13100.0,7,"aadhaar, ration_card, address_proof",True,False,True
HH-06796,NS-0583,35100.0,8,", ration_card, ",False,False,False
HH-06797,NS-0931,12400.0,5,"aadhaar, ration_card, address_proof",True,True,True
HH-06798,NS-0892,18600.0,4,"aadhaar, ration_card, address_proof",True,True,True
HH-06799,NS-1414,51200.0,3,"aadhaar, ration_card, address_proof",False,False,False
HH-06800,NS-0676,30000.0,4,"aadhaar, , ",True,False,False
HH-06801,NS-1004,20900.0,3,"aadhaar, ration_card, address_proof",True,True,True
HH-06802,NS-0542,6000.0,2,"aadhaar, ration_card, address_proof",True,True,True
HH-06803,NS-0327,9500.0,1,", ration_card, address_proof",False,True,True
HH-06804,NS-0568,6500.0,1,"aadhaar, ration_card, ",True,False,True
HH-06805,NS-1040,17900.0,3,"aadhaar, , address_proof",True,True,True
HH-06806,NS-0357,47400.0,1,"aadhaar, ration_card, address_proof",True,True,False
HH-06807,NS-0675,6700.0,5,"aadhaar, ration_card, address_proof",True,False,True
HH-06808,NS-1402,9800.0,2,"aadhaar, ration_card, ",True,False,True
HH-06809,NS-0122,51000.0,3,"aadhaar, , ",False,False,False
HH-06810,NS-0257,11800.0,6,"aadhaar, ration_card, address_proof",True,True,True
HH-06811,NS-0135,9800.0,5,", ration_card, ",False,False,True
HH-06812,NS-0811,13800.0,1,"aadhaar, ration_card, address_proof",True,True,True
HH-06813,NS-0737,9500.0,8,"aadhaar, ration_card, address_proof",True,True,True
HH-06814,NS-0553,28400.0,2,"aadhaar, ration_card, address_proof",True,True,False
HH-06815,NS-0635,13000.0,6,"aadhaar, ration_card, address_proof",True,True,True
HH-06816,NS-1343,13500.0,4,"aadhaar, , address_proof",True,True,True
HH-06817,NS-0263,23600.0,4,"aadhaar, ration_card, ",True,False,True
HH-06818,NS-0905,20100.0,4,"aadhaar, ration_card, address_proof",True,False,True
HH-06819,NS-0240,5100.0,2,"aadhaar, ration_card, address_proof",True,True,True
HH-06820,NS-1256,13900.0,1,"aadhaar, , ",True,False,True
HH-06821,NS-0676,13100.0,1,"aadhaar, ration_card, address_proof",True,True,True
HH-06822,NS-1257,6600.0,3,", ration_card, ",False,False,True
HH-06823,NS-0553,29500.0,5,"aadhaar, , address_proof",True,True,False
HH-06824,NS-1104,4800.0,7,"aadhaar, ration_card, address_proof",True,True,True
HH-06825,NS-1361,7400.0,3,", , address_proof",False,True,True
HH-06826,NS-0634,4200.0,7,"aadhaar, , address_proof",True,True,True
HH-06827,NS-0195,14800.0,3,"aadhaar, , address_proof",True,True,True
HH-06828,NS-0695,11800.0,1,"aadhaar, ration_card, address_proof",True,True,True
HH-06829,NS-1204,10100.0,2,", ration_card, ",False,False,True
HH-06830,NS-0182,14100.0,7,", , address_proof",False,True,True
HH-06831,NS-1390,10600.0,7,"aadhaar, , address_proof",True,True,True
HH-06832,NS-0150,14600.0,3,"aadhaar, ration_card, address_proof",True,True,True
HH-06833,NS-0824,8500.0,1,"aadhaar, ration_card, address_proof",True,True,True
HH-06834,NS-0272,29500.0,8,"aadhaar, ration_card, address_proof",True,True,False
HH-06835,NS-0874,3800.0,7,"aadhaar, ration_card, address_proof",True,True,True
HH-06836,NS-0893,24000.0,1,"aadhaar, , ",True,False,True
HH-06837,NS-1333,17100.0,5,"aadhaar, ration_card, ",True,False,True
HH-06838,NS-0497,16800.0,8,"aadhaar, , address_proof",True,False,True
HH-06839,NS-0022,27900.0,4,"aadhaar, ration_card, address_proof",True,True,False
HH-06840,NS-1431,10400.0,1,", ration_card, ",False,False,True
HH-06841,NS-1069,17500.0,4,"aadhaar, ration_card, address_proof",True,True,True
HH-06842,NS-1228,9100.0,3,"aadhaar, ration_card, address_proof",True,True,True
HH-06843,NS-0612,3000.0,8,"aadhaar, ration_card, ",True,False,True
HH-06844,NS-0377,19000.0,7,"aadhaar, , address_proof",True,True,True
HH-06845,NS-0635,11700.0,1,"aadhaar, , address_proof",True,True,True
HH-06846,NS-0012,8000.0,2,"aadhaar, ration_card, ",True,False,True
HH-06847,NS-1314,14700.0,6,", ration_card, address_proof",False,False,True
HH-06848,NS-0967,7900.0,7,", ration_card, address_proof",False,True,True
HH-06849,NS-0615,7100.0,5,"aadhaar, ration_card, address_proof",True,True,True
HH-06850,NS-0328,6200.0,2,"aadhaar, ration_card, address_proof",True,True,True
HH-06851,NS-0235,17200.0,8,"aadhaar, ration_card, ",True,False,True
HH-06852,NS-1302,7700.0,7,"aadhaar, ration_card, ",True,False,True
HH-06853,NS-0013,19500.0,6,", ration_card, address_proof",False,True,True
HH-06854,NS-0395,6000.0,3,"aadhaar, ration_card, address_proof",True,False,True
HH-06855,NS-0967,25100.0,1,", ration_card, address_proof",False,True,False
HH-06856,NS-0577,9500.0,4,", , ",False,False,True
HH-06857,NS-0196,8900.0,4,"aadhaar, ration_card, ",True,False,True
HH-06858,NS-0983,23400.0,6,"aadhaar, ration_card, address_proof",True,True,True
HH-06859,NS-0695,15800.0,5,"aadhaar, ration_card, ",True,False,True
HH-06860,NS-0593,12500.0,7,"aadhaar, , ",True,False,True
HH-06861,NS-1070,10300.0,7,"aadhaar, , ",True,False,True
HH-06862,NS-1091,15600.0,6,"aadhaar, , address_proof",True,True,True
HH-06863,NS-0588,15400.0,4,"aadhaar, ration_card, ",True,False,True
HH-06864,NS-0892,10400.0,4,"aadhaar, ration_card, address_proof",True,True,True
HH-06865,NS-0205,17100.0,5,", ration_card, ",False,False,True
HH-06866,NS-0581,55300.0,8,", ration_card, ",False,False,False
HH-06867,NS-0568,9500.0,7,"aadhaar, ration_card, ",True,False,True
HH-06868,NS-0128,23700.0,6,"aadhaar, ration_card, ",True,False,True
HH-06869,NS-1302,21900.0,2,"aadhaar, ration_card, ",True,False,True
HH-06870,NS-0364,21600.0,2,"aadhaar, ration_card, address_proof",True,True,True
HH-06871,NS-0800,34900.0,5,"aadhaar, , address_proof",True,True,False
HH-06872,NS-0748,16200.0,4,"aadhaar, ration_card, address_proof",True,True,True
HH-06873,NS-0851,7800.0,2,"aadhaar, ration_card, ",True,False,True
HH-06874,NS-0222,11600.0,2,"aadhaar, ration_card, address_proof",True,True,True
HH-06875,NS-1222,8300.0,5,"aadhaar, , ",True,False,True
HH-06876,NS-0445,30000.0,4,"aadhaar, ration_card, address_proof",True,True,False
HH-06877,NS-0507,13400.0,6,"aadhaar, ration_card, address_proof",True,True,True
HH-06878,NS-0018,21400.0,2,"aadhaar, ration_card, ",True,False,True
HH-06879,NS-0533,17500.0,2,"aadhaar, ration_card, address_proof",True,True,True
HH-06880,NS-0490,5900.0,4,", ration_card, ",False,False,True
HH-06881,NS-0823,5400.0,5,"aadhaar, ration_card, address_proof",True,True,True
HH-06882,NS-1050,12700.0,5,"aadhaar, ration_card, address_proof",True,True,True
HH-06883,NS-1144,18600.0,7,"aadhaar, ration_card, ",True,False,True
HH-06884,NS-1278,15100.0,6,"aadhaar, ration_card, ",True,False,True
HH-06885,NS-0031,10600.0,4,"aadhaar, ration_card, ",True,False,True
HH-06886,NS-0001,4900.0,8,"aadhaar, ration_card, ",True,False,True
HH-06887,NS-0392,20200.0,2,"aadhaar, ration_card, ",True,False,True
HH-06888,NS-0785,8000.0,3,"aadhaar, ration_card, ",True,False,True
HH-06889,NS-1430,6400.0,2,"aadhaar, ration_card, ",True,False,True
HH-06890,NS-0702,7100.0,1,"aadhaar, ration_card, ",True,False,True
HH-06891,NS-0593,13600.0,5,"aadhaar, , address_proof",True,True,True
HH-06892,NS-0597,33400.0,6,"aadhaar, , ",True,False,False
HH-06893,NS-1499,32500.0,2,"aadhaar, , ",True,False,False
HH-06894,NS-0300,44200.0,6,", ration_card, address_proof",False,True,False
HH-06895,NS-1261,5600.0,7,"aadhaar, ration_card, ",True,False,True
HH-06896,NS-0913,9600.0,2,"aadhaar, ration_card, ",True,False,True
HH-06897,NS-0955,24300.0,3,"aadhaar, ration_card, address_proof",True,True,True
HH-06898,NS-0022,8700.0,5,"aadhaar, ration_card, ",True,False,True
HH-06899,NS-1024,4600.0,8,"aadhaar, ration_card, address_proof",True,True,True
HH-06900,NS-0027,16900.0,5,", ration_card, ",False,False,True
HH-06901,NS-0220,17500.0,6,"aadhaar, ration_card, address_proof",True,True,True
HH-06902,NS-0150,14400.0,6,", ration_card, ",False,False,True
HH-06903,NS-0814,6400.0,4,"aadhaar, ration_card, address_proof",True,True,True
HH-06904,NS-1244,11000.0,6,"aadhaar, ration_card, address_proof",True,True,True
HH-06905,NS-0198,17500.0,8,"aadhaar, ration_card, ",True,False,True
HH-06906,NS-0683,14000.0,1,"aadhaar, , ",True,False,True
HH-06907,NS-0041,16200.0,2,"aadhaar, ration_card, ",True,False,True
HH-06908,NS-0241,7600.0,3,"aadhaar, ration_card, ",True,False,True
HH-06909,NS-0379,7300.0,6,"aadhaar, , address_proof",True,True,True
HH-06910,NS-0613,44400.0,3,"aadhaar, ration_card, address_proof",True,True,False
HH-06911,NS-0301,11600.0,8,"aadhaar, ration_card, ",True,False,True
HH-06912,NS-0919,23200.0,8,"aadhaar, , address_proof",True,False,True
HH-06913,NS-0730,12800.0,3,"aadhaar, ration_card, address_proof",True,False,True
HH-06914,NS-0146,20400.0,8,"aadhaar, ration_card, address_proof",True,False,True
HH-06915,NS-1418,10000.0,4,"aadhaar, ration_card, address_proof",True,True,True
HH-06916,NS-0549,17700.0,4,"aadhaar, ration_card, address_proof",True,False,True
HH-06917,NS-0523,24600.0,3,"aadhaar, ration_card, ",True,False,True
HH-06918,NS-0876,15400.0,4,"aadhaar, , ",True,False,True
HH-06919,NS-0680,12000.0,2,"aadhaar, ration_card, address_proof",True,True,True
HH-06920,NS-0139,4800.0,1,"aadhaar, ration_card, ",True,False,True
HH-06921,NS-0639,22500.0,7,"aadhaar, , address_proof",True,True,True
HH-06922,NS-0200,7600.0,2,"aadhaar, ration_card, address_proof",True,True,True
HH-06923,NS-1037,23300.0,2,"aadhaar, ration_card, ",True,False,True
HH-06924,NS-0983,11900.0,8,"aadhaar, ration_card, ",True,False,True
HH-06925,NS-0065,7300.0,1,"aadhaar, ration_card, address_proof",True,True,True
HH-06926,NS-0130,23700.0,3,"aadhaar, ration_card, address_proof",True,False,True
HH-06927,NS-0243,16800.0,5,"aadhaar, ration_card, address_proof",True,True,True
HH-06928,NS-0217,6600.0,6,"aadhaar, ration_card, address_proof",True,True,True
HH-06929,NS-1367,16000.0,2,", ration_card, address_proof",False,False,True
HH-06930,NS-1250,17400.0,7,", ration_card, address_proof",False,True,True
HH-06931,NS-1437,9800.0,3,"aadhaar, ration_card, address_proof",True,True,True
HH-06932,NS-0662,6100.0,8,"aadhaar, ration_card, ",True,False,True
HH-06933,NS-0433,27100.0,4,"aadhaar, ration_card, address_proof",True,True,False
HH-06934,NS-1019,10600.0,4,"aadhaar, ration_card, address_proof",True,True,True
HH-06935,NS-0295,19500.0,3,"aadhaar, , address_proof",True,True,True
HH-06936,NS-0583,7000.0,8,"aadhaar, ration_card, address_proof",True,True,True
HH-06937,NS-0212,23200.0,3,"aadhaar, ration_card, ",True,False,True
HH-06938,NS-1392,8400.0,4,"aadhaar, ration_card, ",True,False,True
HH-06939,NS-1433,24800.0,4,"aadhaar, ration_card, address_proof",True,True,True
HH-06940,NS-0910,8100.0,5,"aadhaar, ration_card, address_proof",True,False,True
HH-06941,NS-0823,7500.0,6,"aadhaar, , ",True,False,True
HH-06942,NS-0170,9200.0,7,"aadhaar, ration_card, address_proof",True,True,True
HH-06943,NS-1287,18900.0,3,"aadhaar, ration_card, ",True,False,True
HH-06944,NS-0976,6500.0,3,"aadhaar, , ",True,False,True
HH-06945,NS-0374,7800.0,6,"aadhaar, , ",True,False,True
HH-06946,NS-0232,22700.0,4,"aadhaar, ration_card, ",True,False,True
HH-06947,NS-0435,23500.0,4,"aadhaar, ration_card, ",True,False,True
HH-06948,NS-1210,10100.0,7,"aadhaar, ration_card, address_proof",True,True,True
HH-06949,NS-0741,13300.0,8,"aadhaar, ration_card, address_proof",True,True,True
HH-06950,NS-1311,22400.0,7,"aadhaar, , ",True,False,True
HH-06951,NS-1011,10900.0,1,"aadhaar, , address_proof",True,True,True
HH-06952,NS-0790,5000.0,5,"aadhaar, ration_card, ",True,False,True
HH-06953,NS-0432,16200.0,5,"aadhaar, ration_card, ",True,False,True
HH-06954,NS-0648,20200.0,3,"aadhaar, ration_card, address_proof",True,True,True
HH-06955,NS-1400,12700.0,3,"aadhaar, ration_card, address_proof",True,True,True
HH-06956,NS-0810,6400.0,3,"aadhaar, ration_card, ",True,False,True
HH-06957,NS-0680,16100.0,4,"aadhaar, , address_proof",True,True,True
HH-06958,NS-0431,19800.0,5,"aadhaar, ration_card, address_proof",True,True,True
HH-06959,NS-0875,10700.0,2,"aadhaar, ration_card, address_proof",True,True,True
HH-06960,NS-0518,7900.0,3,"aadhaar, ration_card, address_proof",True,True,True
HH-06961,NS-0224,25100.0,2,"aadhaar, , address_proof",True,True,False
HH-06962,NS-0665,24500.0,6,"aadhaar, ration_card, ",True,False,True
HH-06963,NS-1182,7000.0,6,", , address_proof",False,True,True
HH-06964,NS-0071,28700.0,7,"aadhaar, ration_card, ",True,False,False
HH-06965,NS-1221,36300.0,8,"aadhaar, ration_card, address_proof",True,True,False
HH-06966,NS-0616,21200.0,7,"aadhaar, , address_proof",True,True,True
HH-06967,NS-0150,8500.0,4,"aadhaar, , address_proof",True,True,True
HH-06968,NS-0236,9400.0,8,"aadhaar, ration_card, ",True,False,True
HH-06969,NS-1065,10000.0,5,"aadhaar, ration_card, address_proof",True,True,True
HH-06970,NS-0189,15300.0,5,"aadhaar, ration_card, address_proof",True,True,True
HH-06971,NS-0806,11200.0,7,", ration_card, ",False,False,True
HH-06972,NS-0044,10300.0,8,"aadhaar, ration_card, address_proof",True,True,True
HH-06973,NS-0727,12300.0,8,"aadhaar, ration_card, address_proof",True,True,True
HH-06974,NS-0911,11200.0,8,"aadhaar, ration_card, address_proof",True,True,True
HH-06975,NS-0062,20800.0,7,"aadhaar, ration_card, address_proof",True,True,True
HH-06976,NS-0741,10700.0,6,"aadhaar, ration_card, ",True,False,True
HH-06977,NS-1068,18600.0,5,"aadhaar, , address_proof",True,True,True
HH-06978,NS-0371,26200.0,2,"aadhaar, ration_card, address_proof",True,True,False
HH-06979,NS-0620,17000.0,1,"aadhaar, ration_card, ",True,False,True
HH-06980,NS-0437,7300.0,2,", ration_card, address_proof",False,True,True
HH-06981,NS-0695,5700.0,5,"aadhaar, , ",True,False,True
HH-06982,NS-0675,7200.0,5,", ration_card, address_proof",False,False,True
HH-06983,NS-0449,17800.0,1,"aadhaar, ration_card, ",True,False,True
HH-06984,NS-1450,17000.0,4,"aadhaar, , address_proof",True,True,True
HH-06985,NS-0706,20100.0,3,"aadhaar, ration_card, address_proof",True,True,True
HH-06986,NS-0083,12400.0,3,"aadhaar, ration_card, address_proof",True,True,True
HH-06987,NS-0638,10800.0,6,"aadhaar, ration_card, address_proof",True,True,True
HH-06988,NS-0821,9400.0,8,"aadhaar, , ",True,False,True
HH-06989,NS-0252,40500.0,1,"aadhaar, , address_proof",True,True,False
HH-06990,NS-1012,9900.0,1,"aadhaar, ration_card, address_proof",True,True,True
HH-06991,NS-0119,32800.0,2,", ration_card, ",False,False,False
HH-06992,NS-0759,18200.0,7,", ration_card, address_proof",False,True,True
HH-06993,NS-0588,11000.0,1,", ration_card, ",False,False,True
HH-06994,NS-0853,14200.0,8,"aadhaar, ration_card, ",True,False,True
HH-06995,NS-0160,29300.0,8,"aadhaar, , address_proof",True,True,False
HH-06996,NS-1132,17900.0,6,", ration_card, address_proof",False,False,True
HH-06997,NS-0626,32100.0,8,"aadhaar, ration_card, address_proof",True,True,False
HH-06998,NS-0455,7700.0,6,"aadhaar, ration_card, address_proof",True,True,True
HH-06999,NS-1231,23800.0,5,"aadhaar, , ",True,False,True
HH-07000,NS-0933,11500.0,2,"aadhaar, ration_card, address_proof",True,True,True
HH-07001,NS-1385,9000.0,7,"aadhaar, ration_card, ",True,False,True
HH-07002,NS-0069,18400.0,4,"aadhaar, ration_card, ",True,False,True
HH-07003,NS-0317,6100.0,4,"aadhaar, ration_card, ",True,False,True
HH-07004,NS-0547,13200.0,5,"aadhaar, ration_card, address_proof",True,True,True
HH-07005,NS-0086,25400.0,3,"aadhaar, ration_card, address_proof",True,True,False
HH-07006,NS-0192,17600.0,2,"aadhaar, ration_card, address_proof",True,True,True
HH-07007,NS-1498,6400.0,2,"aadhaar, ration_card, address_proof",True,True,True
HH-07008,NS-0274,11500.0,6,", ration_card, ",False,False,True
HH-07009,NS-0099,33100.0,8,"aadhaar, ration_card, address_proof",True,True,False
HH-07010,NS-0270,16200.0,5,"aadhaar, ration_card, address_proof",True,True,True
HH-07011,NS-0149,16900.0,2,"aadhaar, , address_proof",True,True,True
HH-07012,NS-0677,24900.0,7,"aadhaar, ration_card, address_proof",True,False,True
HH-07013,NS-0391,8500.0,1,"aadhaar, ration_card, ",True,False,True
HH-07014,NS-0528,18100.0,4,"aadhaar, , address_proof",True,True,True
HH-07015,NS-1144,8000.0,6,", ration_card, address_proof",False,True,True
HH-07016,NS-1336,12700.0,4,"aadhaar, , ",True,False,True
HH-07017,NS-0062,19900.0,3,"aadhaar, ration_card, ",True,False,True
HH-07018,NS-0814,17800.0,5,"aadhaar, ration_card, address_proof",True,True,True
HH-07019,NS-0867,5300.0,3,"aadhaar, ration_card, ",True,False,True
HH-07020,NS-0473,16400.0,1,"aadhaar, ration_card, address_proof",True,True,True
HH-07021,NS-1232,9900.0,8,"aadhaar, ration_card, address_proof",True,False,True
HH-07022,NS-1026,9600.0,5,"aadhaar, ration_card, address_proof",True,False,True
HH-07023,NS-1336,12000.0,5,"aadhaar, ration_card, address_proof",True,True,True
HH-07024,NS-0151,9900.0,7,"aadhaar, ration_card, ",True,False,True
HH-07025,NS-0180,17700.0,8,"aadhaar, ration_card, address_proof",True,True,True
HH-07026,NS-1498,12000.0,2,"aadhaar, ration_card, address_proof",True,True,True
HH-07027,NS-1191,26400.0,7,"aadhaar, , address_proof",True,True,False
HH-07028,NS-0460,7300.0,6,"aadhaar, , address_proof",True,True,True
HH-07029,NS-0535,6700.0,1,"aadhaar, , address_proof",True,True,True
HH-07030,NS-0991,4100.0,6,"aadhaar, , address_proof",True,True,True
HH-07031,NS-0727,7100.0,5,"aadhaar, ration_card, ",True,False,True
HH-07032,NS-0316,22400.0,3,"aadhaar, ration_card, ",True,False,True
HH-07033,NS-0671,18500.0,4,"aadhaar, ration_card, address_proof",True,True,True
HH-07034,NS-0796,16300.0,8,"aadhaar, ration_card, address_proof",True,True,True
HH-07035,NS-0921,20000.0,3,"aadhaar, ration_card, address_proof",True,True,True
HH-07036,NS-1141,32900.0,7,"aadhaar, ration_card, address_proof",True,True,False
HH-07037,NS-0979,23000.0,8,", ration_card, address_proof",False,True,True
HH-07038,NS-0160,7600.0,2,"aadhaar, ration_card, ",True,False,True
HH-07039,NS-0956,14100.0,8,"aadhaar, ration_card, address_proof",True,False,True
HH-07040,NS-0776,44100.0,2,"aadhaar, , address_proof",True,True,False
HH-07041,NS-0987,15300.0,5,"aadhaar, ration_card, ",True,False,True
HH-07042,NS-0704,14100.0,2,"aadhaar, , address_proof",True,True,True
HH-07043,NS-0033,13100.0,6,"aadhaar, ration_card, address_proof",True,True,True
HH-07044,NS-0600,7400.0,2,"aadhaar, , ",True,False,True
HH-07045,NS-1262,13600.0,2,"aadhaar, ration_card, address_proof",True,True,True
HH-07046,NS-1137,6600.0,4,"aadhaar, , address_proof",True,True,True
HH-07047,NS-1386,6200.0,8,"aadhaar, ration_card, address_proof",True,True,True
HH-07048,NS-1338,24200.0,3,", , address_proof",False,True,True
HH-07049,NS-0794,8100.0,4,"aadhaar, ration_card, ",True,False,True
HH-07050,NS-1265,7000.0,2,", ration_card, ",False,False,True
HH-07051,NS-1308,12000.0,7,", ration_card, address_proof",False,True,True
HH-07052,NS-0629,9800.0,4,"aadhaar, , ",True,False,True
HH-07053,NS-1270,6300.0,3,"aadhaar, , ",True,False,True
HH-07054,NS-0780,11400.0,1,"aadhaar, ration_card, ",True,False,True
HH-07055,NS-0832,10700.0,3,"aadhaar, ration_card, address_proof",True,False,True
HH-07056,NS-1182,9500.0,8,"aadhaar, ration_card, address_proof",True,True,True
HH-07057,NS-0185,10000.0,4,"aadhaar, ration_card, address_proof",True,True,True
HH-07058,NS-1450,6200.0,6,"aadhaar, ration_card, address_proof",True,True,True
HH-07059,NS-1178,17100.0,8,"aadhaar, ration_card, address_proof",True,True,True
HH-07060,NS-0620,5900.0,5,"aadhaar, ration_card, address_proof",True,True,True
HH-07061,NS-0294,21100.0,5,", , address_proof",False,True,True
HH-07062,NS-0221,5800.0,6,"aadhaar, ration_card, ",True,False,True
HH-07063,NS-1354,7800.0,2,"aadhaar, , address_proof",True,True,True
HH-07064,NS-1248,12400.0,5,"aadhaar, ration_card, address_proof",True,True,True
HH-07065,NS-0834,13200.0,5,", ration_card, ",False,False,True
HH-07066,NS-0059,30100.0,3,"aadhaar, ration_card, address_proof",True,True,False
HH-07067,NS-0360,12200.0,2,"aadhaar, ration_card, address_proof",True,True,True
HH-07068,NS-0696,15200.0,6,"aadhaar, ration_card, address_proof",True,True,True
HH-07069,NS-1451,21800.0,2,"aadhaar, ration_card, address_proof",True,True,True
HH-07070,NS-0474,7300.0,7,"aadhaar, ration_card, address_proof",True,True,True
HH-07071,NS-0688,9700.0,3,"aadhaar, ration_card, address_proof",True,True,True
HH-07072,NS-1047,15100.0,4,", ration_card, address_proof",False,False,True
HH-07073,NS-0854,7800.0,4,"aadhaar, ration_card, address_proof",True,True,True
HH-07074,NS-0858,5300.0,2,"aadhaar, , address_proof",True,True,True
HH-07075,NS-0696,13800.0,2,"aadhaar, , ",True,False,True
HH-07076,NS-0750,18600.0,3,"aadhaar, , address_proof",True,True,True
HH-07077,NS-0723,7200.0,4,", ration_card, ",False,False,True
HH-07078,NS-1363,21400.0,4,"aadhaar, , address_proof",True,True,True
HH-07079,NS-0873,10600.0,3,"aadhaar, ration_card, address_proof",True,True,True
HH-07080,NS-1131,22600.0,7,"aadhaar, , address_proof",True,True,True
HH-07081,NS-1159,18500.0,4,"aadhaar, ration_card, address_proof",True,False,True
HH-07082,NS-1062,15500.0,1,"aadhaar, ration_card, address_proof",True,True,True
HH-07083,NS-1293,27800.0,6,"aadhaar, , address_proof",True,True,False
HH-07084,NS-0792,9200.0,6,"aadhaar, ration_card, address_proof",True,True,True
HH-07085,NS-0481,10000.0,3,"aadhaar, ration_card, ",True,False,True
HH-07086,NS-0797,12400.0,6,"aadhaar, , ",True,False,True
HH-07087,NS-0020,13500.0,5,"aadhaar, , address_proof",True,True,True
HH-07088,NS-0092,12300.0,8,"aadhaar, ration_card, address_proof",True,True,True
HH-07089,NS-0810,34200.0,8,"aadhaar, ration_card, ",True,False,False
HH-07090,NS-0199,12000.0,1,"aadhaar, , address_proof",True,True,True
HH-07091,NS-1288,12500.0,6,"aadhaar, ration_card, ",True,False,True
HH-07092,NS-1183,9700.0,4,"aadhaar, ration_card, address_proof",True,True,True
HH-07093,NS-0168,25400.0,7,"aadhaar, , address_proof",True,True,False
HH-07094,NS-0903,15500.0,6,"aadhaar, ration_card, ",True,False,True
HH-07095,NS-0297,30900.0,1,"aadhaar, , address_proof",True,True,False
HH-07096,NS-1332,12600.0,2,"aadhaar, ration_card, address_proof",True,True,True
HH-07097,NS-0349,14700.0,5,"aadhaar, ration_card, ",True,False,True
HH-07098,NS-0121,6800.0,6,"aadhaar, ration_card, address_proof",True,False,True
HH-07099,NS-0698,20800.0,8,"aadhaar, ration_card, address_proof",True,True,True
HH-07100,NS-0242,19200.0,7,"aadhaar, ration_card, address_proof",True,False,True
HH-07101,NS-1157,28500.0,8,", ration_card, ",False,False,False
HH-07102,NS-0966,5400.0,3,"aadhaar, , address_proof",True,True,True
HH-07103,NS-1109,21700.0,7,"aadhaar, ration_card, address_proof",True,True,True
HH-07104,NS-0746,7500.0,5,"aadhaar, ration_card, address_proof",True,True,True
HH-07105,NS-0294,28000.0,3,"aadhaar, , address_proof",True,True,False
HH-07106,NS-1137,4900.0,4,", , address_proof",False,True,True
HH-07107,NS-0571,13900.0,7,"aadhaar, , address_proof",True,True,True
HH-07108,NS-1294,87100.0,5,"aadhaar, ration_card, address_proof",False,False,False
HH-07109,NS-0633,6000.0,5,", ration_card, address_proof",False,True,True
HH-07110,NS-0785,12000.0,3,"aadhaar, ration_card, ",True,False,True
HH-07111,NS-0948,9900.0,5,"aadhaar, ration_card, ",True,False,True
HH-07112,NS-0445,7100.0,2,"aadhaar, ration_card, address_proof",True,True,True
HH-07113,NS-0073,10000.0,2,"aadhaar, ration_card, ",True,False,True
HH-07114,NS-1175,12400.0,5,"aadhaar, ration_card, ",True,False,True
HH-07115,NS-0076,9000.0,6,"aadhaar, ration_card, address_proof",True,True,True
HH-07116,NS-1376,28000.0,2,"aadhaar, ration_card, address_proof",True,True,False
HH-07117,NS-1111,15000.0,6,"aadhaar, , address_proof",True,True,True
HH-07118,NS-0402,18000.0,2,"aadhaar, ration_card, ",True,False,True
HH-07119,NS-0751,19900.0,1,"aadhaar, ration_card, ",True,False,True
HH-07120,NS-1472,16900.0,4,"aadhaar, , address_proof",True,True,True
HH-07121,NS-0266,12700.0,4,"aadhaar, , address_proof",True,False,True
HH-07122,NS-0596,6500.0,4,"aadhaar, ration_card, ",True,False,True
HH-07123,NS-0542,19600.0,7,"aadhaar, ration_card, address_proof",True,True,True
HH-07124,NS-0387,16700.0,3,"aadhaar, ration_card, address_proof",True,False,True
HH-07125,NS-0319,10400.0,7,"aadhaar, ration_card, address_proof",True,True,True
HH-07126,NS-1219,8100.0,6,"aadhaar, ration_card, address_proof",True,True,True
HH-07127,NS-0254,28100.0,3,"aadhaar, , ",True,False,False
HH-07128,NS-0088,9400.0,5,"aadhaar, ration_card, address_proof",True,True,True
HH-07129,NS-1006,25200.0,3,"aadhaar, , address_proof",True,True,False
HH-07130,NS-0810,38100.0,5,"aadhaar, ration_card, address_proof",True,True,False
HH-07131,NS-0705,39100.0,6,"aadhaar, , address_proof",True,True,False
HH-07132,NS-1133,11700.0,5,"aadhaar, ration_card, ",True,False,True
HH-07133,NS-0453,11400.0,2,"aadhaar, , address_proof",True,True,True
HH-07134,NS-1131,7100.0,5,", ration_card, address_proof",False,True,True
HH-07135,NS-0663,12100.0,8,"aadhaar, ration_card, address_proof",True,True,True
HH-07136,NS-0144,20900.0,3,"aadhaar, ration_card, address_proof",True,False,True
HH-07137,NS-0266,30400.0,6,"aadhaar, ration_card, address_proof",True,False,False
HH-07138,NS-0626,9100.0,4,"aadhaar, ration_card, address_proof",True,True,True
HH-07139,NS-0379,11600.0,2,", ration_card, address_proof",False,True,True
HH-07140,NS-1184,13000.0,8,"aadhaar, ration_card, address_proof",True,False,True
HH-07141,NS-0665,14200.0,4,"aadhaar, ration_card, address_proof",True,False,True
HH-07142,NS-0230,17300.0,5,"aadhaar, , address_proof",True,True,True
HH-07143,NS-0266,23600.0,4,", ration_card, address_proof",False,False,True
HH-07144,NS-0760,22000.0,6,"aadhaar, , address_proof",True,True,True
HH-07145,NS-1355,23500.0,3,", ration_card, ",False,False,True
HH-07146,NS-0894,11000.0,3,"aadhaar, ration_card, address_proof",True,True,True
HH-07147,NS-0929,19300.0,5,"aadhaar, , address_proof",True,True,True
HH-07148,NS-1440,5900.0,3,"aadhaar, ration_card, ",True,False,True
HH-07149,NS-1431,19700.0,6,"aadhaar, , ",True,False,True
HH-07150,NS-0344,16500.0,1,"aadhaar, , address_proof",True,False,True
HH-07151,NS-0864,16500.0,1,", ration_card, ",False,False,True
HH-07152,NS-0127,13300.0,3,"aadhaar, ration_card, ",True,False,True
HH-07153,NS-1006,33200.0,3,"aadhaar, , ",True,False,False
HH-07154,NS-0186,63300.0,3,"aadhaar, ration_card, address_proof",False,False,False
HH-07155,NS-0234,11200.0,3,"aadhaar, ration_card, address_proof",True,True,True
HH-07156,NS-0103,24300.0,3,"aadhaar, , ",True,False,True
HH-07157,NS-1263,11200.0,4,"aadhaar, ration_card, address_proof",True,True,True
HH-07158,NS-0786,14200.0,8,"aadhaar, ration_card, ",True,False,True
HH-07159,NS-0390,6000.0,1,"aadhaar, ration_card, address_proof",True,True,True
HH-07160,NS-0258,31900.0,3,"aadhaar, ration_card, ",True,False,False
HH-07161,NS-0673,17300.0,1,"aadhaar, , address_proof",True,True,True
HH-07162,NS-0654,20900.0,1,", , ",False,False,True
HH-07163,NS-0398,13600.0,8,"aadhaar, ration_card, address_proof",True,True,True
HH-07164,NS-0664,16700.0,8,"aadhaar, ration_card, ",True,False,True
HH-07165,NS-0260,23900.0,8,"aadhaar, ration_card, address_proof",True,True,True
HH-07166,NS-0527,11600.0,1,"aadhaar, ration_card, address_proof",True,True,True
HH-07167,NS-0440,11100.0,3,"aadhaar, ration_card, address_proof",True,True,True
HH-07168,NS-1113,13700.0,6,"aadhaar, ration_card, address_proof",True,True,True
HH-07169,NS-0745,17800.0,2,", ration_card, address_proof",False,True,True
HH-07170,NS-0447,13200.0,5,"aadhaar, ration_card, address_proof",True,True,True
HH-07171,NS-1454,26900.0,4,"aadhaar, ration_card, ",True,False,False
HH-07172,NS-1131,16400.0,5,"aadhaar, ration_card, address_proof",True,True,True
HH-07173,NS-1234,16600.0,4,"aadhaar, ration_card, address_proof",True,False,True
HH-07174,NS-1237,7400.0,5,"aadhaar, ration_card, address_proof",True,True,True
HH-07175,NS-0185,15100.0,2,"aadhaar, ration_card, address_proof",True,True,True
HH-07176,NS-1210,8800.0,4,"aadhaar, ration_card, address_proof",True,True,True
HH-07177,NS-0810,10300.0,5,"aadhaar, ration_card, ",True,False,True
HH-07178,NS-0130,12900.0,8,"aadhaar, ration_card, address_proof",True,False,True
HH-07179,NS-0990,25400.0,1,"aadhaar, ration_card, address_proof",True,True,False
HH-07180,NS-0551,23800.0,1,", ration_card, ",False,False,True
HH-07181,NS-0863,7100.0,6,"aadhaar, ration_card, ",True,False,True
HH-07182,NS-1118,11000.0,5,"aadhaar, ration_card, address_proof",True,False,True
HH-07183,NS-1138,23200.0,7,", , address_proof",False,True,True
HH-07184,NS-0048,22400.0,6,", ration_card, ",False,False,True
HH-07185,NS-0516,27400.0,1,"aadhaar, ration_card, ",True,False,False
HH-07186,NS-1114,11500.0,2,"aadhaar, , ",True,False,True
HH-07187,NS-0590,10100.0,4,"aadhaar, ration_card, address_proof",True,False,True
HH-07188,NS-1379,18700.0,5,"aadhaar, , address_proof",True,True,True
HH-07189,NS-1364,10500.0,8,"aadhaar, , address_proof",True,True,True
HH-07190,NS-1111,8900.0,2,"aadhaar, ration_card, ",True,False,True
HH-07191,NS-1159,13200.0,6,", ration_card, address_proof",False,False,True
HH-07192,NS-0413,10100.0,4,"aadhaar, ration_card, address_proof",True,True,True
HH-07193,NS-0705,10100.0,6,"aadhaar, ration_card, address_proof",True,True,True
HH-07194,NS-0921,10300.0,1,"aadhaar, , address_proof",True,True,True
HH-07195,NS-0899,17900.0,8,"aadhaar, ration_card, address_proof",True,True,True
HH-07196,NS-0089,10600.0,4,"aadhaar, ration_card, address_proof",True,True,True
HH-07197,NS-0881,14300.0,2,"aadhaar, ration_card, ",True,False,True
HH-07198,NS-1369,10700.0,8,"aadhaar, ration_card, address_proof",True,True,True
HH-07199,NS-0153,26800.0,7,"aadhaar, ration_card, address_proof",True,False,False
HH-07200,NS-1305,8900.0,7,"aadhaar, ration_card, address_proof",True,True,True
HH-07201,NS-0477,30600.0,7,"aadhaar, ration_card, ",True,False,False
HH-07202,NS-0660,19300.0,6,"aadhaar, ration_card, address_proof",True,True,True
HH-07203,NS-0893,7000.0,3,"aadhaar, ration_card, address_proof",True,True,True
HH-07204,NS-0051,16300.0,1,"aadhaar, ration_card, address_proof",True,False,True
HH-07205,NS-1382,13000.0,3,"aadhaar, , address_proof",True,True,True
HH-07206,NS-0849,5100.0,6,", ration_card, address_proof",False,True,True
HH-07207,NS-0649,8900.0,6,"aadhaar, , ",True,False,True
HH-07208,NS-0392,29500.0,7,"aadhaar, ration_card, address_proof",True,True,False
HH-07209,NS-0400,4200.0,1,"aadhaar, ration_card, ",True,False,True
HH-07210,NS-0486,10300.0,3,"aadhaar, ration_card, address_proof",True,True,True
HH-07211,NS-0320,8900.0,8,"aadhaar, ration_card, address_proof",True,True,True
HH-07212,NS-0103,13200.0,1,"aadhaar, ration_card, address_proof",True,True,True
HH-07213,NS-1492,8700.0,4,"aadhaar, , address_proof",True,True,True
HH-07214,NS-0312,9600.0,7,"aadhaar, , address_proof",True,True,True
HH-07215,NS-0096,18700.0,1,"aadhaar, , address_proof",True,True,True
HH-07216,NS-1487,20900.0,6,"aadhaar, ration_card, address_proof",True,True,True
HH-07217,NS-0310,9100.0,4,"aadhaar, ration_card, address_proof",True,True,True
HH-07218,NS-0873,9500.0,5,", ration_card, ",False,False,True
HH-07219,NS-0681,25200.0,5,"aadhaar, , address_proof",True,True,False
HH-07220,NS-0446,13900.0,8,"aadhaar, ration_card, ",True,False,True
HH-07221,NS-1341,22300.0,4,", , address_proof",False,False,True
HH-07222,NS-1484,16100.0,5,"aadhaar, ration_card, address_proof",True,True,True
HH-07223,NS-0139,14400.0,8,"aadhaar, ration_card, address_proof",True,True,True
HH-07224,NS-1027,14900.0,4,"aadhaar, ration_card, address_proof",True,True,True
HH-07225,NS-0757,11500.0,7,"aadhaar, ration_card, ",True,False,True
HH-07226,NS-1116,8200.0,1,"aadhaar, ration_card, ",True,False,True
HH-07227,NS-1066,8500.0,2,", ration_card, address_proof",False,True,True
HH-07228,NS-0329,18100.0,8,"aadhaar, , address_proof",True,False,True
HH-07229,NS-0936,5400.0,6,"aadhaar, ration_card, address_proof",True,True,True
HH-07230,NS-1075,11000.0,3,"aadhaar, ration_card, address_proof",True,True,True
HH-07231,NS-0999,31400.0,3,"aadhaar, ration_card, address_proof",True,True,False
HH-07232,NS-1185,10700.0,7,"aadhaar, ration_card, address_proof",True,True,True
HH-07233,NS-1209,13400.0,3,"aadhaar, , ",True,False,True
HH-07234,NS-0658,9900.0,5,"aadhaar, ration_card, address_proof",True,True,True
HH-07235,NS-0897,7700.0,4,"aadhaar, ration_card, address_proof",True,True,True
HH-07236,NS-0053,15500.0,3,"aadhaar, ration_card, address_proof",True,True,True
HH-07237,NS-0449,19700.0,6,"aadhaar, ration_card, ",True,False,True
HH-07238,NS-0589,17100.0,7,"aadhaar, ration_card, address_proof",True,True,True
HH-07239,NS-0308,12600.0,8,"aadhaar, ration_card, address_proof",True,False,True
HH-07240,NS-0058,20000.0,7,"aadhaar, ration_card, address_proof",True,False,True
HH-07241,NS-1080,18600.0,3,"aadhaar, , ",True,False,True
HH-07242,NS-1285,16600.0,1,", ration_card, ",False,False,True
HH-07243,NS-1096,23200.0,7,"aadhaar, , address_proof",True,True,True
HH-07244,NS-1024,5100.0,3,"aadhaar, ration_card, ",True,False,True
HH-07245,NS-0515,19700.0,3,"aadhaar, ration_card, ",True,False,True
HH-07246,NS-0837,9100.0,3,"aadhaar, ration_card, address_proof",True,True,True
HH-07247,NS-0522,22200.0,5,"aadhaar, ration_card, address_proof",True,True,True
HH-07248,NS-0674,12400.0,6,"aadhaar, ration_card, address_proof",True,True,True
HH-07249,NS-0903,15600.0,7,"aadhaar, ration_card, address_proof",True,True,True
HH-07250,NS-0680,22600.0,8,"aadhaar, ration_card, address_proof",True,True,True
HH-07251,NS-0326,16000.0,7,"aadhaar, , address_proof",True,True,True
HH-07252,NS-0688,10900.0,8,"aadhaar, , address_proof",True,True,True
HH-07253,NS-0846,9700.0,7,"aadhaar, , address_proof",True,True,True
HH-07254,NS-0535,11600.0,1,"aadhaar, , address_proof",True,True,True
HH-07255,NS-0291,6300.0,3,"aadhaar, ration_card, ",True,False,True
HH-07256,NS-1418,20100.0,3,"aadhaar, , address_proof",True,True,True
HH-07257,NS-1188,28000.0,8,"aadhaar, ration_card, ",True,False,False
HH-07258,NS-0051,13000.0,3,"aadhaar, , address_proof",True,False,True
HH-07259,NS-0225,11500.0,3,"aadhaar, ration_card, address_proof",True,False,True
HH-07260,NS-1065,11900.0,3,"aadhaar, ration_card, address_proof",True,True,True
HH-07261,NS-1300,26200.0,3,"aadhaar, ration_card, address_proof",True,True,False
HH-07262,NS-0976,12500.0,8,"aadhaar, ration_card, address_proof",True,False,True
HH-07263,NS-0823,21600.0,4,"aadhaar, ration_card, address_proof",True,True,True
HH-07264,NS-1101,25900.0,2,"aadhaar, , address_proof",True,True,False
HH-07265,NS-0765,19300.0,2,"aadhaar, , ",True,False,True
HH-07266,NS-0642,35000.0,3,"aadhaar, , address_proof",True,False,False
HH-07267,NS-0687,18600.0,5,", ration_card, address_proof",False,True,True
HH-07268,NS-0768,18400.0,6,"aadhaar, ration_card, address_proof",True,True,True
HH-07269,NS-0750,9300.0,7,"aadhaar, , address_proof",True,True,True
HH-07270,NS-0567,38500.0,1,"aadhaar, , address_proof",True,True,False
HH-07271,NS-0955,8500.0,6,"aadhaar, , address_proof",True,True,True
HH-07272,NS-0740,22800.0,2,"aadhaar, ration_card, address_proof",True,True,True
HH-07273,NS-0989,9900.0,8,"aadhaar, ration_card, address_proof",True,True,True
HH-07274,NS-0871,7500.0,4,"aadhaar, ration_card, address_proof",True,True,True
HH-07275,NS-0540,8400.0,4,"aadhaar, ration_card, address_proof",True,True,True
HH-07276,NS-0174,9800.0,2,"aadhaar, , address_proof",True,True,True
HH-07277,NS-0812,13600.0,3,"aadhaar, ration_card, address_proof",True,True,True
HH-07278,NS-0587,19000.0,3,"aadhaar, ration_card, address_proof",True,True,True
HH-07279,NS-0093,6800.0,7,"aadhaar, , address_proof",True,False,True
HH-07280,NS-0216,10200.0,1,"aadhaar, , address_proof",True,True,True
HH-07281,NS-1055,13900.0,7,", ration_card, address_proof",False,True,True
HH-07282,NS-0736,14200.0,4,"aadhaar, ration_card, address_proof",True,True,True
HH-07283,NS-0600,9300.0,2,"aadhaar, ration_card, address_proof",True,False,True
HH-07284,NS-0778,11200.0,5,"aadhaar, ration_card, address_proof",True,True,True
HH-07285,NS-0195,26600.0,2,", ration_card, address_proof",False,True,False
HH-07286,NS-1469,24900.0,1,"aadhaar, , address_proof",True,True,True
HH-07287,NS-1320,22000.0,1,"aadhaar, ration_card, address_proof",True,True,True
HH-07288,NS-0167,23600.0,6,"aadhaar, ration_card, ",True,False,True
HH-07289,NS-1425,13500.0,8,"aadhaar, ration_card, address_proof",True,True,True
HH-07290,NS-0552,6000.0,7,"aadhaar, , address_proof",True,True,True
HH-07291,NS-0617,9800.0,7,"aadhaar, ration_card, address_proof",True,True,True
HH-07292,NS-1232,5500.0,1,"aadhaar, ration_card, address_proof",True,False,True
HH-07293,NS-0554,40500.0,1,"aadhaar, ration_card, address_proof",True,False,False
HH-07294,NS-0045,7600.0,5,"aadhaar, , ",True,False,True
HH-07295,NS-1206,27000.0,1,", , address_proof",False,True,False
HH-07296,NS-1274,33400.0,7,"aadhaar, ration_card, address_proof",True,True,False
HH-07297,NS-0349,19900.0,4,"aadhaar, ration_card, ",True,False,True
HH-07298,NS-1410,37200.0,8,"aadhaar, ration_card, address_proof",True,True,False
HH-07299,NS-0914,32400.0,3,"aadhaar, ration_card, ",True,False,False
HH-07300,NS-0225,14600.0,7,", , ",False,False,True
HH-07301,NS-0517,23600.0,1,", ration_card, ",False,False,True
HH-07302,NS-0840,32900.0,3,"aadhaar, ration_card, ",True,False,False
HH-07303,NS-0318,5000.0,8,", ration_card, ",False,False,True
HH-07304,NS-0226,10800.0,8,"aadhaar, ration_card, address_proof",True,True,True
HH-07305,NS-0252,10400.0,3,"aadhaar, ration_card, address_proof",True,True,True
HH-07306,NS-0322,7200.0,3,"aadhaar, ration_card, ",True,False,True
HH-07307,NS-0516,11700.0,4,"aadhaar, ration_card, ",True,False,True
HH-07308,NS-0547,6400.0,3,"aadhaar, ration_card, address_proof",True,True,True
HH-07309,NS-1112,14200.0,6,"aadhaar, ration_card, address_proof",True,True,True
HH-07310,NS-0426,8700.0,4,"aadhaar, ration_card, ",True,False,True
HH-07311,NS-0789,8200.0,3,", ration_card, address_proof",False,True,True
HH-07312,NS-1114,9900.0,2,"aadhaar, ration_card, ",True,False,True
HH-07313,NS-0052,20700.0,1,", , address_proof",False,True,True
HH-07314,NS-0666,5000.0,4,", ration_card, ",False,False,True
HH-07315,NS-0938,30500.0,5,"aadhaar, ration_card, ",True,False,False
HH-07316,NS-1415,6000.0,8,"aadhaar, ration_card, address_proof",True,True,True
HH-07317,NS-0496,39600.0,4,"aadhaar, ration_card, ",True,False,False
HH-07318,NS-1155,36400.0,2,"aadhaar, ration_card, address_proof",True,True,False
HH-07319,NS-0970,15300.0,7,"aadhaar, , address_proof",True,True,True
HH-07320,NS-1498,16100.0,3,"aadhaar, , address_proof",True,True,True
HH-07321,NS-0178,9800.0,5,"aadhaar, ration_card, address_proof",True,True,True
HH-07322,NS-0616,9600.0,5,"aadhaar, , address_proof",True,True,True
HH-07323,NS-1213,11500.0,1,"aadhaar, ration_card, ",True,False,True
HH-07324,NS-1377,37200.0,5,"aadhaar, ration_card, address_proof",True,True,False
HH-07325,NS-0776,31000.0,2,"aadhaar, ration_card, address_proof",True,True,False
HH-07326,NS-0860,16500.0,3,"aadhaar, , address_proof",True,False,True
HH-07327,NS-0192,8200.0,6,"aadhaar, ration_card, address_proof",True,True,True
HH-07328,NS-1367,21300.0,4,"aadhaar, ration_card, address_proof",True,False,True
HH-07329,NS-1050,32500.0,5,"aadhaar, ration_card, address_proof",True,True,False
HH-07330,NS-0664,10100.0,4,"aadhaar, ration_card, address_proof",True,True,True
HH-07331,NS-1098,9400.0,8,"aadhaar, ration_card, address_proof",True,True,True
HH-07332,NS-0876,13100.0,5,"aadhaar, ration_card, address_proof",True,True,True
HH-07333,NS-1273,17500.0,2,"aadhaar, ration_card, address_proof",True,False,True
HH-07334,NS-0636,11100.0,6,"aadhaar, ration_card, address_proof",True,False,True
HH-07335,NS-0527,6600.0,3,"aadhaar, ration_card, ",True,False,True
HH-07336,NS-0958,17400.0,5,"aadhaar, ration_card, ",True,False,True
HH-07337,NS-0936,9900.0,2,"aadhaar, ration_card, address_proof",True,True,True
HH-07338,NS-0710,18000.0,5,"aadhaar, ration_card, address_proof",True,True,True
HH-07339,NS-0656,11800.0,6,"aadhaar, , address_proof",True,True,True
HH-07340,NS-0431,21800.0,7,"aadhaar, ration_card, address_proof",True,True,True
HH-07341,NS-1324,9800.0,1,"aadhaar, ration_card, address_proof",True,True,True
HH-07342,NS-0883,15100.0,5,", ration_card, address_proof",False,True,True
HH-07343,NS-1030,12600.0,3,"aadhaar, ration_card, ",True,False,True
HH-07344,NS-0710,26600.0,3,"aadhaar, , address_proof",True,True,False
HH-07345,NS-0537,18800.0,1,"aadhaar, , ",True,False,True
HH-07346,NS-0892,9600.0,4,"aadhaar, , address_proof",True,True,True
HH-07347,NS-0519,19400.0,3,"aadhaar, , address_proof",True,True,True
HH-07348,NS-0737,22200.0,1,", ration_card, ",False,False,True
HH-07349,NS-0122,21300.0,4,", ration_card, address_proof",False,True,True
HH-07350,NS-0599,18900.0,5,"aadhaar, , address_proof",True,True,True
HH-07351,NS-1183,17900.0,6,"aadhaar, , ",True,False,True
HH-07352,NS-1146,19600.0,3,"aadhaar, , address_proof",True,True,True
HH-07353,NS-0062,5500.0,6,", ration_card, address_proof",False,True,True
HH-07354,NS-1370,8800.0,3,"aadhaar, ration_card, address_proof",True,True,True
HH-07355,NS-1129,7900.0,1,"aadhaar, ration_card, ",True,False,True
HH-07356,NS-0972,31000.0,6,"aadhaar, , ",True,False,False
HH-07357,NS-1379,8900.0,5,"aadhaar, ration_card, address_proof",True,True,True
HH-07358,NS-0809,24900.0,6,"aadhaar, ration_card, address_proof",True,True,True
HH-07359,NS-1029,13600.0,2,"aadhaar, ration_card, ",True,False,True
HH-07360,NS-0607,12200.0,7,"aadhaar, ration_card, address_proof",True,True,True
HH-07361,NS-1113,15300.0,6,"aadhaar, ration_card, address_proof",True,True,True
HH-07362,NS-0806,9200.0,7,"aadhaar, , address_proof",True,True,True
HH-07363,NS-1341,7200.0,2,"aadhaar, ration_card, ",True,False,True
HH-07364,NS-0209,24500.0,7,"aadhaar, ration_card, ",True,False,True
HH-07365,NS-1287,4200.0,8,"aadhaar, ration_card, address_proof",True,True,True
HH-07366,NS-0111,15600.0,3,"aadhaar, , ",True,False,True
HH-07367,NS-0817,18500.0,5,"aadhaar, ration_card, ",True,False,True
HH-07368,NS-0343,7200.0,4,"aadhaar, ration_card, ",True,False,True
HH-07369,NS-0974,4300.0,4,"aadhaar, ration_card, address_proof",True,True,True
HH-07370,NS-0658,6600.0,6,"aadhaar, , address_proof",True,True,True
HH-07371,NS-0461,8200.0,7,"aadhaar, ration_card, address_proof",True,True,True
HH-07372,NS-1273,8800.0,5,", ration_card, ",False,False,True
HH-07373,NS-0462,8700.0,3,"aadhaar, ration_card, address_proof",True,True,True
HH-07374,NS-0966,10300.0,2,"aadhaar, ration_card, ",True,False,True
HH-07375,NS-0613,7100.0,7,"aadhaar, , address_proof",True,True,True
HH-07376,NS-0155,10600.0,4,"aadhaar, , address_proof",True,True,True
HH-07377,NS-1261,15300.0,1,"aadhaar, ration_card, ",True,False,True
HH-07378,NS-1474,11700.0,2,", , address_proof",False,True,True
HH-07379,NS-0348,10800.0,3,"aadhaar, ration_card, address_proof",True,False,True
HH-07380,NS-1270,21900.0,7,"aadhaar, ration_card, ",True,False,True
HH-07381,NS-0163,20900.0,5,"aadhaar, ration_card, ",True,False,True
HH-07382,NS-0594,5800.0,2,"aadhaar, ration_card, address_proof",True,False,True
HH-07383,NS-1126,21300.0,3,"aadhaar, ration_card, address_proof",True,True,True
HH-07384,NS-0651,21900.0,4,"aadhaar, ration_card, address_proof",True,True,True
HH-07385,NS-1281,12300.0,7,"aadhaar, , address_proof",True,True,True
HH-07386,NS-0905,24300.0,2,"aadhaar, ration_card, ",True,False,True
HH-07387,NS-0873,17700.0,5,"aadhaar, ration_card, address_proof",True,True,True
HH-07388,NS-1233,27600.0,8,"aadhaar, ration_card, address_proof",True,True,False
HH-07389,NS-0388,6600.0,2,"aadhaar, ration_card, address_proof",True,True,True
HH-07390,NS-0175,5800.0,7,"aadhaar, ration_card, ",True,False,True
HH-07391,NS-0892,29200.0,5,"aadhaar, ration_card, address_proof",True,True,False
HH-07392,NS-1206,11600.0,6,"aadhaar, ration_card, address_proof",True,True,True
HH-07393,NS-0350,9500.0,1,"aadhaar, ration_card, address_proof",True,True,True
HH-07394,NS-0441,14100.0,6,"aadhaar, , address_proof",True,True,True
HH-07395,NS-0953,6300.0,4,"aadhaar, ration_card, address_proof",True,True,True
HH-07396,NS-0590,14600.0,3,"aadhaar, ration_card, address_proof",True,False,True
HH-07397,NS-1264,36500.0,3,"aadhaar, ration_card, address_proof",True,True,False
HH-07398,NS-0671,12800.0,7,"aadhaar, ration_card, address_proof",True,True,True
HH-07399,NS-0727,5900.0,4,"aadhaar, ration_card, ",True,False,True
HH-07400,NS-0027,14700.0,4,", ration_card, address_proof",False,True,True
HH-07401,NS-0236,15400.0,7,"aadhaar, ration_card, address_proof",True,True,True
HH-07402,NS-0778,13200.0,5,"aadhaar, ration_card, address_proof",True,True,True
HH-07403,NS-0557,32000.0,8,"aadhaar, , ",True,False,False
HH-07404,NS-0424,12100.0,2,"aadhaar, ration_card, ",True,False,True
HH-07405,NS-1252,14300.0,4,", ration_card, address_proof",False,True,True
HH-07406,NS-1171,21900.0,5,"aadhaar, ration_card, address_proof",True,True,True
HH-07407,NS-0683,4900.0,4,"aadhaar, , address_proof",True,True,True
HH-07408,NS-0522,8900.0,3,"aadhaar, ration_card, address_proof",True,True,True
HH-07409,NS-1442,3000.0,3,", ration_card, address_proof",False,True,True
HH-07410,NS-0409,13600.0,5,"aadhaar, ration_card, ",True,False,True
HH-07411,NS-1211,8100.0,2,"aadhaar, , address_proof",True,True,True
HH-07412,NS-0377,13000.0,2,"aadhaar, , address_proof",True,True,True
HH-07413,NS-0496,25000.0,7,", ration_card, address_proof",False,True,True
HH-07414,NS-0327,11000.0,5,"aadhaar, ration_card, ",True,False,True
HH-07415,NS-1116,8900.0,6,"aadhaar, ration_card, ",True,False,True
HH-07416,NS-0707,9100.0,7,"aadhaar, , address_proof",True,True,True
HH-07417,NS-0204,11000.0,2,", ration_card, address_proof",False,True,True
HH-07418,NS-0251,16800.0,6,"aadhaar, ration_card, ",True,False,True
HH-07419,NS-0401,27200.0,7,"aadhaar, , address_proof",True,True,False
HH-07420,NS-0182,5100.0,1,"aadhaar, ration_card, ",True,False,True
HH-07421,NS-1302,8500.0,1,"aadhaar, ration_card, address_proof",True,True,True
HH-07422,NS-0368,45400.0,7,", ration_card, address_proof",False,True,False
HH-07423,NS-0082,19100.0,5,"aadhaar, ration_card, address_proof",True,True,True
HH-07424,NS-0052,18600.0,6,"aadhaar, ration_card, address_proof",True,True,True
HH-07425,NS-0779,8500.0,3,"aadhaar, , address_proof",True,True,True
HH-07426,NS-0316,59300.0,7,"aadhaar, , address_proof",False,True,False
HH-07427,NS-1338,18100.0,3,"aadhaar, ration_card, ",True,False,True
HH-07428,NS-1402,16200.0,2,"aadhaar, ration_card, address_proof",True,True,True
HH-07429,NS-1436,14300.0,8,", ration_card, address_proof",False,True,True
HH-07430,NS-0190,14800.0,1,"aadhaar, ration_card, ",True,False,True
HH-07431,NS-0982,13900.0,2,"aadhaar, , address_proof",True,True,True
HH-07432,NS-0009,15000.0,7,"aadhaar, ration_card, ",True,False,True
HH-07433,NS-0139,12900.0,3,"aadhaar, ration_card, ",True,False,True
HH-07434,NS-1441,29700.0,6,"aadhaar, ration_card, ",True,False,False
HH-07435,NS-1271,20700.0,6,"aadhaar, ration_card, address_proof",True,False,True
HH-07436,NS-0636,19000.0,5,"aadhaar, ration_card, address_proof",True,False,True
HH-07437,NS-0241,23500.0,8,"aadhaar, , address_proof",True,True,True
HH-07438,NS-0770,14300.0,5,"aadhaar, ration_card, ",True,False,True
HH-07439,NS-1261,10100.0,3,"aadhaar, , address_proof",True,True,True
HH-07440,NS-0247,17900.0,1,"aadhaar, , ",True,False,True
HH-07441,NS-0706,9800.0,4,"aadhaar, , ",True,False,True
HH-07442,NS-0436,16600.0,4,"aadhaar, ration_card, address_proof",True,False,True
HH-07443,NS-0350,20300.0,3,"aadhaar, ration_card, address_proof",True,True,True
HH-07444,NS-0505,26900.0,6,"aadhaar, , address_proof",True,True,False
HH-07445,NS-1100,21100.0,6,"aadhaar, ration_card, address_proof",True,True,True
HH-07446,NS-0549,5800.0,4,", ration_card, ",False,False,True
HH-07447,NS-1275,6400.0,4,", , address_proof",False,True,True
HH-07448,NS-0579,4500.0,1,"aadhaar, ration_card, ",True,False,True
HH-07449,NS-0039,12300.0,1,"aadhaar, ration_card, address_proof",True,True,True
HH-07450,NS-0488,6000.0,8,"aadhaar, ration_card, address_proof",True,True,True
HH-07451,NS-0978,12700.0,5,", ration_card, ",False,False,True
HH-07452,NS-0986,15900.0,8,"aadhaar, ration_card, address_proof",True,False,True
HH-07453,NS-1095,8900.0,3,"aadhaar, ration_card, address_proof",True,True,True
HH-07454,NS-1117,7200.0,7,", ration_card, address_proof",False,True,True
HH-07455,NS-0996,25600.0,1,"aadhaar, ration_card, ",True,False,False
HH-07456,NS-0775,21900.0,8,"aadhaar, ration_card, address_proof",True,True,True
HH-07457,NS-0673,7300.0,2,"aadhaar, ration_card, address_proof",True,True,True
HH-07458,NS-0853,5700.0,6,"aadhaar, ration_card, ",True,False,True
HH-07459,NS-1144,11700.0,8,"aadhaar, , address_proof",True,True,True
HH-07460,NS-1441,10700.0,3,", ration_card, ",False,False,True
HH-07461,NS-0486,26800.0,5,"aadhaar, ration_card, ",True,False,False
HH-07462,NS-1302,14000.0,1,", ration_card, address_proof",False,True,True
HH-07463,NS-1395,9200.0,4,"aadhaar, ration_card, ",True,False,True
HH-07464,NS-0447,10500.0,3,"aadhaar, ration_card, address_proof",True,True,True
HH-07465,NS-0993,10200.0,3,"aadhaar, , address_proof",True,True,True
HH-07466,NS-0520,26200.0,6,"aadhaar, ration_card, address_proof",True,True,False
HH-07467,NS-1500,11700.0,8,", ration_card, address_proof",False,False,True
HH-07468,NS-1382,23100.0,8,"aadhaar, ration_card, address_proof",True,True,True
HH-07469,NS-1361,23000.0,2,"aadhaar, ration_card, address_proof",True,True,True
HH-07470,NS-1110,13800.0,6,"aadhaar, ration_card, address_proof",True,True,True
HH-07471,NS-0477,24600.0,6,"aadhaar, , address_proof",True,True,True
HH-07472,NS-0031,8900.0,2,"aadhaar, ration_card, address_proof",True,False,True
HH-07473,NS-0572,16000.0,6,"aadhaar, ration_card, ",True,False,True
HH-07474,NS-0348,14600.0,8,"aadhaar, , address_proof",True,False,True
HH-07475,NS-1474,11400.0,5,"aadhaar, , address_proof",True,True,True
HH-07476,NS-0990,26800.0,1,"aadhaar, , address_proof",True,True,False
HH-07477,NS-0454,18700.0,7,"aadhaar, ration_card, address_proof",True,True,True
HH-07478,NS-0329,12400.0,3,"aadhaar, , address_proof",True,False,True
HH-07479,NS-0594,14500.0,1,"aadhaar, ration_card, address_proof",True,False,True
HH-07480,NS-0519,6600.0,6,"aadhaar, ration_card, address_proof",True,True,True
HH-07481,NS-0659,21700.0,7,"aadhaar, ration_card, address_proof",True,True,True
HH-07482,NS-0376,19200.0,6,"aadhaar, ration_card, address_proof",True,True,True
HH-07483,NS-1176,7600.0,1,"aadhaar, ration_card, ",True,False,True
HH-07484,NS-0454,14300.0,3,"aadhaar, ration_card, ",True,False,True
HH-07485,NS-0257,6200.0,4,"aadhaar, ration_card, address_proof",True,True,True
HH-07486,NS-0228,43900.0,7,"aadhaar, , ",True,False,False
HH-07487,NS-0725,10400.0,7,"aadhaar, ration_card, address_proof",True,True,True
HH-07488,NS-0489,21100.0,7,"aadhaar, , address_proof",True,True,True
HH-07489,NS-1407,11400.0,7,"aadhaar, ration_card, ",True,False,True
HH-07490,NS-1189,14200.0,6,"aadhaar, ration_card, address_proof",True,True,True
HH-07491,NS-1200,27400.0,6,"aadhaar, ration_card, address_proof",True,True,False
HH-07492,NS-0730,20300.0,6,"aadhaar, ration_card, ",True,False,True
HH-07493,NS-1011,43500.0,5,"aadhaar, , address_proof",True,True,False
HH-07494,NS-0132,12300.0,8,"aadhaar, ration_card, ",True,False,True
HH-07495,NS-0934,16300.0,8,"aadhaar, ration_card, address_proof",True,True,True
HH-07496,NS-0316,17700.0,3,"aadhaar, , ",True,False,True
HH-07497,NS-0144,9200.0,4,"aadhaar, ration_card, ",True,False,True
HH-07498,NS-0392,4000.0,1,"aadhaar, ration_card, address_proof",True,True,True
HH-07499,NS-0074,40900.0,1,"aadhaar, ration_card, ",True,False,False
HH-07500,NS-0646,9700.0,5,", ration_card, address_proof",False,True,True
HH-07501,NS-0056,14400.0,8,"aadhaar, ration_card, address_proof",True,True,True
HH-07502,NS-0809,8600.0,2,", ration_card, address_proof",False,True,True
HH-07503,NS-0538,13700.0,3,"aadhaar, ration_card, address_proof",True,True,True
HH-07504,NS-0460,8500.0,1,"aadhaar, ration_card, ",True,False,True
HH-07505,NS-0712,22300.0,5,", , address_proof",False,True,True
HH-07506,NS-1089,6800.0,6,", ration_card, ",False,False,True
HH-07507,NS-1175,34500.0,5,"aadhaar, ration_card, address_proof",True,True,False
HH-07508,NS-0028,6300.0,1,"aadhaar, , address_proof",True,True,True
HH-07509,NS-0818,15900.0,2,"aadhaar, ration_card, address_proof",True,False,True
HH-07510,NS-0012,35700.0,2,"aadhaar, ration_card, address_proof",True,True,False
HH-07511,NS-0274,17100.0,8,"aadhaar, ration_card, address_proof",True,True,True
HH-07512,NS-0165,28000.0,3,"aadhaar, , ",True,False,False
HH-07513,NS-0564,20000.0,2,"aadhaar, ration_card, ",True,False,True
HH-07514,NS-0803,9300.0,4,"aadhaar, ration_card, ",True,False,True
HH-07515,NS-1105,23700.0,5,"aadhaar, ration_card, address_proof",True,True,True
HH-07516,NS-0053,16400.0,2,"aadhaar, , address_proof",True,True,True
HH-07517,NS-1258,13300.0,2,"aadhaar, ration_card, address_proof",True,True,True
HH-07518,NS-0487,13800.0,8,"aadhaar, ration_card, address_proof",True,True,True
HH-07519,NS-0295,31900.0,2,"aadhaar, ration_card, ",True,False,False
HH-07520,NS-0729,13200.0,7,"aadhaar, ration_card, address_proof",True,True,True
HH-07521,NS-1493,6000.0,6,", , address_proof",False,True,True
HH-07522,NS-0777,18800.0,4,"aadhaar, ration_card, ",True,False,True
HH-07523,NS-0920,12100.0,8,", , ",False,False,True
HH-07524,NS-0820,7100.0,3,", ration_card, ",False,False,True
HH-07525,NS-0679,11300.0,6,"aadhaar, ration_card, address_proof",True,True,True
HH-07526,NS-1490,20100.0,6,"aadhaar, ration_card, address_proof",True,True,True
HH-07527,NS-0115,6500.0,3,"aadhaar, ration_card, address_proof",True,False,True
HH-07528,NS-1005,10600.0,2,"aadhaar, ration_card, ",True,False,True
HH-07529,NS-1080,30500.0,8,", ration_card, ",False,False,False
HH-07530,NS-0899,11800.0,1,"aadhaar, ration_card, address_proof",True,True,True
HH-07531,NS-1197,9800.0,3,"aadhaar, , address_proof",True,True,True
HH-07532,NS-1065,7700.0,3,"aadhaar, ration_card, address_proof",True,True,True
HH-07533,NS-1500,16500.0,3,"aadhaar, ration_card, address_proof",True,False,True
HH-07534,NS-1075,14400.0,2,"aadhaar, , address_proof",True,True,True
HH-07535,NS-0998,4900.0,1,"aadhaar, , address_proof",True,False,True
HH-07536,NS-1404,21800.0,3,"aadhaar, ration_card, address_proof",True,True,True
HH-07537,NS-0624,17500.0,8,"aadhaar, ration_card, ",True,False,True
HH-07538,NS-0649,14500.0,2,"aadhaar, ration_card, address_proof",True,True,True
HH-07539,NS-0928,10800.0,1,"aadhaar, ration_card, address_proof",True,True,True
HH-07540,NS-0786,12200.0,3,"aadhaar, ration_card, ",True,False,True
HH-07541,NS-1198,27500.0,1,"aadhaar, ration_card, address_proof",True,True,False
HH-07542,NS-0541,11500.0,5,"aadhaar, ration_card, ",True,False,True
HH-07543,NS-1267,11900.0,6,"aadhaar, ration_card, ",True,False,True
HH-07544,NS-0972,16200.0,8,"aadhaar, , ",True,False,True
HH-07545,NS-0113,5300.0,7,"aadhaar, ration_card, ",True,False,True
HH-07546,NS-0481,22300.0,7,"aadhaar, ration_card, address_proof",True,True,True
HH-07547,NS-1160,33100.0,2,", ration_card, address_proof",False,True,False
HH-07548,NS-0459,21600.0,3,"aadhaar, ration_card, address_proof",True,True,True
HH-07549,NS-0779,18000.0,5,"aadhaar, ration_card, address_proof",True,True,True
HH-07550,NS-1307,11100.0,6,"aadhaar, ration_card, ",True,False,True
HH-07551,NS-0851,20000.0,2,"aadhaar, ration_card, address_proof",True,True,True
HH-07552,NS-1119,45000.0,4,"aadhaar, , ",True,False,False
HH-07553,NS-0695,9200.0,7,"aadhaar, ration_card, address_proof",True,True,True
HH-07554,NS-0836,25100.0,7,", ration_card, ",False,False,False
HH-07555,NS-0226,12000.0,6,"aadhaar, ration_card, address_proof",True,True,True
HH-07556,NS-0961,13900.0,4,"aadhaar, ration_card, address_proof",True,True,True
HH-07557,NS-1216,18900.0,3,", ration_card, ",False,False,True
HH-07558,NS-0819,13900.0,7,"aadhaar, ration_card, ",True,False,True
HH-07559,NS-0160,6500.0,3,"aadhaar, ration_card, address_proof",True,True,True
HH-07560,NS-0264,8400.0,2,"aadhaar, ration_card, address_proof",True,True,True
HH-07561,NS-0890,23500.0,4,"aadhaar, ration_card, address_proof",True,True,True
HH-07562,NS-0145,17100.0,5,"aadhaar, ration_card, address_proof",True,True,True
HH-07563,NS-0273,14100.0,3,"aadhaar, , address_proof",True,True,True
HH-07564,NS-0584,24100.0,2,", ration_card, address_proof",False,True,True
HH-07565,NS-1289,31000.0,2,"aadhaar, ration_card, address_proof",True,True,False
HH-07566,NS-0268,11900.0,1,"aadhaar, ration_card, ",True,False,True
HH-07567,NS-0024,15300.0,2,"aadhaar, ration_card, address_proof",True,True,True
HH-07568,NS-0180,5900.0,4,", , ",False,False,True
HH-07569,NS-1484,13300.0,1,", ration_card, ",False,False,True
HH-07570,NS-1252,31200.0,6,"aadhaar, , ",True,False,False
HH-07571,NS-1066,17100.0,4,", , address_proof",False,True,True
HH-07572,NS-1331,22900.0,7,", , address_proof",False,True,True
HH-07573,NS-1289,19400.0,8,"aadhaar, ration_card, address_proof",True,True,True
HH-07574,NS-0971,11500.0,2,"aadhaar, ration_card, ",True,False,True
HH-07575,NS-0577,22000.0,7,"aadhaar, ration_card, ",True,False,True
HH-07576,NS-0345,17000.0,7,", , address_proof",False,True,True
HH-07577,NS-0356,14500.0,5,"aadhaar, ration_card, address_proof",True,True,True
HH-07578,NS-0645,16700.0,4,"aadhaar, , address_proof",True,True,True
HH-07579,NS-0409,22200.0,7,"aadhaar, , address_proof",True,True,True
HH-07580,NS-0514,10400.0,1,", , address_proof",False,True,True
HH-07581,NS-0922,10500.0,6,"aadhaar, ration_card, ",True,False,True
HH-07582,NS-1274,10200.0,8,"aadhaar, ration_card, address_proof",True,True,True
HH-07583,NS-0559,27700.0,2,"aadhaar, ration_card, ",True,False,False
HH-07584,NS-0384,9600.0,1,", ration_card, ",False,False,True
HH-07585,NS-1268,52800.0,4,"aadhaar, , ",False,False,False
HH-07586,NS-0039,21900.0,2,"aadhaar, ration_card, address_proof",True,True,True
HH-07587,NS-0929,18000.0,5,"aadhaar, ration_card, address_proof",True,True,True
HH-07588,NS-0266,12800.0,3,"aadhaar, ration_card, address_proof",True,False,True
HH-07589,NS-0489,15300.0,6,"aadhaar, , address_proof",True,True,True
HH-07590,NS-1301,14200.0,7,"aadhaar, ration_card, ",True,False,True
HH-07591,NS-0733,15300.0,2,"aadhaar, ration_card, ",True,False,True
HH-07592,NS-0900,6000.0,7,"aadhaar, ration_card, address_proof",True,True,True
HH-07593,NS-0661,17600.0,4,"aadhaar, ration_card, address_proof",True,True,True
HH-07594,NS-0259,52400.0,5,"aadhaar, ration_card, address_proof",False,True,False
HH-07595,NS-1008,3000.0,3,"aadhaar, ration_card, address_proof",True,True,True
HH-07596,NS-0135,8400.0,3,"aadhaar, ration_card, address_proof",True,True,True
HH-07597,NS-0983,21900.0,8,"aadhaar, , ",True,False,True
HH-07598,NS-0804,24700.0,5,"aadhaar, ration_card, address_proof",True,False,True
HH-07599,NS-1042,7900.0,4,"aadhaar, ration_card, ",True,False,True
HH-07600,NS-0845,10800.0,1,"aadhaar, , ",True,False,True
HH-07601,NS-1046,11500.0,7,"aadhaar, ration_card, address_proof",True,True,True
HH-07602,NS-0672,25400.0,7,"aadhaar, ration_card, ",True,False,False
HH-07603,NS-0678,30900.0,4,"aadhaar, ration_card, ",True,False,False
HH-07604,NS-0820,5000.0,3,"aadhaar, ration_card, address_proof",True,True,True
HH-07605,NS-0209,21900.0,6,"aadhaar, ration_card, ",True,False,True
HH-07606,NS-0052,9200.0,5,"aadhaar, , address_proof",True,True,True
HH-07607,NS-0406,11300.0,8,"aadhaar, ration_card, ",True,False,True
HH-07608,NS-1277,5300.0,7,"aadhaar, , ",True,False,True
HH-07609,NS-1416,20500.0,8,"aadhaar, ration_card, address_proof",True,False,True
HH-07610,NS-0688,17500.0,2,"aadhaar, ration_card, address_proof",True,True,True
HH-07611,NS-0503,24100.0,1,"aadhaar, ration_card, address_proof",True,False,True
HH-07612,NS-0764,6600.0,4,", ration_card, ",False,False,True
HH-07613,NS-0207,22500.0,6,"aadhaar, ration_card, address_proof",True,True,True
HH-07614,NS-0253,17200.0,4,"aadhaar, ration_card, address_proof",True,True,True
HH-07615,NS-1135,12100.0,4,"aadhaar, ration_card, address_proof",True,True,True
HH-07616,NS-0311,11900.0,6,"aadhaar, ration_card, ",True,False,True
HH-07617,NS-0922,21700.0,3,"aadhaar, , address_proof",True,True,True
HH-07618,NS-0076,17500.0,1,"aadhaar, ration_card, address_proof",True,True,True
HH-07619,NS-0249,11500.0,2,"aadhaar, ration_card, address_proof",True,True,True
HH-07620,NS-1379,10000.0,2,"aadhaar, , address_proof",True,True,True
HH-07621,NS-1404,19800.0,4,"aadhaar, , address_proof",True,True,True
HH-07622,NS-0093,13700.0,7,"aadhaar, ration_card, address_proof",True,False,True
HH-07623,NS-0394,36600.0,2,"aadhaar, ration_card, address_proof",True,True,False
HH-07624,NS-0459,21800.0,6,"aadhaar, ration_card, ",True,False,True
HH-07625,NS-1346,24600.0,1,"aadhaar, ration_card, address_proof",True,True,True
HH-07626,NS-1185,12900.0,5,"aadhaar, ration_card, address_proof",True,True,True
HH-07627,NS-0077,22300.0,3,"aadhaar, ration_card, address_proof",True,False,True
HH-07628,NS-1228,18300.0,2,"aadhaar, ration_card, address_proof",True,True,True
HH-07629,NS-1002,7800.0,7,"aadhaar, ration_card, ",True,False,True
HH-07630,NS-0416,32100.0,5,"aadhaar, ration_card, ",True,False,False
HH-07631,NS-1308,30900.0,4,"aadhaar, ration_card, ",True,False,False
HH-07632,NS-0347,14400.0,1,"aadhaar, ration_card, ",True,False,True
HH-07633,NS-0045,9100.0,6,"aadhaar, ration_card, ",True,False,True
HH-07634,NS-1470,17800.0,2,", ration_card, address_proof",False,True,True
HH-07635,NS-0199,12200.0,2,"aadhaar, ration_card, ",True,False,True
HH-07636,NS-0394,15700.0,8,"aadhaar, ration_card, address_proof",True,True,True
HH-07637,NS-1267,8200.0,2,"aadhaar, ration_card, ",True,False,True
HH-07638,NS-1295,16600.0,2,"aadhaar, ration_card, address_proof",True,True,True
HH-07639,NS-0814,19200.0,5,"aadhaar, ration_card, address_proof",True,True,True
HH-07640,NS-0250,16500.0,7,"aadhaar, ration_card, ",True,False,True
HH-07641,NS-0079,43700.0,4,"aadhaar, ration_card, ",True,False,False
HH-07642,NS-0960,20500.0,2,"aadhaar, ration_card, address_proof",True,True,True
HH-07643,NS-1168,9800.0,4,"aadhaar, ration_card, address_proof",True,True,True
HH-07644,NS-0108,22700.0,7,"aadhaar, ration_card, address_proof",True,False,True
HH-07645,NS-1420,10800.0,7,"aadhaar, ration_card, address_proof",True,True,True
HH-07646,NS-1052,11500.0,3,"aadhaar, , ",True,False,True
HH-07647,NS-0696,11500.0,5,"aadhaar, , address_proof",True,True,True
HH-07648,NS-0790,12900.0,1,", , ",False,False,True
HH-07649,NS-0785,7200.0,7,"aadhaar, ration_card, address_proof",True,True,True
HH-07650,NS-0812,39500.0,5,", ration_card, address_proof",False,True,False
HH-07651,NS-0952,24800.0,5,"aadhaar, ration_card, address_proof",True,True,True
HH-07652,NS-0979,11700.0,5,"aadhaar, , ",True,False,True
HH-07653,NS-1015,12900.0,8,"aadhaar, , address_proof",True,True,True
HH-07654,NS-0422,43300.0,4,"aadhaar, ration_card, address_proof",True,False,False
HH-07655,NS-0781,31600.0,3,"aadhaar, ration_card, address_proof",True,True,False
HH-07656,NS-0609,12500.0,8,"aadhaar, ration_card, address_proof",True,True,True
HH-07657,NS-0300,15500.0,7,"aadhaar, , address_proof",True,True,True
HH-07658,NS-0904,12400.0,4,"aadhaar, ration_card, address_proof",True,False,True
HH-07659,NS-0834,40200.0,2,"aadhaar, ration_card, address_proof",True,True,False
HH-07660,NS-0904,6700.0,3,"aadhaar, ration_card, address_proof",True,False,True
HH-07661,NS-0699,6300.0,4,"aadhaar, ration_card, address_proof",True,True,True
HH-07662,NS-0452,15600.0,6,"aadhaar, ration_card, ",True,False,True
HH-07663,NS-0642,6500.0,8,"aadhaar, ration_card, ",True,False,True
HH-07664,NS-0476,16700.0,8,"aadhaar, ration_card, address_proof",True,True,True
HH-07665,NS-1401,24900.0,1,", ration_card, ",False,False,True
HH-07666,NS-0354,4500.0,3,"aadhaar, ration_card, address_proof",True,False,True
HH-07667,NS-1425,11600.0,4,"aadhaar, ration_card, address_proof",True,True,True
HH-07668,NS-1302,9400.0,6,", ration_card, ",False,False,True
HH-07669,NS-0134,8200.0,3,"aadhaar, ration_card, address_proof",True,True,True
HH-07670,NS-1485,17000.0,3,"aadhaar, ration_card, address_proof",True,True,True
HH-07671,NS-0153,7600.0,5,"aadhaar, , address_proof",True,False,True
HH-07672,NS-0784,11400.0,6,"aadhaar, ration_card, address_proof",True,True,True
HH-07673,NS-1246,9800.0,7,", ration_card, ",False,False,True
HH-07674,NS-0469,14500.0,1,"aadhaar, ration_card, address_proof",True,True,True
HH-07675,NS-0738,13400.0,5,"aadhaar, ration_card, address_proof",True,True,True
HH-07676,NS-0714,12600.0,5,"aadhaar, ration_card, address_proof",True,True,True
HH-07677,NS-1035,16600.0,4,"aadhaar, ration_card, address_proof",True,True,True
HH-07678,NS-0546,4900.0,4,"aadhaar, ration_card, address_proof",True,True,True
HH-07679,NS-0991,29700.0,8,"aadhaar, ration_card, address_proof",True,True,False
HH-07680,NS-0202,9900.0,4,"aadhaar, ration_card, address_proof",True,True,True
HH-07681,NS-0282,9200.0,4,"aadhaar, ration_card, ",True,False,True
HH-07682,NS-1275,18800.0,7,", ration_card, address_proof",False,True,True
HH-07683,NS-0806,7800.0,8,", , ",False,False,True
HH-07684,NS-0785,25200.0,6,"aadhaar, ration_card, address_proof",True,True,False
HH-07685,NS-0980,12900.0,5,"aadhaar, ration_card, ",True,False,True
HH-07686,NS-0592,20800.0,7,"aadhaar, ration_card, ",True,False,True
HH-07687,NS-0748,4700.0,5,"aadhaar, , address_proof",True,True,True
HH-07688,NS-0522,13800.0,7,"aadhaar, ration_card, address_proof",True,True,True
HH-07689,NS-0002,25800.0,7,"aadhaar, ration_card, address_proof",True,True,False
HH-07690,NS-1288,11200.0,6,", ration_card, address_proof",False,True,True
HH-07691,NS-0611,6400.0,4,"aadhaar, ration_card, address_proof",True,True,True
HH-07692,NS-0259,13600.0,3,", , ",False,False,True
HH-07693,NS-1498,12100.0,6,"aadhaar, , address_proof",True,True,True
HH-07694,NS-0190,5800.0,3,"aadhaar, , address_proof",True,True,True
HH-07695,NS-0199,19900.0,3,"aadhaar, , address_proof",True,True,True
HH-07696,NS-0211,4400.0,3,"aadhaar, ration_card, ",True,False,True
HH-07697,NS-0841,21600.0,8,"aadhaar, ration_card, ",True,False,True
HH-07698,NS-0754,8100.0,7,"aadhaar, ration_card, address_proof",True,True,True
HH-07699,NS-0074,10500.0,2,"aadhaar, ration_card, ",True,False,True
HH-07700,NS-1291,11500.0,6,"aadhaar, , address_proof",True,True,True
HH-07701,NS-0294,6500.0,5,"aadhaar, ration_card, ",True,False,True
HH-07702,NS-0020,8300.0,2,"aadhaar, ration_card, address_proof",True,True,True
HH-07703,NS-0022,16900.0,6,"aadhaar, , address_proof",True,True,True
HH-07704,NS-1344,21900.0,8,", ration_card, address_proof",False,True,True
HH-07705,NS-1363,19600.0,5,"aadhaar, ration_card, address_proof",True,True,True
HH-07706,NS-1142,5900.0,2,"aadhaar, ration_card, ",True,False,True
HH-07707,NS-0053,25600.0,3,"aadhaar, ration_card, address_proof",True,True,False
HH-07708,NS-1105,11400.0,8,", ration_card, ",False,False,True
HH-07709,NS-0319,7600.0,8,"aadhaar, ration_card, address_proof",True,True,True
HH-07710,NS-1226,17200.0,2,"aadhaar, , address_proof",True,True,True
HH-07711,NS-0013,28100.0,5,"aadhaar, ration_card, address_proof",True,True,False
HH-07712,NS-0482,15200.0,7,"aadhaar, ration_card, address_proof",True,False,True
HH-07713,NS-0405,22000.0,4,"aadhaar, ration_card, ",True,False,True
HH-07714,NS-0255,16200.0,2,"aadhaar, , ",True,False,True
HH-07715,NS-0041,16100.0,7,"aadhaar, ration_card, address_proof",True,True,True
HH-07716,NS-1187,28900.0,2,"aadhaar, ration_card, ",True,False,False
HH-07717,NS-0869,8700.0,6,"aadhaar, , address_proof",True,False,True
HH-07718,NS-0153,19200.0,5,"aadhaar, ration_card, ",True,False,True
HH-07719,NS-0406,50300.0,6,"aadhaar, ration_card, address_proof",False,True,False
HH-07720,NS-0548,27400.0,1,", ration_card, address_proof",False,True,False
HH-07721,NS-0500,11500.0,3,"aadhaar, ration_card, ",True,False,True
HH-07722,NS-0983,28300.0,6,", ration_card, address_proof",False,True,False
HH-07723,NS-0126,21100.0,4,"aadhaar, ration_card, ",True,False,True
HH-07724,NS-1046,11600.0,1,"aadhaar, ration_card, address_proof",True,True,True
HH-07725,NS-0949,12900.0,2,"aadhaar, ration_card, address_proof",True,False,True
HH-07726,NS-1037,20800.0,7,"aadhaar, ration_card, address_proof",True,True,True
HH-07727,NS-1344,14300.0,8,"aadhaar, ration_card, ",True,False,True
HH-07728,NS-0896,7300.0,6,"aadhaar, ration_card, ",True,False,True
HH-07729,NS-1063,17800.0,2,"aadhaar, ration_card, ",True,False,True
HH-07730,NS-0400,8300.0,3,", , address_proof",False,True,True
HH-07731,NS-1264,22500.0,7,", ration_card, address_proof",False,True,True
HH-07732,NS-0215,22300.0,5,"aadhaar, ration_card, address_proof",True,True,True
HH-07733,NS-0899,13100.0,6,"aadhaar, ration_card, ",True,False,True
HH-07734,NS-1021,9900.0,8,"aadhaar, ration_card, address_proof",True,True,True
HH-07735,NS-1387,17300.0,1,"aadhaar, ration_card, address_proof",True,True,True
HH-07736,NS-1134,13300.0,4,"aadhaar, ration_card, ",True,False,True
HH-07737,NS-0967,13800.0,7,", ration_card, ",False,False,True
HH-07738,NS-1207,9000.0,5,"aadhaar, ration_card, address_proof",True,True,True
HH-07739,NS-1153,24000.0,6,"aadhaar, ration_card, ",True,False,True
HH-07740,NS-0998,14300.0,2,"aadhaar, , address_proof",True,False,True
HH-07741,NS-0203,20900.0,4,"aadhaar, ration_card, ",True,False,True
HH-07742,NS-0092,12300.0,1,"aadhaar, ration_card, address_proof",True,True,True
HH-07743,NS-0482,21200.0,8,"aadhaar, ration_card, ",True,False,True
HH-07744,NS-0565,19600.0,5,"aadhaar, ration_card, ",True,False,True
HH-07745,NS-1487,25300.0,8,"aadhaar, ration_card, address_proof",True,True,False
HH-07746,NS-1187,11200.0,5,"aadhaar, , address_proof",True,True,True
HH-07747,NS-1434,23300.0,6,"aadhaar, ration_card, address_proof",True,True,True
HH-07748,NS-0064,44700.0,2,"aadhaar, ration_card, address_proof",True,True,False
HH-07749,NS-0496,15600.0,1,"aadhaar, ration_card, address_proof",True,True,True
HH-07750,NS-0210,7800.0,8,"aadhaar, ration_card, address_proof",True,False,True
HH-07751,NS-1173,14900.0,3,"aadhaar, , ",True,False,True
HH-07752,NS-0203,14900.0,7,"aadhaar, , address_proof",True,True,True
HH-07753,NS-0392,21500.0,3,"aadhaar, , ",True,False,True
HH-07754,NS-0638,37400.0,5,", , address_proof",False,True,False
HH-07755,NS-1299,14400.0,5,"aadhaar, ration_card, address_proof",True,True,True
HH-07756,NS-0849,12600.0,1,"aadhaar, ration_card, ",True,False,True
HH-07757,NS-0550,6700.0,4,"aadhaar, ration_card, ",True,False,True
HH-07758,NS-0674,7100.0,8,"aadhaar, ration_card, address_proof",True,True,True
HH-07759,NS-1057,17300.0,3,"aadhaar, , ",True,False,True
HH-07760,NS-0957,19100.0,4,"aadhaar, , address_proof",True,True,True
HH-07761,NS-1308,14100.0,8,"aadhaar, , address_proof",True,True,True
HH-07762,NS-1322,7100.0,1,"aadhaar, ration_card, address_proof",True,True,True
HH-07763,NS-0845,14300.0,7,"aadhaar, , ",True,False,True
HH-07764,NS-1002,19800.0,6,"aadhaar, ration_card, address_proof",True,True,True
HH-07765,NS-0036,18700.0,6,"aadhaar, ration_card, address_proof",True,True,True
HH-07766,NS-0308,25400.0,6,"aadhaar, ration_card, address_proof",True,False,False
HH-07767,NS-0951,11800.0,5,"aadhaar, ration_card, address_proof",True,True,True
HH-07768,NS-0851,10900.0,2,"aadhaar, , ",True,False,True
HH-07769,NS-1187,5600.0,1,"aadhaar, ration_card, address_proof",True,True,True
HH-07770,NS-0186,7600.0,7,"aadhaar, , ",True,False,True
HH-07771,NS-0949,23100.0,6,", , address_proof",False,False,True
HH-07772,NS-0300,52700.0,6,"aadhaar, ration_card, ",False,False,False
HH-07773,NS-0102,31200.0,1,"aadhaar, , address_proof",True,True,False
HH-07774,NS-0608,17300.0,3,"aadhaar, , address_proof",True,True,True
HH-07775,NS-0988,27500.0,3,"aadhaar, ration_card, address_proof",True,True,False
HH-07776,NS-0637,12500.0,3,"aadhaar, ration_card, ",True,False,True
HH-07777,NS-0988,15600.0,3,"aadhaar, , address_proof",True,True,True
HH-07778,NS-1126,3600.0,5,"aadhaar, ration_card, address_proof",True,True,True
HH-07779,NS-0790,12000.0,7,"aadhaar, ration_card, address_proof",True,True,True
HH-07780,NS-1180,7300.0,2,"aadhaar, ration_card, ",True,False,True
HH-07781,NS-0736,10500.0,7,"aadhaar, , address_proof",True,True,True
HH-07782,NS-1481,3500.0,3,", ration_card, address_proof",False,True,True
HH-07783,NS-0097,20200.0,1,"aadhaar, ration_card, address_proof",True,False,True
HH-07784,NS-1466,43700.0,6,"aadhaar, ration_card, ",True,False,False
HH-07785,NS-0738,18800.0,4,"aadhaar, ration_card, ",True,False,True
HH-07786,NS-0039,33700.0,1,"aadhaar, ration_card, address_proof",True,True,False
HH-07787,NS-1247,11300.0,5,"aadhaar, ration_card, address_proof",True,True,True
HH-07788,NS-0457,17400.0,3,"aadhaar, ration_card, address_proof",True,True,True
HH-07789,NS-0606,6500.0,1,"aadhaar, , address_proof",True,True,True
HH-07790,NS-0507,26500.0,3,"aadhaar, ration_card, ",True,False,False
HH-07791,NS-0817,8100.0,8,"aadhaar, ration_card, address_proof",True,True,True
HH-07792,NS-0041,11000.0,1,"aadhaar, ration_card, ",True,False,True
HH-07793,NS-0787,18600.0,8,"aadhaar, ration_card, address_proof",True,True,True
HH-07794,NS-0553,9100.0,4,"aadhaar, ration_card, ",True,False,True
HH-07795,NS-1440,15500.0,1,"aadhaar, , ",True,False,True
HH-07796,NS-0629,19600.0,2,"aadhaar, , address_proof",True,False,True
HH-07797,NS-1299,11100.0,8,"aadhaar, , address_proof",True,True,True
HH-07798,NS-0247,14000.0,6,"aadhaar, ration_card, address_proof",True,True,True
HH-07799,NS-1296,28900.0,1,"aadhaar, , ",True,False,False
HH-07800,NS-0550,18300.0,5,"aadhaar, ration_card, address_proof",True,True,True
HH-07801,NS-0208,7000.0,8,"aadhaar, ration_card, address_proof",True,True,True
HH-07802,NS-0621,25800.0,4,"aadhaar, ration_card, ",True,False,False
HH-07803,NS-0703,6800.0,3,"aadhaar, ration_card, address_proof",True,True,True
HH-07804,NS-1017,11300.0,2,", ration_card, ",False,False,True
HH-07805,NS-0720,26100.0,8,"aadhaar, ration_card, address_proof",True,False,False
HH-07806,NS-0215,10800.0,2,"aadhaar, ration_card, ",True,False,True
HH-07807,NS-1230,9600.0,5,"aadhaar, ration_card, address_proof",True,True,True
HH-07808,NS-0210,12900.0,7,"aadhaar, , address_proof",True,False,True
HH-07809,NS-1078,6200.0,7,"aadhaar, , address_proof",True,True,True
HH-07810,NS-1007,7200.0,6,"aadhaar, ration_card, address_proof",True,True,True
HH-07811,NS-1094,13400.0,5,"aadhaar, ration_card, address_proof",True,True,True
HH-07812,NS-1076,19600.0,5,"aadhaar, , address_proof",True,False,True
HH-07813,NS-1236,13200.0,8,"aadhaar, ration_card, address_proof",True,True,True
HH-07814,NS-0654,30500.0,1,"aadhaar, ration_card, address_proof",True,False,False
HH-07815,NS-0448,10000.0,7,"aadhaar, ration_card, ",True,False,True
HH-07816,NS-1243,14500.0,2,"aadhaar, ration_card, address_proof",True,True,True
HH-07817,NS-0317,13800.0,4,"aadhaar, ration_card, address_proof",True,True,True
HH-07818,NS-1065,33800.0,1,"aadhaar, ration_card, ",True,False,False
HH-07819,NS-0801,39400.0,3,"aadhaar, ration_card, address_proof",True,True,False
HH-07820,NS-0485,8800.0,6,"aadhaar, ration_card, address_proof",True,True,True
HH-07821,NS-1016,8700.0,7,"aadhaar, ration_card, address_proof",True,True,True
HH-07822,NS-1371,20600.0,4,"aadhaar, , address_proof",True,True,True
HH-07823,NS-0864,15200.0,4,"aadhaar, , address_proof",True,True,True
HH-07824,NS-0401,8300.0,2,"aadhaar, ration_card, address_proof",True,True,True
HH-07825,NS-1098,16200.0,4,"aadhaar, ration_card, address_proof",True,True,True
HH-07826,NS-0174,8900.0,2,"aadhaar, ration_card, ",True,False,True
HH-07827,NS-0386,20700.0,7,", ration_card, address_proof",False,True,True
HH-07828,NS-0611,9400.0,2,"aadhaar, ration_card, address_proof",True,True,True
HH-07829,NS-1464,37500.0,6,"aadhaar, ration_card, address_proof",True,True,False
HH-07830,NS-0532,9600.0,2,", ration_card, address_proof",False,True,True
HH-07831,NS-0626,16100.0,7,"aadhaar, , address_proof",True,True,True
HH-07832,NS-1426,24000.0,5,"aadhaar, ration_card, address_proof",True,True,True
HH-07833,NS-1217,34200.0,5,"aadhaar, ration_card, ",True,False,False
HH-07834,NS-1471,23500.0,4,"aadhaar, ration_card, address_proof",True,True,True
HH-07835,NS-0387,14600.0,3,"aadhaar, ration_card, address_proof",True,False,True
HH-07836,NS-0666,8400.0,4,"aadhaar, ration_card, address_proof",True,True,True
HH-07837,NS-0888,14600.0,6,"aadhaar, ration_card, ",True,False,True
HH-07838,NS-0735,5700.0,7,"aadhaar, ration_card, ",True,False,True
HH-07839,NS-1240,8200.0,5,"aadhaar, , ",True,False,True
HH-07840,NS-0602,31500.0,6,"aadhaar, ration_card, address_proof",True,False,False
HH-07841,NS-1488,20700.0,6,"aadhaar, ration_card, address_proof",True,True,True
HH-07842,NS-0149,22500.0,3,"aadhaar, ration_card, address_proof",True,True,True
HH-07843,NS-0196,7700.0,2,", ration_card, ",False,False,True
HH-07844,NS-0341,17500.0,7,"aadhaar, ration_card, address_proof",True,True,True
HH-07845,NS-0352,25000.0,4,"aadhaar, ration_card, ",True,False,False
HH-07846,NS-0247,38900.0,2,"aadhaar, , address_proof",True,True,False
HH-07847,NS-0792,18800.0,5,"aadhaar, ration_card, address_proof",True,True,True
HH-07848,NS-0666,25300.0,1,"aadhaar, ration_card, address_proof",True,True,False
HH-07849,NS-0722,10300.0,7,"aadhaar, ration_card, address_proof",True,True,True
HH-07850,NS-0427,16200.0,5,"aadhaar, , address_proof",True,True,True
HH-07851,NS-0738,7800.0,2,"aadhaar, ration_card, address_proof",True,True,True
HH-07852,NS-0629,15700.0,8,"aadhaar, ration_card, address_proof",True,False,True
HH-07853,NS-0498,16800.0,6,"aadhaar, , ",True,False,True
HH-07854,NS-0481,28000.0,6,"aadhaar, ration_card, ",True,False,False
HH-07855,NS-1140,30700.0,7,"aadhaar, ration_card, ",True,False,False
HH-07856,NS-0745,34200.0,5,"aadhaar, , address_proof",True,True,False
HH-07857,NS-1347,29500.0,8,"aadhaar, ration_card, address_proof",True,True,False
HH-07858,NS-0092,14700.0,5,"aadhaar, ration_card, address_proof",True,True,True
HH-07859,NS-0841,10200.0,6,", , address_proof",False,False,True
HH-07860,NS-1224,45500.0,3,"aadhaar, ration_card, address_proof",True,True,False
HH-07861,NS-0962,23100.0,3,"aadhaar, ration_card, address_proof",True,True,True
HH-07862,NS-1452,9600.0,3,"aadhaar, , address_proof",True,True,True
HH-07863,NS-0758,11800.0,4,"aadhaar, ration_card, ",True,False,True
HH-07864,NS-0476,7000.0,8,"aadhaar, ration_card, address_proof",True,True,True
HH-07865,NS-0668,5700.0,6,"aadhaar, ration_card, address_proof",True,True,True
HH-07866,NS-0004,9400.0,2,"aadhaar, ration_card, address_proof",True,True,True
HH-07867,NS-0936,13000.0,2,", ration_card, ",False,False,True
HH-07868,NS-0023,6200.0,2,"aadhaar, ration_card, ",True,False,True
HH-07869,NS-0696,21200.0,3,"aadhaar, ration_card, ",True,False,True
HH-07870,NS-0453,18300.0,3,"aadhaar, ration_card, address_proof",True,True,True
HH-07871,NS-1304,14200.0,1,"aadhaar, ration_card, address_proof",True,True,True
HH-07872,NS-1045,12800.0,3,", , address_proof",False,True,True
HH-07873,NS-0493,6400.0,5,"aadhaar, , address_proof",True,True,True
HH-07874,NS-0334,10200.0,2,"aadhaar, , address_proof",True,True,True
HH-07875,NS-0703,6900.0,5,"aadhaar, ration_card, address_proof",True,True,True
HH-07876,NS-0187,22800.0,8,"aadhaar, ration_card, address_proof",True,True,True
HH-07877,NS-0665,23500.0,5,"aadhaar, ration_card, address_proof",True,False,True
HH-07878,NS-0960,11700.0,8,"aadhaar, , address_proof",True,True,True
HH-07879,NS-0803,6700.0,2,"aadhaar, ration_card, ",True,False,True
HH-07880,NS-1120,17300.0,5,"aadhaar, , address_proof",True,False,True
HH-07881,NS-0073,10200.0,7,", , address_proof",False,True,True
HH-07882,NS-1386,24000.0,2,"aadhaar, ration_card, address_proof",True,True,True
HH-07883,NS-0288,11600.0,1,"aadhaar, , address_proof",True,True,True
HH-07884,NS-0690,16000.0,6,", ration_card, address_proof",False,True,True
HH-07885,NS-1074,13600.0,7,"aadhaar, ration_card, address_proof",True,True,True
HH-07886,NS-1373,9000.0,8,"aadhaar, , address_proof",True,False,True
HH-07887,NS-0052,15000.0,3,"aadhaar, ration_card, address_proof",True,True,True
HH-07888,NS-0082,12300.0,2,"aadhaar, , address_proof",True,True,True
HH-07889,NS-1161,11400.0,5,"aadhaar, ration_card, address_proof",True,True,True
HH-07890,NS-0433,9600.0,7,"aadhaar, ration_card, address_proof",True,True,True
HH-07891,NS-0954,11200.0,2,"aadhaar, ration_card, address_proof",True,True,True
HH-07892,NS-0582,22300.0,1,"aadhaar, ration_card, ",True,False,True
HH-07893,NS-0717,9400.0,5,"aadhaar, , ",True,False,True
HH-07894,NS-0415,12100.0,7,"aadhaar, ration_card, ",True,False,True
HH-07895,NS-0106,14600.0,6,", ration_card, address_proof",False,True,True
HH-07896,NS-0195,14300.0,3,"aadhaar, ration_card, address_proof",True,True,True
HH-07897,NS-0264,25600.0,2,"aadhaar, ration_card, ",True,False,False
HH-07898,NS-0627,5300.0,4,"aadhaar, , ",True,False,True
HH-07899,NS-1142,5700.0,3,", ration_card, address_proof",False,True,True
HH-07900,NS-0635,7000.0,8,", ration_card, ",False,False,True
HH-07901,NS-0433,13000.0,6,"aadhaar, ration_card, ",True,False,True
HH-07902,NS-1182,7900.0,4,"aadhaar, ration_card, address_proof",True,True,True
HH-07903,NS-0432,13600.0,6,"aadhaar, , address_proof",True,False,True
HH-07904,NS-0239,7500.0,5,"aadhaar, ration_card, address_proof",True,True,True
HH-07905,NS-0519,10300.0,2,"aadhaar, , ",True,False,True
HH-07906,NS-0066,9000.0,5,"aadhaar, ration_card, address_proof",True,True,True
HH-07907,NS-0533,16100.0,8,"aadhaar, , address_proof",True,True,True
HH-07908,NS-0611,3700.0,7,"aadhaar, , ",True,False,True
HH-07909,NS-0762,9800.0,5,", ration_card, ",False,False,True
HH-07910,NS-0822,12000.0,2,"aadhaar, ration_card, address_proof",True,True,True
HH-07911,NS-0255,28300.0,1,"aadhaar, ration_card, ",True,False,False
HH-07912,NS-1481,8700.0,7,"aadhaar, ration_card, address_proof",True,True,True
HH-07913,NS-0844,22000.0,2,"aadhaar, , ",True,False,True
HH-07914,NS-0765,33700.0,1,"aadhaar, ration_card, ",True,False,False
HH-07915,NS-1369,7700.0,7,"aadhaar, ration_card, ",True,False,True
HH-07916,NS-0774,9300.0,3,"aadhaar, ration_card, ",True,False,True
HH-07917,NS-1298,8700.0,6,"aadhaar, ration_card, ",True,False,True
HH-07918,NS-1060,18700.0,4,"aadhaar, , address_proof",True,True,True
HH-07919,NS-0593,11800.0,2,"aadhaar, ration_card, address_proof",True,True,True
HH-07920,NS-0359,11100.0,5,"aadhaar, , address_proof",True,True,True
HH-07921,NS-1359,19000.0,6,"aadhaar, ration_card, address_proof",True,True,True
HH-07922,NS-0347,8900.0,2,"aadhaar, ration_card, ",True,False,True
HH-07923,NS-0828,8800.0,5,"aadhaar, ration_card, ",True,False,True
HH-07924,NS-1425,8400.0,6,", , address_proof",False,True,True
HH-07925,NS-0592,4800.0,2,"aadhaar, ration_card, address_proof",True,True,True
HH-07926,NS-0975,5300.0,6,"aadhaar, ration_card, ",True,False,True
HH-07927,NS-0353,8100.0,3,"aadhaar, , address_proof",True,True,True
HH-07928,NS-0077,23700.0,6,"aadhaar, ration_card, address_proof",True,False,True
HH-07929,NS-0825,9700.0,7,"aadhaar, ration_card, address_proof",True,True,True
HH-07930,NS-1008,12800.0,1,"aadhaar, ration_card, address_proof",True,True,True
HH-07931,NS-1499,10800.0,1,"aadhaar, ration_card, ",True,False,True
HH-07932,NS-1380,8000.0,1,", , address_proof",False,True,True
HH-07933,NS-0751,16300.0,7,", ration_card, address_proof",False,True,True
HH-07934,NS-0553,27500.0,5,"aadhaar, ration_card, address_proof",True,True,False
HH-07935,NS-1152,35800.0,5,"aadhaar, ration_card, address_proof",True,True,False
HH-07936,NS-0306,6200.0,8,"aadhaar, ration_card, address_proof",True,True,True
HH-07937,NS-1198,15000.0,5,"aadhaar, ration_card, address_proof",True,True,True
HH-07938,NS-0353,10200.0,4,"aadhaar, ration_card, address_proof",True,True,True
HH-07939,NS-0849,5900.0,3,"aadhaar, , ",True,False,True
HH-07940,NS-1325,7000.0,6,", ration_card, address_proof",False,True,True
HH-07941,NS-0759,36600.0,3,"aadhaar, ration_card, address_proof",True,True,False
HH-07942,NS-1269,6300.0,6,"aadhaar, ration_card, address_proof",True,True,True
HH-07943,NS-0757,11000.0,7,"aadhaar, ration_card, address_proof",True,False,True
HH-07944,NS-0430,10700.0,1,"aadhaar, ration_card, ",True,False,True
HH-07945,NS-0482,39900.0,1,", ration_card, address_proof",False,False,False
HH-07946,NS-1188,6800.0,6,"aadhaar, , ",True,False,True
HH-07947,NS-1202,6300.0,4,"aadhaar, ration_card, address_proof",True,True,True
HH-07948,NS-0488,8500.0,5,", ration_card, address_proof",False,True,True
HH-07949,NS-0478,12900.0,7,"aadhaar, ration_card, address_proof",True,True,True
HH-07950,NS-1073,22300.0,3,"aadhaar, , address_proof",True,False,True
HH-07951,NS-0088,11900.0,3,"aadhaar, ration_card, ",True,False,True
HH-07952,NS-0124,7700.0,3,"aadhaar, ration_card, address_proof",True,True,True
HH-07953,NS-0305,12300.0,8,"aadhaar, ration_card, address_proof",True,False,True
HH-07954,NS-0454,6800.0,6,"aadhaar, ration_card, address_proof",True,True,True
HH-07955,NS-0551,15500.0,2,"aadhaar, , ",True,False,True
HH-07956,NS-1316,37700.0,6,"aadhaar, ration_card, address_proof",True,True,False
HH-07957,NS-0347,16100.0,8,"aadhaar, , ",True,False,True
HH-07958,NS-0123,13700.0,7,"aadhaar, ration_card, address_proof",True,True,True
HH-07959,NS-0031,9600.0,7,"aadhaar, , address_proof",True,False,True
HH-07960,NS-0979,11600.0,7,"aadhaar, ration_card, address_proof",True,True,True
HH-07961,NS-0522,20900.0,5,"aadhaar, ration_card, ",True,False,True
HH-07962,NS-0380,15100.0,4,"aadhaar, ration_card, address_proof",True,True,True
HH-07963,NS-0165,7600.0,2,"aadhaar, ration_card, address_proof",True,True,True
HH-07964,NS-0877,14300.0,7,"aadhaar, ration_card, ",True,False,True
HH-07965,NS-1017,8600.0,1,"aadhaar, , address_proof",True,False,True
HH-07966,NS-1203,22100.0,7,"aadhaar, ration_card, ",True,False,True
HH-07967,NS-0108,30400.0,5,"aadhaar, ration_card, ",True,False,False
HH-07968,NS-0284,18600.0,8,"aadhaar, ration_card, address_proof",True,True,True
HH-07969,NS-0816,14100.0,6,"aadhaar, ration_card, address_proof",True,True,True
HH-07970,NS-0898,5800.0,4,", ration_card, address_proof",False,False,True
HH-07971,NS-0458,5300.0,7,"aadhaar, ration_card, address_proof",True,True,True
HH-07972,NS-1394,14900.0,2,"aadhaar, , address_proof",True,True,True
HH-07973,NS-0034,18000.0,1,"aadhaar, ration_card, ",True,False,True
HH-07974,NS-0276,7800.0,8,"aadhaar, ration_card, address_proof",True,True,True
HH-07975,NS-1095,17700.0,2,"aadhaar, ration_card, ",True,False,True
HH-07976,NS-0833,23300.0,8,"aadhaar, ration_card, address_proof",True,True,True
HH-07977,NS-0638,12500.0,1,"aadhaar, ration_card, ",True,False,True
HH-07978,NS-0141,10900.0,4,"aadhaar, ration_card, ",True,False,True
HH-07979,NS-1376,17100.0,4,"aadhaar, , ",True,False,True
HH-07980,NS-0482,14100.0,8,"aadhaar, ration_card, address_proof",True,False,True
HH-07981,NS-1176,36800.0,7,"aadhaar, ration_card, ",True,False,False
HH-07982,NS-0617,15700.0,8,"aadhaar, ration_card, ",True,False,True
HH-07983,NS-1424,7600.0,6,"aadhaar, , ",True,False,True
HH-07984,NS-1205,10300.0,5,", ration_card, address_proof",False,True,True
HH-07985,NS-0060,9500.0,4,"aadhaar, ration_card, address_proof",True,True,True
HH-07986,NS-0569,31200.0,5,"aadhaar, ration_card, address_proof",True,False,False
HH-07987,NS-1072,4400.0,5,"aadhaar, , ",True,False,True
HH-07988,NS-0668,19500.0,5,", ration_card, address_proof",False,True,True
HH-07989,NS-1292,33900.0,2,"aadhaar, ration_card, address_proof",True,True,False
HH-07990,NS-0381,22000.0,8,"aadhaar, ration_card, address_proof",True,True,True
HH-07991,NS-1461,14700.0,5,"aadhaar, ration_card, address_proof",True,True,True
HH-07992,NS-1445,22600.0,4,"aadhaar, ration_card, address_proof",True,True,True
HH-07993,NS-0226,8400.0,8,"aadhaar, , address_proof",True,True,True
HH-07994,NS-1498,24200.0,1,", ration_card, ",False,False,True
HH-07995,NS-1299,16300.0,6,"aadhaar, ration_card, ",True,False,True
HH-07996,NS-0417,14200.0,5,"aadhaar, ration_card, address_proof",True,True,True
HH-07997,NS-0425,11300.0,7,"aadhaar, ration_card, ",True,False,True
HH-07998,NS-1176,17500.0,7,"aadhaar, ration_card, ",True,False,True
HH-07999,NS-1324,29100.0,6,", ration_card, address_proof",False,True,False
HH-08000,NS-0714,17700.0,6,"aadhaar, ration_card, address_proof",True,True,True
HH-08001,NS-1416,25200.0,6,"aadhaar, , ",True,False,False
HH-08002,NS-0269,45400.0,6,", , address_proof",False,True,False
HH-08003,NS-1177,11300.0,7,"aadhaar, , address_proof",True,True,True
HH-08004,NS-0268,18200.0,7,"aadhaar, , ",True,False,True
HH-08005,NS-0117,14700.0,6,"aadhaar, ration_card, address_proof",True,True,True
HH-08006,NS-0586,11600.0,3,"aadhaar, ration_card, address_proof",True,True,True
HH-08007,NS-0339,5800.0,8,"aadhaar, ration_card, address_proof",True,True,True
HH-08008,NS-0643,16600.0,8,"aadhaar, ration_card, address_proof",True,True,True
HH-08009,NS-1485,12800.0,3,"aadhaar, ration_card, address_proof",True,True,True
HH-08010,NS-0788,14200.0,7,"aadhaar, ration_card, address_proof",True,True,True
HH-08011,NS-0679,20500.0,3,"aadhaar, ration_card, address_proof",True,True,True
HH-08012,NS-0028,18700.0,3,"aadhaar, ration_card, ",True,False,True
HH-08013,NS-0541,11100.0,5,"aadhaar, ration_card, ",True,False,True
HH-08014,NS-1453,11400.0,2,"aadhaar, ration_card, address_proof",True,True,True
HH-08015,NS-1127,25700.0,2,"aadhaar, ration_card, address_proof",True,True,False
HH-08016,NS-1330,27000.0,8,"aadhaar, ration_card, address_proof",True,True,False
HH-08017,NS-1022,10600.0,4,"aadhaar, ration_card, address_proof",True,True,True
HH-08018,NS-1302,10600.0,8,"aadhaar, ration_card, address_proof",True,True,True
HH-08019,NS-0394,15900.0,6,", ration_card, ",False,False,True
HH-08020,NS-0357,4200.0,2,"aadhaar, ration_card, address_proof",True,True,True
HH-08021,NS-0786,11100.0,7,", ration_card, address_proof",False,True,True
HH-08022,NS-1171,46100.0,6,"aadhaar, ration_card, ",True,False,False
HH-08023,NS-1052,14200.0,3,"aadhaar, ration_card, address_proof",True,True,True
HH-08024,NS-0176,9200.0,8,"aadhaar, ration_card, ",True,False,True
HH-08025,NS-0152,15900.0,2,"aadhaar, ration_card, address_proof",True,False,True
HH-08026,NS-0680,22400.0,7,"aadhaar, ration_card, address_proof",True,True,True
HH-08027,NS-1500,15800.0,1,"aadhaar, , address_proof",True,False,True
HH-08028,NS-0140,11000.0,7,"aadhaar, ration_card, address_proof",True,True,True
HH-08029,NS-1251,24000.0,5,"aadhaar, , address_proof",True,True,True
HH-08030,NS-1320,7300.0,6,"aadhaar, ration_card, address_proof",True,True,True
HH-08031,NS-1156,9400.0,4,"aadhaar, ration_card, address_proof",True,False,True
HH-08032,NS-1077,7000.0,5,"aadhaar, ration_card, ",True,False,True
HH-08033,NS-1070,8800.0,5,"aadhaar, , ",True,False,True
HH-08034,NS-0219,30300.0,7,"aadhaar, ration_card, address_proof",True,True,False
HH-08035,NS-0139,17500.0,1,"aadhaar, ration_card, ",True,False,True
HH-08036,NS-0729,47400.0,3,"aadhaar, ration_card, address_proof",True,True,False
HH-08037,NS-0208,5100.0,7,"aadhaar, ration_card, address_proof",True,True,True
HH-08038,NS-0420,17100.0,8,"aadhaar, ration_card, address_proof",True,True,True
HH-08039,NS-1031,6600.0,5,"aadhaar, ration_card, ",True,False,True
HH-08040,NS-1105,29200.0,5,"aadhaar, ration_card, ",True,False,False
HH-08041,NS-1100,27200.0,2,"aadhaar, ration_card, address_proof",True,True,False
HH-08042,NS-1359,25800.0,8,"aadhaar, ration_card, ",True,False,False
HH-08043,NS-0547,9300.0,4,"aadhaar, ration_card, address_proof",True,True,True
HH-08044,NS-0594,15300.0,6,"aadhaar, ration_card, address_proof",True,False,True
HH-08045,NS-1458,10400.0,6,"aadhaar, ration_card, ",True,False,True
HH-08046,NS-1190,18700.0,1,"aadhaar, , ",True,False,True
HH-08047,NS-0058,23100.0,1,"aadhaar, , ",True,False,True
HH-08048,NS-1172,26100.0,3,"aadhaar, ration_card, address_proof",True,False,False
HH-08049,NS-1251,21700.0,5,"aadhaar, ration_card, address_proof",True,True,True
HH-08050,NS-1453,17500.0,3,"aadhaar, , address_proof",True,True,True
HH-08051,NS-0317,21600.0,7,"aadhaar, ration_card, ",True,False,True
HH-08052,NS-0109,9400.0,2,", ration_card, ",False,False,True
HH-08053,NS-1160,17200.0,4,", ration_card, ",False,False,True
HH-08054,NS-0852,10700.0,5,"aadhaar, ration_card, address_proof",True,True,True
HH-08055,NS-0440,22000.0,8,"aadhaar, ration_card, address_proof",True,True,True
HH-08056,NS-1232,11400.0,5,", ration_card, address_proof",False,False,True
HH-08057,NS-0114,12600.0,2,"aadhaar, ration_card, ",True,False,True
HH-08058,NS-0415,18400.0,1,"aadhaar, ration_card, address_proof",True,True,True
HH-08059,NS-0935,22500.0,3,"aadhaar, , address_proof",True,True,True
HH-08060,NS-1234,16100.0,7,", , address_proof",False,False,True
HH-08061,NS-0304,10100.0,3,"aadhaar, ration_card, address_proof",True,True,True
HH-08062,NS-1428,12300.0,7,"aadhaar, ration_card, address_proof",True,True,True
HH-08063,NS-0978,18100.0,7,"aadhaar, ration_card, address_proof",True,True,True
HH-08064,NS-1174,15100.0,2,"aadhaar, ration_card, address_proof",True,True,True
HH-08065,NS-0815,6100.0,2,"aadhaar, ration_card, address_proof",True,True,True
HH-08066,NS-1389,13100.0,8,"aadhaar, ration_card, address_proof",True,True,True
HH-08067,NS-0472,9400.0,7,"aadhaar, ration_card, ",True,False,True
HH-08068,NS-0203,33400.0,1,"aadhaar, ration_card, ",True,False,False
HH-08069,NS-1231,42700.0,3,"aadhaar, ration_card, address_proof",True,False,False
HH-08070,NS-0508,15600.0,2,", , ",False,False,True
HH-08071,NS-1207,30400.0,3,"aadhaar, ration_card, address_proof",True,True,False
HH-08072,NS-0565,8100.0,2,"aadhaar, ration_card, address_proof",True,False,True
HH-08073,NS-0798,14500.0,2,"aadhaar, ration_card, ",True,False,True
HH-08074,NS-0025,20200.0,8,"aadhaar, ration_card, ",True,False,True
HH-08075,NS-0109,5800.0,3,"aadhaar, ration_card, address_proof",True,True,True
HH-08076,NS-0924,19700.0,3,"aadhaar, ration_card, address_proof",True,True,True
HH-08077,NS-0178,21100.0,8,"aadhaar, , ",True,False,True
HH-08078,NS-0797,7000.0,4,"aadhaar, ration_card, address_proof",True,True,True
HH-08079,NS-1417,33500.0,3,"aadhaar, ration_card, address_proof",True,True,False
HH-08080,NS-0146,11400.0,7,"aadhaar, ration_card, ",True,False,True
HH-08081,NS-0695,59300.0,5,"aadhaar, , address_proof",False,True,False
HH-08082,NS-0929,11700.0,4,"aadhaar, ration_card, address_proof",True,True,True
HH-08083,NS-0935,21400.0,2,"aadhaar, , address_proof",True,True,True
HH-08084,NS-0728,18700.0,7,", ration_card, address_proof",False,True,True
HH-08085,NS-0088,11100.0,4,", , address_proof",False,True,True
HH-08086,NS-0628,8200.0,1,"aadhaar, ration_card, ",True,False,True
HH-08087,NS-1178,9000.0,6,"aadhaar, ration_card, ",True,False,True
HH-08088,NS-0732,11800.0,1,"aadhaar, ration_card, ",True,False,True
HH-08089,NS-0587,21200.0,5,"aadhaar, ration_card, address_proof",True,True,True
HH-08090,NS-1101,20400.0,2,"aadhaar, ration_card, address_proof",True,True,True
HH-08091,NS-1421,26100.0,3,"aadhaar, , address_proof",True,True,False
HH-08092,NS-0968,24600.0,5,"aadhaar, ration_card, address_proof",True,False,True
HH-08093,NS-0858,13300.0,4,"aadhaar, ration_card, address_proof",True,True,True
HH-08094,NS-0757,28000.0,5,"aadhaar, ration_card, ",True,False,False
HH-08095,NS-0220,29700.0,8,"aadhaar, ration_card, address_proof",True,True,False
HH-08096,NS-0182,7000.0,1,"aadhaar, ration_card, ",True,False,True
HH-08097,NS-0151,16600.0,3,"aadhaar, , ",True,False,True
HH-08098,NS-1467,17400.0,1,"aadhaar, , address_proof",True,True,True
HH-08099,NS-0326,6700.0,3,", ration_card, ",False,False,True
HH-08100,NS-0849,43600.0,1,"aadhaar, ration_card, ",True,False,False
HH-08101,NS-0356,3500.0,1,"aadhaar, ration_card, address_proof",True,True,True
HH-08102,NS-0351,15800.0,3,"aadhaar, ration_card, ",True,False,True
HH-08103,NS-0323,4900.0,8,"aadhaar, ration_card, ",True,False,True
HH-08104,NS-1163,8000.0,7,"aadhaar, ration_card, address_proof",True,True,True
HH-08105,NS-1499,9900.0,1,"aadhaar, ration_card, address_proof",True,True,True
HH-08106,NS-0862,4800.0,3,"aadhaar, , ",True,False,True
HH-08107,NS-0824,13400.0,1,"aadhaar, ration_card, address_proof",True,True,True
HH-08108,NS-0469,18600.0,2,"aadhaar, , ",True,False,True
HH-08109,NS-0877,34600.0,6,"aadhaar, ration_card, ",True,False,False
HH-08110,NS-1227,3900.0,2,"aadhaar, , address_proof",True,False,True
HH-08111,NS-1267,17600.0,4,"aadhaar, ration_card, ",True,False,True
HH-08112,NS-0728,10600.0,4,"aadhaar, ration_card, address_proof",True,True,True
HH-08113,NS-0148,12100.0,4,"aadhaar, ration_card, address_proof",True,True,True
HH-08114,NS-0099,8400.0,8,"aadhaar, ration_card, ",True,False,True
HH-08115,NS-1339,5400.0,6,"aadhaar, ration_card, ",True,False,True
HH-08116,NS-1294,21200.0,1,"aadhaar, ration_card, address_proof",True,False,True
HH-08117,NS-1437,8900.0,1,", ration_card, ",False,False,True
HH-08118,NS-1292,8800.0,3,"aadhaar, ration_card, address_proof",True,True,True
HH-08119,NS-1253,8000.0,1,"aadhaar, , ",True,False,True
HH-08120,NS-0647,16500.0,7,"aadhaar, ration_card, address_proof",True,True,True
HH-08121,NS-0683,11300.0,6,", ration_card, address_proof",False,True,True
HH-08122,NS-1449,10200.0,1,"aadhaar, ration_card, ",True,False,True
HH-08123,NS-0159,14500.0,3,"aadhaar, ration_card, address_proof",True,True,True
HH-08124,NS-0970,27400.0,1,"aadhaar, , ",True,False,False
HH-08125,NS-0331,21500.0,3,"aadhaar, , address_proof",True,True,True
HH-08126,NS-0084,20700.0,6,"aadhaar, , ",True,False,True
HH-08127,NS-1201,10500.0,2,"aadhaar, ration_card, address_proof",True,True,True
HH-08128,NS-0966,21700.0,8,"aadhaar, ration_card, ",True,False,True
HH-08129,NS-0250,9500.0,1,"aadhaar, , address_proof",True,True,True
HH-08130,NS-0228,16000.0,7,"aadhaar, ration_card, address_proof",True,True,True
HH-08131,NS-1327,13000.0,8,"aadhaar, ration_card, ",True,False,True
HH-08132,NS-0737,7100.0,4,"aadhaar, , address_proof",True,True,True
HH-08133,NS-0237,11600.0,6,"aadhaar, ration_card, address_proof",True,True,True
HH-08134,NS-0399,14900.0,4,"aadhaar, ration_card, address_proof",True,True,True
HH-08135,NS-0808,8300.0,3,", ration_card, address_proof",False,True,True
HH-08136,NS-1413,16000.0,7,", ration_card, ",False,False,True
HH-08137,NS-0914,12800.0,8,", , address_proof",False,True,True
HH-08138,NS-0278,8700.0,8,"aadhaar, ration_card, address_proof",True,True,True
HH-08139,NS-0893,21200.0,5,"aadhaar, ration_card, address_proof",True,True,True
HH-08140,NS-0909,14400.0,2,"aadhaar, ration_card, address_proof",True,True,True
HH-08141,NS-0752,3500.0,4,"aadhaar, ration_card, address_proof",True,True,True
HH-08142,NS-0367,22000.0,4,", ration_card, address_proof",False,False,True
HH-08143,NS-0410,16200.0,3,"aadhaar, ration_card, address_proof",True,True,True
HH-08144,NS-1140,24400.0,5,"aadhaar, ration_card, address_proof",True,False,True
HH-08145,NS-0035,10800.0,6,"aadhaar, ration_card, address_proof",True,True,True
HH-08146,NS-1468,23700.0,4,"aadhaar, ration_card, address_proof",True,True,True
HH-08147,NS-0436,25500.0,1,"aadhaar, ration_card, ",True,False,False
HH-08148,NS-0934,32200.0,8,"aadhaar, , ",True,False,False
HH-08149,NS-0497,4900.0,3,"aadhaar, ration_card, address_proof",True,False,True
HH-08150,NS-0733,32700.0,7,"aadhaar, , ",True,False,False
HH-08151,NS-0603,26900.0,8,"aadhaar, ration_card, address_proof",True,True,False
HH-08152,NS-1057,5000.0,2,"aadhaar, ration_card, address_proof",True,True,True
HH-08153,NS-1321,7900.0,3,"aadhaar, ration_card, address_proof",True,True,True
HH-08154,NS-1075,6600.0,7,", , address_proof",False,True,True
HH-08155,NS-1129,44900.0,1,"aadhaar, ration_card, address_proof",True,True,False
HH-08156,NS-1106,19200.0,1,"aadhaar, ration_card, ",True,False,True
HH-08157,NS-0018,7100.0,8,"aadhaar, ration_card, address_proof",True,True,True
HH-08158,NS-0144,16000.0,6,"aadhaar, ration_card, ",True,False,True
HH-08159,NS-0447,24600.0,7,"aadhaar, ration_card, address_proof",True,True,True
HH-08160,NS-1465,7000.0,2,"aadhaar, ration_card, address_proof",True,True,True
HH-08161,NS-0527,8000.0,6,"aadhaar, ration_card, address_proof",True,True,True
HH-08162,NS-0759,6800.0,6,"aadhaar, , address_proof",True,True,True
HH-08163,NS-1451,33100.0,7,"aadhaar, , address_proof",True,True,False
HH-08164,NS-0027,9200.0,2,"aadhaar, ration_card, address_proof",True,True,True
HH-08165,NS-1290,19900.0,5,"aadhaar, , ",True,False,True
HH-08166,NS-0330,10300.0,7,"aadhaar, ration_card, address_proof",True,True,True
HH-08167,NS-0345,20900.0,2,", ration_card, ",False,False,True
HH-08168,NS-1414,10700.0,3,"aadhaar, ration_card, address_proof",True,False,True
HH-08169,NS-0382,16800.0,8,"aadhaar, ration_card, address_proof",True,True,True
HH-08170,NS-0762,31400.0,2,"aadhaar, ration_card, address_proof",True,True,False
HH-08171,NS-0617,12100.0,4,"aadhaar, , address_proof",True,True,True
HH-08172,NS-0036,23200.0,4,"aadhaar, ration_card, address_proof",True,True,True
HH-08173,NS-0985,7700.0,7,"aadhaar, ration_card, address_proof",True,True,True
HH-08174,NS-1078,23500.0,6,"aadhaar, ration_card, ",True,False,True
HH-08175,NS-1297,5800.0,3,", , address_proof",False,False,True
HH-08176,NS-0206,8900.0,6,"aadhaar, , address_proof",True,True,True
HH-08177,NS-0239,20400.0,5,"aadhaar, ration_card, address_proof",True,True,True
HH-08178,NS-1170,13900.0,6,"aadhaar, ration_card, address_proof",True,True,True
HH-08179,NS-0541,26600.0,3,"aadhaar, ration_card, ",True,False,False
HH-08180,NS-1096,22300.0,6,"aadhaar, , ",True,False,True
HH-08181,NS-1277,12400.0,6,"aadhaar, ration_card, ",True,False,True
HH-08182,NS-1393,36200.0,4,"aadhaar, , address_proof",True,False,False
HH-08183,NS-1477,11200.0,5,"aadhaar, ration_card, address_proof",True,True,True
HH-08184,NS-0999,19900.0,6,"aadhaar, ration_card, ",True,False,True
HH-08185,NS-1324,24800.0,2,"aadhaar, ration_card, address_proof",True,True,True
HH-08186,NS-0877,11400.0,3,"aadhaar, ration_card, address_proof",True,True,True
HH-08187,NS-1029,9200.0,4,"aadhaar, ration_card, address_proof",True,True,True
HH-08188,NS-0105,24500.0,4,"aadhaar, ration_card, address_proof",True,True,True
HH-08189,NS-0474,14300.0,5,"aadhaar, ration_card, ",True,False,True
HH-08190,NS-0486,3700.0,2,"aadhaar, ration_card, ",True,False,True
HH-08191,NS-1121,22200.0,8,"aadhaar, ration_card, ",True,False,True
HH-08192,NS-0812,16500.0,2,"aadhaar, ration_card, ",True,False,True
HH-08193,NS-0336,27900.0,3,", ration_card, ",False,False,False
HH-08194,NS-0042,11200.0,7,"aadhaar, ration_card, address_proof",True,True,True
HH-08195,NS-0977,11000.0,2,"aadhaar, ration_card, address_proof",True,True,True
HH-08196,NS-1251,7200.0,7,"aadhaar, ration_card, address_proof",True,True,True
HH-08197,NS-0046,22600.0,5,", ration_card, address_proof",False,True,True
HH-08198,NS-1277,15300.0,7,"aadhaar, ration_card, ",True,False,True
HH-08199,NS-1033,31800.0,3,", ration_card, address_proof",False,True,False
HH-08200,NS-0461,9300.0,4,"aadhaar, , address_proof",True,True,True
HH-08201,NS-1166,39900.0,6,"aadhaar, ration_card, ",True,False,False
HH-08202,NS-0811,10000.0,6,"aadhaar, ration_card, address_proof",True,True,True
HH-08203,NS-0483,7500.0,6,"aadhaar, ration_card, address_proof",True,True,True
HH-08204,NS-0630,47400.0,5,"aadhaar, ration_card, address_proof",True,True,False
HH-08205,NS-1163,20000.0,2,"aadhaar, ration_card, ",True,False,True
HH-08206,NS-1167,10400.0,1,"aadhaar, ration_card, address_proof",True,False,True
HH-08207,NS-0863,16600.0,2,", ration_card, address_proof",False,True,True
HH-08208,NS-0118,9500.0,7,"aadhaar, , address_proof",True,True,True
HH-08209,NS-1137,15500.0,3,"aadhaar, , ",True,False,True
HH-08210,NS-0809,29500.0,7,"aadhaar, ration_card, address_proof",True,True,False
HH-08211,NS-0046,11300.0,1,"aadhaar, ration_card, address_proof",True,True,True
HH-08212,NS-0051,16400.0,4,"aadhaar, , address_proof",True,False,True
HH-08213,NS-1156,11900.0,6,"aadhaar, , address_proof",True,False,True
HH-08214,NS-0909,20300.0,7,"aadhaar, ration_card, address_proof",True,True,True
HH-08215,NS-0225,15200.0,2,"aadhaar, , address_proof",True,False,True
HH-08216,NS-0257,17700.0,2,"aadhaar, ration_card, address_proof",True,True,True
HH-08217,NS-0094,26500.0,5,", ration_card, address_proof",False,False,False
HH-08218,NS-0588,6900.0,2,"aadhaar, ration_card, address_proof",True,True,True
HH-08219,NS-0630,23200.0,5,"aadhaar, ration_card, ",True,False,True
HH-08220,NS-1423,19200.0,6,"aadhaar, , address_proof",True,True,True
HH-08221,NS-0827,19600.0,6,"aadhaar, ration_card, address_proof",True,True,True
HH-08222,NS-1035,11000.0,6,"aadhaar, ration_card, ",True,False,True
HH-08223,NS-1172,17500.0,2,", ration_card, ",False,False,True
HH-08224,NS-1214,7800.0,2,"aadhaar, ration_card, ",True,False,True
HH-08225,NS-0010,8600.0,2,"aadhaar, ration_card, address_proof",True,False,True
HH-08226,NS-0065,14700.0,3,"aadhaar, ration_card, address_proof",True,True,True
HH-08227,NS-1035,15500.0,5,"aadhaar, , address_proof",True,True,True
HH-08228,NS-1350,9100.0,5,"aadhaar, ration_card, address_proof",True,True,True
HH-08229,NS-0557,14500.0,2,"aadhaar, , ",True,False,True
HH-08230,NS-1158,8300.0,8,"aadhaar, ration_card, address_proof",True,False,True
HH-08231,NS-1147,6900.0,8,", ration_card, address_proof",False,True,True
HH-08232,NS-0656,24600.0,4,"aadhaar, ration_card, address_proof",True,True,True
HH-08233,NS-0733,16300.0,5,"aadhaar, ration_card, ",True,False,True
HH-08234,NS-0713,20400.0,7,"aadhaar, ration_card, ",True,False,True
HH-08235,NS-0311,10900.0,5,"aadhaar, ration_card, ",True,False,True
HH-08236,NS-0955,9600.0,5,"aadhaar, , address_proof",True,True,True
HH-08237,NS-0800,6300.0,2,"aadhaar, ration_card, address_proof",True,True,True
HH-08238,NS-0145,20100.0,4,"aadhaar, ration_card, address_proof",True,True,True
HH-08239,NS-0618,8300.0,1,"aadhaar, ration_card, ",True,False,True
HH-08240,NS-0633,44600.0,1,"aadhaar, ration_card, ",True,False,False
HH-08241,NS-0195,15900.0,1,"aadhaar, ration_card, address_proof",True,True,True
HH-08242,NS-1313,9900.0,8,"aadhaar, ration_card, address_proof",True,True,True
HH-08243,NS-0639,10200.0,6,"aadhaar, , address_proof",True,True,True
HH-08244,NS-1066,7700.0,1,"aadhaar, ration_card, address_proof",True,True,True
HH-08245,NS-1131,12900.0,6,"aadhaar, ration_card, address_proof",True,True,True
HH-08246,NS-0641,18500.0,1,"aadhaar, ration_card, address_proof",True,True,True
HH-08247,NS-1447,11000.0,5,"aadhaar, ration_card, address_proof",True,True,True
HH-08248,NS-0703,18400.0,7,"aadhaar, , address_proof",True,True,True
HH-08249,NS-0103,10900.0,4,"aadhaar, ration_card, address_proof",True,True,True
HH-08250,NS-0095,9200.0,4,"aadhaar, ration_card, address_proof",True,True,True
HH-08251,NS-0791,4600.0,5,"aadhaar, ration_card, ",True,False,True
HH-08252,NS-1450,25200.0,7,"aadhaar, ration_card, address_proof",True,True,False
HH-08253,NS-1238,8500.0,5,"aadhaar, ration_card, address_proof",True,False,True
HH-08254,NS-0499,10900.0,5,", ration_card, address_proof",False,True,True
HH-08255,NS-1156,21400.0,1,"aadhaar, ration_card, ",True,False,True
HH-08256,NS-0938,10200.0,2,"aadhaar, ration_card, ",True,False,True
HH-08257,NS-0053,7200.0,3,"aadhaar, , ",True,False,True
HH-08258,NS-1225,36000.0,2,"aadhaar, ration_card, address_proof",True,True,False
HH-08259,NS-0498,46500.0,7,"aadhaar, ration_card, address_proof",True,True,False
HH-08260,NS-0092,8700.0,7,"aadhaar, , address_proof",True,True,True
HH-08261,NS-0090,8600.0,3,"aadhaar, ration_card, address_proof",True,True,True
HH-08262,NS-1266,9200.0,1,"aadhaar, ration_card, ",True,False,True
HH-08263,NS-0737,21000.0,2,"aadhaar, ration_card, ",True,False,True
HH-08264,NS-0482,4400.0,7,"aadhaar, ration_card, address_proof",True,False,True
HH-08265,NS-0550,16000.0,5,"aadhaar, ration_card, address_proof",True,True,True
HH-08266,NS-0860,24100.0,3,"aadhaar, ration_card, ",True,False,True
HH-08267,NS-0364,10000.0,5,"aadhaar, ration_card, address_proof",True,True,True
HH-08268,NS-1400,6500.0,4,"aadhaar, , ",True,False,True
HH-08269,NS-0563,15400.0,2,"aadhaar, ration_card, address_proof",True,True,True
HH-08270,NS-1380,11600.0,5,"aadhaar, , ",True,False,True
HH-08271,NS-0530,5500.0,1,", , address_proof",False,True,True
HH-08272,NS-1465,29900.0,1,"aadhaar, ration_card, ",True,False,False
HH-08273,NS-1333,7000.0,4,"aadhaar, ration_card, ",True,False,True
HH-08274,NS-0885,5200.0,7,"aadhaar, ration_card, address_proof",True,True,True
HH-08275,NS-1170,15700.0,7,"aadhaar, , address_proof",True,True,True
HH-08276,NS-1381,9500.0,6,"aadhaar, ration_card, ",True,False,True
HH-08277,NS-1245,13300.0,1,"aadhaar, ration_card, address_proof",True,True,True
HH-08278,NS-1273,23300.0,4,"aadhaar, ration_card, address_proof",True,False,True
HH-08279,NS-0820,18600.0,6,"aadhaar, ration_card, address_proof",True,True,True
HH-08280,NS-0168,7500.0,4,"aadhaar, ration_card, ",True,False,True
HH-08281,NS-1352,12500.0,3,"aadhaar, ration_card, ",True,False,True
HH-08282,NS-0834,4400.0,8,"aadhaar, ration_card, address_proof",True,True,True
HH-08283,NS-0175,9700.0,1,"aadhaar, ration_card, address_proof",True,True,True
HH-08284,NS-0659,12200.0,6,"aadhaar, , address_proof",True,True,True
HH-08285,NS-1106,11300.0,5,"aadhaar, ration_card, address_proof",True,True,True
HH-08286,NS-0753,12500.0,6,"aadhaar, ration_card, ",True,False,True
HH-08287,NS-0911,20500.0,4,"aadhaar, ration_card, ",True,False,True
HH-08288,NS-0112,10700.0,2,"aadhaar, , ",True,False,True
HH-08289,NS-0114,7600.0,5,", ration_card, ",False,False,True
HH-08290,NS-1064,23300.0,3,"aadhaar, ration_card, address_proof",True,True,True
HH-08291,NS-0314,19300.0,8,"aadhaar, ration_card, address_proof",True,True,True
HH-08292,NS-1207,13100.0,1,"aadhaar, ration_card, address_proof",True,True,True
HH-08293,NS-0930,15100.0,4,", ration_card, address_proof",False,True,True
HH-08294,NS-0786,17900.0,7,"aadhaar, ration_card, address_proof",True,True,True
HH-08295,NS-0595,15500.0,3,"aadhaar, ration_card, address_proof",True,True,True
HH-08296,NS-0617,19200.0,1,", ration_card, ",False,False,True
HH-08297,NS-1299,21300.0,3,"aadhaar, ration_card, address_proof",True,True,True
HH-08298,NS-0239,15300.0,8,"aadhaar, ration_card, address_proof",True,True,True
HH-08299,NS-1197,6600.0,6,"aadhaar, ration_card, address_proof",True,True,True
HH-08300,NS-1162,7700.0,7,"aadhaar, ration_card, ",True,False,True
HH-08301,NS-0403,17700.0,5,"aadhaar, ration_card, address_proof",True,True,True
HH-08302,NS-0770,9800.0,1,"aadhaar, ration_card, address_proof",True,True,True
HH-08303,NS-0118,9700.0,2,"aadhaar, ration_card, address_proof",True,True,True
HH-08304,NS-0150,15400.0,7,"aadhaar, ration_card, address_proof",True,True,True
HH-08305,NS-0713,11600.0,4,"aadhaar, , address_proof",True,True,True
HH-08306,NS-0313,19200.0,2,"aadhaar, ration_card, address_proof",True,True,True
HH-08307,NS-1337,12300.0,1,"aadhaar, ration_card, ",True,False,True
HH-08308,NS-1341,15500.0,3,"aadhaar, , ",True,False,True
HH-08309,NS-1066,9600.0,3,"aadhaar, ration_card, ",True,False,True
HH-08310,NS-0464,9400.0,1,"aadhaar, ration_card, address_proof",True,True,True
HH-08311,NS-1295,12300.0,1,"aadhaar, , ",True,False,True
HH-08312,NS-0886,9200.0,4,"aadhaar, ration_card, address_proof",True,True,True
HH-08313,NS-0899,18100.0,4,", ration_card, ",False,False,True
HH-08314,NS-1455,17300.0,6,"aadhaar, , address_proof",True,True,True
HH-08315,NS-0881,9500.0,4,"aadhaar, ration_card, address_proof",True,True,True
HH-08316,NS-0204,9000.0,1,"aadhaar, ration_card, ",True,False,True
HH-08317,NS-0894,8600.0,6,"aadhaar, ration_card, ",True,False,True
HH-08318,NS-0917,7000.0,7,"aadhaar, , ",True,False,True
HH-08319,NS-1046,3100.0,8,"aadhaar, ration_card, address_proof",True,True,True
HH-08320,NS-1238,19900.0,2,"aadhaar, ration_card, address_proof",True,False,True
HH-08321,NS-0822,12700.0,7,"aadhaar, ration_card, address_proof",True,True,True
HH-08322,NS-0998,12800.0,6,"aadhaar, ration_card, ",True,False,True
HH-08323,NS-0904,11500.0,3,"aadhaar, ration_card, address_proof",True,False,True
HH-08324,NS-0104,9600.0,4,"aadhaar, , ",True,False,True
HH-08325,NS-0989,19100.0,8,"aadhaar, ration_card, ",True,False,True
HH-08326,NS-0381,26100.0,3,"aadhaar, ration_card, address_proof",True,True,False
HH-08327,NS-1003,4400.0,5,"aadhaar, ration_card, ",True,False,True
HH-08328,NS-0811,12600.0,8,"aadhaar, ration_card, address_proof",True,True,True
HH-08329,NS-0557,13200.0,7,"aadhaar, ration_card, ",True,False,True
HH-08330,NS-0864,10200.0,8,"aadhaar, ration_card, ",True,False,True
HH-08331,NS-0187,19300.0,7,"aadhaar, ration_card, ",True,False,True
HH-08332,NS-0962,7300.0,7,"aadhaar, , address_proof",True,True,True
HH-08333,NS-1352,27000.0,2,"aadhaar, , ",True,False,False
HH-08334,NS-1342,17100.0,4,"aadhaar, ration_card, address_proof",True,False,True
HH-08335,NS-1137,11700.0,8,"aadhaar, , address_proof",True,True,True
HH-08336,NS-1449,7900.0,6,"aadhaar, ration_card, address_proof",True,False,True
HH-08337,NS-0880,6400.0,5,"aadhaar, , address_proof",True,True,True
HH-08338,NS-0686,22600.0,5,"aadhaar, ration_card, address_proof",True,True,True
HH-08339,NS-0071,12800.0,7,"aadhaar, ration_card, address_proof",True,True,True
HH-08340,NS-0971,7200.0,8,"aadhaar, ration_card, address_proof",True,True,True
HH-08341,NS-0379,7100.0,3,"aadhaar, ration_card, ",True,False,True
HH-08342,NS-0076,15500.0,2,"aadhaar, ration_card, ",True,False,True
HH-08343,NS-0285,9000.0,3,"aadhaar, ration_card, ",True,False,True
HH-08344,NS-0379,5900.0,8,"aadhaar, ration_card, ",True,False,True
HH-08345,NS-1151,12900.0,7,", ration_card, ",False,False,True
HH-08346,NS-0644,17500.0,3,"aadhaar, , address_proof",True,True,True
HH-08347,NS-0219,17200.0,8,"aadhaar, ration_card, ",True,False,True
HH-08348,NS-1404,5600.0,5,"aadhaar, ration_card, address_proof",True,True,True
HH-08349,NS-0237,18600.0,7,"aadhaar, ration_card, ",True,False,True
HH-08350,NS-0046,10400.0,1,"aadhaar, ration_card, address_proof",True,True,True
HH-08351,NS-0888,7100.0,5,", ration_card, ",False,False,True
HH-08352,NS-1415,5600.0,3,"aadhaar, , address_proof",True,True,True
HH-08353,NS-0026,15900.0,5,"aadhaar, ration_card, address_proof",True,True,True
HH-08354,NS-0131,4300.0,7,"aadhaar, ration_card, ",True,False,True
HH-08355,NS-0472,14000.0,6,"aadhaar, ration_card, ",True,False,True
HH-08356,NS-1332,15100.0,7,"aadhaar, ration_card, address_proof",True,True,True
HH-08357,NS-0996,13200.0,6,", ration_card, address_proof",False,True,True
HH-08358,NS-0108,36800.0,3,"aadhaar, , address_proof",True,False,False
HH-08359,NS-0484,15500.0,3,"aadhaar, ration_card, ",True,False,True
HH-08360,NS-1168,43100.0,1,"aadhaar, ration_card, address_proof",True,True,False
HH-08361,NS-0310,7100.0,4,"aadhaar, ration_card, ",True,False,True
HH-08362,NS-0184,11400.0,6,", ration_card, address_proof",False,True,True
HH-08363,NS-1299,17500.0,6,"aadhaar, ration_card, address_proof",True,True,True
HH-08364,NS-0502,25400.0,3,"aadhaar, ration_card, ",True,False,False
HH-08365,NS-0739,29400.0,1,"aadhaar, ration_card, address_proof",True,True,False
HH-08366,NS-1088,6900.0,6,"aadhaar, ration_card, address_proof",True,True,True
HH-08367,NS-0321,35300.0,3,"aadhaar, ration_card, ",True,False,False
HH-08368,NS-1469,15100.0,2,"aadhaar, , address_proof",True,True,True
HH-08369,NS-1218,6300.0,8,"aadhaar, ration_card, address_proof",True,True,True
HH-08370,NS-0651,8800.0,1,"aadhaar, ration_card, ",True,False,True
HH-08371,NS-1183,13500.0,1,"aadhaar, ration_card, ",True,False,True
HH-08372,NS-1034,27500.0,5,"aadhaar, ration_card, address_proof",True,False,False
HH-08373,NS-0360,20300.0,2,"aadhaar, , ",True,False,True
HH-08374,NS-1479,9400.0,8,"aadhaar, , ",True,False,True
HH-08375,NS-1295,11800.0,3,"aadhaar, ration_card, ",True,False,True
HH-08376,NS-1325,19400.0,3,"aadhaar, ration_card, address_proof",True,True,True
HH-08377,NS-0934,6300.0,8,"aadhaar, , address_proof",True,True,True
HH-08378,NS-1004,27300.0,3,", ration_card, ",False,False,False
HH-08379,NS-1218,10200.0,3,"aadhaar, ration_card, address_proof",True,True,True
HH-08380,NS-1379,11000.0,7,"aadhaar, ration_card, address_proof",True,True,True
HH-08381,NS-0570,8400.0,6,"aadhaar, ration_card, address_proof",True,False,True
HH-08382,NS-0958,13800.0,5,"aadhaar, ration_card, address_proof",True,True,True
HH-08383,NS-1192,23500.0,4,", , address_proof",False,False,True
HH-08384,NS-0421,23800.0,5,"aadhaar, ration_card, address_proof",True,True,True
HH-08385,NS-0598,29100.0,1,"aadhaar, ration_card, address_proof",True,True,False
HH-08386,NS-0409,16400.0,2,"aadhaar, ration_card, address_proof",True,True,True
HH-08387,NS-1188,34300.0,1,", ration_card, address_proof",False,True,False
HH-08388,NS-1259,19900.0,1,"aadhaar, , address_proof",True,True,True
HH-08389,NS-1478,51400.0,1,"aadhaar, , address_proof",False,True,False
HH-08390,NS-0493,11300.0,2,"aadhaar, ration_card, address_proof",True,True,True
HH-08391,NS-0460,12500.0,5,"aadhaar, , address_proof",True,True,True
HH-08392,NS-0450,10900.0,8,"aadhaar, ration_card, ",True,False,True
HH-08393,NS-1351,36500.0,3,"aadhaar, ration_card, ",True,False,False
HH-08394,NS-0285,9200.0,7,"aadhaar, ration_card, ",True,False,True
HH-08395,NS-0092,12300.0,3,", ration_card, address_proof",False,True,True
HH-08396,NS-0059,5700.0,1,"aadhaar, ration_card, address_proof",True,True,True
HH-08397,NS-0807,10600.0,6,"aadhaar, , address_proof",True,True,True
HH-08398,NS-0503,16700.0,3,"aadhaar, ration_card, ",True,False,True
HH-08399,NS-0386,8400.0,3,"aadhaar, ration_card, ",True,False,True
HH-08400,NS-0415,5700.0,7,"aadhaar, ration_card, address_proof",True,True,True
HH-08401,NS-0065,29400.0,6,"aadhaar, , address_proof",True,True,False
HH-08402,NS-0478,6600.0,8,"aadhaar, ration_card, address_proof",True,True,True
HH-08403,NS-1009,26300.0,1,"aadhaar, ration_card, ",True,False,False
HH-08404,NS-1139,6300.0,3,"aadhaar, ration_card, address_proof",True,True,True
HH-08405,NS-0470,11600.0,2,"aadhaar, , address_proof",True,False,True
HH-08406,NS-1140,11100.0,7,"aadhaar, , ",True,False,True
HH-08407,NS-1235,4200.0,6,", ration_card, ",False,False,True
HH-08408,NS-0229,27100.0,4,", ration_card, ",False,False,False
HH-08409,NS-1412,16600.0,3,"aadhaar, ration_card, ",True,False,True
HH-08410,NS-0321,8800.0,1,", ration_card, ",False,False,True
HH-08411,NS-0548,28200.0,3,"aadhaar, ration_card, ",True,False,False
HH-08412,NS-0262,20300.0,2,", ration_card, ",False,False,True
HH-08413,NS-1135,15000.0,7,"aadhaar, , ",True,False,True
HH-08414,NS-1101,14100.0,8,"aadhaar, ration_card, address_proof",True,True,True
HH-08415,NS-1394,12700.0,6,"aadhaar, ration_card, ",True,False,True
HH-08416,NS-0693,15500.0,1,"aadhaar, ration_card, address_proof",True,True,True
HH-08417,NS-1226,39600.0,8,"aadhaar, ration_card, ",True,False,False
HH-08418,NS-0075,5800.0,2,"aadhaar, ration_card, ",True,False,True
HH-08419,NS-0842,8600.0,5,"aadhaar, , address_proof",True,True,True
HH-08420,NS-1449,8300.0,3,"aadhaar, ration_card, address_proof",True,False,True
HH-08421,NS-0181,18400.0,5,", ration_card, ",False,False,True
HH-08422,NS-0319,14000.0,3,"aadhaar, ration_card, ",True,False,True
HH-08423,NS-0705,23000.0,6,"aadhaar, ration_card, ",True,False,True
HH-08424,NS-0942,31400.0,1,"aadhaar, ration_card, ",True,False,False
HH-08425,NS-1384,7800.0,2,"aadhaar, ration_card, address_proof",True,True,True
HH-08426,NS-0660,15400.0,4,", ration_card, address_proof",False,True,True
HH-08427,NS-0236,9200.0,6,"aadhaar, ration_card, ",True,False,True
HH-08428,NS-0423,5900.0,5,"aadhaar, ration_card, ",True,False,True
HH-08429,NS-1166,16800.0,4,"aadhaar, ration_card, address_proof",True,True,True
HH-08430,NS-1157,7300.0,5,"aadhaar, ration_card, address_proof",True,True,True
HH-08431,NS-0778,15600.0,5,"aadhaar, ration_card, ",True,False,True
HH-08432,NS-0964,74300.0,4,"aadhaar, ration_card, address_proof",False,True,False
HH-08433,NS-0939,8100.0,6,"aadhaar, ration_card, ",True,False,True
HH-08434,NS-0676,7200.0,7,", ration_card, ",False,False,True
HH-08435,NS-0361,11200.0,4,"aadhaar, ration_card, address_proof",True,True,True
HH-08436,NS-0772,7000.0,7,"aadhaar, ration_card, ",True,False,True
HH-08437,NS-0129,9700.0,7,"aadhaar, ration_card, address_proof",True,True,True
HH-08438,NS-0627,29600.0,7,"aadhaar, , address_proof",True,True,False
HH-08439,NS-1166,4500.0,1,"aadhaar, , address_proof",True,True,True
HH-08440,NS-0915,12300.0,6,"aadhaar, ration_card, ",True,False,True
HH-08441,NS-1296,4400.0,3,"aadhaar, ration_card, address_proof",True,True,True
HH-08442,NS-1307,5800.0,4,"aadhaar, , address_proof",True,True,True
HH-08443,NS-0262,17700.0,4,"aadhaar, ration_card, address_proof",True,True,True
HH-08444,NS-0771,10900.0,5,"aadhaar, ration_card, ",True,False,True
HH-08445,NS-0901,15700.0,7,"aadhaar, ration_card, ",True,False,True
HH-08446,NS-0276,24200.0,8,"aadhaar, ration_card, ",True,False,True
HH-08447,NS-1353,12500.0,8,"aadhaar, ration_card, address_proof",True,True,True
HH-08448,NS-1399,6000.0,6,"aadhaar, ration_card, address_proof",True,True,True
HH-08449,NS-0082,6600.0,6,"aadhaar, , address_proof",True,True,True
HH-08450,NS-1425,9400.0,1,"aadhaar, ration_card, address_proof",True,True,True
HH-08451,NS-0899,19000.0,3,"aadhaar, ration_card, address_proof",True,True,True
HH-08452,NS-1088,36800.0,4,"aadhaar, ration_card, ",True,False,False
HH-08453,NS-1089,5100.0,3,"aadhaar, , address_proof",True,True,True
HH-08454,NS-0751,8200.0,7,"aadhaar, ration_card, address_proof",True,True,True
HH-08455,NS-1240,8000.0,2,"aadhaar, ration_card, ",True,False,True
HH-08456,NS-0448,11200.0,6,"aadhaar, ration_card, ",True,False,True
HH-08457,NS-0875,16400.0,4,"aadhaar, ration_card, address_proof",True,True,True
HH-08458,NS-0546,18000.0,5,"aadhaar, , address_proof",True,True,True
HH-08459,NS-0221,18600.0,5,"aadhaar, ration_card, address_proof",True,True,True
HH-08460,NS-0306,7200.0,7,"aadhaar, ration_card, address_proof",True,True,True
HH-08461,NS-0652,9900.0,4,", , address_proof",False,True,True
HH-08462,NS-0993,20700.0,4,"aadhaar, , address_proof",True,True,True
HH-08463,NS-0135,43100.0,3,", ration_card, ",False,False,False
HH-08464,NS-0647,16100.0,1,"aadhaar, , ",True,False,True
HH-08465,NS-0106,8500.0,4,"aadhaar, ration_card, address_proof",True,True,True
HH-08466,NS-0594,10100.0,2,"aadhaar, ration_card, ",True,False,True
HH-08467,NS-1399,5400.0,4,"aadhaar, ration_card, address_proof",True,True,True
HH-08468,NS-0708,10500.0,8,"aadhaar, , address_proof",True,True,True
HH-08469,NS-0799,20700.0,1,", ration_card, ",False,False,True
HH-08470,NS-1041,32000.0,4,"aadhaar, ration_card, ",True,False,False
HH-08471,NS-0639,18100.0,7,"aadhaar, ration_card, address_proof",True,True,True
HH-08472,NS-1030,23200.0,2,"aadhaar, ration_card, ",True,False,True
HH-08473,NS-0383,24300.0,6,"aadhaar, , address_proof",True,True,True
HH-08474,NS-1124,4300.0,2,"aadhaar, ration_card, address_proof",True,True,True
HH-08475,NS-0159,36200.0,7,"aadhaar, ration_card, address_proof",True,True,False
HH-08476,NS-1446,14100.0,2,"aadhaar, , address_proof",True,True,True
HH-08477,NS-0331,30200.0,2,", ration_card, address_proof",False,True,False
HH-08478,NS-1044,10900.0,5,"aadhaar, , address_proof",True,True,True
HH-08479,NS-0686,10200.0,5,"aadhaar, ration_card, address_proof",True,True,True
HH-08480,NS-0175,7600.0,8,"aadhaar, , address_proof",True,True,True
HH-08481,NS-0770,16800.0,1,"aadhaar, ration_card, address_proof",True,True,True
HH-08482,NS-0341,9500.0,4,"aadhaar, ration_card, address_proof",True,True,True
HH-08483,NS-0007,5400.0,2,"aadhaar, ration_card, address_proof",True,True,True
HH-08484,NS-1260,14100.0,4,", ration_card, ",False,False,True
HH-08485,NS-1323,52200.0,2,"aadhaar, ration_card, ",False,False,False
HH-08486,NS-0168,20200.0,6,"aadhaar, ration_card, ",True,False,True
HH-08487,NS-0668,10900.0,1,"aadhaar, ration_card, address_proof",True,True,True
HH-08488,NS-1167,19300.0,6,"aadhaar, , address_proof",True,False,True
HH-08489,NS-0149,11900.0,5,"aadhaar, ration_card, address_proof",True,True,True
HH-08490,NS-1426,15800.0,6,"aadhaar, ration_card, ",True,False,True
HH-08491,NS-0656,7500.0,2,"aadhaar, ration_card, address_proof",True,True,True
HH-08492,NS-1190,14400.0,3,"aadhaar, , ",True,False,True
HH-08493,NS-0777,29600.0,1,"aadhaar, ration_card, address_proof",True,True,False
HH-08494,NS-1067,18800.0,7,"aadhaar, ration_card, ",True,False,True
HH-08495,NS-0279,15600.0,4,", ration_card, ",False,False,True
HH-08496,NS-0729,10900.0,1,"aadhaar, , ",True,False,True
HH-08497,NS-1139,7900.0,7,"aadhaar, ration_card, address_proof",True,True,True
HH-08498,NS-1098,11700.0,6,"aadhaar, ration_card, ",True,False,True
HH-08499,NS-1454,20000.0,7,", ration_card, address_proof",False,True,True
HH-08500,NS-0846,7600.0,5,", , ",False,False,True
HH-08501,NS-0561,26500.0,6,"aadhaar, , address_proof",True,True,False
HH-08502,NS-1005,11100.0,5,"aadhaar, ration_card, address_proof",True,False,True
HH-08503,NS-0920,28000.0,1,"aadhaar, ration_card, ",True,False,False
HH-08504,NS-0348,12200.0,6,"aadhaar, ration_card, ",True,False,True
HH-08505,NS-0087,21600.0,5,", ration_card, address_proof",False,True,True
HH-08506,NS-0817,10100.0,2,", , address_proof",False,True,True
HH-08507,NS-0617,18900.0,6,"aadhaar, , address_proof",True,True,True
HH-08508,NS-0175,21800.0,1,"aadhaar, ration_card, address_proof",True,True,True
HH-08509,NS-0858,11800.0,2,"aadhaar, ration_card, ",True,False,True
HH-08510,NS-1471,14500.0,3,"aadhaar, ration_card, address_proof",True,True,True
HH-08511,NS-1271,18400.0,8,"aadhaar, ration_card, address_proof",True,False,True
HH-08512,NS-0542,3700.0,8,"aadhaar, ration_card, address_proof",True,True,True
HH-08513,NS-0472,12700.0,2,"aadhaar, , address_proof",True,True,True
HH-08514,NS-0441,15500.0,7,", ration_card, address_proof",False,True,True
HH-08515,NS-0890,10800.0,7,", ration_card, ",False,False,True
HH-08516,NS-1240,14700.0,7,"aadhaar, ration_card, address_proof",True,True,True
HH-08517,NS-0193,16900.0,8,", ration_card, address_proof",False,True,True
HH-08518,NS-1117,6300.0,2,"aadhaar, , ",True,False,True
HH-08519,NS-1443,9100.0,2,"aadhaar, ration_card, address_proof",True,True,True
HH-08520,NS-0094,10400.0,6,"aadhaar, ration_card, ",True,False,True
HH-08521,NS-1006,16500.0,4,"aadhaar, ration_card, address_proof",True,True,True
HH-08522,NS-0979,12000.0,2,"aadhaar, ration_card, address_proof",True,True,True
HH-08523,NS-0622,7500.0,5,", , address_proof",False,True,True
HH-08524,NS-0963,11900.0,7,"aadhaar, ration_card, ",True,False,True
HH-08525,NS-0791,16100.0,5,"aadhaar, ration_card, ",True,False,True
HH-08526,NS-0696,16100.0,7,"aadhaar, ration_card, ",True,False,True
HH-08527,NS-0338,11900.0,6,"aadhaar, , ",True,False,True
HH-08528,NS-0867,12500.0,3,", ration_card, address_proof",False,True,True
HH-08529,NS-0884,6800.0,2,"aadhaar, ration_card, address_proof",True,True,True
HH-08530,NS-0687,16400.0,7,"aadhaar, ration_card, address_proof",True,True,True
HH-08531,NS-0715,7900.0,6,"aadhaar, , address_proof",True,False,True
HH-08532,NS-0454,14800.0,2,"aadhaar, ration_card, address_proof",True,True,True
HH-08533,NS-0463,14200.0,2,"aadhaar, ration_card, address_proof",True,False,True
HH-08534,NS-0616,13600.0,6,"aadhaar, ration_card, address_proof",True,True,True
HH-08535,NS-0394,14300.0,5,"aadhaar, ration_card, address_proof",True,True,True
HH-08536,NS-0330,3600.0,3,"aadhaar, ration_card, address_proof",True,True,True
HH-08537,NS-1047,19900.0,6,"aadhaar, ration_card, address_proof",True,False,True
HH-08538,NS-0010,11600.0,6,"aadhaar, ration_card, ",True,False,True
HH-08539,NS-1394,11400.0,4,"aadhaar, ration_card, address_proof",True,True,True
HH-08540,NS-1116,13500.0,3,"aadhaar, ration_card, address_proof",True,True,True
HH-08541,NS-1199,19600.0,2,"aadhaar, ration_card, address_proof",True,True,True
HH-08542,NS-1081,15500.0,6,"aadhaar, ration_card, address_proof",True,True,True
HH-08543,NS-0336,8900.0,4,"aadhaar, ration_card, address_proof",True,True,True
HH-08544,NS-0340,5200.0,4,"aadhaar, ration_card, address_proof",True,True,True
HH-08545,NS-0525,27600.0,1,"aadhaar, ration_card, address_proof",True,True,False
HH-08546,NS-0223,9900.0,7,"aadhaar, ration_card, ",True,False,True
HH-08547,NS-1131,8600.0,2,"aadhaar, , address_proof",True,True,True
HH-08548,NS-0250,38100.0,5,"aadhaar, ration_card, address_proof",True,True,False
HH-08549,NS-0871,12700.0,1,"aadhaar, ration_card, address_proof",True,True,True
HH-08550,NS-0431,18800.0,3,"aadhaar, ration_card, ",True,False,True
HH-08551,NS-0701,5800.0,7,"aadhaar, , address_proof",True,True,True
HH-08552,NS-1089,6500.0,6,"aadhaar, ration_card, ",True,False,True
HH-08553,NS-0790,11500.0,6,"aadhaar, ration_card, address_proof",True,True,True
HH-08554,NS-0193,36300.0,5,"aadhaar, ration_card, ",True,False,False
HH-08555,NS-1409,6800.0,5,"aadhaar, , address_proof",True,True,True
HH-08556,NS-0908,18300.0,7,"aadhaar, ration_card, ",True,False,True
HH-08557,NS-0286,11000.0,4,"aadhaar, ration_card, address_proof",True,True,True
HH-08558,NS-1468,6700.0,3,"aadhaar, ration_card, ",True,False,True
HH-08559,NS-1485,25300.0,3,"aadhaar, , address_proof",True,True,False
HH-08560,NS-0532,9100.0,3,"aadhaar, ration_card, address_proof",True,True,True
HH-08561,NS-0776,18100.0,3,"aadhaar, ration_card, ",True,False,True
HH-08562,NS-0422,16800.0,3,"aadhaar, ration_card, address_proof",True,False,True
HH-08563,NS-0699,14400.0,6,", ration_card, address_proof",False,True,True
HH-08564,NS-0458,7000.0,6,"aadhaar, , address_proof",True,True,True
HH-08565,NS-1033,12000.0,3,"aadhaar, , ",True,False,True
HH-08566,NS-0623,12300.0,1,"aadhaar, , address_proof",True,True,True
HH-08567,NS-0562,10400.0,5,"aadhaar, ration_card, address_proof",True,True,True
HH-08568,NS-1284,18300.0,2,"aadhaar, , address_proof",True,True,True
HH-08569,NS-0564,11700.0,4,"aadhaar, ration_card, address_proof",True,True,True
HH-08570,NS-0464,7800.0,3,"aadhaar, ration_card, address_proof",True,True,True
HH-08571,NS-1489,7000.0,1,"aadhaar, ration_card, address_proof",True,True,True
HH-08572,NS-0411,6300.0,5,"aadhaar, ration_card, ",True,False,True
HH-08573,NS-0390,15500.0,7,"aadhaar, ration_card, address_proof",True,True,True
HH-08574,NS-0451,3700.0,5,"aadhaar, ration_card, ",True,False,True
HH-08575,NS-1145,14000.0,4,"aadhaar, ration_card, address_proof",True,True,True
HH-08576,NS-1177,6400.0,2,"aadhaar, ration_card, address_proof",True,True,True
HH-08577,NS-0339,19000.0,3,"aadhaar, ration_card, address_proof",True,True,True
HH-08578,NS-0521,15700.0,6,"aadhaar, ration_card, ",True,False,True
HH-08579,NS-0510,18300.0,3,"aadhaar, ration_card, address_proof",True,True,True
HH-08580,NS-0899,8000.0,1,"aadhaar, ration_card, address_proof",True,True,True
HH-08581,NS-0537,17600.0,1,"aadhaar, ration_card, address_proof",True,False,True
HH-08582,NS-0429,15700.0,1,"aadhaar, ration_card, ",True,False,True
HH-08583,NS-1385,9500.0,6,", , address_proof",False,True,True
HH-08584,NS-1498,25700.0,1,"aadhaar, ration_card, address_proof",True,True,False
HH-08585,NS-1128,9300.0,3,"aadhaar, ration_card, ",True,False,True
HH-08586,NS-0894,4300.0,1,"aadhaar, ration_card, address_proof",True,True,True
HH-08587,NS-1173,28300.0,4,"aadhaar, ration_card, address_proof",True,True,False
HH-08588,NS-0316,3700.0,1,"aadhaar, ration_card, address_proof",True,True,True
HH-08589,NS-1402,24900.0,5,"aadhaar, , address_proof",True,True,True
HH-08590,NS-0890,15000.0,6,"aadhaar, ration_card, ",True,False,True
HH-08591,NS-0945,7500.0,6,"aadhaar, ration_card, ",True,False,True
HH-08592,NS-1272,26000.0,2,"aadhaar, ration_card, ",True,False,False
HH-08593,NS-0563,24200.0,2,"aadhaar, ration_card, ",True,False,True
HH-08594,NS-0447,6900.0,4,", ration_card, ",False,False,True
HH-08595,NS-0718,6200.0,1,"aadhaar, ration_card, ",True,False,True
HH-08596,NS-0711,4500.0,4,"aadhaar, ration_card, address_proof",True,True,True
HH-08597,NS-1179,19500.0,3,"aadhaar, , address_proof",True,True,True
HH-08598,NS-0692,11400.0,4,"aadhaar, , address_proof",True,True,True
HH-08599,NS-0007,14700.0,4,"aadhaar, , address_proof",True,True,True
HH-08600,NS-0094,7200.0,8,"aadhaar, , ",True,False,True
HH-08601,NS-1334,14900.0,1,"aadhaar, , ",True,False,True
HH-08602,NS-0877,7500.0,7,"aadhaar, ration_card, ",True,False,True
HH-08603,NS-0404,12000.0,1,", ration_card, address_proof",False,False,True
HH-08604,NS-1334,21600.0,7,"aadhaar, ration_card, ",True,False,True
HH-08605,NS-0158,19000.0,3,"aadhaar, ration_card, address_proof",True,True,True
HH-08606,NS-0390,10400.0,1,"aadhaar, ration_card, address_proof",True,True,True
HH-08607,NS-1296,9500.0,3,", ration_card, address_proof",False,True,True
HH-08608,NS-1355,11200.0,3,"aadhaar, ration_card, ",True,False,True
HH-08609,NS-0632,11700.0,7,"aadhaar, , ",True,False,True
HH-08610,NS-0834,34800.0,3,", ration_card, ",False,False,False
HH-08611,NS-0306,9800.0,7,"aadhaar, ration_card, ",True,False,True
HH-08612,NS-1107,6000.0,8,"aadhaar, ration_card, address_proof",True,True,True
HH-08613,NS-1298,7900.0,4,"aadhaar, ration_card, ",True,False,True
HH-08614,NS-0618,27200.0,6,"aadhaar, , address_proof",True,True,False
HH-08615,NS-1280,11100.0,3,", ration_card, ",False,False,True
HH-08616,NS-0193,13700.0,3,"aadhaar, ration_card, ",True,False,True
HH-08617,NS-0305,20500.0,8,"aadhaar, ration_card, address_proof",True,False,True
HH-08618,NS-0961,41100.0,3,"aadhaar, ration_card, address_proof",True,True,False
HH-08619,NS-0192,10000.0,5,"aadhaar, ration_card, ",True,False,True
HH-08620,NS-0350,10000.0,8,"aadhaar, , address_proof",True,True,True
HH-08621,NS-0828,19600.0,3,"aadhaar, ration_card, address_proof",True,True,True
HH-08622,NS-0060,12400.0,5,"aadhaar, ration_card, address_proof",True,True,True
HH-08623,NS-0612,13100.0,8,"aadhaar, ration_card, address_proof",True,True,True
HH-08624,NS-0973,29200.0,7,"aadhaar, ration_card, ",True,False,False
HH-08625,NS-0827,11300.0,3,"aadhaar, , ",True,False,True
HH-08626,NS-0687,8500.0,2,"aadhaar, ration_card, address_proof",True,True,True
HH-08627,NS-1453,7600.0,1,"aadhaar, ration_card, address_proof",True,True,True
HH-08628,NS-0045,7600.0,3,"aadhaar, ration_card, ",True,False,True
HH-08629,NS-1219,14100.0,1,"aadhaar, ration_card, ",True,False,True
HH-08630,NS-1259,9400.0,6,"aadhaar, ration_card, address_proof",True,True,True
HH-08631,NS-0325,18300.0,6,"aadhaar, , address_proof",True,True,True
HH-08632,NS-1279,7300.0,5,"aadhaar, ration_card, address_proof",True,True,True
HH-08633,NS-1123,17000.0,4,"aadhaar, ration_card, address_proof",True,False,True
HH-08634,NS-1422,5400.0,6,"aadhaar, , address_proof",True,True,True
HH-08635,NS-0308,33100.0,7,", ration_card, address_proof",False,False,False
HH-08636,NS-0201,11700.0,3,", ration_card, address_proof",False,False,True
HH-08637,NS-0299,15900.0,6,"aadhaar, ration_card, ",True,False,True
HH-08638,NS-1009,8800.0,8,"aadhaar, ration_card, address_proof",True,True,True
HH-08639,NS-1064,23800.0,2,"aadhaar, ration_card, ",True,False,True
HH-08640,NS-0965,5500.0,1,"aadhaar, ration_card, ",True,False,True
HH-08641,NS-0799,18400.0,8,"aadhaar, ration_card, address_proof",True,True,True
HH-08642,NS-1396,23900.0,4,"aadhaar, ration_card, address_proof",True,True,True
HH-08643,NS-0404,9300.0,3,"aadhaar, ration_card, address_proof",True,False,True
HH-08644,NS-1009,10500.0,5,"aadhaar, ration_card, address_proof",True,True,True
HH-08645,NS-0575,4100.0,5,"aadhaar, ration_card, ",True,False,True
HH-08646,NS-0521,5600.0,6,"aadhaar, ration_card, ",True,False,True
HH-08647,NS-0738,16000.0,1,"aadhaar, ration_card, address_proof",True,True,True
HH-08648,NS-1098,18700.0,1,"aadhaar, ration_card, ",True,False,True
HH-08649,NS-1065,25900.0,5,"aadhaar, , address_proof",True,True,False
HH-08650,NS-0979,17200.0,8,"aadhaar, ration_card, address_proof",True,True,True
HH-08651,NS-0046,12700.0,1,"aadhaar, ration_card, ",True,False,True
HH-08652,NS-0766,14000.0,2,"aadhaar, ration_card, ",True,False,True
HH-08653,NS-0750,18000.0,4,"aadhaar, ration_card, ",True,False,True
HH-08654,NS-0124,12500.0,1,", ration_card, address_proof",False,True,True
HH-08655,NS-1002,30600.0,2,"aadhaar, ration_card, ",True,False,False
HH-08656,NS-1404,7800.0,6,", ration_card, address_proof",False,True,True
HH-08657,NS-0816,7300.0,5,", ration_card, ",False,False,True
HH-08658,NS-0079,30900.0,7,"aadhaar, , address_proof",True,True,False
HH-08659,NS-0770,10500.0,5,"aadhaar, ration_card, address_proof",True,True,True
HH-08660,NS-0493,15100.0,2,"aadhaar, ration_card, ",True,False,True
HH-08661,NS-0230,9000.0,8,"aadhaar, ration_card, ",True,False,True
HH-08662,NS-0348,16300.0,6,"aadhaar, ration_card, address_proof",True,False,True
HH-08663,NS-0035,20200.0,8,"aadhaar, ration_card, address_proof",True,True,True
HH-08664,NS-0170,17400.0,3,", ration_card, address_proof",False,True,True
HH-08665,NS-0883,5600.0,2,"aadhaar, ration_card, address_proof",True,True,True
HH-08666,NS-1216,10400.0,5,"aadhaar, ration_card, ",True,False,True
HH-08667,NS-0260,21600.0,1,"aadhaar, ration_card, address_proof",True,True,True
HH-08668,NS-1468,17600.0,5,"aadhaar, ration_card, address_proof",True,True,True
HH-08669,NS-1424,13500.0,1,"aadhaar, ration_card, address_proof",True,True,True
HH-08670,NS-1378,9300.0,5,"aadhaar, ration_card, address_proof",True,True,True
HH-08671,NS-1044,22400.0,5,"aadhaar, ration_card, ",True,False,True
HH-08672,NS-1159,14400.0,4,"aadhaar, ration_card, address_proof",True,False,True
HH-08673,NS-0625,9900.0,7,"aadhaar, ration_card, address_proof",True,True,True
HH-08674,NS-0482,16900.0,7,"aadhaar, , address_proof",True,False,True
HH-08675,NS-0202,16800.0,1,"aadhaar, , ",True,False,True
HH-08676,NS-0213,18000.0,3,"aadhaar, ration_card, ",True,False,True
HH-08677,NS-0193,23600.0,5,"aadhaar, ration_card, ",True,False,True
HH-08678,NS-0047,25500.0,2,", ration_card, address_proof",False,False,False
HH-08679,NS-0047,12900.0,8,"aadhaar, , ",True,False,True
HH-08680,NS-0352,16100.0,4,"aadhaar, ration_card, address_proof",True,True,True
HH-08681,NS-0679,10100.0,6,"aadhaar, , ",True,False,True
HH-08682,NS-0824,10300.0,2,"aadhaar, ration_card, address_proof",True,True,True
HH-08683,NS-1426,10300.0,5,"aadhaar, ration_card, address_proof",True,True,True
HH-08684,NS-1017,6200.0,3,", ration_card, address_proof",False,False,True
HH-08685,NS-1071,12600.0,5,", ration_card, address_proof",False,True,True
HH-08686,NS-0053,11000.0,8,"aadhaar, , address_proof",True,True,True
HH-08687,NS-0658,19100.0,7,"aadhaar, , ",True,False,True
HH-08688,NS-0757,14700.0,7,"aadhaar, ration_card, address_proof",True,False,True
HH-08689,NS-0859,9700.0,5,"aadhaar, ration_card, address_proof",True,True,True
HH-08690,NS-0899,10800.0,4,"aadhaar, ration_card, address_proof",True,True,True
HH-08691,NS-1105,5600.0,8,", ration_card, address_proof",False,True,True
HH-08692,NS-0907,16600.0,6,"aadhaar, ration_card, address_proof",True,True,True
HH-08693,NS-1498,7300.0,8,"aadhaar, ration_card, address_proof",True,True,True
HH-08694,NS-0569,10000.0,2,"aadhaar, , ",True,False,True
HH-08695,NS-0229,9700.0,3,"aadhaar, ration_card, address_proof",True,True,True
HH-08696,NS-1075,14500.0,7,", ration_card, address_proof",False,True,True
HH-08697,NS-0100,17100.0,6,"aadhaar, ration_card, address_proof",True,True,True
HH-08698,NS-0024,4700.0,4,"aadhaar, ration_card, address_proof",True,True,True
HH-08699,NS-1276,11900.0,8,"aadhaar, , ",True,False,True
HH-08700,NS-0609,8100.0,8,"aadhaar, ration_card, ",True,False,True
HH-08701,NS-1309,17400.0,8,"aadhaar, , address_proof",True,True,True
HH-08702,NS-0958,12600.0,3,"aadhaar, ration_card, ",True,False,True
HH-08703,NS-0118,17500.0,5,"aadhaar, ration_card, address_proof",True,True,True
HH-08704,NS-0661,18400.0,6,"aadhaar, , address_proof",True,True,True
HH-08705,NS-0858,8600.0,4,", ration_card, address_proof",False,True,True
HH-08706,NS-1257,11300.0,8,"aadhaar, ration_card, address_proof",True,True,True
HH-08707,NS-0842,7600.0,4,", , address_proof",False,True,True
HH-08708,NS-0925,6600.0,3,"aadhaar, , address_proof",True,True,True
HH-08709,NS-1319,15400.0,8,"aadhaar, ration_card, address_proof",True,True,True
HH-08710,NS-0844,31800.0,4,"aadhaar, ration_card, address_proof",True,False,False
HH-08711,NS-0154,6300.0,4,"aadhaar, ration_card, address_proof",True,True,True
HH-08712,NS-1428,15600.0,1,"aadhaar, ration_card, address_proof",True,True,True
HH-08713,NS-1041,16400.0,8,"aadhaar, , address_proof",True,True,True
HH-08714,NS-0403,17200.0,5,"aadhaar, ration_card, address_proof",True,True,True
HH-08715,NS-1462,20300.0,8,"aadhaar, ration_card, ",True,False,True
HH-08716,NS-1246,7600.0,2,"aadhaar, , address_proof",True,True,True
HH-08717,NS-0666,5700.0,8,"aadhaar, ration_card, address_proof",True,True,True
HH-08718,NS-1109,9600.0,2,"aadhaar, , address_proof",True,True,True
HH-08719,NS-0759,11200.0,3,"aadhaar, ration_card, address_proof",True,True,True
HH-08720,NS-0686,9100.0,6,"aadhaar, , address_proof",True,True,True
HH-08721,NS-0001,12900.0,7,"aadhaar, , ",True,False,True
HH-08722,NS-0867,24500.0,6,"aadhaar, ration_card, address_proof",True,True,True
HH-08723,NS-0215,6500.0,5,"aadhaar, ration_card, address_proof",True,True,True
HH-08724,NS-0914,7900.0,8,", ration_card, ",False,False,True
HH-08725,NS-0005,54600.0,1,"aadhaar, ration_card, address_proof",False,True,False
HH-08726,NS-1306,14100.0,6,"aadhaar, , ",True,False,True
HH-08727,NS-0434,14800.0,5,"aadhaar, ration_card, ",True,False,True
HH-08728,NS-0962,9800.0,2,"aadhaar, ration_card, address_proof",True,True,True
HH-08729,NS-1339,6600.0,6,"aadhaar, ration_card, address_proof",True,True,True
HH-08730,NS-0183,14000.0,7,"aadhaar, ration_card, ",True,False,True
HH-08731,NS-0075,31300.0,1,"aadhaar, ration_card, address_proof",True,True,False
HH-08732,NS-1191,4200.0,1,"aadhaar, , address_proof",True,True,True
HH-08733,NS-0886,41200.0,6,"aadhaar, , ",True,False,False
HH-08734,NS-0913,12700.0,2,"aadhaar, , ",True,False,True
HH-08735,NS-0607,17600.0,7,", ration_card, address_proof",False,True,True
HH-08736,NS-0206,25300.0,7,"aadhaar, ration_card, address_proof",True,True,False
HH-08737,NS-1113,7300.0,4,"aadhaar, ration_card, address_proof",True,True,True
HH-08738,NS-0976,13100.0,7,"aadhaar, , ",True,False,True
HH-08739,NS-1111,10000.0,6,"aadhaar, ration_card, address_proof",True,True,True
HH-08740,NS-0564,14100.0,5,"aadhaar, , ",True,False,True
HH-08741,NS-1370,10100.0,1,"aadhaar, ration_card, ",True,False,True
HH-08742,NS-0957,7900.0,6,"aadhaar, ration_card, address_proof",True,True,True
HH-08743,NS-1358,8000.0,2,"aadhaar, ration_card, address_proof",True,True,True
HH-08744,NS-1263,27500.0,3,"aadhaar, , address_proof",True,True,False
HH-08745,NS-0879,15500.0,1,"aadhaar, ration_card, address_proof",True,True,True
HH-08746,NS-0821,12400.0,7,", , ",False,False,True
HH-08747,NS-0248,11300.0,4,", ration_card, ",False,False,True
HH-08748,NS-1126,3800.0,3,"aadhaar, ration_card, ",True,False,True
HH-08749,NS-1274,17300.0,5,", ration_card, address_proof",False,True,True
HH-08750,NS-0937,7600.0,4,"aadhaar, ration_card, ",True,False,True
HH-08751,NS-1296,21900.0,6,"aadhaar, ration_card, address_proof",True,True,True
HH-08752,NS-0354,19800.0,6,"aadhaar, ration_card, ",True,False,True
HH-08753,NS-1183,16100.0,3,"aadhaar, ration_card, address_proof",True,True,True
HH-08754,NS-0188,54100.0,1,"aadhaar, ration_card, address_proof",False,True,False
HH-08755,NS-1272,15900.0,8,", ration_card, ",False,False,True
HH-08756,NS-1349,12900.0,5,"aadhaar, ration_card, ",True,False,True
HH-08757,NS-0380,24900.0,3,"aadhaar, ration_card, address_proof",True,True,True
HH-08758,NS-1435,13800.0,4,"aadhaar, ration_card, address_proof",True,True,True
HH-08759,NS-0689,10400.0,3,"aadhaar, ration_card, ",True,False,True
HH-08760,NS-0279,21800.0,5,"aadhaar, ration_card, address_proof",True,True,True
HH-08761,NS-0367,10000.0,7,"aadhaar, ration_card, address_proof",True,False,True
HH-08762,NS-0140,45600.0,6,"aadhaar, , address_proof",True,True,False
HH-08763,NS-0111,6300.0,5,"aadhaar, ration_card, address_proof",True,True,True
HH-08764,NS-0653,40000.0,2,"aadhaar, ration_card, address_proof",True,True,False
HH-08765,NS-1352,12700.0,2,"aadhaar, , address_proof",True,True,True
HH-08766,NS-1254,9700.0,6,"aadhaar, ration_card, address_proof",True,True,True
HH-08767,NS-0341,6100.0,6,"aadhaar, ration_card, address_proof",True,True,True
HH-08768,NS-0968,7500.0,5,"aadhaar, ration_card, address_proof",True,False,True
HH-08769,NS-1068,14600.0,8,"aadhaar, , ",True,False,True
HH-08770,NS-1351,27200.0,3,"aadhaar, ration_card, address_proof",True,True,False
HH-08771,NS-0014,16700.0,2,", , address_proof",False,False,True
HH-08772,NS-0797,4600.0,1,"aadhaar, , ",True,False,True
HH-08773,NS-0835,30600.0,7,"aadhaar, ration_card, ",True,False,False
HH-08774,NS-0054,13900.0,1,"aadhaar, , address_proof",True,True,True
HH-08775,NS-1406,18200.0,2,", ration_card, address_proof",False,True,True
HH-08776,NS-0740,8200.0,7,"aadhaar, ration_card, address_proof",True,True,True
HH-08777,NS-1235,8000.0,1,"aadhaar, ration_card, address_proof",True,True,True
HH-08778,NS-0622,3500.0,1,"aadhaar, , ",True,False,True
HH-08779,NS-0755,28100.0,3,"aadhaar, ration_card, address_proof",True,True,False
HH-08780,NS-0909,7500.0,5,"aadhaar, ration_card, address_proof",True,True,True
HH-08781,NS-1244,4800.0,2,"aadhaar, ration_card, address_proof",True,True,True
HH-08782,NS-1255,9800.0,3,"aadhaar, , address_proof",True,True,True
HH-08783,NS-0639,10400.0,7,"aadhaar, ration_card, address_proof",True,True,True
HH-08784,NS-0444,11800.0,7,"aadhaar, ration_card, address_proof",True,False,True
HH-08785,NS-0285,20200.0,2,", ration_card, address_proof",False,True,True
HH-08786,NS-0281,16600.0,1,"aadhaar, ration_card, address_proof",True,True,True
HH-08787,NS-0038,18300.0,2,", ration_card, ",False,False,True
HH-08788,NS-0201,12300.0,5,"aadhaar, , address_proof",True,False,True
HH-08789,NS-0228,21600.0,7,"aadhaar, ration_card, address_proof",True,True,True
HH-08790,NS-0989,17700.0,7,"aadhaar, ration_card, address_proof",True,True,True
HH-08791,NS-0433,17900.0,4,"aadhaar, ration_card, ",True,False,True
HH-08792,NS-0630,18600.0,1,"aadhaar, ration_card, address_proof",True,True,True
HH-08793,NS-1201,22600.0,3,", ration_card, address_proof",False,True,True
HH-08794,NS-0828,15400.0,2,", , ",False,False,True
HH-08795,NS-0705,17200.0,1,"aadhaar, , address_proof",True,True,True
HH-08796,NS-0970,11200.0,2,"aadhaar, ration_card, ",True,False,True
HH-08797,NS-0187,52600.0,8,"aadhaar, ration_card, address_proof",False,True,False
HH-08798,NS-1216,7000.0,8,"aadhaar, ration_card, ",True,False,True
HH-08799,NS-0232,20900.0,1,"aadhaar, , ",True,False,True
HH-08800,NS-0291,17900.0,7,"aadhaar, ration_card, address_proof",True,True,True
HH-08801,NS-1157,15800.0,5,"aadhaar, , address_proof",True,True,True
HH-08802,NS-1363,12300.0,7,", ration_card, address_proof",False,True,True
HH-08803,NS-0284,32800.0,5,"aadhaar, ration_card, ",True,False,False
HH-08804,NS-0081,7600.0,8,"aadhaar, , address_proof",True,True,True
HH-08805,NS-1034,16100.0,7,"aadhaar, ration_card, address_proof",True,False,True
HH-08806,NS-1074,17100.0,4,"aadhaar, ration_card, address_proof",True,True,True
HH-08807,NS-0349,15300.0,1,"aadhaar, ration_card, address_proof",True,True,True
HH-08808,NS-1184,23200.0,3,"aadhaar, ration_card, address_proof",True,False,True
HH-08809,NS-0020,15300.0,1,"aadhaar, ration_card, address_proof",True,True,True
HH-08810,NS-0723,19200.0,3,"aadhaar, ration_card, address_proof",True,True,True
HH-08811,NS-1113,12400.0,4,"aadhaar, , ",True,False,True
HH-08812,NS-1066,7900.0,4,"aadhaar, ration_card, address_proof",True,True,True
HH-08813,NS-1050,10600.0,1,", ration_card, ",False,False,True
HH-08814,NS-0916,15000.0,7,"aadhaar, , address_proof",True,True,True
HH-08815,NS-0272,16300.0,7,"aadhaar, ration_card, address_proof",True,True,True
HH-08816,NS-0754,17600.0,5,"aadhaar, , address_proof",True,True,True
HH-08817,NS-1261,20800.0,7,"aadhaar, ration_card, address_proof",True,True,True
HH-08818,NS-1484,30800.0,6,"aadhaar, , address_proof",True,True,False
HH-08819,NS-0417,11900.0,2,"aadhaar, ration_card, ",True,False,True
HH-08820,NS-0052,10500.0,6,"aadhaar, ration_card, address_proof",True,True,True
HH-08821,NS-0535,22400.0,5,"aadhaar, ration_card, ",True,False,True
HH-08822,NS-1162,16300.0,7,"aadhaar, ration_card, ",True,False,True
HH-08823,NS-1147,10800.0,1,"aadhaar, , address_proof",True,True,True
HH-08824,NS-0307,9000.0,6,"aadhaar, ration_card, ",True,False,True
HH-08825,NS-0166,11500.0,5,"aadhaar, ration_card, ",True,False,True
HH-08826,NS-0137,23500.0,6,"aadhaar, ration_card, ",True,False,True
HH-08827,NS-1180,3800.0,5,"aadhaar, ration_card, address_proof",True,True,True
HH-08828,NS-1391,15700.0,8,"aadhaar, ration_card, address_proof",True,True,True
HH-08829,NS-0636,17800.0,7,"aadhaar, , ",True,False,True
HH-08830,NS-0720,7900.0,3,", ration_card, address_proof",False,False,True
HH-08831,NS-0497,11300.0,6,"aadhaar, , ",True,False,True
HH-08832,NS-0160,16700.0,6,"aadhaar, , address_proof",True,True,True
HH-08833,NS-0461,7000.0,5,"aadhaar, ration_card, address_proof",True,True,True
HH-08834,NS-0013,21200.0,8,"aadhaar, ration_card, address_proof",True,True,True
HH-08835,NS-0967,7500.0,2,"aadhaar, , address_proof",True,True,True
HH-08836,NS-0510,9900.0,8,"aadhaar, ration_card, address_proof",True,True,True
HH-08837,NS-0853,6300.0,4,"aadhaar, ration_card, address_proof",True,True,True
HH-08838,NS-1100,10900.0,7,"aadhaar, ration_card, address_proof",True,True,True
HH-08839,NS-1350,21900.0,7,", ration_card, ",False,False,True
HH-08840,NS-1098,50600.0,6,"aadhaar, ration_card, ",False,False,False
HH-08841,NS-1457,21100.0,5,"aadhaar, ration_card, ",True,False,True
HH-08842,NS-1382,28700.0,8,"aadhaar, ration_card, ",True,False,False
HH-08843,NS-1085,5500.0,4,"aadhaar, ration_card, address_proof",True,True,True
HH-08844,NS-0249,18200.0,8,"aadhaar, ration_card, ",True,False,True
HH-08845,NS-0109,9000.0,4,"aadhaar, ration_card, address_proof",True,True,True
HH-08846,NS-0790,13600.0,1,"aadhaar, ration_card, address_proof",True,True,True
HH-08847,NS-0825,6400.0,7,"aadhaar, ration_card, address_proof",True,True,True
HH-08848,NS-1203,6000.0,7,"aadhaar, ration_card, ",True,False,True
HH-08849,NS-0692,32000.0,8,"aadhaar, ration_card, ",True,False,False
HH-08850,NS-1125,12400.0,7,", ration_card, address_proof",False,True,True
HH-08851,NS-0189,11200.0,5,"aadhaar, , ",True,False,True
HH-08852,NS-0174,5500.0,5,"aadhaar, ration_card, address_proof",True,True,True
HH-08853,NS-0474,6300.0,1,"aadhaar, , address_proof",True,True,True
HH-08854,NS-0295,13900.0,6,", ration_card, address_proof",False,True,True
HH-08855,NS-0943,12700.0,7,"aadhaar, ration_card, address_proof",True,True,True
HH-08856,NS-1063,9000.0,8,"aadhaar, ration_card, address_proof",True,True,True
HH-08857,NS-0032,10600.0,8,"aadhaar, ration_card, ",True,False,True
HH-08858,NS-0581,18400.0,8,"aadhaar, ration_card, ",True,False,True
HH-08859,NS-0310,11800.0,2,"aadhaar, ration_card, address_proof",True,True,True
HH-08860,NS-1310,15800.0,4,"aadhaar, ration_card, ",True,False,True
HH-08861,NS-1218,23700.0,7,"aadhaar, , address_proof",True,True,True
HH-08862,NS-0395,11400.0,6,", ration_card, address_proof",False,False,True
HH-08863,NS-0954,5700.0,5,"aadhaar, ration_card, address_proof",True,True,True
HH-08864,NS-0877,7700.0,6,"aadhaar, , ",True,False,True
HH-08865,NS-1239,17500.0,6,"aadhaar, ration_card, address_proof",True,True,True
HH-08866,NS-1189,24500.0,1,"aadhaar, ration_card, address_proof",True,True,True
HH-08867,NS-0850,23600.0,1,", ration_card, address_proof",False,True,True
HH-08868,NS-0075,10300.0,7,"aadhaar, ration_card, ",True,False,True
HH-08869,NS-0055,12700.0,6,"aadhaar, ration_card, ",True,False,True
HH-08870,NS-1309,15600.0,8,"aadhaar, ration_card, ",True,False,True
HH-08871,NS-1141,7200.0,4,", ration_card, address_proof",False,True,True
HH-08872,NS-1026,21900.0,8,"aadhaar, ration_card, address_proof",True,False,True
HH-08873,NS-0521,50000.0,5,"aadhaar, ration_card, ",True,False,False
HH-08874,NS-0496,18500.0,6,"aadhaar, ration_card, address_proof",True,True,True
HH-08875,NS-0729,11200.0,8,"aadhaar, ration_card, address_proof",True,True,True
HH-08876,NS-0099,9700.0,1,"aadhaar, ration_card, address_proof",True,True,True
HH-08877,NS-0851,24500.0,1,"aadhaar, ration_card, address_proof",True,True,True
HH-08878,NS-1147,29800.0,1,"aadhaar, ration_card, address_proof",True,True,False
HH-08879,NS-0193,30900.0,8,"aadhaar, ration_card, address_proof",True,True,False
HH-08880,NS-0341,9200.0,5,"aadhaar, , address_proof",True,True,True
HH-08881,NS-1448,10100.0,1,"aadhaar, ration_card, address_proof",True,True,True
HH-08882,NS-1103,15700.0,3,"aadhaar, ration_card, address_proof",True,True,True
HH-08883,NS-0886,21800.0,6,"aadhaar, , address_proof",True,True,True
HH-08884,NS-1366,15900.0,6,"aadhaar, ration_card, ",True,False,True
HH-08885,NS-0208,23000.0,7,"aadhaar, ration_card, ",True,False,True
HH-08886,NS-0820,11900.0,7,"aadhaar, ration_card, address_proof",True,True,True
HH-08887,NS-1043,4700.0,3,"aadhaar, ration_card, ",True,False,True
HH-08888,NS-1013,4600.0,8,"aadhaar, , address_proof",True,True,True
HH-08889,NS-0076,14100.0,5,"aadhaar, ration_card, ",True,False,True
HH-08890,NS-0101,11900.0,8,"aadhaar, ration_card, ",True,False,True
HH-08891,NS-1261,15300.0,2,"aadhaar, ration_card, address_proof",True,True,True
HH-08892,NS-0004,9400.0,1,"aadhaar, , address_proof",True,True,True
HH-08893,NS-1437,10300.0,7,", ration_card, ",False,False,True
HH-08894,NS-0756,34200.0,2,"aadhaar, ration_card, ",True,False,False
HH-08895,NS-0230,10900.0,7,", ration_card, address_proof",False,True,True
HH-08896,NS-0251,7200.0,4,"aadhaar, ration_card, ",True,False,True
HH-08897,NS-0426,15900.0,7,"aadhaar, ration_card, address_proof",True,True,True
HH-08898,NS-1179,12000.0,6,"aadhaar, ration_card, address_proof",True,True,True
HH-08899,NS-1312,18100.0,5,"aadhaar, ration_card, ",True,False,True
HH-08900,NS-1421,15500.0,3,"aadhaar, ration_card, address_proof",True,True,True
HH-08901,NS-0547,9700.0,2,"aadhaar, , address_proof",True,True,True
HH-08902,NS-0109,22500.0,6,"aadhaar, ration_card, address_proof",True,True,True
HH-08903,NS-1480,30600.0,1,", ration_card, ",False,False,False
HH-08904,NS-0528,13700.0,6,"aadhaar, , address_proof",True,True,True
HH-08905,NS-0135,10000.0,1,"aadhaar, ration_card, address_proof",True,True,True
HH-08906,NS-0142,12900.0,1,"aadhaar, ration_card, ",True,False,True
HH-08907,NS-0430,39200.0,3,"aadhaar, , address_proof",True,True,False
HH-08908,NS-0223,5800.0,5,", ration_card, ",False,False,True
HH-08909,NS-0593,9500.0,2,"aadhaar, ration_card, address_proof",True,True,True
HH-08910,NS-0302,8800.0,7,"aadhaar, , address_proof",True,True,True
HH-08911,NS-0428,17600.0,4,"aadhaar, , ",True,False,True
HH-08912,NS-1011,11100.0,2,"aadhaar, ration_card, address_proof",True,True,True
HH-08913,NS-0141,6200.0,1,"aadhaar, ration_card, ",True,False,True
HH-08914,NS-1142,9800.0,1,"aadhaar, , address_proof",True,True,True
HH-08915,NS-0432,25600.0,4,"aadhaar, , ",True,False,False
HH-08916,NS-0119,8100.0,3,"aadhaar, ration_card, address_proof",True,True,True
HH-08917,NS-0380,13900.0,6,", ration_card, address_proof",False,True,True
HH-08918,NS-0476,6800.0,6,"aadhaar, ration_card, address_proof",True,True,True
HH-08919,NS-0790,53400.0,4,"aadhaar, ration_card, address_proof",False,True,False
HH-08920,NS-0480,10200.0,4,"aadhaar, ration_card, address_proof",True,True,True
HH-08921,NS-0459,12000.0,1,"aadhaar, ration_card, address_proof",True,True,True
HH-08922,NS-0248,21700.0,6,"aadhaar, , address_proof",True,True,True
HH-08923,NS-0934,12200.0,5,"aadhaar, ration_card, ",True,False,True
HH-08924,NS-1234,10200.0,3,", ration_card, address_proof",False,False,True
HH-08925,NS-1189,14000.0,8,", ration_card, address_proof",False,True,True
HH-08926,NS-0299,27300.0,8,", ration_card, ",False,False,False
HH-08927,NS-0933,9100.0,7,"aadhaar, ration_card, address_proof",True,True,True
HH-08928,NS-0376,6700.0,6,", , address_proof",False,True,True
HH-08929,NS-0877,24000.0,4,"aadhaar, ration_card, address_proof",True,True,True
HH-08930,NS-1039,26400.0,4,"aadhaar, , ",True,False,False
HH-08931,NS-1499,16700.0,2,"aadhaar, ration_card, ",True,False,True
HH-08932,NS-0942,6700.0,3,"aadhaar, , ",True,False,True
HH-08933,NS-1094,8200.0,3,", ration_card, address_proof",False,True,True
HH-08934,NS-0641,13900.0,6,"aadhaar, ration_card, address_proof",True,True,True
HH-08935,NS-0122,25600.0,3,"aadhaar, ration_card, address_proof",True,True,False
HH-08936,NS-0991,14000.0,7,"aadhaar, ration_card, address_proof",True,True,True
HH-08937,NS-1402,22200.0,1,"aadhaar, ration_card, ",True,False,True
HH-08938,NS-0912,17900.0,5,", ration_card, ",False,False,True
HH-08939,NS-0441,6100.0,7,"aadhaar, ration_card, ",True,False,True
HH-08940,NS-1181,15100.0,6,"aadhaar, , address_proof",True,False,True
HH-08941,NS-0161,10900.0,4,"aadhaar, ration_card, address_proof",True,True,True
HH-08942,NS-0744,18300.0,4,"aadhaar, ration_card, address_proof",True,True,True
HH-08943,NS-1054,12700.0,1,"aadhaar, ration_card, address_proof",True,False,True
HH-08944,NS-1100,35200.0,6,"aadhaar, ration_card, address_proof",True,True,False
HH-08945,NS-0308,6000.0,6,"aadhaar, ration_card, address_proof",True,False,True
HH-08946,NS-0380,8100.0,1,"aadhaar, ration_card, ",True,False,True
HH-08947,NS-1430,27800.0,4,"aadhaar, ration_card, ",True,False,False
HH-08948,NS-0628,26700.0,6,"aadhaar, , address_proof",True,True,False
HH-08949,NS-1069,17200.0,8,"aadhaar, ration_card, ",True,False,True
HH-08950,NS-0899,9400.0,8,"aadhaar, ration_card, ",True,False,True
HH-08951,NS-0184,5100.0,7,", , ",False,False,True
HH-08952,NS-0236,33400.0,5,"aadhaar, ration_card, ",True,False,False
HH-08953,NS-0662,19900.0,2,"aadhaar, ration_card, ",True,False,True
HH-08954,NS-0270,21900.0,6,", ration_card, ",False,False,True
HH-08955,NS-0762,12000.0,7,"aadhaar, ration_card, ",True,False,True
HH-08956,NS-0799,11100.0,2,"aadhaar, ration_card, ",True,False,True
HH-08957,NS-0917,16700.0,3,"aadhaar, ration_card, ",True,False,True
HH-08958,NS-1384,10700.0,3,"aadhaar, ration_card, address_proof",True,True,True
HH-08959,NS-0357,27000.0,4,"aadhaar, ration_card, ",True,False,False
HH-08960,NS-1231,15500.0,2,"aadhaar, ration_card, ",True,False,True
HH-08961,NS-0580,20700.0,8,"aadhaar, ration_card, address_proof",True,True,True
HH-08962,NS-0044,7100.0,8,"aadhaar, , address_proof",True,True,True
HH-08963,NS-1319,19700.0,3,"aadhaar, ration_card, ",True,False,True
HH-08964,NS-1038,28800.0,2,"aadhaar, ration_card, address_proof",True,True,False
HH-08965,NS-0780,25800.0,3,"aadhaar, ration_card, address_proof",True,True,False
HH-08966,NS-0759,9200.0,7,"aadhaar, , ",True,False,True
HH-08967,NS-0042,5100.0,3,"aadhaar, ration_card, address_proof",True,True,True
HH-08968,NS-1324,6700.0,3,", ration_card, address_proof",False,True,True
HH-08969,NS-1466,16400.0,5,"aadhaar, ration_card, ",True,False,True
HH-08970,NS-0996,11400.0,5,"aadhaar, ration_card, ",True,False,True
HH-08971,NS-1332,11600.0,7,"aadhaar, ration_card, ",True,False,True
HH-08972,NS-0938,11700.0,1,"aadhaar, ration_card, ",True,False,True
HH-08973,NS-1034,16100.0,3,"aadhaar, , ",True,False,True
HH-08974,NS-0456,21300.0,7,"aadhaar, ration_card, address_proof",True,True,True
HH-08975,NS-1339,11700.0,7,"aadhaar, ration_card, address_proof",True,True,True
HH-08976,NS-1343,12600.0,4,"aadhaar, , address_proof",True,True,True
HH-08977,NS-0336,7200.0,6,"aadhaar, ration_card, ",True,False,True
HH-08978,NS-0144,8500.0,6,"aadhaar, ration_card, address_proof",True,False,True
HH-08979,NS-0275,38600.0,2,"aadhaar, , address_proof",True,False,False
HH-08980,NS-0130,17200.0,4,"aadhaar, ration_card, address_proof",True,False,True
HH-08981,NS-1385,7300.0,1,"aadhaar, ration_card, address_proof",True,True,True
HH-08982,NS-0460,8200.0,6,", ration_card, address_proof",False,True,True
HH-08983,NS-0788,17200.0,3,"aadhaar, ration_card, address_proof",True,True,True
HH-08984,NS-0465,25400.0,4,"aadhaar, , ",True,False,False
HH-08985,NS-0650,29600.0,4,", ration_card, address_proof",False,True,False
HH-08986,NS-0785,51200.0,6,"aadhaar, ration_card, address_proof",False,True,False
HH-08987,NS-0306,11300.0,8,"aadhaar, ration_card, address_proof",True,True,True
HH-08988,NS-1283,13500.0,5,"aadhaar, , address_proof",True,True,True
HH-08989,NS-1493,12600.0,7,", ration_card, address_proof",False,True,True
HH-08990,NS-0111,17200.0,3,"aadhaar, ration_card, ",True,False,True
HH-08991,NS-0419,7700.0,5,"aadhaar, ration_card, address_proof",True,True,True
HH-08992,NS-0444,5200.0,2,"aadhaar, ration_card, address_proof",True,False,True
HH-08993,NS-0391,16400.0,2,"aadhaar, ration_card, ",True,False,True
HH-08994,NS-0271,10300.0,6,"aadhaar, ration_card, address_proof",True,True,True
HH-08995,NS-0949,7700.0,7,"aadhaar, ration_card, address_proof",True,False,True
HH-08996,NS-0453,10500.0,3,"aadhaar, ration_card, ",True,False,True
HH-08997,NS-0975,20100.0,7,"aadhaar, ration_card, ",True,False,True
HH-08998,NS-0593,15100.0,6,"aadhaar, ration_card, address_proof",True,True,True
HH-08999,NS-0673,14300.0,2,"aadhaar, , ",True,False,True
HH-09000,NS-0940,24900.0,3,"aadhaar, , ",True,False,True
HH-09001,NS-0338,8300.0,8,"aadhaar, ration_card, ",True,False,True
HH-09002,NS-0072,6100.0,4,"aadhaar, ration_card, ",True,False,True
HH-09003,NS-0144,7600.0,2,"aadhaar, , address_proof",True,False,True
HH-09004,NS-0894,7700.0,3,"aadhaar, ration_card, ",True,False,True
HH-09005,NS-0657,7100.0,5,"aadhaar, ration_card, address_proof",True,True,True
HH-09006,NS-0763,16400.0,2,", , address_proof",False,True,True
HH-09007,NS-0764,6600.0,1,", , address_proof",False,True,True
HH-09008,NS-1228,12800.0,3,"aadhaar, ration_card, address_proof",True,True,True
HH-09009,NS-1031,8800.0,8,"aadhaar, ration_card, ",True,False,True
HH-09010,NS-0943,15800.0,6,"aadhaar, ration_card, ",True,False,True
HH-09011,NS-0209,9900.0,7,"aadhaar, , address_proof",True,True,True
HH-09012,NS-0985,16500.0,3,"aadhaar, ration_card, ",True,False,True
HH-09013,NS-0950,5700.0,6,"aadhaar, ration_card, address_proof",True,True,True
HH-09014,NS-0775,21200.0,6,"aadhaar, ration_card, address_proof",True,True,True
HH-09015,NS-0376,26900.0,8,"aadhaar, ration_card, address_proof",True,True,False
HH-09016,NS-1190,30800.0,2,"aadhaar, ration_card, address_proof",True,True,False
HH-09017,NS-0645,4400.0,1,"aadhaar, ration_card, address_proof",True,True,True
HH-09018,NS-0450,11900.0,6,"aadhaar, ration_card, ",True,False,True
HH-09019,NS-0292,23900.0,6,", ration_card, address_proof",False,True,True
HH-09020,NS-0284,10800.0,3,"aadhaar, ration_card, ",True,False,True
HH-09021,NS-1429,10400.0,3,"aadhaar, ration_card, ",True,False,True
HH-09022,NS-0437,11100.0,1,"aadhaar, ration_card, ",True,False,True
HH-09023,NS-1446,19200.0,8,"aadhaar, ration_card, ",True,False,True
HH-09024,NS-1218,4100.0,4,"aadhaar, ration_card, address_proof",True,True,True
HH-09025,NS-0585,7800.0,5,", ration_card, address_proof",False,True,True
HH-09026,NS-1298,16300.0,1,"aadhaar, ration_card, address_proof",True,True,True
HH-09027,NS-1419,5000.0,8,"aadhaar, ration_card, address_proof",True,True,True
HH-09028,NS-0315,10600.0,6,"aadhaar, ration_card, ",True,False,True
HH-09029,NS-0818,13300.0,7,"aadhaar, ration_card, address_proof",True,False,True
HH-09030,NS-0994,29200.0,1,"aadhaar, ration_card, address_proof",True,True,False
HH-09031,NS-1053,32100.0,6,", , address_proof",False,True,False
HH-09032,NS-0977,15000.0,4,"aadhaar, ration_card, address_proof",True,True,True
HH-09033,NS-0553,7400.0,1,", , address_proof",False,True,True
HH-09034,NS-0935,29500.0,5,"aadhaar, ration_card, address_proof",True,True,False
HH-09035,NS-1015,15500.0,2,"aadhaar, , address_proof",True,True,True
HH-09036,NS-1356,3000.0,1,", ration_card, address_proof",False,True,True
HH-09037,NS-1477,10400.0,3,"aadhaar, , ",True,False,True
HH-09038,NS-0987,24000.0,3,"aadhaar, ration_card, address_proof",True,True,True
HH-09039,NS-0254,11100.0,6,"aadhaar, ration_card, ",True,False,True
HH-09040,NS-0217,22900.0,4,"aadhaar, , ",True,False,True
HH-09041,NS-1048,10800.0,8,"aadhaar, ration_card, ",True,False,True
HH-09042,NS-0647,8800.0,5,"aadhaar, ration_card, address_proof",True,True,True
HH-09043,NS-0777,19500.0,3,"aadhaar, ration_card, address_proof",True,True,True
HH-09044,NS-0953,9200.0,7,"aadhaar, ration_card, address_proof",True,True,True
HH-09045,NS-0808,18100.0,1,"aadhaar, , ",True,False,True
HH-09046,NS-1204,6200.0,8,"aadhaar, ration_card, address_proof",True,True,True
HH-09047,NS-0543,16400.0,3,"aadhaar, ration_card, address_proof",True,True,True
HH-09048,NS-1346,9400.0,7,"aadhaar, ration_card, address_proof",True,True,True
HH-09049,NS-0884,7800.0,2,"aadhaar, , address_proof",True,True,True
HH-09050,NS-0314,16200.0,5,"aadhaar, ration_card, address_proof",True,True,True
HH-09051,NS-0027,15000.0,4,"aadhaar, , address_proof",True,True,True
HH-09052,NS-0512,17100.0,2,"aadhaar, , address_proof",True,True,True
HH-09053,NS-0726,6000.0,4,", ration_card, address_proof",False,True,True
HH-09054,NS-0900,15400.0,2,"aadhaar, ration_card, address_proof",True,True,True
HH-09055,NS-1443,7000.0,5,", ration_card, address_proof",False,True,True
HH-09056,NS-0544,9200.0,8,"aadhaar, ration_card, address_proof",True,True,True
HH-09057,NS-1264,13400.0,2,"aadhaar, ration_card, ",True,False,True
HH-09058,NS-0151,6000.0,4,"aadhaar, ration_card, ",True,False,True
HH-09059,NS-1005,7300.0,4,"aadhaar, , address_proof",True,False,True
HH-09060,NS-0441,13000.0,8,"aadhaar, , ",True,False,True
HH-09061,NS-0907,28100.0,7,"aadhaar, ration_card, address_proof",True,True,False
HH-09062,NS-0320,6700.0,1,"aadhaar, ration_card, address_proof",True,True,True
HH-09063,NS-0778,32700.0,8,"aadhaar, ration_card, address_proof",True,True,False
HH-09064,NS-1408,13700.0,8,"aadhaar, ration_card, ",True,False,True
HH-09065,NS-0065,13800.0,2,"aadhaar, ration_card, ",True,False,True
HH-09066,NS-0025,11600.0,7,", ration_card, address_proof",False,True,True
HH-09067,NS-0170,27700.0,7,"aadhaar, ration_card, address_proof",True,True,False
HH-09068,NS-0986,11200.0,6,"aadhaar, ration_card, address_proof",True,False,True
HH-09069,NS-1437,9200.0,3,"aadhaar, ration_card, address_proof",True,True,True
HH-09070,NS-0447,6800.0,7,"aadhaar, , address_proof",True,True,True
HH-09071,NS-0955,15300.0,2,", ration_card, address_proof",False,True,True
HH-09072,NS-0066,5600.0,3,"aadhaar, , ",True,False,True
HH-09073,NS-0684,33400.0,3,", ration_card, address_proof",False,True,False
HH-09074,NS-1059,23300.0,7,"aadhaar, ration_card, address_proof",True,False,True
HH-09075,NS-0232,10500.0,3,"aadhaar, ration_card, address_proof",True,True,True
HH-09076,NS-1282,26200.0,5,"aadhaar, ration_card, address_proof",True,True,False
HH-09077,NS-0499,3000.0,4,"aadhaar, ration_card, ",True,False,True
HH-09078,NS-1403,11800.0,1,"aadhaar, , ",True,False,True
HH-09079,NS-0481,20000.0,7,"aadhaar, ration_card, address_proof",True,True,True
HH-09080,NS-0872,24400.0,2,"aadhaar, ration_card, ",True,False,True
HH-09081,NS-1100,17800.0,4,"aadhaar, , address_proof",True,True,True
HH-09082,NS-1390,23000.0,8,"aadhaar, ration_card, address_proof",True,True,True
HH-09083,NS-1325,22300.0,3,"aadhaar, ration_card, address_proof",True,True,True
HH-09084,NS-0511,11800.0,2,"aadhaar, ration_card, ",True,False,True
HH-09085,NS-1450,7200.0,5,"aadhaar, ration_card, ",True,False,True
HH-09086,NS-0094,21600.0,8,"aadhaar, ration_card, address_proof",True,False,True
HH-09087,NS-0006,6500.0,1,", ration_card, address_proof",False,False,True
HH-09088,NS-0711,13300.0,2,"aadhaar, ration_card, ",True,False,True
HH-09089,NS-1353,10000.0,2,"aadhaar, ration_card, ",True,False,True
HH-09090,NS-1217,9900.0,5,"aadhaar, ration_card, address_proof",True,True,True
HH-09091,NS-1432,18900.0,8,"aadhaar, ration_card, address_proof",True,True,True
HH-09092,NS-0211,10700.0,6,"aadhaar, ration_card, ",True,False,True
HH-09093,NS-1020,15300.0,2,"aadhaar, , address_proof",True,True,True
HH-09094,NS-0795,9700.0,7,", ration_card, address_proof",False,True,True
HH-09095,NS-0716,39200.0,1,", ration_card, ",False,False,False
HH-09096,NS-0977,4400.0,7,"aadhaar, ration_card, address_proof",True,True,True
HH-09097,NS-0848,8200.0,3,"aadhaar, ration_card, address_proof",True,True,True
HH-09098,NS-0124,24600.0,4,"aadhaar, ration_card, address_proof",True,True,True
HH-09099,NS-0801,30400.0,1,"aadhaar, ration_card, ",True,False,False
HH-09100,NS-1268,15200.0,1,"aadhaar, ration_card, address_proof",True,False,True
HH-09101,NS-0260,24000.0,1,"aadhaar, , address_proof",True,True,True
HH-09102,NS-1339,6500.0,8,"aadhaar, ration_card, ",True,False,True
HH-09103,NS-0384,12900.0,2,"aadhaar, ration_card, ",True,False,True
HH-09104,NS-1164,21400.0,3,"aadhaar, ration_card, ",True,False,True
HH-09105,NS-1413,8800.0,1,"aadhaar, ration_card, address_proof",True,True,True
HH-09106,NS-1022,10800.0,2,"aadhaar, ration_card, address_proof",True,True,True
HH-09107,NS-1474,41100.0,5,"aadhaar, ration_card, address_proof",True,True,False
HH-09108,NS-0509,14100.0,6,"aadhaar, ration_card, address_proof",True,True,True
HH-09109,NS-0803,18900.0,8,"aadhaar, ration_card, address_proof",True,True,True
HH-09110,NS-1396,8700.0,1,"aadhaar, ration_card, ",True,False,True
HH-09111,NS-0231,13800.0,2,"aadhaar, , address_proof",True,True,True
HH-09112,NS-1379,5700.0,3,"aadhaar, , address_proof",True,True,True
HH-09113,NS-0302,6000.0,5,", ration_card, address_proof",False,True,True
HH-09114,NS-0031,32400.0,5,"aadhaar, ration_card, ",True,False,False
HH-09115,NS-0071,12200.0,8,"aadhaar, ration_card, address_proof",True,True,True
HH-09116,NS-0610,18000.0,8,"aadhaar, , ",True,False,True
HH-09117,NS-1082,12000.0,8,"aadhaar, ration_card, ",True,False,True
HH-09118,NS-0136,20700.0,3,"aadhaar, , ",True,False,True
HH-09119,NS-1398,17400.0,2,", ration_card, ",False,False,True
HH-09120,NS-0234,12200.0,7,"aadhaar, ration_card, ",True,False,True
HH-09121,NS-1417,6800.0,7,"aadhaar, ration_card, address_proof",True,True,True
HH-09122,NS-0915,12600.0,8,"aadhaar, ration_card, ",True,False,True
HH-09123,NS-1067,9000.0,1,"aadhaar, ration_card, address_proof",True,True,True
HH-09124,NS-0061,10700.0,1,"aadhaar, , address_proof",True,True,True
HH-09125,NS-0045,15800.0,6,", , address_proof",False,True,True
HH-09126,NS-0080,9800.0,6,"aadhaar, ration_card, address_proof",True,False,True
HH-09127,NS-1192,10200.0,7,"aadhaar, ration_card, address_proof",True,False,True
HH-09128,NS-0650,32200.0,4,"aadhaar, ration_card, ",True,False,False
HH-09129,NS-0778,4600.0,5,"aadhaar, , address_proof",True,True,True
HH-09130,NS-0957,13500.0,1,"aadhaar, ration_card, address_proof",True,True,True
HH-09131,NS-0075,30900.0,6,"aadhaar, ration_card, address_proof",True,True,False
HH-09132,NS-0648,9900.0,5,"aadhaar, , address_proof",True,True,True
HH-09133,NS-0875,11800.0,5,"aadhaar, , address_proof",True,True,True
HH-09134,NS-0266,15600.0,7,"aadhaar, ration_card, ",True,False,True
HH-09135,NS-0757,13100.0,4,", ration_card, address_proof",False,False,True
HH-09136,NS-0303,14100.0,8,"aadhaar, ration_card, address_proof",True,True,True
HH-09137,NS-1005,9100.0,3,"aadhaar, , address_proof",True,False,True
HH-09138,NS-0109,31800.0,7,"aadhaar, ration_card, ",True,False,False
HH-09139,NS-1237,5200.0,7,"aadhaar, , address_proof",True,True,True
HH-09140,NS-1031,4300.0,4,"aadhaar, ration_card, address_proof",True,True,True
HH-09141,NS-0660,9700.0,5,"aadhaar, ration_card, ",True,False,True
HH-09142,NS-1339,6100.0,1,"aadhaar, , address_proof",True,True,True
HH-09143,NS-0871,8200.0,1,"aadhaar, ration_card, ",True,False,True
HH-09144,NS-0501,4800.0,5,"aadhaar, ration_card, address_proof",True,True,True
HH-09145,NS-0716,7100.0,2,"aadhaar, ration_card, address_proof",True,False,True
HH-09146,NS-0852,15600.0,8,", ration_card, ",False,False,True
HH-09147,NS-0179,26600.0,7,"aadhaar, ration_card, address_proof",True,True,False
HH-09148,NS-1025,22200.0,7,"aadhaar, ration_card, ",True,False,True
HH-09149,NS-0088,22300.0,4,"aadhaar, ration_card, ",True,False,True
HH-09150,NS-0684,7300.0,4,"aadhaar, , ",True,False,True
HH-09151,NS-1162,25900.0,3,"aadhaar, ration_card, address_proof",True,True,False
HH-09152,NS-0902,9800.0,5,", ration_card, address_proof",False,True,True
HH-09153,NS-0399,13300.0,3,"aadhaar, ration_card, ",True,False,True
HH-09154,NS-0549,19100.0,5,"aadhaar, ration_card, address_proof",True,False,True
HH-09155,NS-1374,14900.0,1,"aadhaar, ration_card, ",True,False,True
HH-09156,NS-1205,9000.0,2,"aadhaar, ration_card, address_proof",True,True,True
HH-09157,NS-1263,10800.0,1,"aadhaar, , ",True,False,True
HH-09158,NS-0156,15600.0,5,"aadhaar, ration_card, address_proof",True,True,True
HH-09159,NS-0403,10400.0,6,"aadhaar, ration_card, address_proof",True,True,True
HH-09160,NS-0870,9300.0,3,"aadhaar, ration_card, address_proof",True,True,True
HH-09161,NS-1060,6600.0,7,"aadhaar, , address_proof",True,True,True
HH-09162,NS-0228,21500.0,2,"aadhaar, ration_card, address_proof",True,True,True
HH-09163,NS-0082,31900.0,6,"aadhaar, ration_card, ",True,False,False
HH-09164,NS-0926,7000.0,4,"aadhaar, ration_card, address_proof",True,False,True
HH-09165,NS-0701,11800.0,1,"aadhaar, , ",True,False,True
HH-09166,NS-0794,24700.0,3,"aadhaar, ration_card, ",True,False,True
HH-09167,NS-0737,23600.0,1,"aadhaar, ration_card, address_proof",True,True,True
HH-09168,NS-1357,5500.0,5,"aadhaar, ration_card, address_proof",True,True,True
HH-09169,NS-0572,11900.0,2,", ration_card, address_proof",False,True,True
HH-09170,NS-1389,40200.0,5,"aadhaar, ration_card, address_proof",True,True,False
HH-09171,NS-0277,14000.0,7,"aadhaar, ration_card, address_proof",True,True,True
HH-09172,NS-1304,6800.0,4,"aadhaar, ration_card, address_proof",True,True,True
HH-09173,NS-0413,17700.0,3,"aadhaar, ration_card, address_proof",True,True,True
HH-09174,NS-0584,30600.0,3,"aadhaar, , address_proof",True,True,False
HH-09175,NS-1043,23800.0,6,"aadhaar, ration_card, address_proof",True,True,True
HH-09176,NS-0270,8500.0,7,"aadhaar, ration_card, ",True,False,True
HH-09177,NS-1365,7000.0,2,"aadhaar, ration_card, ",True,False,True
HH-09178,NS-0681,13600.0,2,"aadhaar, ration_card, ",True,False,True
HH-09179,NS-1108,24100.0,7,"aadhaar, ration_card, address_proof",True,True,True
HH-09180,NS-0687,11700.0,6,"aadhaar, ration_card, address_proof",True,True,True
HH-09181,NS-0220,16200.0,1,"aadhaar, , address_proof",True,True,True
HH-09182,NS-0812,11900.0,1,"aadhaar, , address_proof",True,True,True
HH-09183,NS-0977,17800.0,4,"aadhaar, ration_card, address_proof",True,True,True
HH-09184,NS-1497,14300.0,2,"aadhaar, ration_card, ",True,False,True
HH-09185,NS-1334,12200.0,2,"aadhaar, ration_card, ",True,False,True
HH-09186,NS-0972,7300.0,3,"aadhaar, ration_card, address_proof",True,True,True
HH-09187,NS-1235,9200.0,4,"aadhaar, ration_card, address_proof",True,True,True
HH-09188,NS-0627,10400.0,4,"aadhaar, ration_card, address_proof",True,True,True
HH-09189,NS-1459,18100.0,6,"aadhaar, ration_card, ",True,False,True
HH-09190,NS-0865,38400.0,2,"aadhaar, , address_proof",True,False,False
HH-09191,NS-0811,9700.0,5,"aadhaar, , ",True,False,True
HH-09192,NS-0301,11600.0,6,"aadhaar, , address_proof",True,True,True
HH-09193,NS-0470,6200.0,1,"aadhaar, , ",True,False,True
HH-09194,NS-0946,25600.0,5,"aadhaar, ration_card, address_proof",True,True,False
HH-09195,NS-1019,26600.0,2,"aadhaar, , address_proof",True,True,False
HH-09196,NS-0863,13600.0,3,"aadhaar, ration_card, address_proof",True,True,True
HH-09197,NS-0717,20700.0,5,"aadhaar, ration_card, address_proof",True,True,True
HH-09198,NS-0990,24800.0,7,"aadhaar, ration_card, address_proof",True,True,True
HH-09199,NS-0396,10400.0,6,"aadhaar, ration_card, ",True,False,True
HH-09200,NS-0140,5400.0,4,"aadhaar, , address_proof",True,True,True
HH-09201,NS-0075,21100.0,4,"aadhaar, ration_card, address_proof",True,True,True
HH-09202,NS-0386,5400.0,7,"aadhaar, , ",True,False,True
HH-09203,NS-0657,22000.0,7,"aadhaar, , address_proof",True,True,True
HH-09204,NS-1342,6800.0,6,"aadhaar, ration_card, ",True,False,True
HH-09205,NS-1199,25200.0,7,", ration_card, address_proof",False,True,False
HH-09206,NS-0401,42700.0,6,"aadhaar, ration_card, ",True,False,False
HH-09207,NS-1191,4500.0,2,"aadhaar, , address_proof",True,True,True
HH-09208,NS-0203,11800.0,6,"aadhaar, ration_card, ",True,False,True
HH-09209,NS-0097,17800.0,2,"aadhaar, ration_card, ",True,False,True
HH-09210,NS-0777,33900.0,5,"aadhaar, ration_card, address_proof",True,True,False
HH-09211,NS-1372,15600.0,7,"aadhaar, ration_card, address_proof",True,True,True
HH-09212,NS-0345,7200.0,3,"aadhaar, ration_card, address_proof",True,True,True
HH-09213,NS-1299,6400.0,4,"aadhaar, , address_proof",True,True,True
HH-09214,NS-1391,31400.0,6,"aadhaar, , address_proof",True,True,False
HH-09215,NS-1083,15400.0,6,"aadhaar, , address_proof",True,True,True
HH-09216,NS-1473,15100.0,8,"aadhaar, ration_card, address_proof",True,True,True
HH-09217,NS-0708,6000.0,7,"aadhaar, , ",True,False,True
HH-09218,NS-1130,23000.0,2,", ration_card, ",False,False,True
HH-09219,NS-0509,3900.0,3,", ration_card, address_proof",False,True,True
HH-09220,NS-0236,8700.0,7,"aadhaar, ration_card, address_proof",True,True,True
HH-09221,NS-0506,21700.0,7,"aadhaar, ration_card, address_proof",True,True,True
HH-09222,NS-0379,6100.0,2,"aadhaar, ration_card, address_proof",True,True,True
HH-09223,NS-0829,17200.0,4,", ration_card, ",False,False,True
HH-09224,NS-0811,12400.0,2,"aadhaar, , address_proof",True,True,True
HH-09225,NS-0557,12300.0,4,"aadhaar, ration_card, ",True,False,True
HH-09226,NS-0806,16400.0,5,", ration_card, ",False,False,True
HH-09227,NS-0329,12700.0,7,"aadhaar, ration_card, ",True,False,True
HH-09228,NS-0832,12500.0,5,", ration_card, address_proof",False,False,True
HH-09229,NS-0129,18900.0,4,"aadhaar, , address_proof",True,True,True
HH-09230,NS-0982,15700.0,5,"aadhaar, ration_card, ",True,False,True
HH-09231,NS-1419,9900.0,8,"aadhaar, , ",True,False,True
HH-09232,NS-1040,10000.0,8,"aadhaar, ration_card, address_proof",True,True,True
HH-09233,NS-0721,3800.0,8,"aadhaar, ration_card, ",True,False,True
HH-09234,NS-0451,11000.0,3,"aadhaar, , ",True,False,True
HH-09235,NS-0318,6300.0,2,"aadhaar, ration_card, ",True,False,True
HH-09236,NS-0359,9400.0,7,"aadhaar, ration_card, address_proof",True,True,True
HH-09237,NS-0551,27200.0,1,"aadhaar, , ",True,False,False
HH-09238,NS-0843,17600.0,2,"aadhaar, ration_card, address_proof",True,True,True
HH-09239,NS-1229,14100.0,1,"aadhaar, ration_card, ",True,False,True
HH-09240,NS-0342,10600.0,2,"aadhaar, ration_card, address_proof",True,True,True
HH-09241,NS-0686,14700.0,8,", , address_proof",False,True,True
HH-09242,NS-0663,12000.0,8,"aadhaar, ration_card, address_proof",True,True,True
HH-09243,NS-0075,17100.0,2,"aadhaar, ration_card, ",True,False,True
HH-09244,NS-0102,31400.0,5,"aadhaar, ration_card, address_proof",True,True,False
HH-09245,NS-0081,5400.0,3,"aadhaar, , address_proof",True,True,True
HH-09246,NS-1430,19700.0,4,"aadhaar, ration_card, address_proof",True,True,True
HH-09247,NS-1404,3100.0,8,"aadhaar, ration_card, address_proof",True,True,True
HH-09248,NS-0109,11500.0,5,"aadhaar, ration_card, address_proof",True,True,True
HH-09249,NS-0565,5700.0,5,"aadhaar, ration_card, address_proof",True,False,True
HH-09250,NS-1025,22100.0,2,"aadhaar, ration_card, address_proof",True,True,True
HH-09251,NS-0520,20500.0,1,"aadhaar, ration_card, address_proof",True,True,True
HH-09252,NS-0156,18700.0,2,"aadhaar, , address_proof",True,True,True
HH-09253,NS-0141,15900.0,3,", ration_card, address_proof",False,True,True
HH-09254,NS-0502,6000.0,5,"aadhaar, ration_card, address_proof",True,False,True
HH-09255,NS-0199,6700.0,5,"aadhaar, , ",True,False,True
HH-09256,NS-1459,21200.0,7,", , ",False,False,True
HH-09257,NS-1258,13600.0,7,"aadhaar, ration_card, address_proof",True,True,True
HH-09258,NS-1416,23000.0,5,", , address_proof",False,False,True
HH-09259,NS-0856,11300.0,7,", ration_card, address_proof",False,True,True
HH-09260,NS-0303,14100.0,6,"aadhaar, , address_proof",True,True,True
HH-09261,NS-0152,4700.0,1,"aadhaar, ration_card, address_proof",True,False,True
HH-09262,NS-0762,5900.0,3,", ration_card, address_proof",False,True,True
HH-09263,NS-0749,28800.0,6,"aadhaar, , ",True,False,False
HH-09264,NS-0475,10900.0,7,"aadhaar, ration_card, ",True,False,True
HH-09265,NS-0510,10600.0,6,"aadhaar, ration_card, address_proof",True,True,True
HH-09266,NS-0211,10600.0,8,", ration_card, address_proof",False,True,True
HH-09267,NS-1378,9200.0,5,"aadhaar, ration_card, address_proof",True,True,True
HH-09268,NS-1238,5300.0,2,"aadhaar, , address_proof",True,False,True
HH-09269,NS-0911,29200.0,5,"aadhaar, ration_card, ",True,False,False
HH-09270,NS-0698,13500.0,2,"aadhaar, ration_card, address_proof",True,True,True
HH-09271,NS-0294,21300.0,4,"aadhaar, ration_card, ",True,False,True
HH-09272,NS-1350,8500.0,2,"aadhaar, ration_card, ",True,False,True
HH-09273,NS-0706,13800.0,2,"aadhaar, ration_card, address_proof",True,True,True
HH-09274,NS-0993,7400.0,3,"aadhaar, ration_card, address_proof",True,True,True
HH-09275,NS-0847,13100.0,3,"aadhaar, ration_card, ",True,False,True
HH-09276,NS-1075,13200.0,8,", ration_card, ",False,False,True
HH-09277,NS-0814,8100.0,6,"aadhaar, ration_card, address_proof",True,True,True
HH-09278,NS-1404,14300.0,7,", ration_card, address_proof",False,True,True
HH-09279,NS-1460,13200.0,8,"aadhaar, , address_proof",True,True,True
HH-09280,NS-0981,17100.0,4,"aadhaar, ration_card, address_proof",True,True,True
HH-09281,NS-0007,13100.0,4,"aadhaar, ration_card, ",True,False,True
HH-09282,NS-1459,22000.0,7,", ration_card, address_proof",False,True,True
HH-09283,NS-0391,35300.0,1,"aadhaar, , address_proof",True,True,False
HH-09284,NS-1320,21700.0,3,"aadhaar, ration_card, ",True,False,True
HH-09285,NS-0958,16900.0,8,"aadhaar, ration_card, address_proof",True,True,True
HH-09286,NS-0644,15200.0,8,"aadhaar, ration_card, ",True,False,True
HH-09287,NS-0237,44200.0,6,"aadhaar, ration_card, ",True,False,False
HH-09288,NS-0529,7600.0,8,"aadhaar, ration_card, address_proof",True,False,True
HH-09289,NS-1099,4500.0,2,"aadhaar, ration_card, ",True,False,True
HH-09290,NS-1063,15600.0,4,"aadhaar, ration_card, address_proof",True,True,True
HH-09291,NS-0693,8600.0,2,"aadhaar, ration_card, address_proof",True,True,True
HH-09292,NS-1080,7300.0,2,"aadhaar, ration_card, address_proof",True,True,True
HH-09293,NS-0207,6400.0,6,"aadhaar, ration_card, ",True,False,True
HH-09294,NS-1014,13300.0,2,", ration_card, address_proof",False,True,True
HH-09295,NS-0193,21200.0,5,"aadhaar, ration_card, address_proof",True,True,True
HH-09296,NS-0732,6800.0,1,"aadhaar, , ",True,False,True
HH-09297,NS-0494,33600.0,2,"aadhaar, ration_card, address_proof",True,True,False
HH-09298,NS-0939,8200.0,5,"aadhaar, ration_card, address_proof",True,True,True
HH-09299,NS-1235,13100.0,2,"aadhaar, ration_card, address_proof",True,True,True
HH-09300,NS-1379,27500.0,3,"aadhaar, ration_card, ",True,False,False
HH-09301,NS-0382,11000.0,5,"aadhaar, ration_card, address_proof",True,True,True
HH-09302,NS-0741,27000.0,6,"aadhaar, ration_card, ",True,False,False
HH-09303,NS-1325,18400.0,1,", ration_card, address_proof",False,True,True
HH-09304,NS-0256,16200.0,7,"aadhaar, ration_card, address_proof",True,True,True
HH-09305,NS-1290,13000.0,1,"aadhaar, ration_card, ",True,False,True
HH-09306,NS-0417,19700.0,4,"aadhaar, ration_card, ",True,False,True
HH-09307,NS-0857,12500.0,5,", ration_card, address_proof",False,True,True
HH-09308,NS-0012,11200.0,8,"aadhaar, ration_card, ",True,False,True
HH-09309,NS-0306,6100.0,8,"aadhaar, ration_card, address_proof",True,True,True
HH-09310,NS-1225,24200.0,3,"aadhaar, ration_card, address_proof",True,True,True
HH-09311,NS-0061,14300.0,4,"aadhaar, ration_card, address_proof",True,True,True
HH-09312,NS-0038,15000.0,3,", , address_proof",False,True,True
HH-09313,NS-1197,10800.0,8,"aadhaar, ration_card, address_proof",True,True,True
HH-09314,NS-0646,10000.0,8,"aadhaar, ration_card, address_proof",True,True,True
HH-09315,NS-1320,13300.0,5,"aadhaar, ration_card, address_proof",True,True,True
HH-09316,NS-0349,24200.0,4,"aadhaar, ration_card, address_proof",True,True,True
HH-09317,NS-1031,5900.0,2,"aadhaar, , ",True,False,True
HH-09318,NS-0518,10800.0,3,"aadhaar, ration_card, address_proof",True,True,True
HH-09319,NS-1162,13400.0,3,"aadhaar, ration_card, ",True,False,True
HH-09320,NS-0328,16400.0,8,"aadhaar, ration_card, address_proof",True,True,True
HH-09321,NS-1431,7300.0,5,"aadhaar, ration_card, address_proof",True,True,True
HH-09322,NS-0765,13200.0,8,"aadhaar, , ",True,False,True
HH-09323,NS-0956,12200.0,2,"aadhaar, ration_card, ",True,False,True
HH-09324,NS-0168,7400.0,7,"aadhaar, , ",True,False,True
HH-09325,NS-0356,8900.0,8,"aadhaar, , address_proof",True,True,True
HH-09326,NS-0107,32700.0,2,", ration_card, address_proof",False,True,False
HH-09327,NS-0600,14100.0,8,", ration_card, ",False,False,True
HH-09328,NS-0755,23300.0,1,"aadhaar, ration_card, address_proof",True,True,True
HH-09329,NS-0482,13600.0,5,"aadhaar, ration_card, address_proof",True,False,True
HH-09330,NS-1084,31200.0,1,"aadhaar, ration_card, address_proof",True,True,False
HH-09331,NS-0054,17400.0,1,"aadhaar, ration_card, ",True,False,True
HH-09332,NS-0502,20700.0,6,"aadhaar, , ",True,False,True
HH-09333,NS-0277,27500.0,2,"aadhaar, ration_card, address_proof",True,True,False
HH-09334,NS-1049,9300.0,5,"aadhaar, ration_card, address_proof",True,True,True
HH-09335,NS-0647,10100.0,5,"aadhaar, ration_card, address_proof",True,True,True
HH-09336,NS-0140,10800.0,3,"aadhaar, ration_card, address_proof",True,True,True
HH-09337,NS-0367,5900.0,8,"aadhaar, ration_card, ",True,False,True
HH-09338,NS-1308,14900.0,2,"aadhaar, ration_card, ",True,False,True
HH-09339,NS-0637,17100.0,6,", ration_card, address_proof",False,True,True
HH-09340,NS-0734,8100.0,1,", ration_card, address_proof",False,True,True
HH-09341,NS-1416,8900.0,8,"aadhaar, ration_card, address_proof",True,False,True
HH-09342,NS-1316,6200.0,6,"aadhaar, ration_card, address_proof",True,True,True
HH-09343,NS-0110,11400.0,6,"aadhaar, ration_card, address_proof",True,True,True
HH-09344,NS-0627,13700.0,6,"aadhaar, ration_card, ",True,False,True
HH-09345,NS-0170,36100.0,5,", ration_card, address_proof",False,True,False
HH-09346,NS-0979,28500.0,6,"aadhaar, ration_card, address_proof",True,True,False
HH-09347,NS-0409,8300.0,6,"aadhaar, ration_card, address_proof",True,True,True
HH-09348,NS-0313,6000.0,2,"aadhaar, ration_card, address_proof",True,True,True
HH-09349,NS-0684,9400.0,5,"aadhaar, ration_card, address_proof",True,True,True
HH-09350,NS-0699,3400.0,8,"aadhaar, ration_card, address_proof",True,True,True
HH-09351,NS-0644,6200.0,3,"aadhaar, ration_card, address_proof",True,True,True
HH-09352,NS-1227,28600.0,2,"aadhaar, ration_card, address_proof",True,False,False
HH-09353,NS-0276,12700.0,1,"aadhaar, , ",True,False,True
HH-09354,NS-0741,9100.0,2,"aadhaar, ration_card, address_proof",True,True,True
HH-09355,NS-0366,12100.0,6,"aadhaar, ration_card, address_proof",True,False,True
HH-09356,NS-0754,28900.0,4,"aadhaar, , address_proof",True,True,False
HH-09357,NS-0795,17800.0,2,"aadhaar, ration_card, ",True,False,True
HH-09358,NS-0615,4000.0,8,"aadhaar, ration_card, ",True,False,True
HH-09359,NS-0510,6500.0,6,"aadhaar, , address_proof",True,True,True
HH-09360,NS-1218,26600.0,5,"aadhaar, ration_card, ",True,False,False
HH-09361,NS-1385,7200.0,2,", ration_card, address_proof",False,True,True
HH-09362,NS-1252,15400.0,3,"aadhaar, ration_card, ",True,False,True
HH-09363,NS-0071,15700.0,5,"aadhaar, , address_proof",True,True,True
HH-09364,NS-0879,7800.0,5,"aadhaar, , ",True,False,True
HH-09365,NS-0277,10400.0,7,"aadhaar, ration_card, address_proof",True,True,True
HH-09366,NS-0551,12100.0,6,"aadhaar, ration_card, ",True,False,True
HH-09367,NS-0212,7400.0,1,"aadhaar, ration_card, address_proof",True,True,True
HH-09368,NS-0169,28400.0,7,"aadhaar, , address_proof",True,True,False
HH-09369,NS-0606,12200.0,5,"aadhaar, , ",True,False,True
HH-09370,NS-1265,10300.0,1,"aadhaar, ration_card, address_proof",True,True,True
HH-09371,NS-0653,8500.0,5,"aadhaar, ration_card, ",True,False,True
HH-09372,NS-1067,8500.0,3,"aadhaar, , address_proof",True,True,True
HH-09373,NS-1062,12800.0,7,"aadhaar, ration_card, ",True,False,True
HH-09374,NS-0145,10500.0,3,"aadhaar, , address_proof",True,True,True
HH-09375,NS-0153,18700.0,1,"aadhaar, ration_card, address_proof",True,False,True
HH-09376,NS-0258,14700.0,8,"aadhaar, ration_card, address_proof",True,True,True
HH-09377,NS-0292,8400.0,5,"aadhaar, ration_card, address_proof",True,True,True
HH-09378,NS-1122,22200.0,5,"aadhaar, ration_card, ",True,False,True
HH-09379,NS-0101,9200.0,4,"aadhaar, ration_card, address_proof",True,True,True
HH-09380,NS-0600,7100.0,2,"aadhaar, ration_card, address_proof",True,False,True
HH-09381,NS-0513,25000.0,6,", ration_card, address_proof",False,True,True
HH-09382,NS-0008,21800.0,7,"aadhaar, , address_proof",True,True,True
HH-09383,NS-0575,12600.0,6,"aadhaar, ration_card, address_proof",True,True,True
HH-09384,NS-0294,18100.0,2,"aadhaar, ration_card, address_proof",True,True,True
HH-09385,NS-1403,6400.0,1,"aadhaar, ration_card, address_proof",True,True,True
HH-09386,NS-0393,11200.0,4,"aadhaar, ration_card, address_proof",True,True,True
HH-09387,NS-1092,41200.0,5,"aadhaar, ration_card, address_proof",True,False,False
HH-09388,NS-0544,5500.0,2,", ration_card, address_proof",False,True,True
HH-09389,NS-0849,13800.0,8,"aadhaar, ration_card, ",True,False,True
HH-09390,NS-0134,39000.0,5,"aadhaar, , address_proof",True,True,False
HH-09391,NS-0347,16100.0,3,", ration_card, address_proof",False,True,True
HH-09392,NS-1252,11200.0,3,"aadhaar, ration_card, address_proof",True,True,True
HH-09393,NS-1375,8100.0,2,"aadhaar, ration_card, ",True,False,True
HH-09394,NS-0698,10300.0,8,"aadhaar, ration_card, ",True,False,True
HH-09395,NS-0449,12000.0,5,"aadhaar, ration_card, ",True,False,True
HH-09396,NS-1073,16800.0,8,"aadhaar, ration_card, address_proof",True,False,True
HH-09397,NS-0657,23400.0,2,"aadhaar, , address_proof",True,True,True
HH-09398,NS-0362,44200.0,2,", ration_card, ",False,False,False
HH-09399,NS-1365,6300.0,2,"aadhaar, ration_card, ",True,False,True
HH-09400,NS-0393,12800.0,2,"aadhaar, ration_card, address_proof",True,True,True
HH-09401,NS-0495,24200.0,7,"aadhaar, ration_card, ",True,False,True
HH-09402,NS-0100,28200.0,8,"aadhaar, ration_card, address_proof",True,True,False
HH-09403,NS-1140,13200.0,1,"aadhaar, ration_card, address_proof",True,False,True
HH-09404,NS-1250,8900.0,4,"aadhaar, , address_proof",True,True,True
HH-09405,NS-0073,8600.0,4,"aadhaar, , ",True,False,True
HH-09406,NS-1444,26000.0,8,", ration_card, address_proof",False,False,False
HH-09407,NS-1297,22600.0,3,"aadhaar, ration_card, address_proof",True,False,True
HH-09408,NS-1094,4400.0,8,", , address_proof",False,True,True
HH-09409,NS-0515,9600.0,5,"aadhaar, , address_proof",True,True,True
HH-09410,NS-1366,14300.0,4,"aadhaar, ration_card, address_proof",True,True,True
HH-09411,NS-0604,13900.0,4,"aadhaar, , ",True,False,True
HH-09412,NS-1325,15800.0,2,"aadhaar, ration_card, address_proof",True,True,True
HH-09413,NS-0943,41000.0,5,"aadhaar, ration_card, address_proof",True,True,False
HH-09414,NS-0454,8500.0,2,"aadhaar, ration_card, ",True,False,True
HH-09415,NS-1278,17500.0,1,"aadhaar, , address_proof",True,True,True
HH-09416,NS-1362,8900.0,7,", ration_card, ",False,False,True
HH-09417,NS-0398,22500.0,6,"aadhaar, ration_card, ",True,False,True
HH-09418,NS-0738,19600.0,8,"aadhaar, ration_card, ",True,False,True
HH-09419,NS-1054,14400.0,3,"aadhaar, ration_card, address_proof",True,False,True
HH-09420,NS-0396,5300.0,8,"aadhaar, ration_card, ",True,False,True
HH-09421,NS-0892,9000.0,7,"aadhaar, ration_card, ",True,False,True
HH-09422,NS-0026,15600.0,2,"aadhaar, ration_card, ",True,False,True
HH-09423,NS-0774,3400.0,6,"aadhaar, ration_card, address_proof",True,True,True
HH-09424,NS-0341,7000.0,6,"aadhaar, ration_card, address_proof",True,True,True
HH-09425,NS-1351,14000.0,4,"aadhaar, ration_card, address_proof",True,True,True
HH-09426,NS-0376,17300.0,6,"aadhaar, ration_card, ",True,False,True
HH-09427,NS-1051,25900.0,2,", ration_card, address_proof",False,True,False
HH-09428,NS-0234,37500.0,2,"aadhaar, ration_card, address_proof",True,True,False
HH-09429,NS-0124,52100.0,4,"aadhaar, , address_proof",False,True,False
HH-09430,NS-0672,19400.0,3,", , ",False,False,True
HH-09431,NS-1209,22000.0,8,"aadhaar, , address_proof",True,True,True
HH-09432,NS-0698,12900.0,8,"aadhaar, ration_card, address_proof",True,True,True
HH-09433,NS-1333,11800.0,4,", ration_card, ",False,False,True
HH-09434,NS-1412,21800.0,7,"aadhaar, ration_card, address_proof",True,True,True
HH-09435,NS-1449,14900.0,4,"aadhaar, ration_card, address_proof",True,False,True
HH-09436,NS-0491,15200.0,3,", ration_card, address_proof",False,True,True
HH-09437,NS-0486,18300.0,6,"aadhaar, ration_card, address_proof",True,True,True
HH-09438,NS-1197,9600.0,7,"aadhaar, ration_card, address_proof",True,True,True
HH-09439,NS-1402,7800.0,3,"aadhaar, ration_card, address_proof",True,True,True
HH-09440,NS-1333,9100.0,8,", ration_card, address_proof",False,True,True
HH-09441,NS-0690,29200.0,8,"aadhaar, ration_card, address_proof",True,True,False
HH-09442,NS-1133,5600.0,3,"aadhaar, ration_card, address_proof",True,True,True
HH-09443,NS-0269,8000.0,5,"aadhaar, ration_card, address_proof",True,True,True
HH-09444,NS-0578,25300.0,6,", ration_card, ",False,False,False
HH-09445,NS-0803,13700.0,7,"aadhaar, ration_card, address_proof",True,True,True
HH-09446,NS-0631,9200.0,4,"aadhaar, ration_card, address_proof",True,True,True
HH-09447,NS-0298,7500.0,5,"aadhaar, ration_card, address_proof",True,True,True
HH-09448,NS-1199,5400.0,4,"aadhaar, ration_card, ",True,False,True
HH-09449,NS-1161,19900.0,4,"aadhaar, ration_card, address_proof",True,True,True
HH-09450,NS-0024,19000.0,8,"aadhaar, , ",True,False,True
HH-09451,NS-0076,15200.0,7,"aadhaar, ration_card, address_proof",True,True,True
HH-09452,NS-1499,16000.0,2,"aadhaar, ration_card, address_proof",True,True,True
HH-09453,NS-0415,12100.0,3,"aadhaar, ration_card, address_proof",True,True,True
HH-09454,NS-1290,8000.0,6,"aadhaar, ration_card, address_proof",True,True,True
HH-09455,NS-0389,14600.0,4,"aadhaar, ration_card, address_proof",True,True,True
HH-09456,NS-0301,19100.0,7,"aadhaar, ration_card, address_proof",True,True,True
HH-09457,NS-0976,30200.0,2,"aadhaar, ration_card, address_proof",True,False,False
HH-09458,NS-1333,17800.0,1,", ration_card, ",False,False,True
HH-09459,NS-0337,13100.0,4,"aadhaar, ration_card, address_proof",True,True,True
HH-09460,NS-1321,16600.0,6,"aadhaar, ration_card, address_proof",True,True,True
HH-09461,NS-0985,21800.0,1,"aadhaar, ration_card, address_proof",True,True,True
HH-09462,NS-0668,5000.0,7,", ration_card, address_proof",False,True,True
HH-09463,NS-1165,16100.0,4,"aadhaar, ration_card, address_proof",True,True,True
HH-09464,NS-0307,30000.0,5,"aadhaar, ration_card, address_proof",True,True,False
HH-09465,NS-0226,9800.0,3,", ration_card, address_proof",False,True,True
HH-09466,NS-0072,7900.0,2,"aadhaar, ration_card, address_proof",True,True,True
HH-09467,NS-1377,10400.0,1,"aadhaar, ration_card, address_proof",True,True,True
HH-09468,NS-0342,18500.0,8,"aadhaar, ration_card, address_proof",True,True,True
HH-09469,NS-1001,7200.0,1,"aadhaar, ration_card, address_proof",True,True,True
HH-09470,NS-1391,19600.0,4,"aadhaar, ration_card, address_proof",True,True,True
HH-09471,NS-0800,13800.0,4,"aadhaar, ration_card, address_proof",True,True,True
HH-09472,NS-0958,12100.0,4,"aadhaar, ration_card, address_proof",True,True,True
HH-09473,NS-0636,15500.0,5,"aadhaar, ration_card, address_proof",True,False,True
HH-09474,NS-0034,16700.0,2,"aadhaar, ration_card, address_proof",True,True,True
HH-09475,NS-0134,28500.0,6,"aadhaar, ration_card, address_proof",True,True,False
HH-09476,NS-0723,7000.0,5,"aadhaar, ration_card, ",True,False,True
HH-09477,NS-1121,7200.0,1,"aadhaar, ration_card, address_proof",True,True,True
HH-09478,NS-0073,19300.0,1,"aadhaar, , address_proof",True,True,True
HH-09479,NS-0610,6100.0,3,"aadhaar, ration_card, address_proof",True,True,True
HH-09480,NS-1432,17200.0,8,"aadhaar, , ",True,False,True
HH-09481,NS-0062,18300.0,3,"aadhaar, ration_card, address_proof",True,True,True
HH-09482,NS-0405,9500.0,8,"aadhaar, ration_card, address_proof",True,True,True
HH-09483,NS-0121,9300.0,3,"aadhaar, ration_card, ",True,False,True
HH-09484,NS-0475,29900.0,7,"aadhaar, ration_card, ",True,False,False
HH-09485,NS-0085,6700.0,4,"aadhaar, ration_card, ",True,False,True
HH-09486,NS-0762,58100.0,8,"aadhaar, ration_card, ",False,False,False
HH-09487,NS-0425,7200.0,5,"aadhaar, , address_proof",True,True,True
HH-09488,NS-1446,11700.0,6,"aadhaar, ration_card, address_proof",True,True,True
HH-09489,NS-0401,8500.0,8,"aadhaar, ration_card, address_proof",True,True,True
HH-09490,NS-1257,10800.0,2,"aadhaar, , address_proof",True,True,True
HH-09491,NS-0721,18900.0,2,"aadhaar, , address_proof",True,True,True
HH-09492,NS-0911,17900.0,4,"aadhaar, ration_card, address_proof",True,True,True
HH-09493,NS-0701,18200.0,4,", , ",False,False,True
HH-09494,NS-0018,10800.0,7,"aadhaar, ration_card, address_proof",True,True,True
HH-09495,NS-0146,27600.0,6,"aadhaar, ration_card, ",True,False,False
HH-09496,NS-1018,12200.0,8,"aadhaar, ration_card, address_proof",True,True,True
HH-09497,NS-1233,21200.0,8,"aadhaar, ration_card, address_proof",True,True,True
HH-09498,NS-0127,56100.0,2,"aadhaar, ration_card, address_proof",False,False,False
HH-09499,NS-0722,26200.0,2,"aadhaar, , ",True,False,False
HH-09500,NS-1448,10000.0,4,"aadhaar, , address_proof",True,True,True
HH-09501,NS-1260,3300.0,5,"aadhaar, ration_card, ",True,False,True
HH-09502,NS-0476,28500.0,7,"aadhaar, ration_card, address_proof",True,True,False
HH-09503,NS-1450,9800.0,4,", ration_card, address_proof",False,True,True
HH-09504,NS-1141,6400.0,8,"aadhaar, ration_card, address_proof",True,True,True
HH-09505,NS-1419,7800.0,6,"aadhaar, ration_card, address_proof",True,True,True
HH-09506,NS-0531,19300.0,2,"aadhaar, ration_card, address_proof",True,True,True
HH-09507,NS-0347,18000.0,3,"aadhaar, ration_card, address_proof",True,True,True
HH-09508,NS-1355,23800.0,3,"aadhaar, ration_card, address_proof",True,True,True
HH-09509,NS-0563,11700.0,6,"aadhaar, ration_card, address_proof",True,True,True
HH-09510,NS-1397,15900.0,6,", ration_card, address_proof",False,True,True
HH-09511,NS-1341,14800.0,4,", ration_card, address_proof",False,False,True
HH-09512,NS-0997,18600.0,4,"aadhaar, , ",True,False,True
HH-09513,NS-0194,5900.0,6,"aadhaar, ration_card, address_proof",True,True,True
HH-09514,NS-1361,9900.0,2,", ration_card, ",False,False,True
HH-09515,NS-0295,11800.0,3,"aadhaar, ration_card, address_proof",True,True,True
HH-09516,NS-1086,9900.0,2,"aadhaar, , address_proof",True,True,True
HH-09517,NS-0079,15600.0,5,"aadhaar, , ",True,False,True
HH-09518,NS-0262,13900.0,5,", ration_card, address_proof",False,True,True
HH-09519,NS-1400,29500.0,4,"aadhaar, ration_card, ",True,False,False
HH-09520,NS-1179,12700.0,2,"aadhaar, ration_card, address_proof",True,True,True
HH-09521,NS-1337,11100.0,1,"aadhaar, , address_proof",True,True,True
HH-09522,NS-0095,6300.0,5,"aadhaar, ration_card, address_proof",True,True,True
HH-09523,NS-1163,25000.0,8,", , address_proof",False,True,True
HH-09524,NS-0327,21400.0,6,"aadhaar, , ",True,False,True
HH-09525,NS-0968,7300.0,8,"aadhaar, ration_card, address_proof",True,False,True
HH-09526,NS-0269,7500.0,5,"aadhaar, ration_card, ",True,False,True
HH-09527,NS-0087,11000.0,6,"aadhaar, ration_card, address_proof",True,True,True
HH-09528,NS-1019,14000.0,1,"aadhaar, ration_card, ",True,False,True
HH-09529,NS-0610,13400.0,1,", ration_card, ",False,False,True
HH-09530,NS-1383,19900.0,3,"aadhaar, , address_proof",True,True,True
HH-09531,NS-1390,14800.0,6,"aadhaar, ration_card, address_proof",True,True,True
HH-09532,NS-1279,25000.0,2,"aadhaar, ration_card, address_proof",True,True,True
HH-09533,NS-0404,6000.0,1,"aadhaar, ration_card, address_proof",True,False,True
HH-09534,NS-1258,28400.0,3,"aadhaar, , ",True,False,False
HH-09535,NS-1245,18400.0,3,", ration_card, ",False,False,True
HH-09536,NS-0062,8000.0,5,"aadhaar, ration_card, ",True,False,True
HH-09537,NS-0331,18900.0,7,"aadhaar, ration_card, address_proof",True,True,True
HH-09538,NS-1397,10700.0,7,", ration_card, address_proof",False,True,True
HH-09539,NS-0485,7100.0,1,", ration_card, address_proof",False,True,True
HH-09540,NS-0601,28600.0,8,"aadhaar, , address_proof",True,True,False
HH-09541,NS-0888,10300.0,3,"aadhaar, , ",True,False,True
HH-09542,NS-1124,11100.0,3,", ration_card, ",False,False,True
HH-09543,NS-0306,4500.0,4,"aadhaar, ration_card, ",True,False,True
HH-09544,NS-0398,9900.0,8,"aadhaar, , ",True,False,True
HH-09545,NS-1388,19100.0,5,"aadhaar, ration_card, address_proof",True,False,True
HH-09546,NS-0047,9000.0,4,"aadhaar, ration_card, ",True,False,True
HH-09547,NS-1425,5500.0,6,"aadhaar, ration_card, address_proof",True,True,True
HH-09548,NS-0194,15100.0,1,"aadhaar, ration_card, address_proof",True,True,True
HH-09549,NS-0676,14800.0,5,"aadhaar, , address_proof",True,True,True
HH-09550,NS-0285,3500.0,5,"aadhaar, ration_card, address_proof",True,True,True
HH-09551,NS-0680,8800.0,6,"aadhaar, , address_proof",True,True,True
HH-09552,NS-0315,8400.0,1,"aadhaar, ration_card, ",True,False,True
HH-09553,NS-1159,7400.0,6,"aadhaar, ration_card, address_proof",True,False,True
HH-09554,NS-0836,6500.0,6,"aadhaar, , address_proof",True,True,True
HH-09555,NS-0976,6900.0,8,"aadhaar, ration_card, address_proof",True,False,True
HH-09556,NS-0602,7200.0,2,"aadhaar, , ",True,False,True
HH-09557,NS-1320,14200.0,2,"aadhaar, ration_card, ",True,False,True
HH-09558,NS-0942,9400.0,6,", ration_card, ",False,False,True
HH-09559,NS-0053,10200.0,1,", , ",False,False,True
HH-09560,NS-1177,7000.0,6,"aadhaar, ration_card, address_proof",True,True,True
HH-09561,NS-0963,30500.0,2,"aadhaar, ration_card, address_proof",True,True,False
HH-09562,NS-0234,33000.0,3,"aadhaar, ration_card, address_proof",True,True,False
HH-09563,NS-1293,18500.0,5,", ration_card, address_proof",False,True,True
HH-09564,NS-0966,25400.0,8,"aadhaar, ration_card, address_proof",True,True,False
HH-09565,NS-1086,11500.0,5,"aadhaar, ration_card, address_proof",True,True,True
HH-09566,NS-0581,8600.0,6,"aadhaar, , address_proof",True,False,True
HH-09567,NS-0472,17800.0,6,"aadhaar, ration_card, address_proof",True,True,True
HH-09568,NS-0097,15500.0,2,"aadhaar, ration_card, ",True,False,True
HH-09569,NS-1070,7100.0,5,", ration_card, address_proof",False,True,True
HH-09570,NS-0692,8200.0,8,"aadhaar, , ",True,False,True
HH-09571,NS-0816,11500.0,8,"aadhaar, ration_card, ",True,False,True
HH-09572,NS-0741,10900.0,4,"aadhaar, ration_card, address_proof",True,True,True
HH-09573,NS-0397,9700.0,3,", ration_card, ",False,False,True
HH-09574,NS-1227,20300.0,1,"aadhaar, ration_card, address_proof",True,False,True
HH-09575,NS-0661,23500.0,4,"aadhaar, ration_card, address_proof",True,True,True
HH-09576,NS-0810,18100.0,3,"aadhaar, , address_proof",True,True,True
HH-09577,NS-1216,15300.0,3,"aadhaar, ration_card, ",True,False,True
HH-09578,NS-1001,10000.0,3,"aadhaar, ration_card, address_proof",True,True,True
HH-09579,NS-1385,15200.0,2,"aadhaar, ration_card, address_proof",True,True,True
HH-09580,NS-0518,21100.0,5,"aadhaar, ration_card, address_proof",True,True,True
HH-09581,NS-0013,5400.0,2,", ration_card, address_proof",False,True,True
HH-09582,NS-0939,10700.0,4,"aadhaar, , ",True,False,True
HH-09583,NS-0903,15900.0,2,"aadhaar, ration_card, ",True,False,True
HH-09584,NS-1265,7400.0,7,"aadhaar, ration_card, ",True,False,True
HH-09585,NS-0576,21200.0,4,"aadhaar, ration_card, ",True,False,True
HH-09586,NS-0102,37400.0,2,"aadhaar, ration_card, ",True,False,False
HH-09587,NS-0600,17400.0,8,"aadhaar, ration_card, address_proof",True,False,True
HH-09588,NS-0140,9300.0,4,"aadhaar, ration_card, address_proof",True,True,True
HH-09589,NS-0895,13000.0,8,"aadhaar, ration_card, ",True,False,True
HH-09590,NS-0046,19700.0,7,"aadhaar, ration_card, address_proof",True,True,True
HH-09591,NS-0615,34800.0,5,"aadhaar, , ",True,False,False
HH-09592,NS-0693,14500.0,4,", ration_card, address_proof",False,True,True
HH-09593,NS-0747,13000.0,6,"aadhaar, ration_card, address_proof",True,True,True
HH-09594,NS-0395,12200.0,8,", ration_card, address_proof",False,False,True
HH-09595,NS-0950,10900.0,3,"aadhaar, ration_card, ",True,False,True
HH-09596,NS-0893,5400.0,4,"aadhaar, ration_card, address_proof",True,True,True
HH-09597,NS-1195,11800.0,1,"aadhaar, , address_proof",True,True,True
HH-09598,NS-0117,38400.0,5,"aadhaar, , address_proof",True,True,False
HH-09599,NS-0022,26000.0,6,"aadhaar, ration_card, ",True,False,False
HH-09600,NS-1487,20200.0,1,"aadhaar, ration_card, address_proof",True,True,True
HH-09601,NS-0341,13700.0,1,"aadhaar, ration_card, address_proof",True,True,True
HH-09602,NS-1195,14700.0,7,"aadhaar, ration_card, ",True,False,True
HH-09603,NS-1247,9700.0,7,"aadhaar, ration_card, address_proof",True,True,True
HH-09604,NS-0158,11000.0,1,"aadhaar, ration_card, address_proof",True,True,True
HH-09605,NS-0612,15800.0,6,"aadhaar, , address_proof",True,True,True
HH-09606,NS-1383,21800.0,4,", , address_proof",False,True,True
HH-09607,NS-0935,16700.0,1,"aadhaar, ration_card, address_proof",True,True,True
HH-09608,NS-0871,33100.0,4,"aadhaar, ration_card, address_proof",True,True,False
HH-09609,NS-0059,9000.0,4,", , address_proof",False,True,True
HH-09610,NS-0541,8900.0,1,"aadhaar, ration_card, ",True,False,True
HH-09611,NS-0606,22400.0,8,"aadhaar, , address_proof",True,True,True
HH-09612,NS-1248,9600.0,7,"aadhaar, ration_card, address_proof",True,True,True
HH-09613,NS-0280,16800.0,3,"aadhaar, ration_card, address_proof",True,True,True
HH-09614,NS-0531,6600.0,4,"aadhaar, ration_card, address_proof",True,True,True
HH-09615,NS-1408,11000.0,6,"aadhaar, ration_card, address_proof",True,True,True
HH-09616,NS-0566,20600.0,6,"aadhaar, ration_card, ",True,False,True
HH-09617,NS-0354,14600.0,1,"aadhaar, ration_card, address_proof",True,False,True
HH-09618,NS-0704,11200.0,5,"aadhaar, ration_card, address_proof",True,True,True
HH-09619,NS-1232,12800.0,8,"aadhaar, ration_card, address_proof",True,False,True
HH-09620,NS-1491,5000.0,6,", ration_card, address_proof",False,False,True
HH-09621,NS-1024,12700.0,2,"aadhaar, ration_card, address_proof",True,True,True
HH-09622,NS-0440,34900.0,8,"aadhaar, ration_card, address_proof",True,True,False
HH-09623,NS-0039,11400.0,3,"aadhaar, ration_card, address_proof",True,True,True
HH-09624,NS-0129,3200.0,1,"aadhaar, , ",True,False,True
HH-09625,NS-0282,19200.0,2,"aadhaar, ration_card, address_proof",True,True,True
HH-09626,NS-0555,16300.0,6,"aadhaar, , address_proof",True,True,True
HH-09627,NS-0339,31100.0,4,", ration_card, ",False,False,False
HH-09628,NS-0500,16000.0,4,"aadhaar, , address_proof",True,True,True
HH-09629,NS-0143,7500.0,7,"aadhaar, , address_proof",True,True,True
HH-09630,NS-1457,26800.0,5,"aadhaar, ration_card, ",True,False,False
HH-09631,NS-0335,6900.0,7,"aadhaar, , address_proof",True,True,True
HH-09632,NS-1274,12600.0,3,", ration_card, ",False,False,True
HH-09633,NS-0993,7500.0,8,"aadhaar, ration_card, ",True,False,True
HH-09634,NS-1012,12500.0,5,"aadhaar, , address_proof",True,True,True
HH-09635,NS-1472,4000.0,6,"aadhaar, ration_card, address_proof",True,True,True
HH-09636,NS-0676,29800.0,7,"aadhaar, ration_card, ",True,False,False
HH-09637,NS-0233,10900.0,3,"aadhaar, ration_card, ",True,False,True
HH-09638,NS-0799,6100.0,2,"aadhaar, ration_card, address_proof",True,True,True
HH-09639,NS-1079,12600.0,5,"aadhaar, ration_card, ",True,False,True
HH-09640,NS-1477,21700.0,2,"aadhaar, ration_card, address_proof",True,True,True
HH-09641,NS-0836,15000.0,1,"aadhaar, ration_card, address_proof",True,True,True
HH-09642,NS-0991,18900.0,7,"aadhaar, ration_card, address_proof",True,True,True
HH-09643,NS-0057,8900.0,5,"aadhaar, ration_card, address_proof",True,True,True
HH-09644,NS-1143,39300.0,4,"aadhaar, ration_card, address_proof",True,True,False
HH-09645,NS-0715,8100.0,8,", ration_card, address_proof",False,False,True
HH-09646,NS-0718,9800.0,6,"aadhaar, ration_card, ",True,False,True
HH-09647,NS-0913,13900.0,2,"aadhaar, ration_card, ",True,False,True
HH-09648,NS-0428,11000.0,2,"aadhaar, ration_card, ",True,False,True
HH-09649,NS-0494,5400.0,1,", ration_card, address_proof",False,True,True
HH-09650,NS-0863,17500.0,6,"aadhaar, ration_card, address_proof",True,True,True
HH-09651,NS-1115,17700.0,6,"aadhaar, ration_card, ",True,False,True
HH-09652,NS-0391,8600.0,2,"aadhaar, ration_card, address_proof",True,True,True
HH-09653,NS-1244,12300.0,7,"aadhaar, ration_card, address_proof",True,True,True
HH-09654,NS-0352,16400.0,2,"aadhaar, , address_proof",True,True,True
HH-09655,NS-0270,28200.0,4,"aadhaar, ration_card, address_proof",True,True,False
HH-09656,NS-1382,25300.0,5,", ration_card, ",False,False,False
HH-09657,NS-0544,10700.0,8,"aadhaar, , ",True,False,True
HH-09658,NS-0901,13900.0,1,", ration_card, ",False,False,True
HH-09659,NS-1478,10100.0,3,"aadhaar, ration_card, ",True,False,True
HH-09660,NS-0411,7200.0,5,"aadhaar, ration_card, ",True,False,True
HH-09661,NS-0250,12700.0,7,", ration_card, address_proof",False,True,True
HH-09662,NS-1460,14900.0,5,"aadhaar, ration_card, ",True,False,True
HH-09663,NS-1456,29600.0,3,"aadhaar, ration_card, address_proof",True,True,False
HH-09664,NS-1322,45900.0,8,"aadhaar, ration_card, address_proof",True,True,False
HH-09665,NS-0658,13500.0,5,"aadhaar, ration_card, ",True,False,True
HH-09666,NS-0065,7600.0,3,"aadhaar, ration_card, ",True,False,True
HH-09667,NS-0527,27400.0,4,"aadhaar, ration_card, address_proof",True,True,False
HH-09668,NS-1020,22600.0,2,"aadhaar, ration_card, ",True,False,True
HH-09669,NS-1189,10000.0,7,"aadhaar, ration_card, ",True,False,True
HH-09670,NS-0650,9600.0,3,"aadhaar, ration_card, address_proof",True,True,True
HH-09671,NS-0715,24000.0,1,"aadhaar, , address_proof",True,False,True
HH-09672,NS-0008,16200.0,3,"aadhaar, ration_card, address_proof",True,True,True
HH-09673,NS-0896,10900.0,2,", ration_card, address_proof",False,False,True
HH-09674,NS-0839,20400.0,3,"aadhaar, , address_proof",True,True,True
HH-09675,NS-0660,20100.0,4,"aadhaar, ration_card, ",True,False,True
HH-09676,NS-1171,27700.0,2,"aadhaar, ration_card, address_proof",True,True,False
HH-09677,NS-0684,18600.0,3,"aadhaar, ration_card, address_proof",True,True,True
HH-09678,NS-0196,9800.0,2,"aadhaar, ration_card, address_proof",True,True,True
HH-09679,NS-0888,7100.0,2,", ration_card, address_proof",False,True,True
HH-09680,NS-0051,17900.0,2,"aadhaar, ration_card, address_proof",True,False,True
HH-09681,NS-0972,25200.0,3,"aadhaar, ration_card, address_proof",True,True,False
HH-09682,NS-0388,6700.0,4,"aadhaar, , address_proof",True,True,True
HH-09683,NS-1470,21700.0,8,"aadhaar, , address_proof",True,True,True
HH-09684,NS-0600,7700.0,3,"aadhaar, , address_proof",True,False,True
HH-09685,NS-0836,16500.0,2,"aadhaar, ration_card, address_proof",True,True,True
HH-09686,NS-1008,6700.0,7,"aadhaar, ration_card, address_proof",True,True,True
HH-09687,NS-1287,66900.0,5,"aadhaar, ration_card, address_proof",False,True,False
HH-09688,NS-0086,19200.0,5,", ration_card, ",False,False,True
HH-09689,NS-0784,30400.0,1,"aadhaar, ration_card, address_proof",True,True,False
HH-09690,NS-0308,23500.0,8,"aadhaar, , address_proof",True,False,True
HH-09691,NS-1160,8400.0,1,"aadhaar, , address_proof",True,True,True
HH-09692,NS-0222,11300.0,8,"aadhaar, ration_card, address_proof",True,True,True
HH-09693,NS-0808,35700.0,3,"aadhaar, ration_card, ",True,False,False
HH-09694,NS-0986,22300.0,3,"aadhaar, ration_card, ",True,False,True
HH-09695,NS-0137,10700.0,3,", ration_card, address_proof",False,True,True
HH-09696,NS-0748,13400.0,3,", , address_proof",False,True,True
HH-09697,NS-0419,17300.0,2,"aadhaar, ration_card, ",True,False,True
HH-09698,NS-0135,16600.0,4,", ration_card, address_proof",False,True,True
HH-09699,NS-0102,14900.0,4,"aadhaar, , address_proof",True,True,True
HH-09700,NS-1441,6500.0,2,"aadhaar, ration_card, ",True,False,True
HH-09701,NS-0699,31800.0,3,"aadhaar, ration_card, address_proof",True,True,False
HH-09702,NS-0862,6600.0,4,"aadhaar, , address_proof",True,True,True
HH-09703,NS-1489,21600.0,6,"aadhaar, ration_card, address_proof",True,True,True
HH-09704,NS-0739,10500.0,1,"aadhaar, , ",True,False,True
HH-09705,NS-1210,15400.0,7,"aadhaar, , address_proof",True,True,True
HH-09706,NS-1367,19100.0,5,"aadhaar, , address_proof",True,False,True
HH-09707,NS-0761,30800.0,2,"aadhaar, ration_card, address_proof",True,True,False
HH-09708,NS-0886,21200.0,3,"aadhaar, ration_card, address_proof",True,True,True
HH-09709,NS-0694,9800.0,2,"aadhaar, ration_card, address_proof",True,True,True
HH-09710,NS-0377,26000.0,3,"aadhaar, ration_card, ",True,False,False
HH-09711,NS-1054,19900.0,6,", ration_card, address_proof",False,False,True
HH-09712,NS-0368,16100.0,6,", ration_card, ",False,False,True
HH-09713,NS-0529,5700.0,7,"aadhaar, ration_card, ",True,False,True
HH-09714,NS-0437,24400.0,3,"aadhaar, ration_card, ",True,False,True
HH-09715,NS-1398,12300.0,4,"aadhaar, ration_card, address_proof",True,True,True
HH-09716,NS-0966,12500.0,1,", ration_card, address_proof",False,True,True
HH-09717,NS-0919,28800.0,5,"aadhaar, ration_card, ",True,False,False
HH-09718,NS-1095,15700.0,5,", ration_card, address_proof",False,True,True
HH-09719,NS-0199,32800.0,5,"aadhaar, , address_proof",True,True,False
HH-09720,NS-1249,8300.0,4,"aadhaar, , address_proof",True,True,True
HH-09721,NS-0837,6800.0,1,"aadhaar, ration_card, address_proof",True,True,True
HH-09722,NS-0789,5300.0,3,"aadhaar, , address_proof",True,True,True
HH-09723,NS-0228,9900.0,8,"aadhaar, , address_proof",True,True,True
HH-09724,NS-0140,9500.0,1,", , ",False,False,True
HH-09725,NS-0399,15600.0,1,"aadhaar, ration_card, ",True,False,True
HH-09726,NS-1445,9700.0,6,"aadhaar, ration_card, ",True,False,True
HH-09727,NS-0983,52200.0,1,"aadhaar, ration_card, address_proof",False,True,False
HH-09728,NS-0603,7500.0,2,"aadhaar, ration_card, address_proof",True,True,True
HH-09729,NS-0165,41800.0,3,"aadhaar, , address_proof",True,True,False
HH-09730,NS-0804,15600.0,8,"aadhaar, ration_card, ",True,False,True
HH-09731,NS-1266,13200.0,6,"aadhaar, , address_proof",True,True,True
HH-09732,NS-0427,12900.0,1,"aadhaar, ration_card, ",True,False,True
HH-09733,NS-0866,16400.0,4,"aadhaar, ration_card, address_proof",True,True,True
HH-09734,NS-0185,4300.0,6,"aadhaar, , address_proof",True,True,True
HH-09735,NS-0024,8500.0,7,"aadhaar, ration_card, address_proof",True,True,True
HH-09736,NS-1446,11900.0,2,"aadhaar, ration_card, address_proof",True,True,True
HH-09737,NS-0517,13500.0,3,", ration_card, ",False,False,True
HH-09738,NS-0757,6800.0,4,"aadhaar, ration_card, address_proof",True,False,True
HH-09739,NS-0422,29600.0,7,"aadhaar, ration_card, address_proof",True,False,False
HH-09740,NS-1153,16500.0,7,"aadhaar, ration_card, address_proof",True,True,True
HH-09741,NS-1260,17100.0,4,"aadhaar, , address_proof",True,True,True
HH-09742,NS-0191,57300.0,1,"aadhaar, , ",False,False,False
HH-09743,NS-0064,8300.0,1,", ration_card, address_proof",False,True,True
HH-09744,NS-1500,22600.0,6,"aadhaar, ration_card, address_proof",True,False,True
HH-09745,NS-0197,6300.0,8,"aadhaar, ration_card, ",True,False,True
HH-09746,NS-0642,15900.0,1,"aadhaar, ration_card, address_proof",True,False,True
HH-09747,NS-1337,9400.0,4,"aadhaar, ration_card, address_proof",True,True,True
HH-09748,NS-0015,19900.0,8,"aadhaar, ration_card, ",True,False,True
HH-09749,NS-0525,27600.0,5,"aadhaar, ration_card, address_proof",True,True,False
HH-09750,NS-0207,44000.0,7,"aadhaar, ration_card, ",True,False,False
HH-09751,NS-0476,10600.0,6,"aadhaar, , address_proof",True,True,True
HH-09752,NS-1002,21200.0,3,"aadhaar, ration_card, ",True,False,True
HH-09753,NS-1369,11000.0,6,"aadhaar, ration_card, address_proof",True,True,True
HH-09754,NS-1077,24200.0,1,"aadhaar, , address_proof",True,True,True
HH-09755,NS-0461,35200.0,6,"aadhaar, ration_card, address_proof",True,True,False
HH-09756,NS-0647,7500.0,5,"aadhaar, ration_card, address_proof",True,True,True
HH-09757,NS-1477,14300.0,4,"aadhaar, ration_card, address_proof",True,True,True
HH-09758,NS-0535,9000.0,7,"aadhaar, ration_card, address_proof",True,True,True
HH-09759,NS-0376,22300.0,7,"aadhaar, ration_card, address_proof",True,True,True
HH-09760,NS-1436,9800.0,4,"aadhaar, ration_card, address_proof",True,True,True
HH-09761,NS-0282,17700.0,2,"aadhaar, , address_proof",True,True,True
HH-09762,NS-1446,13600.0,6,"aadhaar, ration_card, address_proof",True,True,True
HH-09763,NS-0723,7600.0,5,"aadhaar, , address_proof",True,True,True
HH-09764,NS-1382,11600.0,5,"aadhaar, ration_card, address_proof",True,True,True
HH-09765,NS-0572,6000.0,1,"aadhaar, ration_card, address_proof",True,True,True
HH-09766,NS-0052,17800.0,3,"aadhaar, , address_proof",True,True,True
HH-09767,NS-0803,19600.0,3,"aadhaar, ration_card, address_proof",True,True,True
HH-09768,NS-0949,21300.0,2,"aadhaar, ration_card, ",True,False,True
HH-09769,NS-1173,12700.0,3,"aadhaar, ration_card, ",True,False,True
HH-09770,NS-0612,23000.0,6,"aadhaar, ration_card, ",True,False,True
HH-09771,NS-1090,11900.0,1,"aadhaar, , address_proof",True,True,True
HH-09772,NS-0092,13000.0,2,"aadhaar, ration_card, address_proof",True,True,True
HH-09773,NS-1262,14600.0,7,"aadhaar, ration_card, ",True,False,True
HH-09774,NS-1383,13000.0,1,"aadhaar, , address_proof",True,True,True
HH-09775,NS-0863,9500.0,1,"aadhaar, ration_card, address_proof",True,True,True
HH-09776,NS-1477,12600.0,2,"aadhaar, ration_card, ",True,False,True
HH-09777,NS-0789,30200.0,2,"aadhaar, ration_card, address_proof",True,True,False
HH-09778,NS-1237,8100.0,8,"aadhaar, ration_card, address_proof",True,True,True
HH-09779,NS-1318,16200.0,7,"aadhaar, ration_card, address_proof",True,True,True
HH-09780,NS-0950,11300.0,4,"aadhaar, ration_card, address_proof",True,True,True
HH-09781,NS-0730,19900.0,1,"aadhaar, ration_card, ",True,False,True
HH-09782,NS-0457,5400.0,8,", ration_card, address_proof",False,True,True
HH-09783,NS-0205,10900.0,8,"aadhaar, ration_card, address_proof",True,False,True
HH-09784,NS-0114,6000.0,2,"aadhaar, ration_card, address_proof",True,True,True
HH-09785,NS-1167,24200.0,4,"aadhaar, ration_card, address_proof",True,False,True
HH-09786,NS-1474,16400.0,3,"aadhaar, ration_card, address_proof",True,True,True
HH-09787,NS-0107,19600.0,8,"aadhaar, ration_card, address_proof",True,True,True
HH-09788,NS-1222,9800.0,3,"aadhaar, ration_card, address_proof",True,False,True
HH-09789,NS-0994,53800.0,1,"aadhaar, ration_card, address_proof",False,True,False
HH-09790,NS-0720,24500.0,8,"aadhaar, ration_card, ",True,False,True
HH-09791,NS-0072,14800.0,2,"aadhaar, ration_card, address_proof",True,True,True
HH-09792,NS-1493,17000.0,3,"aadhaar, ration_card, ",True,False,True
HH-09793,NS-1295,12100.0,8,"aadhaar, ration_card, address_proof",True,True,True
HH-09794,NS-0396,20600.0,6,"aadhaar, ration_card, address_proof",True,True,True
HH-09795,NS-0507,7600.0,8,"aadhaar, ration_card, address_proof",True,True,True
HH-09796,NS-0662,11200.0,1,"aadhaar, ration_card, address_proof",True,True,True
HH-09797,NS-0922,18900.0,6,"aadhaar, ration_card, address_proof",True,True,True
HH-09798,NS-0266,16000.0,6,"aadhaar, ration_card, address_proof",True,False,True
HH-09799,NS-1471,11800.0,3,", ration_card, address_proof",False,True,True
HH-09800,NS-0007,6100.0,4,"aadhaar, , ",True,False,True
HH-09801,NS-1494,7900.0,3,", ration_card, address_proof",False,True,True
HH-09802,NS-0580,20300.0,6,"aadhaar, ration_card, ",True,False,True
HH-09803,NS-1312,28400.0,6,"aadhaar, ration_card, ",True,False,False
HH-09804,NS-0957,5600.0,7,"aadhaar, ration_card, address_proof",True,True,True
HH-09805,NS-0727,9900.0,1,"aadhaar, ration_card, address_proof",True,True,True
HH-09806,NS-0033,8100.0,3,"aadhaar, ration_card, address_proof",True,True,True
HH-09807,NS-0435,27400.0,1,"aadhaar, ration_card, ",True,False,False
HH-09808,NS-0835,47400.0,4,"aadhaar, ration_card, ",True,False,False
HH-09809,NS-0189,12000.0,8,"aadhaar, ration_card, address_proof",True,True,True
HH-09810,NS-1062,13300.0,3,"aadhaar, ration_card, ",True,False,True
HH-09811,NS-0301,15800.0,4,"aadhaar, , address_proof",True,True,True
HH-09812,NS-1064,15300.0,6,", , address_proof",False,True,True
HH-09813,NS-1171,5500.0,1,"aadhaar, ration_card, address_proof",True,True,True
HH-09814,NS-1403,31000.0,6,"aadhaar, ration_card, ",True,False,False
HH-09815,NS-0909,35300.0,2,"aadhaar, , ",True,False,False
HH-09816,NS-0338,13000.0,6,"aadhaar, ration_card, ",True,False,True
HH-09817,NS-1357,5700.0,8,"aadhaar, ration_card, address_proof",True,True,True
HH-09818,NS-0153,22300.0,8,"aadhaar, , ",True,False,True
HH-09819,NS-1356,18600.0,6,"aadhaar, ration_card, ",True,False,True
HH-09820,NS-0998,4200.0,1,"aadhaar, ration_card, ",True,False,True
HH-09821,NS-0677,6400.0,5,"aadhaar, ration_card, address_proof",True,False,True
HH-09822,NS-0581,27300.0,7,"aadhaar, ration_card, address_proof",True,False,False
HH-09823,NS-0340,11900.0,8,"aadhaar, ration_card, address_proof",True,True,True
HH-09824,NS-1464,11300.0,4,", ration_card, ",False,False,True
HH-09825,NS-0569,16900.0,6,"aadhaar, ration_card, address_proof",True,False,True
HH-09826,NS-0535,13200.0,8,", ration_card, address_proof",False,True,True
HH-09827,NS-0116,8300.0,2,"aadhaar, ration_card, ",True,False,True
HH-09828,NS-0269,27900.0,3,"aadhaar, ration_card, ",True,False,False
HH-09829,NS-1320,18300.0,5,"aadhaar, ration_card, address_proof",True,True,True
HH-09830,NS-0983,11400.0,2,"aadhaar, ration_card, ",True,False,True
HH-09831,NS-1017,16900.0,3,"aadhaar, , ",True,False,True
HH-09832,NS-1296,5900.0,4,"aadhaar, ration_card, address_proof",True,True,True
HH-09833,NS-0414,35700.0,7,"aadhaar, ration_card, address_proof",True,True,False
HH-09834,NS-0787,23000.0,1,"aadhaar, , address_proof",True,True,True
HH-09835,NS-0746,19900.0,8,", ration_card, address_proof",False,True,True
HH-09836,NS-1207,35500.0,5,"aadhaar, , ",True,False,False
HH-09837,NS-0371,8000.0,8,"aadhaar, ration_card, address_proof",True,True,True
HH-09838,NS-0126,21400.0,8,"aadhaar, ration_card, ",True,False,True
HH-09839,NS-1084,15000.0,5,"aadhaar, ration_card, address_proof",True,True,True
HH-09840,NS-1129,13300.0,3,"aadhaar, ration_card, ",True,False,True
HH-09841,NS-0137,18700.0,3,"aadhaar, ration_card, ",True,False,True
HH-09842,NS-0205,22400.0,4,"aadhaar, , address_proof",True,False,True
HH-09843,NS-0961,19000.0,5,"aadhaar, , address_proof",True,True,True
HH-09844,NS-0727,43900.0,5,"aadhaar, ration_card, address_proof",True,True,False
HH-09845,NS-0888,13000.0,8,", , address_proof",False,True,True
HH-09846,NS-0328,7200.0,1,"aadhaar, , address_proof",True,True,True
HH-09847,NS-0492,20800.0,6,"aadhaar, ration_card, ",True,False,True
HH-09848,NS-0438,18900.0,3,"aadhaar, ration_card, address_proof",True,False,True
HH-09849,NS-0268,16300.0,1,"aadhaar, ration_card, address_proof",True,True,True
HH-09850,NS-0867,6300.0,1,", ration_card, ",False,False,True
HH-09851,NS-0710,10100.0,1,", , address_proof",False,True,True
HH-09852,NS-0025,9800.0,5,"aadhaar, ration_card, ",True,False,True
HH-09853,NS-0304,10600.0,2,"aadhaar, ration_card, address_proof",True,True,True
HH-09854,NS-1130,7500.0,6,"aadhaar, ration_card, address_proof",True,True,True
HH-09855,NS-0667,31200.0,8,"aadhaar, ration_card, ",True,False,False
HH-09856,NS-0618,6900.0,7,"aadhaar, ration_card, ",True,False,True
HH-09857,NS-1456,7600.0,4,"aadhaar, ration_card, address_proof",True,True,True
HH-09858,NS-1397,9700.0,7,"aadhaar, , ",True,False,True
HH-09859,NS-0508,15200.0,4,"aadhaar, ration_card, address_proof",True,True,True
HH-09860,NS-0589,15100.0,4,"aadhaar, , address_proof",True,True,True
HH-09861,NS-1193,18000.0,4,"aadhaar, ration_card, ",True,False,True
HH-09862,NS-0765,4400.0,4,"aadhaar, ration_card, ",True,False,True
HH-09863,NS-0322,7600.0,5,"aadhaar, ration_card, ",True,False,True
HH-09864,NS-1386,16000.0,3,"aadhaar, ration_card, address_proof",True,True,True
HH-09865,NS-0406,15700.0,6,"aadhaar, ration_card, address_proof",True,True,True
HH-09866,NS-0486,12800.0,3,", ration_card, address_proof",False,True,True
HH-09867,NS-0297,6800.0,3,"aadhaar, ration_card, address_proof",True,True,True
HH-09868,NS-0729,11700.0,5,"aadhaar, ration_card, address_proof",True,True,True
HH-09869,NS-1185,13700.0,1,"aadhaar, , ",True,False,True
HH-09870,NS-0949,10100.0,8,"aadhaar, ration_card, address_proof",True,False,True
HH-09871,NS-0858,5500.0,2,"aadhaar, ration_card, ",True,False,True
HH-09872,NS-0937,26200.0,2,"aadhaar, ration_card, address_proof",True,False,False
HH-09873,NS-0531,20400.0,4,"aadhaar, ration_card, address_proof",True,True,True
HH-09874,NS-0106,9500.0,2,"aadhaar, , address_proof",True,True,True
HH-09875,NS-0345,5600.0,5,"aadhaar, ration_card, address_proof",True,True,True
HH-09876,NS-1460,33800.0,7,"aadhaar, ration_card, address_proof",True,True,False
HH-09877,NS-0907,10800.0,1,"aadhaar, ration_card, address_proof",True,True,True
HH-09878,NS-1393,16800.0,1,"aadhaar, , address_proof",True,False,True
HH-09879,NS-0097,25100.0,3,"aadhaar, ration_card, address_proof",True,False,False
HH-09880,NS-0113,11500.0,5,"aadhaar, ration_card, address_proof",True,True,True
HH-09881,NS-0267,7200.0,7,"aadhaar, ration_card, address_proof",True,True,True
HH-09882,NS-1176,9800.0,7,", ration_card, address_proof",False,True,True
HH-09883,NS-0517,11900.0,8,"aadhaar, ration_card, address_proof",True,True,True
HH-09884,NS-1479,28500.0,5,", ration_card, address_proof",False,True,False
HH-09885,NS-0786,15900.0,2,"aadhaar, ration_card, ",True,False,True
HH-09886,NS-1427,6900.0,4,"aadhaar, ration_card, address_proof",True,True,True
HH-09887,NS-1276,25300.0,5,"aadhaar, ration_card, address_proof",True,True,False
HH-09888,NS-0905,13200.0,6,"aadhaar, ration_card, address_proof",True,False,True
HH-09889,NS-1024,18700.0,7,"aadhaar, ration_card, ",True,False,True
HH-09890,NS-0510,35200.0,7,", ration_card, ",False,False,False
HH-09891,NS-0613,7500.0,7,"aadhaar, ration_card, address_proof",True,True,True
HH-09892,NS-1425,10400.0,6,"aadhaar, ration_card, address_proof",True,True,True
HH-09893,NS-0807,25200.0,6,"aadhaar, ration_card, ",True,False,False
HH-09894,NS-0460,14400.0,7,"aadhaar, ration_card, ",True,False,True
HH-09895,NS-0085,13900.0,6,"aadhaar, ration_card, address_proof",True,True,True
HH-09896,NS-0580,23300.0,6,"aadhaar, ration_card, ",True,False,True
HH-09897,NS-0237,10500.0,2,"aadhaar, ration_card, ",True,False,True
HH-09898,NS-1026,13600.0,5,"aadhaar, ration_card, address_proof",True,False,True
HH-09899,NS-1304,48200.0,4,"aadhaar, ration_card, address_proof",True,True,False
HH-09900,NS-0969,8000.0,3,"aadhaar, ration_card, ",True,False,True
HH-09901,NS-1453,19100.0,8,"aadhaar, , address_proof",True,True,True
HH-09902,NS-1403,12100.0,6,"aadhaar, ration_card, ",True,False,True
HH-09903,NS-0493,26000.0,1,"aadhaar, , address_proof",True,True,False
HH-09904,NS-1076,10300.0,4,"aadhaar, , address_proof",True,False,True
HH-09905,NS-0254,17900.0,7,"aadhaar, ration_card, address_proof",True,True,True
HH-09906,NS-0155,8300.0,8,"aadhaar, ration_card, address_proof",True,True,True
HH-09907,NS-1093,15400.0,4,"aadhaar, ration_card, address_proof",True,True,True
HH-09908,NS-1055,7400.0,1,"aadhaar, ration_card, address_proof",True,True,True
HH-09909,NS-0892,14800.0,6,"aadhaar, , address_proof",True,True,True
HH-09910,NS-0931,20100.0,4,", , address_proof",False,True,True
HH-09911,NS-1006,7600.0,8,"aadhaar, ration_card, ",True,False,True
HH-09912,NS-1312,36700.0,1,"aadhaar, , ",True,False,False
HH-09913,NS-1301,11600.0,3,"aadhaar, ration_card, address_proof",True,True,True
HH-09914,NS-0018,18400.0,3,"aadhaar, ration_card, address_proof",True,True,True
HH-09915,NS-0116,16500.0,3,"aadhaar, ration_card, ",True,False,True
HH-09916,NS-0794,14100.0,7,"aadhaar, ration_card, ",True,False,True
HH-09917,NS-0887,10100.0,5,"aadhaar, , address_proof",True,True,True
HH-09918,NS-0307,10400.0,8,"aadhaar, ration_card, ",True,False,True
HH-09919,NS-0235,23800.0,7,"aadhaar, ration_card, ",True,False,True
HH-09920,NS-0258,14400.0,6,"aadhaar, , address_proof",True,True,True
HH-09921,NS-1379,5700.0,5,"aadhaar, ration_card, address_proof",True,True,True
HH-09922,NS-0437,18500.0,7,"aadhaar, ration_card, address_proof",True,True,True
HH-09923,NS-1003,18700.0,3,"aadhaar, ration_card, address_proof",True,True,True
HH-09924,NS-0458,15500.0,6,", ration_card, address_proof",False,True,True
HH-09925,NS-0924,17900.0,7,"aadhaar, ration_card, address_proof",True,True,True
HH-09926,NS-0047,9700.0,7,"aadhaar, ration_card, ",True,False,True
HH-09927,NS-1103,12600.0,8,"aadhaar, ration_card, ",True,False,True
HH-09928,NS-0371,11800.0,2,", ration_card, ",False,False,True
HH-09929,NS-0173,10600.0,1,"aadhaar, ration_card, address_proof",True,True,True
HH-09930,NS-0345,20900.0,2,"aadhaar, ration_card, address_proof",True,True,True
HH-09931,NS-1040,7300.0,6,"aadhaar, , address_proof",True,True,True
HH-09932,NS-1167,19100.0,5,"aadhaar, ration_card, address_proof",True,False,True
HH-09933,NS-1193,7400.0,5,", ration_card, ",False,False,True
HH-09934,NS-1038,9400.0,8,"aadhaar, ration_card, address_proof",True,True,True
HH-09935,NS-0316,10500.0,8,"aadhaar, ration_card, address_proof",True,True,True
HH-09936,NS-0570,17400.0,2,"aadhaar, ration_card, address_proof",True,False,True
HH-09937,NS-1371,14600.0,1,"aadhaar, , address_proof",True,True,True
HH-09938,NS-0972,14300.0,7,"aadhaar, , ",True,False,True
HH-09939,NS-0448,19500.0,7,"aadhaar, ration_card, address_proof",True,True,True
HH-09940,NS-1487,33700.0,1,"aadhaar, ration_card, address_proof",True,True,False
HH-09941,NS-1120,10400.0,5,"aadhaar, , address_proof",True,False,True
HH-09942,NS-0531,6900.0,2,"aadhaar, , address_proof",True,True,True
HH-09943,NS-1227,16100.0,2,"aadhaar, ration_card, address_proof",True,False,True
HH-09944,NS-0976,5000.0,2,"aadhaar, ration_card, address_proof",True,False,True
HH-09945,NS-0708,16300.0,3,"aadhaar, ration_card, ",True,False,True
HH-09946,NS-1121,4000.0,6,"aadhaar, , ",True,False,True
HH-09947,NS-0904,4900.0,4,"aadhaar, ration_card, ",True,False,True
HH-09948,NS-0298,10800.0,2,"aadhaar, ration_card, address_proof",True,True,True
HH-09949,NS-1449,14200.0,5,"aadhaar, ration_card, ",True,False,True
HH-09950,NS-0344,29600.0,8,"aadhaar, ration_card, ",True,False,False
HH-09951,NS-0090,15500.0,4,"aadhaar, ration_card, ",True,False,True
HH-09952,NS-1490,10400.0,7,"aadhaar, , ",True,False,True
HH-09953,NS-0426,9800.0,3,", ration_card, address_proof",False,True,True
HH-09954,NS-0426,50700.0,4,"aadhaar, ration_card, ",False,False,False
HH-09955,NS-0307,19600.0,6,"aadhaar, ration_card, address_proof",True,True,True
HH-09956,NS-0002,28100.0,5,"aadhaar, , address_proof",True,True,False
HH-09957,NS-0238,10000.0,4,"aadhaar, ration_card, ",True,False,True
HH-09958,NS-1135,15000.0,6,"aadhaar, ration_card, address_proof",True,True,True
HH-09959,NS-0035,5000.0,1,", ration_card, ",False,False,True
HH-09960,NS-0208,13900.0,1,"aadhaar, ration_card, address_proof",True,True,True
HH-09961,NS-0169,23500.0,3,"aadhaar, ration_card, address_proof",True,True,True
HH-09962,NS-0942,26100.0,5,"aadhaar, ration_card, ",True,False,False
HH-09963,NS-0596,11500.0,4,", ration_card, ",False,False,True
HH-09964,NS-0707,29400.0,5,"aadhaar, ration_card, address_proof",True,True,False
HH-09965,NS-1243,19200.0,8,", , ",False,False,True
HH-09966,NS-0505,29500.0,5,"aadhaar, ration_card, ",True,False,False
HH-09967,NS-1347,10000.0,8,"aadhaar, ration_card, ",True,False,True
HH-09968,NS-0124,5500.0,8,"aadhaar, ration_card, address_proof",True,True,True
HH-09969,NS-0914,18200.0,4,"aadhaar, ration_card, address_proof",True,True,True
HH-09970,NS-0329,15700.0,7,", , address_proof",False,False,True
HH-09971,NS-0482,22300.0,8,"aadhaar, , ",True,False,True
HH-09972,NS-0431,6600.0,6,"aadhaar, ration_card, address_proof",True,True,True
HH-09973,NS-1389,9700.0,5,"aadhaar, , ",True,False,True
HH-09974,NS-0557,7900.0,3,"aadhaar, ration_card, ",True,False,True
HH-09975,NS-1294,9900.0,5,", ration_card, address_proof",False,False,True
HH-09976,NS-0944,12500.0,6,"aadhaar, ration_card, address_proof",True,True,True
HH-09977,NS-0394,22800.0,8,"aadhaar, ration_card, ",True,False,True
HH-09978,NS-1177,14000.0,5,"aadhaar, ration_card, ",True,False,True
HH-09979,NS-0362,28400.0,7,"aadhaar, ration_card, ",True,False,False
HH-09980,NS-0113,7900.0,6,"aadhaar, ration_card, ",True,False,True
HH-09981,NS-0036,20100.0,6,"aadhaar, , address_proof",True,True,True
HH-09982,NS-1316,32500.0,3,"aadhaar, ration_card, address_proof",True,True,False
HH-09983,NS-0404,11000.0,3,"aadhaar, ration_card, ",True,False,True
HH-09984,NS-0088,8900.0,5,"aadhaar, ration_card, ",True,False,True
HH-09985,NS-1130,29200.0,4,"aadhaar, ration_card, address_proof",True,True,False
HH-09986,NS-0014,9100.0,1,"aadhaar, ration_card, address_proof",True,False,True
HH-09987,NS-0281,19100.0,3,"aadhaar, ration_card, address_proof",True,True,True
HH-09988,NS-0776,8100.0,4,"aadhaar, ration_card, address_proof",True,True,True
HH-09989,NS-0859,24800.0,1,"aadhaar, ration_card, address_proof",True,True,True
HH-09990,NS-0278,7400.0,2,"aadhaar, , address_proof",True,True,True
HH-09991,NS-0491,15500.0,6,"aadhaar, ration_card, address_proof",True,True,True
HH-09992,NS-0441,5300.0,1,"aadhaar, ration_card, ",True,False,True
HH-09993,NS-1388,19000.0,1,"aadhaar, ration_card, address_proof",True,False,True
HH-09994,NS-1330,7300.0,8,"aadhaar, , address_proof",True,True,True
HH-09995,NS-0188,8700.0,5,"aadhaar, ration_card, address_proof",True,True,True
HH-09996,NS-0038,14900.0,2,"aadhaar, ration_card, address_proof",True,True,True
HH-09997,NS-0093,12400.0,8,"aadhaar, ration_card, ",True,False,True
HH-09998,NS-1415,28600.0,8,"aadhaar, , address_proof",True,True,False
HH-09999,NS-0768,4800.0,5,"aadhaar, , address_proof",True,True,True
HH-10000,NS-0765,31100.0,8,"aadhaar, ration_card, ",True,False,False
