{"type": "FeatureCollection", "features": [{"type": "Feature", "properties": {"pocket_id": "NS-0001", "city": "Mumbai", "ward": "M Ward"}, "geometry": {"type": "Polygon", "coordinates": [[[72.86943133814263, 19.005907579210277], [72.87248319726287, 19.005907579210277], [72.87248319726287, 19.00879304121028], [72.86943133814263, 19.00879304121028], [72.86943133814263, 19.005907579210277]]]}}, {"type": "Feature", "properties": {"pocket_id": "NS-0002", "city": "Ulhasnagar", "ward": "Ulhasnagar"}, "geometry": {"type": "Polygon", "coordinates": [[[73.1541637664429, 19.194571439821544], [73.15711862394383, 19.194571439821544], [73.15711862394383, 19.197362005821546], [73.1541637664429, 19.197362005821546], [73.1541637664429, 19.194571439821544]]]}}, {"type": "Feature", "properties": {"pocket_id": "NS-0003", "city": "Ulhasnagar", "ward": "Ulhasnagar"}, "geometry": {"type": "Polygon", "coordinates": [[[73.15736564642005, 19.21321921920101], [73.16013452229824, 19.21321921920101], [73.16013452229824, 19.215833849201008], [73.15736564642005, 19.215833849201008], [73.15736564642005, 19.21321921920101]]]}}, {"type": "Feature", "properties": {"pocket_id": "NS-0004", "city": "Mumbai", "ward": "L Ward"}, "geometry": {"type": "Polygon", "coordinates": [[[NaN, 19.059253737577638], [NaN, 19.059253737577638], [NaN, 19.062182887577638], [NaN, 19.062182887577638], [NaN, 19.059253737577638]]]}}, {"type": "Feature", "properties": {"pocket_id": "NS-0005", "city": "Thane", "ward": "Thane East"}, "geometry": {"type": "Polygon", "coordinates": [[[73.02575604455556, 19.17697645495541], [73.02904228858863, 19.17697645495541], [73.02904228858863, 19.18008031095541], [73.02575604455556, 19.18008031095541], [73.02575604455556, 19.17697645495541]]]}}, {"type": "Feature", "properties": {"pocket_id": "NS-0006", "city": "Mumbai", "ward": "M Ward"}, "geometry": {"type": "Polygon", "coordinates": [[[72.8884722019932, 19.013959553496743], [72.89143935375556, 19.013959553496743], [72.89143935375556, 19.016764791496744], [72.8884722019932, 19.016764791496744], [72.8884722019932, 19.013959553496743]]]}}, {"type": "Feature", "properties": {"pocket_id": "NS-0007", "city": "Mumbai", "ward": "L Ward"}, "geometry": {"type": "Polygon", "coordinates": [[[72.91668325201661, 19.061999307063275], [72.9199332391506, 19.061999307063275], [72.9199332391506, 19.065071055063278], [72.91668325201661, 19.065071055063278], [72.91668325201661, 19.061999307063275]]]}}, {"type": "Feature", "properties": {"pocket_id": "NS-0008", "city": "Mumbai", "ward": "M Ward"}, "geometry": {"type": "Polygon", "coordinates": [[[72.85991490256559, 19.00191985515143], [72.86297857441211, 19.00191985515143], [72.86297857441211, 19.004816555151432], [72.85991490256559, 19.004816555151432], [72.85991490256559, 19.00191985515143]]]}}, {"type": "Feature", "properties": {"pocket_id": "NS-0009", "city": "Ambarnath", "ward": "Ambarnath"}, "geometry": {"type": "Polygon", "coordinates": [[[73.17039561805854, 19.193667299412063], [73.17325438531907, 19.193667299412063], [73.17325438531907, 19.19636713341206], [73.17039561805854, 19.19636713341206], [73.17039561805854, 19.193667299412063]]]}}, {"type": "Feature", "properties": {"pocket_id": "NS-0010", "city": "Thane", "ward": "Thane East"}, "geometry": {"type": "Polygon", "coordinates": [[[73.01345947807866, 19.223879603369884], [73.01676608045858, 19.223879603369884], [73.01676608045858, 19.227001797369883], [73.01345947807866, 19.227001797369883], [73.01345947807866, 19.223879603369884]]]}}, {"type": "Feature", "properties": {"pocket_id": "NS-0011", "city": "Ambarnath", "ward": "Ambarnath"}, "geometry": {"type": "Polygon", "coordinates": [[[73.18586182881165, 19.215531299447], [73.18874111439004, 19.215531299447], [73.18874111439004, 19.218250149447], [73.18586182881165, 19.218250149447], [73.18586182881165, 19.215531299447]]]}}, {"type": "Feature", "properties": {"pocket_id": "NS-0012", "city": "Mumbai", "ward": "S Ward"}, "geometry": {"type": "Polygon", "coordinates": [[[72.93036743942736, 19.117738373203927], [72.93336580486806, 19.117738373203927], [72.93336580486806, 19.120571347203928], [72.93036743942736, 19.120571347203928], [72.93036743942736, 19.117738373203927]]]}}, {"type": "Feature", "properties": {"pocket_id": "NS-0013", "city": "Mumbai", "ward": "L Ward"}, "geometry": {"type": "Polygon", "coordinates": [[[72.9068114802788, 19.08953753979713], [72.90956967780943, 19.08953753979713], [72.90956967780943, 19.09214403979713], [72.9068114802788, 19.09214403979713], [72.9068114802788, 19.08953753979713]]]}}, {"type": "Feature", "properties": {"pocket_id": "NS-0014", "city": "Mumbai", "ward": "M Ward"}, "geometry": {"type": "Polygon", "coordinates": [[[72.86732280942735, 19.000040261603655], [72.87013191536118, 19.000040261603655], [72.87013191536118, 19.002696301603653], [72.86732280942735, 19.002696301603653], [72.86732280942735, 19.000040261603655]]]}}, {"type": "Feature", "properties": {"pocket_id": "NS-0015", "city": "Mumbai", "ward": "L Ward"}, "geometry": {"type": "Polygon", "coordinates": [[[72.8738178341334, 19.062956619764492], [72.87658208551622, 19.062956619764492], [72.87658208551622, 19.065569259764494], [72.8738178341334, 19.065569259764494], [72.8738178341334, 19.062956619764492]]]}}, {"type": "Feature", "properties": {"pocket_id": "NS-0016", "city": "Mumbai", "ward": "M Ward"}, "geometry": {"type": "Polygon", "coordinates": [[[72.88706049434323, 19.024726790876972], [72.89006876022817, 19.024726790876972], [72.89006876022817, 19.02757071487697], [72.88706049434323, 19.02757071487697], [72.88706049434323, 19.024726790876972]]]}}, {"type": "Feature", "properties": {"pocket_id": "NS-0017", "city": "Mumbai", "ward": "S Ward"}, "geometry": {"type": "Polygon", "coordinates": [[[72.97749199962489, 19.12806985618429], [72.98022793496717, 19.12806985618429], [72.98022793496717, 19.13065471618429], [72.97749199962489, 19.13065471618429], [72.97749199962489, 19.12806985618429]]]}}, {"type": "Feature", "properties": {"pocket_id": "NS-0018", "city": "Mumbai", "ward": "M Ward"}, "geometry": {"type": "Polygon", "coordinates": [[[72.87793366022481, 18.9835245147149], [72.88075157167447, 18.9835245147149], [72.88075157167447, 18.9861891447149], [72.87793366022481, 18.9861891447149], [72.87793366022481, 18.9835245147149]]]}}, {"type": "Feature", "properties": {"pocket_id": "NS-0019", "city": "Thane", "ward": "Thane West"}, "geometry": {"type": "Polygon", "coordinates": [[[NaN, NaN], [NaN, NaN], [NaN, NaN], [NaN, NaN], [NaN, NaN]]]}}, {"type": "Feature", "properties": {"pocket_id": "NS-0020", "city": "Mumbai", "ward": "S Ward"}, "geometry": {"type": "Polygon", "coordinates": [[[NaN, 19.142442584923362], [NaN, 19.142442584923362], [NaN, 19.14541457692336], [NaN, 19.14541457692336], [NaN, 19.142442584923362]]]}}, {"type": "Feature", "properties": {"pocket_id": "NS-0021", "city": "Mumbai", "ward": "L Ward"}, "geometry": {"type": "Polygon", "coordinates": [[[72.92377222888548, 19.029929621737555], [72.92670347113777, 19.029929621737555], [72.92670347113777, 19.032700643737552], [72.92377222888548, 19.032700643737552], [72.92377222888548, 19.029929621737555]]]}}, {"type": "Feature", "properties": {"pocket_id": "NS-0022", "city": "Kalyan", "ward": "Kalyan West"}, "geometry": {"type": "Polygon", "coordinates": [[[73.13440899741663, 19.241077533426676], [73.13734053543756, 19.241077533426676], [73.13734053543756, 19.243845293426673], [73.13440899741663, 19.243845293426673], [73.13440899741663, 19.241077533426676]]]}}, {"type": "Feature", "properties": {"pocket_id": "NS-0023", "city": "Mumbai", "ward": "M Ward"}, "geometry": {"type": "Polygon", "coordinates": [[[72.8736652584345, 19.01861188506529], [72.8769681304012, 19.01861188506529], [72.8769681304012, 19.02173443306529], [72.8736652584345, 19.02173443306529], [72.8736652584345, 19.01861188506529]]]}}, {"type": "Feature", "properties": {"pocket_id": "NS-0024", "city": "Mumbai", "ward": "M Ward"}, "geometry": {"type": "Polygon", "coordinates": [[[72.86793538690068, 19.022114182673715], [72.87127097794988, 19.022114182673715], [72.87127097794988, 19.025267596673718], [72.86793538690068, 19.025267596673718], [72.86793538690068, 19.022114182673715]]]}}, {"type": "Feature", "properties": {"pocket_id": "NS-0025", "city": "Mumbai", "ward": "S Ward"}, "geometry": {"type": "Polygon", "coordinates": [[[NaN, 19.118598934795223], [NaN, 19.118598934795223], [NaN, 19.121300354795224], [NaN, 19.121300354795224], [NaN, 19.118598934795223]]]}}, {"type": "Feature", "properties": {"pocket_id": "NS-0026", "city": "Mumbai", "ward": "M Ward"}, "geometry": {"type": "Polygon", "coordinates": [[[72.86170014529377, 19.014300353967084], [72.86467356912793, 19.014300353967084], [72.86467356912793, 19.017111515967084], [72.86170014529377, 19.017111515967084], [72.86170014529377, 19.014300353967084]]]}}, {"type": "Feature", "properties": {"pocket_id": "NS-0027", "city": "Mumbai", "ward": "M Ward"}, "geometry": {"type": "Polygon", "coordinates": [[[72.93101780661122, 19.032802323856668], [72.93452417577181, 19.032802323856668], [72.93452417577181, 19.036116973856668], [72.93101780661122, 19.036116973856668], [72.93101780661122, 19.032802323856668]]]}}, {"type": "Feature", "properties": {"pocket_id": "NS-0028", "city": "Thane", "ward": "Thane East"}, "geometry": {"type": "Polygon", "coordinates": [[[73.02259847094577, 19.158786766375947], [73.02536558466902, 19.158786766375947], [73.02536558466902, 19.161400596375948], [73.02259847094577, 19.161400596375948], [73.02259847094577, 19.158786766375947]]]}}, {"type": "Feature", "properties": {"pocket_id": "NS-0029", "city": "Ulhasnagar", "ward": "Ulhasnagar"}, "geometry": {"type": "Polygon", "coordinates": [[[73.17196879625818, 19.21133676032514], [73.17488143434694, 19.21133676032514], [73.17488143434694, 19.214087174325137], [73.17196879625818, 19.214087174325137], [73.17196879625818, 19.21133676032514]]]}}, {"type": "Feature", "properties": {"pocket_id": "NS-0030", "city": "Thane", "ward": "Thane West"}, "geometry": {"type": "Polygon", "coordinates": [[[72.97334863935438, 19.226297117628945], [72.97664149681319, 19.226297117628945], [72.97664149681319, 19.229406287628947], [72.97334863935438, 19.229406287628947], [72.97334863935438, 19.226297117628945]]]}}, {"type": "Feature", "properties": {"pocket_id": "NS-0031", "city": "Thane", "ward": "Thane West"}, "geometry": {"type": "Polygon", "coordinates": [[[72.97416428554756, 19.216106873513734], [72.97715514276102, 19.216106873513734], [72.97715514276102, 19.218931067513733], [72.97416428554756, 19.218931067513733], [72.97416428554756, 19.216106873513734]]]}}, {"type": "Feature", "properties": {"pocket_id": "NS-0032", "city": "Mumbai", "ward": "M Ward"}, "geometry": {"type": "Polygon", "coordinates": [[[72.88372021590408, 19.013666330666094], [72.88670870733375, 19.013666330666094], [72.88670870733375, 19.016491748666095], [72.88372021590408, 19.016491748666095], [72.88372021590408, 19.013666330666094]]]}}, {"type": "Feature", "properties": {"pocket_id": "NS-0033", "city": "Thane", "ward": "Thane West"}, "geometry": {"type": "Polygon", "coordinates": [[[72.93857282902424, 19.201188853292795], [72.94168024834359, 19.201188853292795], [72.94168024834359, 19.204123379292792], [72.93857282902424, 19.204123379292792], [72.93857282902424, 19.201188853292795]]]}}, {"type": "Feature", "properties": {"pocket_id": "NS-0034", "city": "Mumbai", "ward": "M Ward"}, "geometry": {"type": "Polygon", "coordinates": [[[72.85415366403016, 18.974037969806126], [72.8570738122415, 18.974037969806126], [72.8570738122415, 18.97679943180613], [72.85415366403016, 18.97679943180613], [72.85415366403016, 18.974037969806126]]]}}, {"type": "Feature", "properties": {"pocket_id": "NS-0035", "city": "Thane", "ward": "Thane East"}, "geometry": {"type": "Polygon", "coordinates": [[[73.03119361963628, 19.19483018816412], [73.03392115212692, 19.19483018816412], [73.03392115212692, 19.19740606616412], [73.03119361963628, 19.19740606616412], [73.03119361963628, 19.19483018816412]]]}}, {"type": "Feature", "properties": {"pocket_id": "NS-0036", "city": "Ambarnath", "ward": "Ambarnath"}, "geometry": {"type": "Polygon", "coordinates": [[[NaN, NaN], [NaN, NaN], [NaN, NaN], [NaN, NaN], [NaN, NaN]]]}}, {"type": "Feature", "properties": {"pocket_id": "NS-0037", "city": "Thane", "ward": "Thane East"}, "geometry": {"type": "Polygon", "coordinates": [[[73.01315813406644, 19.19029595197292], [73.01632635688848, 19.19029595197292], [73.01632635688848, 19.193288095972918], [73.01315813406644, 19.193288095972918], [73.01315813406644, 19.19029595197292]]]}}, {"type": "Feature", "properties": {"pocket_id": "NS-0038", "city": "Thane", "ward": "Thane West"}, "geometry": {"type": "Polygon", "coordinates": [[[72.98057802432413, 19.25487810979686], [72.9847659378924, 19.25487810979686], [72.9847659378924, 19.258831707796862], [72.98057802432413, 19.258831707796862], [72.98057802432413, 19.25487810979686]]]}}, {"type": "Feature", "properties": {"pocket_id": "NS-0039", "city": "Thane", "ward": "Thane East"}, "geometry": {"type": "Polygon", "coordinates": [[[73.03590254153997, 19.227769581732773], [73.03856725274758, 19.227769581732773], [73.03856725274758, 19.23028562773277], [73.03590254153997, 19.23028562773277], [73.03590254153997, 19.227769581732773]]]}}, {"type": "Feature", "properties": {"pocket_id": "NS-0040", "city": "Mumbai", "ward": "S Ward"}, "geometry": {"type": "Polygon", "coordinates": [[[72.9350111861168, 19.144329904339585], [72.9379527344909, 19.144329904339585], [72.9379527344909, 19.147108748339583], [72.9350111861168, 19.147108748339583], [72.9350111861168, 19.144329904339585]]]}}, {"type": "Feature", "properties": {"pocket_id": "NS-0041", "city": "Thane", "ward": "Thane West"}, "geometry": {"type": "Polygon", "coordinates": [[[72.95575242464733, 19.21016974291423], [72.95896666822705, 19.21016974291423], [72.95896666822705, 19.21320498291423], [72.95575242464733, 19.21320498291423], [72.95575242464733, 19.21016974291423]]]}}, {"type": "Feature", "properties": {"pocket_id": "NS-0042", "city": "Mumbai", "ward": "S Ward"}, "geometry": {"type": "Polygon", "coordinates": [[[72.91880765077559, 19.13580003197554], [72.92182079901062, 19.13580003197554], [72.92182079901062, 19.13864666197554], [72.91880765077559, 19.13864666197554], [72.91880765077559, 19.13580003197554]]]}}, {"type": "Feature", "properties": {"pocket_id": "NS-0043", "city": "Mumbai", "ward": "M Ward"}, "geometry": {"type": "Polygon", "coordinates": [[[NaN, NaN], [NaN, NaN], [NaN, NaN], [NaN, NaN], [NaN, NaN]]]}}, {"type": "Feature", "properties": {"pocket_id": "NS-0044", "city": "Mumbai", "ward": "S Ward"}, "geometry": {"type": "Polygon", "coordinates": [[[NaN, 19.16743756282427], [NaN, 19.16743756282427], [NaN, 19.170347030824267], [NaN, 19.170347030824267], [NaN, 19.16743756282427]]]}}, {"type": "Feature", "properties": {"pocket_id": "NS-0045", "city": "Mumbai", "ward": "S Ward"}, "geometry": {"type": "Polygon", "coordinates": [[[72.96874549816029, 19.124700814092762], [72.9714571290112, 19.124700814092762], [72.9714571290112, 19.127262764092762], [72.96874549816029, 19.127262764092762], [72.96874549816029, 19.124700814092762]]]}}, {"type": "Feature", "properties": {"pocket_id": "NS-0046", "city": "Thane", "ward": "Thane East"}, "geometry": {"type": "Polygon", "coordinates": [[[73.03079850456876, 19.222414296046537], [73.033673562232, 19.222414296046537], [73.033673562232, 19.22512904004654], [73.03079850456876, 19.22512904004654], [73.03079850456876, 19.222414296046537]]]}}, {"type": "Feature", "properties": {"pocket_id": "NS-0047", "city": "Mumbai", "ward": "M Ward"}, "geometry": {"type": "Polygon", "coordinates": [[[72.86590391696596, 19.014898363569152], [72.86918776476249, 19.014898363569152], [72.86918776476249, 19.018002995569155], [72.86590391696596, 19.018002995569155], [72.86590391696596, 19.014898363569152]]]}}, {"type": "Feature", "properties": {"pocket_id": "NS-0048", "city": "Thane", "ward": "Thane West"}, "geometry": {"type": "Polygon", "coordinates": [[[72.96924527768044, 19.18068758894726], [72.97254878212743, 19.18068758894726], [72.97254878212743, 19.183807676947264], [72.96924527768044, 19.183807676947264], [72.96924527768044, 19.18068758894726]]]}}, {"type": "Feature", "properties": {"pocket_id": "NS-0049", "city": "Ulhasnagar", "ward": "Ulhasnagar"}, "geometry": {"type": "Polygon", "coordinates": [[[73.19613240649348, 19.21968200147751], [73.19888162949415, 19.21968200147751], [73.19888162949415, 19.22227797147751], [73.19613240649348, 19.22227797147751], [73.19613240649348, 19.21968200147751]]]}}, {"type": "Feature", "properties": {"pocket_id": "NS-0050", "city": "Mumbai", "ward": "M Ward"}, "geometry": {"type": "Polygon", "coordinates": [[[72.88842839592378, 18.999050153378786], [72.89120981538828, 18.999050153378786], [72.89120981538828, 19.001680031378786], [72.88842839592378, 19.001680031378786], [72.88842839592378, 18.999050153378786]]]}}, {"type": "Feature", "properties": {"pocket_id": "NS-0051", "city": "Thane", "ward": "Thane West"}, "geometry": {"type": "Polygon", "coordinates": [[[72.99166476819488, 19.230397451244865], [72.9945050317933, 19.230397451244865], [72.9945050317933, 19.233079211244867], [72.99166476819488, 19.233079211244867], [72.99166476819488, 19.230397451244865]]]}}, {"type": "Feature", "properties": {"pocket_id": "NS-0052", "city": "Mumbai", "ward": "M Ward"}, "geometry": {"type": "Polygon", "coordinates": [[[72.86699470120789, 19.01576337655911], [72.86971382444361, 19.01576337655911], [72.86971382444361, 19.018334094559112], [72.86699470120789, 19.018334094559112], [72.86699470120789, 19.01576337655911]]]}}, {"type": "Feature", "properties": {"pocket_id": "NS-0053", "city": "Mumbai", "ward": "M Ward"}, "geometry": {"type": "Polygon", "coordinates": [[[72.86840838826177, 18.992130141267587], [72.87108315710344, 18.992130141267587], [72.87108315710344, 18.994659285267588], [72.86840838826177, 18.994659285267588], [72.86840838826177, 18.992130141267587]]]}}, {"type": "Feature", "properties": {"pocket_id": "NS-0054", "city": "Mumbai", "ward": "L Ward"}, "geometry": {"type": "Polygon", "coordinates": [[[72.9118454598242, 19.057992186846185], [72.9146007475419, 19.057992186846185], [72.9146007475419, 19.060596432846182], [72.9118454598242, 19.060596432846182], [72.9118454598242, 19.057992186846185]]]}}, {"type": "Feature", "properties": {"pocket_id": "NS-0055", "city": "Mumbai", "ward": "M Ward"}, "geometry": {"type": "Polygon", "coordinates": [[[72.88578072090631, 18.98607816064909], [72.88919299592997, 18.98607816064909], [72.88919299592997, 18.989304768649088], [72.88578072090631, 18.989304768649088], [72.88578072090631, 18.98607816064909]]]}}, {"type": "Feature", "properties": {"pocket_id": "NS-0056", "city": "Thane", "ward": "Thane East"}, "geometry": {"type": "Polygon", "coordinates": [[[NaN, NaN], [NaN, NaN], [NaN, NaN], [NaN, NaN], [NaN, NaN]]]}}, {"type": "Feature", "properties": {"pocket_id": "NS-0057", "city": "Mumbai", "ward": "L Ward"}, "geometry": {"type": "Polygon", "coordinates": [[[72.86397928599408, 19.055761786611836], [72.86662850469915, 19.055761786611836], [72.86662850469915, 19.058265812611833], [72.86397928599408, 19.058265812611833], [72.86397928599408, 19.055761786611836]]]}}, {"type": "Feature", "properties": {"pocket_id": "NS-0058", "city": "Mumbai", "ward": "M Ward"}, "geometry": {"type": "Polygon", "coordinates": [[[72.88283197017293, 19.011218173956657], [72.88585940479419, 19.011218173956657], [72.88585940479419, 19.01408045195666], [72.88283197017293, 19.01408045195666], [72.88283197017293, 19.011218173956657]]]}}, {"type": "Feature", "properties": {"pocket_id": "NS-0059", "city": "Mumbai", "ward": "L Ward"}, "geometry": {"type": "Polygon", "coordinates": [[[72.87723486933201, 19.09062932254671], [72.88043889890828, 19.09062932254671], [72.88043889890828, 19.093657110546708], [72.87723486933201, 19.093657110546708], [72.87723486933201, 19.09062932254671]]]}}, {"type": "Feature", "properties": {"pocket_id": "NS-0060", "city": "Mumbai", "ward": "M Ward"}, "geometry": {"type": "Polygon", "coordinates": [[[72.90109951992417, 18.995249294287238], [72.9039737422599, 18.995249294287238], [72.9039737422599, 18.997966980287234], [72.90109951992417, 18.997966980287234], [72.90109951992417, 18.995249294287238]]]}}, {"type": "Feature", "properties": {"pocket_id": "NS-0061", "city": "Mumbai", "ward": "M Ward"}, "geometry": {"type": "Polygon", "coordinates": [[[72.89812374945987, 19.006223451382237], [72.90212718287995, 19.006223451382237], [72.90212718287995, 19.010008587382234], [72.89812374945987, 19.010008587382234], [72.89812374945987, 19.006223451382237]]]}}, {"type": "Feature", "properties": {"pocket_id": "NS-0062", "city": "Mumbai", "ward": "S Ward"}, "geometry": {"type": "Polygon", "coordinates": [[[72.92069924097099, 19.14497472532768], [72.9235692715565, 19.14497472532768], [72.9235692715565, 19.147685997327677], [72.92069924097099, 19.147685997327677], [72.92069924097099, 19.14497472532768]]]}}, {"type": "Feature", "properties": {"pocket_id": "NS-0063", "city": "Ulhasnagar", "ward": "Ulhasnagar"}, "geometry": {"type": "Polygon", "coordinates": [[[73.1473774104689, 19.234041185121768], [73.15053653745652, 19.234041185121768], [73.15053653745652, 19.23702394512177], [73.1473774104689, 19.23702394512177], [73.1473774104689, 19.234041185121768]]]}}, {"type": "Feature", "properties": {"pocket_id": "NS-0064", "city": "Mumbai", "ward": "M Ward"}, "geometry": {"type": "Polygon", "coordinates": [[[72.88462584569274, 19.02690756747226], [72.8875325696036, 19.02690756747226], [72.8875325696036, 19.029655461472263], [72.88462584569274, 19.029655461472263], [72.88462584569274, 19.02690756747226]]]}}, {"type": "Feature", "properties": {"pocket_id": "NS-0065", "city": "Mumbai", "ward": "M Ward"}, "geometry": {"type": "Polygon", "coordinates": [[[72.86916850475791, 18.984173358688505], [72.87241293451353, 18.984173358688505], [72.87241293451353, 18.987241290688505], [72.86916850475791, 18.987241290688505], [72.86916850475791, 18.984173358688505]]]}}, {"type": "Feature", "properties": {"pocket_id": "NS-0066", "city": "Thane", "ward": "Thane West"}, "geometry": {"type": "Polygon", "coordinates": [[[72.96649341327844, 19.235608559908044], [72.9694646458021, 19.235608559908044], [72.9694646458021, 19.238413889908045], [72.96649341327844, 19.238413889908045], [72.96649341327844, 19.235608559908044]]]}}, {"type": "Feature", "properties": {"pocket_id": "NS-0067", "city": "Mumbai", "ward": "L Ward"}, "geometry": {"type": "Polygon", "coordinates": [[[72.87436708758452, 19.0606241301832], [72.87745546394018, 19.0606241301832], [72.87745546394018, 19.0635431561832], [72.87436708758452, 19.0635431561832], [72.87436708758452, 19.0606241301832]]]}}, {"type": "Feature", "properties": {"pocket_id": "NS-0068", "city": "Mumbai", "ward": "S Ward"}, "geometry": {"type": "Polygon", "coordinates": [[[NaN, 19.119420778376025], [NaN, 19.119420778376025], [NaN, 19.122049538376025], [NaN, 19.122049538376025], [NaN, 19.119420778376025]]]}}, {"type": "Feature", "properties": {"pocket_id": "NS-0069", "city": "Ulhasnagar", "ward": "Ulhasnagar"}, "geometry": {"type": "Polygon", "coordinates": [[[73.16028771637882, 19.223306683132204], [73.16300422403124, 19.223306683132204], [73.16300422403124, 19.225871705132203], [73.16028771637882, 19.225871705132203], [73.16028771637882, 19.223306683132204]]]}}, {"type": "Feature", "properties": {"pocket_id": "NS-0070", "city": "Mumbai", "ward": "M Ward"}, "geometry": {"type": "Polygon", "coordinates": [[[72.87982460439659, 19.011245755534027], [72.88244021623095, 19.011245755534027], [72.88244021623095, 19.01371867953403], [72.87982460439659, 19.01371867953403], [72.87982460439659, 19.011245755534027]]]}}, {"type": "Feature", "properties": {"pocket_id": "NS-0071", "city": "Mumbai", "ward": "S Ward"}, "geometry": {"type": "Polygon", "coordinates": [[[72.94497935382182, 19.143783393681243], [72.94801889576115, 19.143783393681243], [72.94801889576115, 19.146654819681242], [72.94497935382182, 19.146654819681242], [72.94497935382182, 19.143783393681243]]]}}, {"type": "Feature", "properties": {"pocket_id": "NS-0072", "city": "Mumbai", "ward": "M Ward"}, "geometry": {"type": "Polygon", "coordinates": [[[72.86554388321069, 19.005282764666994], [72.86854841906204, 19.005282764666994], [72.86854841906204, 19.008123494666997], [72.86554388321069, 19.008123494666997], [72.86554388321069, 19.005282764666994]]]}}, {"type": "Feature", "properties": {"pocket_id": "NS-0073", "city": "Mumbai", "ward": "M Ward"}, "geometry": {"type": "Polygon", "coordinates": [[[72.88797719168458, 18.97643161944246], [72.89084686139755, 18.97643161944246], [72.89084686139755, 18.97914530744246], [72.88797719168458, 18.97914530744246], [72.88797719168458, 18.97643161944246]]]}}, {"type": "Feature", "properties": {"pocket_id": "NS-0074", "city": "Thane", "ward": "Thane East"}, "geometry": {"type": "Polygon", "coordinates": [[[72.99926361610709, 19.204104917743177], [73.00231466145298, 19.204104917743177], [73.00231466145298, 19.206986155743177], [72.99926361610709, 19.206986155743177], [72.99926361610709, 19.204104917743177]]]}}, {"type": "Feature", "properties": {"pocket_id": "NS-0075", "city": "Mumbai", "ward": "M Ward"}, "geometry": {"type": "Polygon", "coordinates": [[[72.87222401458249, 19.0236321204296], [72.87526353312836, 19.0236321204296], [72.87526353312836, 19.0265056084296], [72.87222401458249, 19.0265056084296], [72.87222401458249, 19.0236321204296]]]}}, {"type": "Feature", "properties": {"pocket_id": "NS-0076", "city": "Mumbai", "ward": "M Ward"}, "geometry": {"type": "Polygon", "coordinates": [[[72.82609379428135, 19.019677461017952], [72.82977294777888, 19.019677461017952], [72.82977294777888, 19.023155721017954], [72.82609379428135, 19.023155721017954], [72.82609379428135, 19.019677461017952]]]}}, {"type": "Feature", "properties": {"pocket_id": "NS-0077", "city": "Mumbai", "ward": "S Ward"}, "geometry": {"type": "Polygon", "coordinates": [[[72.93308270147, 19.140138020774675], [72.93586717780971, 19.140138020774675], [72.93586717780971, 19.142768548774672], [72.93308270147, 19.142768548774672], [72.93308270147, 19.140138020774675]]]}}, {"type": "Feature", "properties": {"pocket_id": "NS-0078", "city": "Mumbai", "ward": "M Ward"}, "geometry": {"type": "Polygon", "coordinates": [[[72.86984686263703, 18.985943730559022], [72.8724632358567, 18.985943730559022], [72.8724632358567, 18.988417750559023], [72.86984686263703, 18.988417750559023], [72.86984686263703, 18.985943730559022]]]}}, {"type": "Feature", "properties": {"pocket_id": "NS-0079", "city": "Ulhasnagar", "ward": "Ulhasnagar"}, "geometry": {"type": "Polygon", "coordinates": [[[73.17834632555513, 19.23013672079445], [73.18146132468341, 19.23013672079445], [73.18146132468341, 19.23307788679445], [73.17834632555513, 19.23307788679445], [73.17834632555513, 19.23013672079445]]]}}, {"type": "Feature", "properties": {"pocket_id": "NS-0080", "city": "Kalyan", "ward": "Kalyan West"}, "geometry": {"type": "Polygon", "coordinates": [[[73.09408058927926, 19.25259695541167], [73.09770777259897, 19.25259695541167], [73.09770777259897, 19.256021249411667], [73.09408058927926, 19.256021249411667], [73.09408058927926, 19.25259695541167]]]}}, {"type": "Feature", "properties": {"pocket_id": "NS-0081", "city": "Mumbai", "ward": "M Ward"}, "geometry": {"type": "Polygon", "coordinates": [[[72.86823938353149, 19.013057974085346], [72.8713502191977, 19.013057974085346], [72.8713502191977, 19.015999070085346], [72.86823938353149, 19.015999070085346], [72.86823938353149, 19.013057974085346]]]}}, {"type": "Feature", "properties": {"pocket_id": "NS-0082", "city": "Kalyan", "ward": "Kalyan West"}, "geometry": {"type": "Polygon", "coordinates": [[[73.1330215835874, 19.248704914278584], [73.13647973069176, 19.248704914278584], [73.13647973069176, 19.251969706278587], [73.1330215835874, 19.251969706278587], [73.1330215835874, 19.248704914278584]]]}}, {"type": "Feature", "properties": {"pocket_id": "NS-0083", "city": "Mumbai", "ward": "M Ward"}, "geometry": {"type": "Polygon", "coordinates": [[[NaN, NaN], [NaN, NaN], [NaN, NaN], [NaN, NaN], [NaN, NaN]]]}}, {"type": "Feature", "properties": {"pocket_id": "NS-0084", "city": "Mumbai", "ward": "S Ward"}, "geometry": {"type": "Polygon", "coordinates": [[[72.93531782069205, 19.147730126374107], [72.93811746332666, 19.147730126374107], [72.93811746332666, 19.150374860374107], [72.93531782069205, 19.150374860374107], [72.93531782069205, 19.147730126374107]]]}}, {"type": "Feature", "properties": {"pocket_id": "NS-0085", "city": "Thane", "ward": "Thane West"}, "geometry": {"type": "Polygon", "coordinates": [[[73.014443176454, 19.22483747533305], [73.01747599862367, 19.22483747533305], [73.01747599862367, 19.227701143333054], [73.014443176454, 19.227701143333054], [73.014443176454, 19.22483747533305]]]}}, {"type": "Feature", "properties": {"pocket_id": "NS-0086", "city": "Mumbai", "ward": "M Ward"}, "geometry": {"type": "Polygon", "coordinates": [[[72.87443985870317, 19.013756171128158], [72.87750761353064, 19.013756171128158], [72.87750761353064, 19.016656525128155], [72.87443985870317, 19.016656525128155], [72.87443985870317, 19.013756171128158]]]}}, {"type": "Feature", "properties": {"pocket_id": "NS-0087", "city": "Mumbai", "ward": "L Ward"}, "geometry": {"type": "Polygon", "coordinates": [[[72.873102837719, 19.06348498063517], [72.87679504099448, 19.06348498063517], [72.87679504099448, 19.06697465663517], [72.873102837719, 19.06697465663517], [72.873102837719, 19.06348498063517]]]}}, {"type": "Feature", "properties": {"pocket_id": "NS-0088", "city": "Mumbai", "ward": "M Ward"}, "geometry": {"type": "Polygon", "coordinates": [[[72.86867550304383, 19.005427985530687], [72.87171241901483, 19.005427985530687], [72.87171241901483, 19.008299327530686], [72.86867550304383, 19.008299327530686], [72.86867550304383, 19.005427985530687]]]}}, {"type": "Feature", "properties": {"pocket_id": "NS-0089", "city": "Mumbai", "ward": "M Ward"}, "geometry": {"type": "Polygon", "coordinates": [[[72.91341059636834, 18.976856244043358], [72.91618966125215, 18.976856244043358], [72.91618966125215, 18.97948424604336], [72.91341059636834, 18.97948424604336], [72.91341059636834, 18.976856244043358]]]}}, {"type": "Feature", "properties": {"pocket_id": "NS-0090", "city": "Thane", "ward": "Thane East"}, "geometry": {"type": "Polygon", "coordinates": [[[73.01628827963917, 19.199301418648407], [73.01909619626385, 19.199301418648407], [73.01909619626385, 19.20195313864841], [73.01628827963917, 19.20195313864841], [73.01628827963917, 19.199301418648407]]]}}, {"type": "Feature", "properties": {"pocket_id": "NS-0091", "city": "Mumbai", "ward": "M Ward"}, "geometry": {"type": "Polygon", "coordinates": [[[72.87844333976494, 19.001070741482643], [72.88153868939528, 19.001070741482643], [72.88153868939528, 19.003997407482643], [72.87844333976494, 19.003997407482643], [72.87844333976494, 19.001070741482643]]]}}, {"type": "Feature", "properties": {"pocket_id": "NS-0092", "city": "Mumbai", "ward": "M Ward"}, "geometry": {"type": "Polygon", "coordinates": [[[72.89781140934802, 19.02501798918521], [72.90107639767093, 19.02501798918521], [72.90107639767093, 19.028104603185206], [72.89781140934802, 19.028104603185206], [72.89781140934802, 19.02501798918521]]]}}, {"type": "Feature", "properties": {"pocket_id": "NS-0093", "city": "Mumbai", "ward": "M Ward"}, "geometry": {"type": "Polygon", "coordinates": [[[72.89557650296706, 18.984700224339317], [72.89907710757603, 18.984700224339317], [72.89907710757603, 18.988010382339315], [72.89557650296706, 18.988010382339315], [72.89557650296706, 18.984700224339317]]]}}, {"type": "Feature", "properties": {"pocket_id": "NS-0094", "city": "Thane", "ward": "Thane East"}, "geometry": {"type": "Polygon", "coordinates": [[[73.03152679834693, 19.192361955783433], [73.03510283646926, 19.192361955783433], [73.03510283646926, 19.195739203783432], [73.03152679834693, 19.195739203783432], [73.03152679834693, 19.192361955783433]]]}}, {"type": "Feature", "properties": {"pocket_id": "NS-0095", "city": "Thane", "ward": "Thane East"}, "geometry": {"type": "Polygon", "coordinates": [[[73.01867233712521, 19.19207225599477], [73.02141664928207, 19.19207225599477], [73.02141664928207, 19.194664023994772], [73.01867233712521, 19.194664023994772], [73.01867233712521, 19.19207225599477]]]}}, {"type": "Feature", "properties": {"pocket_id": "NS-0096", "city": "Mumbai", "ward": "L Ward"}, "geometry": {"type": "Polygon", "coordinates": [[[NaN, 19.05286585521342], [NaN, 19.05286585521342], [NaN, 19.05551805121342], [NaN, 19.05551805121342], [NaN, 19.05286585521342]]]}}, {"type": "Feature", "properties": {"pocket_id": "NS-0097", "city": "Mumbai", "ward": "M Ward"}, "geometry": {"type": "Polygon", "coordinates": [[[72.89536092824233, 19.0299256530176], [72.89838155062648, 19.0299256530176], [72.89838155062648, 19.032781169017596], [72.89536092824233, 19.032781169017596], [72.89536092824233, 19.0299256530176]]]}}, {"type": "Feature", "properties": {"pocket_id": "NS-0098", "city": "Thane", "ward": "Thane East"}, "geometry": {"type": "Polygon", "coordinates": [[[73.04293565888594, 19.18628788340055], [73.04637093086887, 19.18628788340055], [73.04637093086887, 19.18953231140055], [73.04293565888594, 19.18953231140055], [73.04293565888594, 19.18628788340055]]]}}, {"type": "Feature", "properties": {"pocket_id": "NS-0099", "city": "Thane", "ward": "Thane East"}, "geometry": {"type": "Polygon", "coordinates": [[[73.05717684933786, 19.217512231229527], [73.05989887829612, 19.217512231229527], [73.05989887829612, 19.220082557229524], [73.05717684933786, 19.220082557229524], [73.05717684933786, 19.217512231229527]]]}}, {"type": "Feature", "properties": {"pocket_id": "NS-0100", "city": "Thane", "ward": "Thane West"}, "geometry": {"type": "Polygon", "coordinates": [[[73.00853982045763, 19.2459267136361], [73.01137578965199, 19.2459267136361], [73.01137578965199, 19.2486041656361], [73.00853982045763, 19.2486041656361], [73.00853982045763, 19.2459267136361]]]}}, {"type": "Feature", "properties": {"pocket_id": "NS-0101", "city": "Mumbai", "ward": "S Ward"}, "geometry": {"type": "Polygon", "coordinates": [[[72.9222278554306, 19.121178267038772], [72.9252028309904, 19.121178267038772], [72.9252028309904, 19.123989083038772], [72.9222278554306, 19.123989083038772], [72.9222278554306, 19.121178267038772]]]}}, {"type": "Feature", "properties": {"pocket_id": "NS-0102", "city": "Ambarnath", "ward": "Ambarnath"}, "geometry": {"type": "Polygon", "coordinates": [[[73.20885877573592, 19.201827487912407], [73.21220062060469, 19.201827487912407], [73.21220062060469, 19.20498338191241], [73.20885877573592, 19.20498338191241], [73.20885877573592, 19.201827487912407]]]}}, {"type": "Feature", "properties": {"pocket_id": "NS-0103", "city": "Mumbai", "ward": "L Ward"}, "geometry": {"type": "Polygon", "coordinates": [[[NaN, NaN], [NaN, NaN], [NaN, NaN], [NaN, NaN], [NaN, NaN]]]}}, {"type": "Feature", "properties": {"pocket_id": "NS-0104", "city": "Thane", "ward": "Thane East"}, "geometry": {"type": "Polygon", "coordinates": [[[73.04462137749094, 19.225909758384763], [73.04743944770068, 19.225909758384763], [73.04743944770068, 19.228570636384763], [73.04462137749094, 19.228570636384763], [73.04462137749094, 19.225909758384763]]]}}, {"type": "Feature", "properties": {"pocket_id": "NS-0105", "city": "Mumbai", "ward": "S Ward"}, "geometry": {"type": "Polygon", "coordinates": [[[72.94701117787022, 19.146974289334956], [72.94966981386753, 19.146974289334956], [72.94966981386753, 19.149485831334957], [72.94701117787022, 19.149485831334957], [72.94701117787022, 19.146974289334956]]]}}, {"type": "Feature", "properties": {"pocket_id": "NS-0106", "city": "Mumbai", "ward": "M Ward"}, "geometry": {"type": "Polygon", "coordinates": [[[72.8700791462771, 19.02418016234795], [72.8729597225149, 19.02418016234795], [72.8729597225149, 19.02690338234795], [72.8700791462771, 19.02690338234795], [72.8700791462771, 19.02418016234795]]]}}, {"type": "Feature", "properties": {"pocket_id": "NS-0107", "city": "Mumbai", "ward": "M Ward"}, "geometry": {"type": "Polygon", "coordinates": [[[72.88210001454878, 18.996756182590385], [72.88498808173797, 18.996756182590385], [72.88498808173797, 18.999486934590383], [72.88210001454878, 18.999486934590383], [72.88210001454878, 18.996756182590385]]]}}, {"type": "Feature", "properties": {"pocket_id": "NS-0108", "city": "Kalyan", "ward": "Kalyan West"}, "geometry": {"type": "Polygon", "coordinates": [[[73.13625323348427, 19.247765605734312], [73.13903597028047, 19.247765605734312], [73.13903597028047, 19.250392771734315], [73.13625323348427, 19.250392771734315], [73.13625323348427, 19.247765605734312]]]}}, {"type": "Feature", "properties": {"pocket_id": "NS-0109", "city": "Mumbai", "ward": "M Ward"}, "geometry": {"type": "Polygon", "coordinates": [[[72.85980649271549, 18.993810159561598], [72.86246433526803, 18.993810159561598], [72.86246433526803, 18.9963232735616], [72.85980649271549, 18.9963232735616], [72.85980649271549, 18.993810159561598]]]}}, {"type": "Feature", "properties": {"pocket_id": "NS-0110", "city": "Mumbai", "ward": "M Ward"}, "geometry": {"type": "Polygon", "coordinates": [[[72.87623815360779, 19.008504960860897], [72.87917456034036, 19.008504960860897], [72.87917456034036, 19.011281222860895], [72.87623815360779, 19.011281222860895], [72.87623815360779, 19.008504960860897]]]}}, {"type": "Feature", "properties": {"pocket_id": "NS-0111", "city": "Kalyan", "ward": "Kalyan East"}, "geometry": {"type": "Polygon", "coordinates": [[[73.14937014955667, 19.272088546360948], [73.15212677437678, 19.272088546360948], [73.15212677437678, 19.274690674360947], [73.14937014955667, 19.274690674360947], [73.14937014955667, 19.272088546360948]]]}}, {"type": "Feature", "properties": {"pocket_id": "NS-0112", "city": "Mumbai", "ward": "L Ward"}, "geometry": {"type": "Polygon", "coordinates": [[[72.88869015853847, 19.082673362251747], [72.89165421985261, 19.082673362251747], [72.89165421985261, 19.085474518251743], [72.88869015853847, 19.085474518251743], [72.88869015853847, 19.082673362251747]]]}}, {"type": "Feature", "properties": {"pocket_id": "NS-0113", "city": "Mumbai", "ward": "L Ward"}, "geometry": {"type": "Polygon", "coordinates": [[[72.87696458045448, 19.07208585537269], [72.87984500018521, 19.07208585537269], [72.87984500018521, 19.074808141372692], [72.87696458045448, 19.074808141372692], [72.87696458045448, 19.07208585537269]]]}}, {"type": "Feature", "properties": {"pocket_id": "NS-0114", "city": "Mumbai", "ward": "L Ward"}, "geometry": {"type": "Polygon", "coordinates": [[[NaN, 19.028729899056035], [NaN, 19.028729899056035], [NaN, 19.03133233105604], [NaN, 19.03133233105604], [NaN, 19.028729899056035]]]}}, {"type": "Feature", "properties": {"pocket_id": "NS-0115", "city": "Thane", "ward": "Thane West"}, "geometry": {"type": "Polygon", "coordinates": [[[72.97227470458147, 19.253547874502498], [72.97534693432358, 19.253547874502498], [72.97534693432358, 19.256448244502497], [72.97227470458147, 19.256448244502497], [72.97227470458147, 19.253547874502498]]]}}, {"type": "Feature", "properties": {"pocket_id": "NS-0116", "city": "Thane", "ward": "Thane West"}, "geometry": {"type": "Polygon", "coordinates": [[[NaN, NaN], [NaN, NaN], [NaN, NaN], [NaN, NaN], [NaN, NaN]]]}}, {"type": "Feature", "properties": {"pocket_id": "NS-0117", "city": "Mumbai", "ward": "M Ward"}, "geometry": {"type": "Polygon", "coordinates": [[[72.87920345662063, 19.002951437748195], [72.88208573385158, 19.002951437748195], [72.88208573385158, 19.005676613748193], [72.87920345662063, 19.005676613748193], [72.87920345662063, 19.002951437748195]]]}}, {"type": "Feature", "properties": {"pocket_id": "NS-0118", "city": "Mumbai", "ward": "M Ward"}, "geometry": {"type": "Polygon", "coordinates": [[[72.87145467116477, 19.01733129246859], [72.87427862379263, 19.01733129246859], [72.87427862379263, 19.02000109246859], [72.87145467116477, 19.02000109246859], [72.87145467116477, 19.01733129246859]]]}}, {"type": "Feature", "properties": {"pocket_id": "NS-0119", "city": "Mumbai", "ward": "L Ward"}, "geometry": {"type": "Polygon", "coordinates": [[[72.87883013516289, 19.08352989177418], [72.88192672236444, 19.08352989177418], [72.88192672236444, 19.08645627377418], [72.87883013516289, 19.08645627377418], [72.87883013516289, 19.08352989177418]]]}}, {"type": "Feature", "properties": {"pocket_id": "NS-0120", "city": "Mumbai", "ward": "L Ward"}, "geometry": {"type": "Polygon", "coordinates": [[[72.90205938025392, 19.06949465580639], [72.90574952715846, 19.06949465580639], [72.90574952715846, 19.07298226180639], [72.90205938025392, 19.07298226180639], [72.90205938025392, 19.06949465580639]]]}}, {"type": "Feature", "properties": {"pocket_id": "NS-0121", "city": "Mumbai", "ward": "S Ward"}, "geometry": {"type": "Polygon", "coordinates": [[[72.94531582342205, 19.15547443300904], [72.94847537772421, 19.15547443300904], [72.94847537772421, 19.158459021009037], [72.94531582342205, 19.158459021009037], [72.94531582342205, 19.15547443300904]]]}}, {"type": "Feature", "properties": {"pocket_id": "NS-0122", "city": "Mumbai", "ward": "M Ward"}, "geometry": {"type": "Polygon", "coordinates": [[[72.89316409991544, 19.01096281548765], [72.89619363684297, 19.01096281548765], [72.89619363684297, 19.013827085487655], [72.89316409991544, 19.013827085487655], [72.89316409991544, 19.01096281548765]]]}}, {"type": "Feature", "properties": {"pocket_id": "NS-0123", "city": "Kalyan", "ward": "Kalyan West"}, "geometry": {"type": "Polygon", "coordinates": [[[73.11595598308124, 19.230803022350834], [73.12036453345142, 19.230803022350834], [73.12036453345142, 19.234965520350833], [73.11595598308124, 19.234965520350833], [73.11595598308124, 19.230803022350834]]]}}, {"type": "Feature", "properties": {"pocket_id": "NS-0124", "city": "Mumbai", "ward": "S Ward"}, "geometry": {"type": "Polygon", "coordinates": [[[72.92330445578122, 19.141209296438856], [72.92670115308718, 19.141209296438856], [72.92670115308718, 19.144418170438858], [72.92330445578122, 19.144418170438858], [72.92330445578122, 19.141209296438856]]]}}, {"type": "Feature", "properties": {"pocket_id": "NS-0125", "city": "Thane", "ward": "Thane West"}, "geometry": {"type": "Polygon", "coordinates": [[[73.01188416519255, 19.21873219598651], [73.01467351405529, 19.21873219598651], [73.01467351405529, 19.22136606998651], [73.01188416519255, 19.22136606998651], [73.01188416519255, 19.21873219598651]]]}}, {"type": "Feature", "properties": {"pocket_id": "NS-0126", "city": "Kalyan", "ward": "Kalyan West"}, "geometry": {"type": "Polygon", "coordinates": [[[NaN, NaN], [NaN, NaN], [NaN, NaN], [NaN, NaN], [NaN, NaN]]]}}, {"type": "Feature", "properties": {"pocket_id": "NS-0127", "city": "Mumbai", "ward": "L Ward"}, "geometry": {"type": "Polygon", "coordinates": [[[72.90406142533146, 19.068003186407125], [72.90794887033022, 19.068003186407125], [72.90794887033022, 19.071677292407124], [72.90406142533146, 19.071677292407124], [72.90406142533146, 19.068003186407125]]]}}, {"type": "Feature", "properties": {"pocket_id": "NS-0128", "city": "Mumbai", "ward": "M Ward"}, "geometry": {"type": "Polygon", "coordinates": [[[72.88306355074981, 19.001233781085194], [72.8864089207956, 19.001233781085194], [72.8864089207956, 19.004396837085192], [72.88306355074981, 19.004396837085192], [72.88306355074981, 19.001233781085194]]]}}, {"type": "Feature", "properties": {"pocket_id": "NS-0129", "city": "Mumbai", "ward": "M Ward"}, "geometry": {"type": "Polygon", "coordinates": [[[72.88314535761779, 19.03949515184073], [72.88648657238954, 19.03949515184073], [72.88648657238954, 19.042653551840726], [72.88314535761779, 19.042653551840726], [72.88314535761779, 19.03949515184073]]]}}, {"type": "Feature", "properties": {"pocket_id": "NS-0130", "city": "Mumbai", "ward": "M Ward"}, "geometry": {"type": "Polygon", "coordinates": [[[72.81965436968859, 19.024009459538455], [72.8235735251747, 19.024009459538455], [72.8235735251747, 19.027714517538456], [72.81965436968859, 19.027714517538456], [72.81965436968859, 19.024009459538455]]]}}, {"type": "Feature", "properties": {"pocket_id": "NS-0131", "city": "Mumbai", "ward": "M Ward"}, "geometry": {"type": "Polygon", "coordinates": [[[72.86232738576925, 19.04457597949295], [72.86499417566179, 19.04457597949295], [72.86499417566179, 19.04709678349295], [72.86232738576925, 19.04709678349295], [72.86232738576925, 19.04457597949295]]]}}, {"type": "Feature", "properties": {"pocket_id": "NS-0132", "city": "Ulhasnagar", "ward": "Ulhasnagar"}, "geometry": {"type": "Polygon", "coordinates": [[[NaN, NaN], [NaN, NaN], [NaN, NaN], [NaN, NaN], [NaN, NaN]]]}}, {"type": "Feature", "properties": {"pocket_id": "NS-0133", "city": "Thane", "ward": "Thane West"}, "geometry": {"type": "Polygon", "coordinates": [[[72.95168295187752, 19.187189436367536], [72.95470369738005, 19.187189436367536], [72.95470369738005, 19.190042354367538], [72.95168295187752, 19.190042354367538], [72.95168295187752, 19.187189436367536]]]}}, {"type": "Feature", "properties": {"pocket_id": "NS-0134", "city": "Thane", "ward": "Thane West"}, "geometry": {"type": "Polygon", "coordinates": [[[NaN, NaN], [NaN, NaN], [NaN, NaN], [NaN, NaN], [NaN, NaN]]]}}, {"type": "Feature", "properties": {"pocket_id": "NS-0135", "city": "Kalyan", "ward": "Kalyan West"}, "geometry": {"type": "Polygon", "coordinates": [[[73.13832303242525, 19.236645433411386], [73.14148846700952, 19.236645433411386], [73.14148846700952, 19.239634101411387], [73.13832303242525, 19.239634101411387], [73.13832303242525, 19.236645433411386]]]}}, {"type": "Feature", "properties": {"pocket_id": "NS-0136", "city": "Thane", "ward": "Thane West"}, "geometry": {"type": "Polygon", "coordinates": [[[73.00585413970252, 19.225864491542655], [73.00870880047803, 19.225864491542655], [73.00870880047803, 19.228559919542658], [73.00585413970252, 19.228559919542658], [73.00585413970252, 19.225864491542655]]]}}, {"type": "Feature", "properties": {"pocket_id": "NS-0137", "city": "Mumbai", "ward": "S Ward"}, "geometry": {"type": "Polygon", "coordinates": [[[72.94338121682642, 19.160096969460486], [72.94606104485621, 19.160096969460486], [72.94606104485621, 19.162628329460485], [72.94338121682642, 19.162628329460485], [72.94338121682642, 19.160096969460486]]]}}, {"type": "Feature", "properties": {"pocket_id": "NS-0138", "city": "Mumbai", "ward": "L Ward"}, "geometry": {"type": "Polygon", "coordinates": [[[NaN, 19.05915789832173], [NaN, 19.05915789832173], [NaN, 19.06174724432173], [NaN, 19.06174724432173], [NaN, 19.05915789832173]]]}}, {"type": "Feature", "properties": {"pocket_id": "NS-0139", "city": "Mumbai", "ward": "M Ward"}, "geometry": {"type": "Polygon", "coordinates": [[[72.83636133118696, 19.0018459990511], [72.83907712585238, 19.0018459990511], [72.83907712585238, 19.0044137850511], [72.83636133118696, 19.0044137850511], [72.83636133118696, 19.0018459990511]]]}}, {"type": "Feature", "properties": {"pocket_id": "NS-0140", "city": "Mumbai", "ward": "S Ward"}, "geometry": {"type": "Polygon", "coordinates": [[[72.96015539513958, 19.098445512370752], [72.96280839299696, 19.098445512370752], [72.96280839299696, 19.10095246437075], [72.96015539513958, 19.10095246437075], [72.96015539513958, 19.098445512370752]]]}}, {"type": "Feature", "properties": {"pocket_id": "NS-0141", "city": "Mumbai", "ward": "M Ward"}, "geometry": {"type": "Polygon", "coordinates": [[[72.88522482565334, 19.011029772532645], [72.88798736651331, 19.011029772532645], [72.88798736651331, 19.013641612532645], [72.88522482565334, 19.013641612532645], [72.88522482565334, 19.011029772532645]]]}}, {"type": "Feature", "properties": {"pocket_id": "NS-0142", "city": "Mumbai", "ward": "L Ward"}, "geometry": {"type": "Polygon", "coordinates": [[[72.92417692823341, 19.050333747300186], [72.92709148707294, 19.050333747300186], [72.92709148707294, 19.053088659300187], [72.92417692823341, 19.053088659300187], [72.92417692823341, 19.050333747300186]]]}}, {"type": "Feature", "properties": {"pocket_id": "NS-0143", "city": "Mumbai", "ward": "S Ward"}, "geometry": {"type": "Polygon", "coordinates": [[[72.91837733792528, 19.129882762231997], [72.92142234816097, 19.129882762231997], [72.92142234816097, 19.132759596231995], [72.91837733792528, 19.132759596231995], [72.91837733792528, 19.129882762231997]]]}}, {"type": "Feature", "properties": {"pocket_id": "NS-0144", "city": "Mumbai", "ward": "M Ward"}, "geometry": {"type": "Polygon", "coordinates": [[[72.87353419954052, 19.01226311557343], [72.87623971831623, 19.01226311557343], [72.87623971831623, 19.01482102557343], [72.87353419954052, 19.01482102557343], [72.87353419954052, 19.01226311557343]]]}}, {"type": "Feature", "properties": {"pocket_id": "NS-0145", "city": "Mumbai", "ward": "L Ward"}, "geometry": {"type": "Polygon", "coordinates": [[[72.89073796851451, 19.066104434976662], [72.89348677394665, 19.066104434976662], [72.89348677394665, 19.06870242697666], [72.89073796851451, 19.06870242697666], [72.89073796851451, 19.066104434976662]]]}}, {"type": "Feature", "properties": {"pocket_id": "NS-0146", "city": "Mumbai", "ward": "M Ward"}, "geometry": {"type": "Polygon", "coordinates": [[[72.88936794253664, 18.994489608833778], [72.89233698491836, 18.994489608833778], [72.89233698491836, 18.997296962833776], [72.88936794253664, 18.997296962833776], [72.88936794253664, 18.994489608833778]]]}}, {"type": "Feature", "properties": {"pocket_id": "NS-0147", "city": "Mumbai", "ward": "M Ward"}, "geometry": {"type": "Polygon", "coordinates": [[[72.88078471667433, 19.010798926080746], [72.88363640775665, 19.010798926080746], [72.88363640775665, 19.013495056080743], [72.88078471667433, 19.013495056080743], [72.88078471667433, 19.010798926080746]]]}}, {"type": "Feature", "properties": {"pocket_id": "NS-0148", "city": "Mumbai", "ward": "L Ward"}, "geometry": {"type": "Polygon", "coordinates": [[[NaN, NaN], [NaN, NaN], [NaN, NaN], [NaN, NaN], [NaN, NaN]]]}}, {"type": "Feature", "properties": {"pocket_id": "NS-0149", "city": "Mumbai", "ward": "M Ward"}, "geometry": {"type": "Polygon", "coordinates": [[[72.88741468902421, 19.01381251425701], [72.89028269749886, 19.01381251425701], [72.89028269749886, 19.016524022257006], [72.88741468902421, 19.016524022257006], [72.88741468902421, 19.01381251425701]]]}}, {"type": "Feature", "properties": {"pocket_id": "NS-0150", "city": "Thane", "ward": "Thane East"}, "geometry": {"type": "Polygon", "coordinates": [[[73.02739815975335, 19.19240470729315], [73.02999935460653, 19.19240470729315], [73.02999935460653, 19.194861309293152], [73.02739815975335, 19.194861309293152], [73.02739815975335, 19.19240470729315]]]}}, {"type": "Feature", "properties": {"pocket_id": "NS-0151", "city": "Mumbai", "ward": "L Ward"}, "geometry": {"type": "Polygon", "coordinates": [[[72.89115131177037, 19.059060624350735], [72.8941734992009, 19.059060624350735], [72.8941734992009, 19.061917118350735], [72.89115131177037, 19.061917118350735], [72.89115131177037, 19.059060624350735]]]}}, {"type": "Feature", "properties": {"pocket_id": "NS-0152", "city": "Mumbai", "ward": "M Ward"}, "geometry": {"type": "Polygon", "coordinates": [[[72.86980234103568, 18.98807394987919], [72.87254064009211, 18.98807394987919], [72.87254064009211, 18.990663227879192], [72.86980234103568, 18.990663227879192], [72.86980234103568, 18.98807394987919]]]}}, {"type": "Feature", "properties": {"pocket_id": "NS-0153", "city": "Mumbai", "ward": "L Ward"}, "geometry": {"type": "Polygon", "coordinates": [[[72.89035494364497, 19.04266770857649], [72.89307613226761, 19.04266770857649], [72.89307613226761, 19.045239962576492], [72.89035494364497, 19.045239962576492], [72.89035494364497, 19.04266770857649]]]}}, {"type": "Feature", "properties": {"pocket_id": "NS-0154", "city": "Thane", "ward": "Thane West"}, "geometry": {"type": "Polygon", "coordinates": [[[72.96310818955047, 19.20615249314401], [72.96593196133855, 19.20615249314401], [72.96593196133855, 19.208819075144014], [72.96310818955047, 19.208819075144014], [72.96310818955047, 19.20615249314401]]]}}, {"type": "Feature", "properties": {"pocket_id": "NS-0155", "city": "Mumbai", "ward": "L Ward"}, "geometry": {"type": "Polygon", "coordinates": [[[72.8732460184641, 19.07584749296912], [72.87620800857508, 19.07584749296912], [72.87620800857508, 19.07864680696912], [72.8732460184641, 19.07864680696912], [72.8732460184641, 19.07584749296912]]]}}, {"type": "Feature", "properties": {"pocket_id": "NS-0156", "city": "Ulhasnagar", "ward": "Ulhasnagar"}, "geometry": {"type": "Polygon", "coordinates": [[[73.16522443895278, 19.211147329358216], [73.16810261629414, 19.211147329358216], [73.16810261629414, 19.213865205358214], [73.16522443895278, 19.213865205358214], [73.16522443895278, 19.211147329358216]]]}}, {"type": "Feature", "properties": {"pocket_id": "NS-0157", "city": "Thane", "ward": "Thane West"}, "geometry": {"type": "Polygon", "coordinates": [[[72.95896330900426, 19.22677177524939], [72.96211388062521, 19.22677177524939], [72.96211388062521, 19.229746589249388], [72.95896330900426, 19.229746589249388], [72.95896330900426, 19.22677177524939]]]}}, {"type": "Feature", "properties": {"pocket_id": "NS-0158", "city": "Kalyan", "ward": "Kalyan West"}, "geometry": {"type": "Polygon", "coordinates": [[[73.12114181536059, 19.238736320211164], [73.12417976639124, 19.238736320211164], [73.12417976639124, 19.241604588211164], [73.12114181536059, 19.241604588211164], [73.12114181536059, 19.238736320211164]]]}}, {"type": "Feature", "properties": {"pocket_id": "NS-0159", "city": "Mumbai", "ward": "M Ward"}, "geometry": {"type": "Polygon", "coordinates": [[[72.87419571645165, 19.011500568663198], [72.87720356738913, 19.011500568663198], [72.87720356738913, 19.014344326663196], [72.87419571645165, 19.014344326663196], [72.87419571645165, 19.011500568663198]]]}}, {"type": "Feature", "properties": {"pocket_id": "NS-0160", "city": "Thane", "ward": "Thane West"}, "geometry": {"type": "Polygon", "coordinates": [[[NaN, NaN], [NaN, NaN], [NaN, NaN], [NaN, NaN], [NaN, NaN]]]}}, {"type": "Feature", "properties": {"pocket_id": "NS-0161", "city": "Kalyan", "ward": "Kalyan West"}, "geometry": {"type": "Polygon", "coordinates": [[[NaN, 19.222078567618006], [NaN, 19.222078567618006], [NaN, 19.224865485618004], [NaN, 19.224865485618004], [NaN, 19.222078567618006]]]}}, {"type": "Feature", "properties": {"pocket_id": "NS-0162", "city": "Mumbai", "ward": "M Ward"}, "geometry": {"type": "Polygon", "coordinates": [[[72.86074833376281, 18.988057169013526], [72.86468627277085, 18.988057169013526], [72.86468627277085, 18.99178078901353], [72.86074833376281, 18.99178078901353], [72.86074833376281, 18.988057169013526]]]}}, {"type": "Feature", "properties": {"pocket_id": "NS-0163", "city": "Thane", "ward": "Thane East"}, "geometry": {"type": "Polygon", "coordinates": [[[73.03271388349663, 19.221691029100633], [73.0357291328871, 19.221691029100633], [73.0357291328871, 19.224538159100632], [73.03271388349663, 19.224538159100632], [73.03271388349663, 19.221691029100633]]]}}, {"type": "Feature", "properties": {"pocket_id": "NS-0164", "city": "Mumbai", "ward": "M Ward"}, "geometry": {"type": "Polygon", "coordinates": [[[72.87804906292561, 19.01200959902146], [72.88083341108253, 19.01200959902146], [72.88083341108253, 19.01464204102146], [72.87804906292561, 19.01464204102146], [72.87804906292561, 19.01200959902146]]]}}, {"type": "Feature", "properties": {"pocket_id": "NS-0165", "city": "Mumbai", "ward": "S Ward"}, "geometry": {"type": "Polygon", "coordinates": [[[72.9341631609892, 19.144709135878152], [72.9383745722473, 19.144709135878152], [72.9383745722473, 19.14868757987815], [72.9341631609892, 19.14868757987815], [72.9341631609892, 19.144709135878152]]]}}, {"type": "Feature", "properties": {"pocket_id": "NS-0166", "city": "Mumbai", "ward": "S Ward"}, "geometry": {"type": "Polygon", "coordinates": [[[72.93539990246553, 19.14251159623141], [72.93850700934603, 19.14251159623141], [72.93850700934603, 19.145446872231414], [72.93539990246553, 19.145446872231414], [72.93539990246553, 19.14251159623141]]]}}, {"type": "Feature", "properties": {"pocket_id": "NS-0167", "city": "Mumbai", "ward": "M Ward"}, "geometry": {"type": "Polygon", "coordinates": [[[72.87692905560809, 18.985438745186517], [72.87987961988372, 18.985438745186517], [72.87987961988372, 18.988228779186517], [72.87692905560809, 18.988228779186517], [72.87692905560809, 18.985438745186517]]]}}, {"type": "Feature", "properties": {"pocket_id": "NS-0168", "city": "Thane", "ward": "Thane West"}, "geometry": {"type": "Polygon", "coordinates": [[[72.96848938434384, 19.22434975840217], [72.97121731969766, 19.22434975840217], [72.97121731969766, 19.22692555440217], [72.96848938434384, 19.22692555440217], [72.96848938434384, 19.22434975840217]]]}}, {"type": "Feature", "properties": {"pocket_id": "NS-0169", "city": "Mumbai", "ward": "M Ward"}, "geometry": {"type": "Polygon", "coordinates": [[[72.86684446526156, 18.975584263427677], [72.86959504362282, 18.975584263427677], [72.86959504362282, 18.978185347427676], [72.86684446526156, 18.978185347427676], [72.86684446526156, 18.975584263427677]]]}}, {"type": "Feature", "properties": {"pocket_id": "NS-0170", "city": "Mumbai", "ward": "M Ward"}, "geometry": {"type": "Polygon", "coordinates": [[[72.89837908879811, 19.00342882500325], [72.90125350108086, 19.00342882500325], [72.90125350108086, 19.00614655700325], [72.89837908879811, 19.00614655700325], [72.89837908879811, 19.00342882500325]]]}}, {"type": "Feature", "properties": {"pocket_id": "NS-0171", "city": "Thane", "ward": "Thane West"}, "geometry": {"type": "Polygon", "coordinates": [[[72.98313338697675, 19.219933984228927], [72.98631784620595, 19.219933984228927], [72.98631784620595, 19.222940920228925], [72.98313338697675, 19.222940920228925], [72.98313338697675, 19.219933984228927]]]}}, {"type": "Feature", "properties": {"pocket_id": "NS-0172", "city": "Mumbai", "ward": "L Ward"}, "geometry": {"type": "Polygon", "coordinates": [[[NaN, NaN], [NaN, NaN], [NaN, NaN], [NaN, NaN], [NaN, NaN]]]}}, {"type": "Feature", "properties": {"pocket_id": "NS-0173", "city": "Mumbai", "ward": "M Ward"}, "geometry": {"type": "Polygon", "coordinates": [[[72.91855198945069, 18.98891636350383], [72.92177769534379, 18.98891636350383], [72.92177769534379, 18.99196650350383], [72.91855198945069, 18.99196650350383], [72.91855198945069, 18.98891636350383]]]}}, {"type": "Feature", "properties": {"pocket_id": "NS-0174", "city": "Thane", "ward": "Thane East"}, "geometry": {"type": "Polygon", "coordinates": [[[73.02871316261293, 19.22399498414693], [73.03166952325022, 19.22399498414693], [73.03166952325022, 19.22678647014693], [73.02871316261293, 19.22678647014693], [73.02871316261293, 19.22399498414693]]]}}, {"type": "Feature", "properties": {"pocket_id": "NS-0175", "city": "Mumbai", "ward": "L Ward"}, "geometry": {"type": "Polygon", "coordinates": [[[NaN, 19.058533424732282], [NaN, 19.058533424732282], [NaN, 19.061121990732282], [NaN, 19.061121990732282], [NaN, 19.058533424732282]]]}}, {"type": "Feature", "properties": {"pocket_id": "NS-0176", "city": "Thane", "ward": "Thane West"}, "geometry": {"type": "Polygon", "coordinates": [[[72.96961306941598, 19.22078335718214], [72.97298445748287, 19.22078335718214], [72.97298445748287, 19.22396678318214], [72.96961306941598, 19.22396678318214], [72.96961306941598, 19.22078335718214]]]}}, {"type": "Feature", "properties": {"pocket_id": "NS-0177", "city": "Ambarnath", "ward": "Ambarnath"}, "geometry": {"type": "Polygon", "coordinates": [[[73.20942567133817, 19.168472981310753], [73.21225182697675, 19.168472981310753], [73.21225182697675, 19.17114242531075], [73.20942567133817, 19.17114242531075], [73.20942567133817, 19.168472981310753]]]}}, {"type": "Feature", "properties": {"pocket_id": "NS-0178", "city": "Thane", "ward": "Thane West"}, "geometry": {"type": "Polygon", "coordinates": [[[72.98295877486454, 19.23156929941255], [72.98586984824111, 19.23156929941255], [72.98586984824111, 19.234317897412545], [72.98295877486454, 19.234317897412545], [72.98295877486454, 19.23156929941255]]]}}, {"type": "Feature", "properties": {"pocket_id": "NS-0179", "city": "Mumbai", "ward": "M Ward"}, "geometry": {"type": "Polygon", "coordinates": [[[72.87328180782572, 19.01061840842874], [72.87703563828214, 19.01061840842874], [72.87703563828214, 19.014167460428737], [72.87328180782572, 19.014167460428737], [72.87328180782572, 19.01061840842874]]]}}, {"type": "Feature", "properties": {"pocket_id": "NS-0180", "city": "Mumbai", "ward": "M Ward"}, "geometry": {"type": "Polygon", "coordinates": [[[72.89636555484414, 19.00837640159417], [72.8995319904552, 19.00837640159417], [72.8995319904552, 19.01137014759417], [72.89636555484414, 19.01137014759417], [72.89636555484414, 19.00837640159417]]]}}, {"type": "Feature", "properties": {"pocket_id": "NS-0181", "city": "Mumbai", "ward": "M Ward"}, "geometry": {"type": "Polygon", "coordinates": [[[72.91039464422217, 19.021125053102956], [72.91356272315524, 19.021125053102956], [72.91356272315524, 19.024120123102954], [72.91039464422217, 19.024120123102954], [72.91039464422217, 19.021125053102956]]]}}, {"type": "Feature", "properties": {"pocket_id": "NS-0182", "city": "Mumbai", "ward": "M Ward"}, "geometry": {"type": "Polygon", "coordinates": [[[72.86341595382268, 19.01868682324154], [72.86623401239069, 19.01868682324154], [72.86623401239069, 19.02135102924154], [72.86341595382268, 19.02135102924154], [72.86341595382268, 19.01868682324154]]]}}, {"type": "Feature", "properties": {"pocket_id": "NS-0183", "city": "Thane", "ward": "Thane West"}, "geometry": {"type": "Polygon", "coordinates": [[[72.96559480080367, 19.215088279884874], [72.9685385916805, 19.215088279884874], [72.9685385916805, 19.217868047884878], [72.96559480080367, 19.217868047884878], [72.96559480080367, 19.215088279884874]]]}}, {"type": "Feature", "properties": {"pocket_id": "NS-0184", "city": "Thane", "ward": "Thane West"}, "geometry": {"type": "Polygon", "coordinates": [[[72.9667232522426, 19.223316926582605], [72.96935099336422, 19.223316926582605], [72.96935099336422, 19.225798132582604], [72.9667232522426, 19.225798132582604], [72.9667232522426, 19.223316926582605]]]}}, {"type": "Feature", "properties": {"pocket_id": "NS-0185", "city": "Mumbai", "ward": "M Ward"}, "geometry": {"type": "Polygon", "coordinates": [[[72.87320281123557, 19.007042387995444], [72.87626006632748, 19.007042387995444], [72.87626006632748, 19.009932931995447], [72.87320281123557, 19.009932931995447], [72.87320281123557, 19.007042387995444]]]}}, {"type": "Feature", "properties": {"pocket_id": "NS-0186", "city": "Thane", "ward": "Thane East"}, "geometry": {"type": "Polygon", "coordinates": [[[73.00290175514232, 19.202183299486517], [73.0056654576467, 19.202183299486517], [73.0056654576467, 19.204793219486515], [73.00290175514232, 19.204793219486515], [73.00290175514232, 19.202183299486517]]]}}, {"type": "Feature", "properties": {"pocket_id": "NS-0187", "city": "Mumbai", "ward": "L Ward"}, "geometry": {"type": "Polygon", "coordinates": [[[72.89368394034985, 19.066748135802126], [72.89658367430967, 19.066748135802126], [72.89658367430967, 19.069488763802124], [72.89368394034985, 19.069488763802124], [72.89368394034985, 19.066748135802126]]]}}, {"type": "Feature", "properties": {"pocket_id": "NS-0188", "city": "Kalyan", "ward": "Kalyan East"}, "geometry": {"type": "Polygon", "coordinates": [[[73.15055275318502, 19.225368472758966], [73.15337453148189, 19.225368472758966], [73.15337453148189, 19.228032860758965], [73.15055275318502, 19.228032860758965], [73.15055275318502, 19.225368472758966]]]}}, {"type": "Feature", "properties": {"pocket_id": "NS-0189", "city": "Mumbai", "ward": "L Ward"}, "geometry": {"type": "Polygon", "coordinates": [[[NaN, NaN], [NaN, NaN], [NaN, NaN], [NaN, NaN], [NaN, NaN]]]}}, {"type": "Feature", "properties": {"pocket_id": "NS-0190", "city": "Thane", "ward": "Thane West"}, "geometry": {"type": "Polygon", "coordinates": [[[NaN, NaN], [NaN, NaN], [NaN, NaN], [NaN, NaN], [NaN, NaN]]]}}, {"type": "Feature", "properties": {"pocket_id": "NS-0191", "city": "Mumbai", "ward": "M Ward"}, "geometry": {"type": "Polygon", "coordinates": [[[72.87403161902405, 19.01248698804613], [72.87747438609215, 19.01248698804613], [72.87747438609215, 19.015741912046128], [72.87403161902405, 19.015741912046128], [72.87403161902405, 19.01248698804613]]]}}, {"type": "Feature", "properties": {"pocket_id": "NS-0192", "city": "Mumbai", "ward": "M Ward"}, "geometry": {"type": "Polygon", "coordinates": [[[72.88362475712331, 18.996588366247643], [72.88631449940858, 18.996588366247643], [72.88631449940858, 18.999131600247644], [72.88362475712331, 18.999131600247644], [72.88362475712331, 18.996588366247643]]]}}, {"type": "Feature", "properties": {"pocket_id": "NS-0193", "city": "Mumbai", "ward": "S Ward"}, "geometry": {"type": "Polygon", "coordinates": [[[72.96596379142491, 19.180565409539554], [72.96900706935557, 19.180565409539554], [72.96900706935557, 19.183439723539557], [72.96596379142491, 19.183439723539557], [72.96596379142491, 19.180565409539554]]]}}, {"type": "Feature", "properties": {"pocket_id": "NS-0194", "city": "Ambarnath", "ward": "Ambarnath"}, "geometry": {"type": "Polygon", "coordinates": [[[73.17091245297125, 19.186347583669026], [73.17367234459617, 19.186347583669026], [73.17367234459617, 19.188954155669023], [73.17091245297125, 19.188954155669023], [73.17091245297125, 19.186347583669026]]]}}, {"type": "Feature", "properties": {"pocket_id": "NS-0195", "city": "Mumbai", "ward": "L Ward"}, "geometry": {"type": "Polygon", "coordinates": [[[NaN, NaN], [NaN, NaN], [NaN, NaN], [NaN, NaN], [NaN, NaN]]]}}, {"type": "Feature", "properties": {"pocket_id": "NS-0196", "city": "Mumbai", "ward": "L Ward"}, "geometry": {"type": "Polygon", "coordinates": [[[72.886255078089, 19.072831456356095], [72.88890071809635, 19.072831456356095], [72.88890071809635, 19.075331842356096], [72.886255078089, 19.075331842356096], [72.886255078089, 19.072831456356095]]]}}, {"type": "Feature", "properties": {"pocket_id": "NS-0197", "city": "Mumbai", "ward": "L Ward"}, "geometry": {"type": "Polygon", "coordinates": [[[72.89148030158339, 19.065738366647214], [72.89424368730525, 19.065738366647214], [72.89424368730525, 19.068350144647216], [72.89148030158339, 19.068350144647216], [72.89148030158339, 19.065738366647214]]]}}, {"type": "Feature", "properties": {"pocket_id": "NS-0198", "city": "Kalyan", "ward": "Kalyan West"}, "geometry": {"type": "Polygon", "coordinates": [[[73.1382988663175, 19.24748002414046], [73.1410893750846, 19.24748002414046], [73.1410893750846, 19.25011453214046], [73.1382988663175, 19.25011453214046], [73.1382988663175, 19.24748002414046]]]}}, {"type": "Feature", "properties": {"pocket_id": "NS-0199", "city": "Mumbai", "ward": "S Ward"}, "geometry": {"type": "Polygon", "coordinates": [[[72.93536353732411, 19.157787122907187], [72.93833344754297, 19.157787122907187], [72.93833344754297, 19.160592530907188], [72.93536353732411, 19.160592530907188], [72.93536353732411, 19.157787122907187]]]}}, {"type": "Feature", "properties": {"pocket_id": "NS-0200", "city": "Thane", "ward": "Thane West"}, "geometry": {"type": "Polygon", "coordinates": [[[72.98016075137322, 19.208730038495137], [72.98332215570478, 19.208730038495137], [72.98332215570478, 19.211715408495134], [72.98016075137322, 19.211715408495134], [72.98016075137322, 19.208730038495137]]]}}, {"type": "Feature", "properties": {"pocket_id": "NS-0201", "city": "Kalyan", "ward": "Kalyan West"}, "geometry": {"type": "Polygon", "coordinates": [[[73.12937404886414, 19.28073321590911], [73.13227649188597, 19.28073321590911], [73.13227649188597, 19.28347284390911], [73.12937404886414, 19.28347284390911], [73.12937404886414, 19.28073321590911]]]}}, {"type": "Feature", "properties": {"pocket_id": "NS-0202", "city": "Mumbai", "ward": "M Ward"}, "geometry": {"type": "Polygon", "coordinates": [[[72.87179890254426, 18.996502714076115], [72.8746538979219, 18.996502714076115], [72.8746538979219, 18.999202200076112], [72.87179890254426, 18.999202200076112], [72.87179890254426, 18.996502714076115]]]}}, {"type": "Feature", "properties": {"pocket_id": "NS-0203", "city": "Kalyan", "ward": "Kalyan West"}, "geometry": {"type": "Polygon", "coordinates": [[[73.08764401114752, 19.257444817481282], [73.09061757335692, 19.257444817481282], [73.09061757335692, 19.260251973481285], [73.08764401114752, 19.260251973481285], [73.08764401114752, 19.257444817481282]]]}}, {"type": "Feature", "properties": {"pocket_id": "NS-0204", "city": "Thane", "ward": "Thane West"}, "geometry": {"type": "Polygon", "coordinates": [[[72.96275533150146, 19.214619661569866], [72.96621822332841, 19.214619661569866], [72.96621822332841, 19.21788961156987], [72.96275533150146, 19.21788961156987], [72.96275533150146, 19.214619661569866]]]}}, {"type": "Feature", "properties": {"pocket_id": "NS-0205", "city": "Mumbai", "ward": "L Ward"}, "geometry": {"type": "Polygon", "coordinates": [[[72.88837581430893, 19.058603930634703], [72.89230375354147, 19.058603930634703], [72.89230375354147, 19.062316518634702], [72.88837581430893, 19.062316518634702], [72.88837581430893, 19.058603930634703]]]}}, {"type": "Feature", "properties": {"pocket_id": "NS-0206", "city": "Mumbai", "ward": "M Ward"}, "geometry": {"type": "Polygon", "coordinates": [[[72.87093452605909, 19.017030195540574], [72.87435118675602, 19.017030195540574], [72.87435118675602, 19.020260349540575], [72.87093452605909, 19.020260349540575], [72.87093452605909, 19.017030195540574]]]}}, {"type": "Feature", "properties": {"pocket_id": "NS-0207", "city": "Mumbai", "ward": "L Ward"}, "geometry": {"type": "Polygon", "coordinates": [[[72.92893153363285, 19.03539166028064], [72.93179463587445, 19.03539166028064], [72.93179463587445, 19.038098178280638], [72.92893153363285, 19.038098178280638], [72.92893153363285, 19.03539166028064]]]}}, {"type": "Feature", "properties": {"pocket_id": "NS-0208", "city": "Mumbai", "ward": "M Ward"}, "geometry": {"type": "Polygon", "coordinates": [[[72.8491712710179, 19.005301780587047], [72.85191328464583, 19.005301780587047], [72.85191328464583, 19.007894302587047], [72.8491712710179, 19.007894302587047], [72.8491712710179, 19.005301780587047]]]}}, {"type": "Feature", "properties": {"pocket_id": "NS-0209", "city": "Mumbai", "ward": "M Ward"}, "geometry": {"type": "Polygon", "coordinates": [[[72.86751520335426, 19.01001568150377], [72.8704076744412, 19.01001568150377], [72.8704076744412, 19.012750379503768], [72.86751520335426, 19.012750379503768], [72.86751520335426, 19.01001568150377]]]}}, {"type": "Feature", "properties": {"pocket_id": "NS-0210", "city": "Mumbai", "ward": "M Ward"}, "geometry": {"type": "Polygon", "coordinates": [[[72.89361996870717, 19.002232961102195], [72.89694251772927, 19.002232961102195], [72.89694251772927, 19.005374421102196], [72.89361996870717, 19.005374421102196], [72.89361996870717, 19.002232961102195]]]}}, {"type": "Feature", "properties": {"pocket_id": "NS-0211", "city": "Thane", "ward": "Thane East"}, "geometry": {"type": "Polygon", "coordinates": [[[73.0364568613527, 19.18356094711775], [73.03979449396512, 19.18356094711775], [73.03979449396512, 19.186713213117752], [73.0364568613527, 19.186713213117752], [73.0364568613527, 19.18356094711775]]]}}, {"type": "Feature", "properties": {"pocket_id": "NS-0212", "city": "Mumbai", "ward": "M Ward"}, "geometry": {"type": "Polygon", "coordinates": [[[72.89632118045253, 19.034221199634356], [72.89934989316856, 19.034221199634356], [72.89934989316856, 19.037084289634354], [72.89632118045253, 19.037084289634354], [72.89632118045253, 19.034221199634356]]]}}, {"type": "Feature", "properties": {"pocket_id": "NS-0213", "city": "Mumbai", "ward": "S Ward"}, "geometry": {"type": "Polygon", "coordinates": [[[72.93741556941013, 19.137530938780948], [72.9409818759688, 19.137530938780948], [72.9409818759688, 19.140900116780948], [72.93741556941013, 19.140900116780948], [72.93741556941013, 19.137530938780948]]]}}, {"type": "Feature", "properties": {"pocket_id": "NS-0214", "city": "Thane", "ward": "Thane East"}, "geometry": {"type": "Polygon", "coordinates": [[[73.02479890488078, 19.184743894385452], [73.02790296432147, 19.184743894385452], [73.02790296432147, 19.187675540385452], [73.02479890488078, 19.187675540385452], [73.02479890488078, 19.184743894385452]]]}}, {"type": "Feature", "properties": {"pocket_id": "NS-0215", "city": "Mumbai", "ward": "S Ward"}, "geometry": {"type": "Polygon", "coordinates": [[[72.91624190442587, 19.1431501875996], [72.91928586792378, 19.1431501875996], [72.91928586792378, 19.146025801599595], [72.91624190442587, 19.146025801599595], [72.91624190442587, 19.1431501875996]]]}}, {"type": "Feature", "properties": {"pocket_id": "NS-0216", "city": "Mumbai", "ward": "S Ward"}, "geometry": {"type": "Polygon", "coordinates": [[[72.9183023346136, 19.131232370129023], [72.92125920288194, 19.131232370129023], [72.92125920288194, 19.134025908129022], [72.9183023346136, 19.134025908129022], [72.9183023346136, 19.131232370129023]]]}}, {"type": "Feature", "properties": {"pocket_id": "NS-0217", "city": "Mumbai", "ward": "S Ward"}, "geometry": {"type": "Polygon", "coordinates": [[[72.95398198474663, 19.135781305580526], [72.95664637655457, 19.135781305580526], [72.95664637655457, 19.13829845558053], [72.95398198474663, 19.13829845558053], [72.95398198474663, 19.135781305580526]]]}}, {"type": "Feature", "properties": {"pocket_id": "NS-0218", "city": "Ambarnath", "ward": "Ambarnath"}, "geometry": {"type": "Polygon", "coordinates": [[[73.1903954691567, 19.222765753827947], [73.19313096745725, 19.222765753827947], [73.19313096745725, 19.225348715827945], [73.1903954691567, 19.225348715827945], [73.1903954691567, 19.222765753827947]]]}}, {"type": "Feature", "properties": {"pocket_id": "NS-0219", "city": "Thane", "ward": "Thane West"}, "geometry": {"type": "Polygon", "coordinates": [[[72.98019633399163, 19.193454365878157], [72.98330940777298, 19.193454365878157], [72.98330940777298, 19.19639436987816], [72.98019633399163, 19.19639436987816], [72.98019633399163, 19.193454365878157]]]}}, {"type": "Feature", "properties": {"pocket_id": "NS-0220", "city": "Mumbai", "ward": "S Ward"}, "geometry": {"type": "Polygon", "coordinates": [[[72.91704856443631, 19.17092528258659], [72.92023807631283, 19.17092528258659], [72.92023807631283, 19.17393788658659], [72.91704856443631, 19.17393788658659], [72.91704856443631, 19.17092528258659]]]}}, {"type": "Feature", "properties": {"pocket_id": "NS-0221", "city": "Mumbai", "ward": "S Ward"}, "geometry": {"type": "Polygon", "coordinates": [[[72.96070976326682, 19.164431385406957], [72.96413376392725, 19.164431385406957], [72.96413376392725, 19.16766559740696], [72.96070976326682, 19.16766559740696], [72.96070976326682, 19.164431385406957]]]}}, {"type": "Feature", "properties": {"pocket_id": "NS-0222", "city": "Mumbai", "ward": "M Ward"}, "geometry": {"type": "Polygon", "coordinates": [[[72.87777727868487, 18.99804605269092], [72.8804892906046, 18.99804605269092], [72.8804892906046, 19.00061032069092], [72.87777727868487, 19.00061032069092], [72.87777727868487, 18.99804605269092]]]}}, {"type": "Feature", "properties": {"pocket_id": "NS-0223", "city": "Ulhasnagar", "ward": "Ulhasnagar"}, "geometry": {"type": "Polygon", "coordinates": [[[73.14285951691362, 19.222027430056105], [73.14568580237402, 19.222027430056105], [73.14568580237402, 19.224696128056106], [73.14285951691362, 19.224696128056106], [73.14285951691362, 19.222027430056105]]]}}, {"type": "Feature", "properties": {"pocket_id": "NS-0224", "city": "Thane", "ward": "Thane East"}, "geometry": {"type": "Polygon", "coordinates": [[[73.01320773776868, 19.17070800972782], [73.01600719036963, 19.17070800972782], [73.01600719036963, 19.17335219572782], [73.01320773776868, 19.17335219572782], [73.01320773776868, 19.17070800972782]]]}}, {"type": "Feature", "properties": {"pocket_id": "NS-0225", "city": "Mumbai", "ward": "S Ward"}, "geometry": {"type": "Polygon", "coordinates": [[[72.93828506416133, 19.144828779426767], [72.94100799438684, 19.144828779426767], [72.94100799438684, 19.147401091426765], [72.93828506416133, 19.147401091426765], [72.93828506416133, 19.144828779426767]]]}}, {"type": "Feature", "properties": {"pocket_id": "NS-0226", "city": "Thane", "ward": "Thane West"}, "geometry": {"type": "Polygon", "coordinates": [[[NaN, 19.229549480872404], [NaN, 19.229549480872404], [NaN, 19.232639332872406], [NaN, 19.232639332872406], [NaN, 19.229549480872404]]]}}, {"type": "Feature", "properties": {"pocket_id": "NS-0227", "city": "Kalyan", "ward": "Kalyan West"}, "geometry": {"type": "Polygon", "coordinates": [[[NaN, 19.232387089802657], [NaN, 19.232387089802657], [NaN, 19.235059973802656], [NaN, 19.235059973802656], [NaN, 19.232387089802657]]]}}, {"type": "Feature", "properties": {"pocket_id": "NS-0228", "city": "Mumbai", "ward": "L Ward"}, "geometry": {"type": "Polygon", "coordinates": [[[72.87349860455305, 19.07180401582436], [72.87636439227356, 19.07180401582436], [72.87636439227356, 19.07451247782436], [72.87349860455305, 19.07451247782436], [72.87349860455305, 19.07180401582436]]]}}, {"type": "Feature", "properties": {"pocket_id": "NS-0229", "city": "Mumbai", "ward": "M Ward"}, "geometry": {"type": "Polygon", "coordinates": [[[NaN, 19.035941468208403], [NaN, 19.035941468208403], [NaN, 19.038754726208406], [NaN, 19.038754726208406], [NaN, 19.035941468208403]]]}}, {"type": "Feature", "properties": {"pocket_id": "NS-0230", "city": "Mumbai", "ward": "M Ward"}, "geometry": {"type": "Polygon", "coordinates": [[[72.86775335330067, 19.023352262197083], [72.87222708646375, 19.023352262197083], [72.87222708646375, 19.027581612197086], [72.86775335330067, 19.027581612197086], [72.86775335330067, 19.023352262197083]]]}}, {"type": "Feature", "properties": {"pocket_id": "NS-0231", "city": "Mumbai", "ward": "M Ward"}, "geometry": {"type": "Polygon", "coordinates": [[[72.87773021516762, 19.024213035425973], [72.88079505944361, 19.024213035425973], [72.88079505944361, 19.02711045542597], [72.87773021516762, 19.02711045542597], [72.87773021516762, 19.024213035425973]]]}}, {"type": "Feature", "properties": {"pocket_id": "NS-0232", "city": "Kalyan", "ward": "Kalyan West"}, "geometry": {"type": "Polygon", "coordinates": [[[73.1419404016628, 19.236727263651805], [73.14493102425189, 19.236727263651805], [73.14493102425189, 19.239550881651805], [73.1419404016628, 19.239550881651805], [73.1419404016628, 19.236727263651805]]]}}, {"type": "Feature", "properties": {"pocket_id": "NS-0233", "city": "Thane", "ward": "Thane East"}, "geometry": {"type": "Polygon", "coordinates": [[[73.0126641063355, 19.181629066988982], [73.01545252337834, 19.181629066988982], [73.01545252337834, 19.184262654988984], [73.0126641063355, 19.184262654988984], [73.0126641063355, 19.181629066988982]]]}}, {"type": "Feature", "properties": {"pocket_id": "NS-0234", "city": "Thane", "ward": "Thane East"}, "geometry": {"type": "Polygon", "coordinates": [[[NaN, 19.202395648326174], [NaN, 19.202395648326174], [NaN, 19.204951076326175], [NaN, 19.204951076326175], [NaN, 19.202395648326174]]]}}, {"type": "Feature", "properties": {"pocket_id": "NS-0235", "city": "Mumbai", "ward": "L Ward"}, "geometry": {"type": "Polygon", "coordinates": [[[72.88732301807657, 19.09338525279959], [72.89021942358171, 19.09338525279959], [72.89021942358171, 19.09612229479959], [72.88732301807657, 19.09612229479959], [72.88732301807657, 19.09338525279959]]]}}, {"type": "Feature", "properties": {"pocket_id": "NS-0236", "city": "Mumbai", "ward": "M Ward"}, "geometry": {"type": "Polygon", "coordinates": [[[72.88305415715622, 19.005991925810427], [72.88655911459391, 19.005991925810427], [72.88655911459391, 19.009305775810425], [72.88305415715622, 19.009305775810425], [72.88305415715622, 19.005991925810427]]]}}, {"type": "Feature", "properties": {"pocket_id": "NS-0237", "city": "Thane", "ward": "Thane East"}, "geometry": {"type": "Polygon", "coordinates": [[[73.02902454940657, 19.21035737371488], [73.03201169300114, 19.21035737371488], [73.03201169300114, 19.213178159714882], [73.02902454940657, 19.213178159714882], [73.02902454940657, 19.21035737371488]]]}}, {"type": "Feature", "properties": {"pocket_id": "NS-0238", "city": "Mumbai", "ward": "M Ward"}, "geometry": {"type": "Polygon", "coordinates": [[[72.88748368160502, 19.014236014140497], [72.89014593758934, 19.014236014140497], [72.89014593758934, 19.0167529921405], [72.88748368160502, 19.0167529921405], [72.88748368160502, 19.014236014140497]]]}}, {"type": "Feature", "properties": {"pocket_id": "NS-0239", "city": "Mumbai", "ward": "M Ward"}, "geometry": {"type": "Polygon", "coordinates": [[[72.883501950485, 18.996488569828536], [72.88636838055939, 18.996488569828536], [72.88636838055939, 18.999198867828532], [72.883501950485, 18.999198867828532], [72.883501950485, 18.996488569828536]]]}}, {"type": "Feature", "properties": {"pocket_id": "NS-0240", "city": "Thane", "ward": "Thane East"}, "geometry": {"type": "Polygon", "coordinates": [[[72.99875411203949, 19.21962687558761], [73.00152175299438, 19.21962687558761], [73.00152175299438, 19.22224023758761], [72.99875411203949, 19.22224023758761], [72.99875411203949, 19.21962687558761]]]}}, {"type": "Feature", "properties": {"pocket_id": "NS-0241", "city": "Mumbai", "ward": "S Ward"}, "geometry": {"type": "Polygon", "coordinates": [[[72.95640761406489, 19.143523524356127], [72.95917416903916, 19.143523524356127], [72.95917416903916, 19.146137068356126], [72.95640761406489, 19.146137068356126], [72.95640761406489, 19.143523524356127]]]}}, {"type": "Feature", "properties": {"pocket_id": "NS-0242", "city": "Mumbai", "ward": "L Ward"}, "geometry": {"type": "Polygon", "coordinates": [[[NaN, NaN], [NaN, NaN], [NaN, NaN], [NaN, NaN], [NaN, NaN]]]}}, {"type": "Feature", "properties": {"pocket_id": "NS-0243", "city": "Mumbai", "ward": "S Ward"}, "geometry": {"type": "Polygon", "coordinates": [[[72.9188898929826, 19.13380639768913], [72.9215982332247, 19.13380639768913], [72.9215982332247, 19.136365097689133], [72.9188898929826, 19.136365097689133], [72.9188898929826, 19.13380639768913]]]}}, {"type": "Feature", "properties": {"pocket_id": "NS-0244", "city": "Thane", "ward": "Thane East"}, "geometry": {"type": "Polygon", "coordinates": [[[NaN, 19.188298548547582], [NaN, 19.188298548547582], [NaN, 19.19103797854758], [NaN, 19.19103797854758], [NaN, 19.188298548547582]]]}}, {"type": "Feature", "properties": {"pocket_id": "NS-0245", "city": "Thane", "ward": "Thane East"}, "geometry": {"type": "Polygon", "coordinates": [[[73.04184454275081, 19.21410860214981], [73.04478779293329, 19.21410860214981], [73.04478779293329, 19.21688787614981], [73.04184454275081, 19.21688787614981], [73.04184454275081, 19.21410860214981]]]}}, {"type": "Feature", "properties": {"pocket_id": "NS-0246", "city": "Ambarnath", "ward": "Ambarnath"}, "geometry": {"type": "Polygon", "coordinates": [[[73.20836604664352, 19.20609937960611], [73.21157511495436, 19.20609937960611], [73.21157511495436, 19.20912980760611], [73.20836604664352, 19.20912980760611], [73.20836604664352, 19.20609937960611]]]}}, {"type": "Feature", "properties": {"pocket_id": "NS-0247", "city": "Mumbai", "ward": "M Ward"}, "geometry": {"type": "Polygon", "coordinates": [[[72.87492472283594, 19.01356192235371], [72.87790127913703, 19.01356192235371], [72.87790127913703, 19.016376058353707], [72.87492472283594, 19.016376058353707], [72.87492472283594, 19.01356192235371]]]}}, {"type": "Feature", "properties": {"pocket_id": "NS-0248", "city": "Thane", "ward": "Thane East"}, "geometry": {"type": "Polygon", "coordinates": [[[73.02451957625088, 19.204055172303], [73.02738505133793, 19.204055172303], [73.02738505133793, 19.206761170303004], [73.02451957625088, 19.206761170303004], [73.02451957625088, 19.204055172303]]]}}, {"type": "Feature", "properties": {"pocket_id": "NS-0249", "city": "Ambarnath", "ward": "Ambarnath"}, "geometry": {"type": "Polygon", "coordinates": [[[73.18632427935373, 19.1861118387213], [73.18910303532996, 19.1861118387213], [73.18910303532996, 19.1887362307213], [73.18632427935373, 19.1887362307213], [73.18632427935373, 19.1861118387213]]]}}, {"type": "Feature", "properties": {"pocket_id": "NS-0250", "city": "Mumbai", "ward": "S Ward"}, "geometry": {"type": "Polygon", "coordinates": [[[72.95298956927954, 19.137939037280695], [72.95577460765045, 19.137939037280695], [72.95577460765045, 19.140570131280697], [72.95298956927954, 19.140570131280697], [72.95298956927954, 19.137939037280695]]]}}, {"type": "Feature", "properties": {"pocket_id": "NS-0251", "city": "Mumbai", "ward": "S Ward"}, "geometry": {"type": "Polygon", "coordinates": [[[72.96280099491264, 19.15046312092172], [72.96565016494063, 19.15046312092172], [72.96565016494063, 19.153154596921723], [72.96280099491264, 19.153154596921723], [72.96280099491264, 19.15046312092172]]]}}, {"type": "Feature", "properties": {"pocket_id": "NS-0252", "city": "Kalyan", "ward": "Kalyan West"}, "geometry": {"type": "Polygon", "coordinates": [[[73.1061414968738, 19.246090284632437], [73.10884387873408, 19.246090284632437], [73.10884387873408, 19.24864161463244], [73.1061414968738, 19.24864161463244], [73.1061414968738, 19.246090284632437]]]}}, {"type": "Feature", "properties": {"pocket_id": "NS-0253", "city": "Mumbai", "ward": "M Ward"}, "geometry": {"type": "Polygon", "coordinates": [[[72.86515275636532, 18.99828908191997], [72.86866159378766, 18.99828908191997], [72.86866159378766, 19.001606753919972], [72.86515275636532, 19.001606753919972], [72.86515275636532, 18.99828908191997]]]}}, {"type": "Feature", "properties": {"pocket_id": "NS-0254", "city": "Mumbai", "ward": "M Ward"}, "geometry": {"type": "Polygon", "coordinates": [[[72.89492073726275, 18.990511663194923], [72.89760288101961, 18.990511663194923], [72.89760288101961, 18.99304780519492], [72.89492073726275, 18.99304780519492], [72.89492073726275, 18.990511663194923]]]}}, {"type": "Feature", "properties": {"pocket_id": "NS-0255", "city": "Mumbai", "ward": "M Ward"}, "geometry": {"type": "Polygon", "coordinates": [[[72.90294194448273, 19.01401044863516], [72.90582595132062, 19.01401044863516], [72.90582595132062, 19.01673707863516], [72.90294194448273, 19.01673707863516], [72.90294194448273, 19.01401044863516]]]}}, {"type": "Feature", "properties": {"pocket_id": "NS-0256", "city": "Mumbai", "ward": "M Ward"}, "geometry": {"type": "Polygon", "coordinates": [[[NaN, NaN], [NaN, NaN], [NaN, NaN], [NaN, NaN], [NaN, NaN]]]}}, {"type": "Feature", "properties": {"pocket_id": "NS-0257", "city": "Mumbai", "ward": "M Ward"}, "geometry": {"type": "Polygon", "coordinates": [[[72.87702550466946, 19.00065105521979], [72.8800310335505, 19.00065105521979], [72.8800310335505, 19.003492803219793], [72.87702550466946, 19.003492803219793], [72.87702550466946, 19.00065105521979]]]}}, {"type": "Feature", "properties": {"pocket_id": "NS-0258", "city": "Mumbai", "ward": "L Ward"}, "geometry": {"type": "Polygon", "coordinates": [[[72.92828057474499, 19.04981083372107], [72.93093750188392, 19.04981083372107], [72.93093750188392, 19.052322235721075], [72.92828057474499, 19.052322235721075], [72.92828057474499, 19.04981083372107]]]}}, {"type": "Feature", "properties": {"pocket_id": "NS-0259", "city": "Mumbai", "ward": "M Ward"}, "geometry": {"type": "Polygon", "coordinates": [[[72.86471782512314, 19.00101223519058], [72.86778814130787, 19.00101223519058], [72.86778814130787, 19.003915233190583], [72.86471782512314, 19.003915233190583], [72.86471782512314, 19.00101223519058]]]}}, {"type": "Feature", "properties": {"pocket_id": "NS-0260", "city": "Mumbai", "ward": "M Ward"}, "geometry": {"type": "Polygon", "coordinates": [[[72.88008545856081, 18.989561513235145], [72.88289623627401, 18.989561513235145], [72.88289623627401, 18.992219301235146], [72.88008545856081, 18.992219301235146], [72.88008545856081, 18.989561513235145]]]}}, {"type": "Feature", "properties": {"pocket_id": "NS-0261", "city": "Thane", "ward": "Thane East"}, "geometry": {"type": "Polygon", "coordinates": [[[72.99546525571188, 19.192720359111973], [72.99826586184346, 19.192720359111973], [72.99826586184346, 19.195365281111975], [72.99546525571188, 19.195365281111975], [72.99546525571188, 19.192720359111973]]]}}, {"type": "Feature", "properties": {"pocket_id": "NS-0262", "city": "Mumbai", "ward": "L Ward"}, "geometry": {"type": "Polygon", "coordinates": [[[72.8727681584975, 19.0317942209456], [72.87565159599463, 19.0317942209456], [72.87565159599463, 19.0345200209456], [72.8727681584975, 19.0345200209456], [72.8727681584975, 19.0317942209456]]]}}, {"type": "Feature", "properties": {"pocket_id": "NS-0263", "city": "Mumbai", "ward": "L Ward"}, "geometry": {"type": "Polygon", "coordinates": [[[72.88368973532451, 19.082295941556715], [72.88647120607013, 19.082295941556715], [72.88647120607013, 19.084924549556717], [72.88368973532451, 19.084924549556717], [72.88368973532451, 19.082295941556715]]]}}, {"type": "Feature", "properties": {"pocket_id": "NS-0264", "city": "Mumbai", "ward": "M Ward"}, "geometry": {"type": "Polygon", "coordinates": [[[72.87606955898939, 19.02901690585037], [72.8787580276359, 19.02901690585037], [72.8787580276359, 19.03155843985037], [72.87606955898939, 19.03155843985037], [72.87606955898939, 19.02901690585037]]]}}, {"type": "Feature", "properties": {"pocket_id": "NS-0265", "city": "Mumbai", "ward": "S Ward"}, "geometry": {"type": "Polygon", "coordinates": [[[72.95969684437799, 19.117740703559175], [72.96248526564185, 19.117740703559175], [72.96248526564185, 19.120375315559176], [72.95969684437799, 19.120375315559176], [72.95969684437799, 19.117740703559175]]]}}, {"type": "Feature", "properties": {"pocket_id": "NS-0266", "city": "Ambarnath", "ward": "Ambarnath"}, "geometry": {"type": "Polygon", "coordinates": [[[73.17761006072101, 19.166253768784212], [73.18042495820472, 19.166253768784212], [73.18042495820472, 19.168912614784215], [73.17761006072101, 19.168912614784215], [73.17761006072101, 19.166253768784212]]]}}, {"type": "Feature", "properties": {"pocket_id": "NS-0267", "city": "Kalyan", "ward": "Kalyan East"}, "geometry": {"type": "Polygon", "coordinates": [[[73.13108394093683, 19.209540923321587], [73.13393665349022, 19.209540923321587], [73.13393665349022, 19.212234779321587], [73.13108394093683, 19.212234779321587], [73.13108394093683, 19.209540923321587]]]}}, {"type": "Feature", "properties": {"pocket_id": "NS-0268", "city": "Mumbai", "ward": "M Ward"}, "geometry": {"type": "Polygon", "coordinates": [[[NaN, NaN], [NaN, NaN], [NaN, NaN], [NaN, NaN], [NaN, NaN]]]}}, {"type": "Feature", "properties": {"pocket_id": "NS-0269", "city": "Mumbai", "ward": "M Ward"}, "geometry": {"type": "Polygon", "coordinates": [[[72.88034631396607, 19.01062219992538], [72.88438334680069, 19.01062219992538], [72.88438334680069, 19.014439001925382], [72.88034631396607, 19.014439001925382], [72.88034631396607, 19.01062219992538]]]}}, {"type": "Feature", "properties": {"pocket_id": "NS-0270", "city": "Ambarnath", "ward": "Ambarnath"}, "geometry": {"type": "Polygon", "coordinates": [[[73.1760984401152, 19.19436232878343], [73.17888763192474, 19.19436232878343], [73.17888763192474, 19.196996444783434], [73.1760984401152, 19.196996444783434], [73.1760984401152, 19.19436232878343]]]}}, {"type": "Feature", "properties": {"pocket_id": "NS-0271", "city": "Mumbai", "ward": "L Ward"}, "geometry": {"type": "Polygon", "coordinates": [[[72.87475591313815, 19.0705084445105], [72.87752759337344, 19.0705084445105], [72.87752759337344, 19.0731279865105], [72.87475591313815, 19.0731279865105], [72.87475591313815, 19.0705084445105]]]}}, {"type": "Feature", "properties": {"pocket_id": "NS-0272", "city": "Kalyan", "ward": "Kalyan East"}, "geometry": {"type": "Polygon", "coordinates": [[[NaN, NaN], [NaN, NaN], [NaN, NaN], [NaN, NaN], [NaN, NaN]]]}}, {"type": "Feature", "properties": {"pocket_id": "NS-0273", "city": "Mumbai", "ward": "L Ward"}, "geometry": {"type": "Polygon", "coordinates": [[[72.90467116210505, 19.03165584934126], [72.90748477346347, 19.03165584934126], [72.90748477346347, 19.034315643341262], [72.90467116210505, 19.034315643341262], [72.90467116210505, 19.03165584934126]]]}}, {"type": "Feature", "properties": {"pocket_id": "NS-0274", "city": "Thane", "ward": "Thane West"}, "geometry": {"type": "Polygon", "coordinates": [[[72.97105884853725, 19.21097925841303], [72.97370054259501, 19.21097925841303], [72.97370054259501, 19.213473826413033], [72.97105884853725, 19.213473826413033], [72.97105884853725, 19.21097925841303]]]}}, {"type": "Feature", "properties": {"pocket_id": "NS-0275", "city": "Mumbai", "ward": "L Ward"}, "geometry": {"type": "Polygon", "coordinates": [[[72.87352259757293, 19.06717141074491], [72.87622685077017, 19.06717141074491], [72.87622685077017, 19.06972727874491], [72.87352259757293, 19.06972727874491], [72.87352259757293, 19.06717141074491]]]}}, {"type": "Feature", "properties": {"pocket_id": "NS-0276", "city": "Thane", "ward": "Thane West"}, "geometry": {"type": "Polygon", "coordinates": [[[NaN, NaN], [NaN, NaN], [NaN, NaN], [NaN, NaN], [NaN, NaN]]]}}, {"type": "Feature", "properties": {"pocket_id": "NS-0277", "city": "Mumbai", "ward": "L Ward"}, "geometry": {"type": "Polygon", "coordinates": [[[72.89806583774518, 19.070758939141786], [72.90133061521593, 19.070758939141786], [72.90133061521593, 19.07384450314179], [72.89806583774518, 19.07384450314179], [72.89806583774518, 19.070758939141786]]]}}, {"type": "Feature", "properties": {"pocket_id": "NS-0278", "city": "Thane", "ward": "Thane West"}, "geometry": {"type": "Polygon", "coordinates": [[[72.9967820843149, 19.200983145764237], [72.99945664772136, 19.200983145764237], [72.99945664772136, 19.203508905764235], [72.9967820843149, 19.203508905764235], [72.9967820843149, 19.200983145764237]]]}}, {"type": "Feature", "properties": {"pocket_id": "NS-0279", "city": "Thane", "ward": "Thane East"}, "geometry": {"type": "Polygon", "coordinates": [[[73.03592673071721, 19.173389159752887], [73.04011722301486, 19.173389159752887], [73.04011722301486, 19.177347153752883], [73.03592673071721, 19.177347153752883], [73.03592673071721, 19.173389159752887]]]}}, {"type": "Feature", "properties": {"pocket_id": "NS-0280", "city": "Mumbai", "ward": "M Ward"}, "geometry": {"type": "Polygon", "coordinates": [[[72.90932637295566, 19.028562836123346], [72.91226512488373, 19.028562836123346], [72.91226512488373, 19.031340980123343], [72.90932637295566, 19.031340980123343], [72.90932637295566, 19.028562836123346]]]}}, {"type": "Feature", "properties": {"pocket_id": "NS-0281", "city": "Mumbai", "ward": "L Ward"}, "geometry": {"type": "Polygon", "coordinates": [[[72.87854344147517, 19.036428502106446], [72.88124695451448, 19.036428502106446], [72.88124695451448, 19.038984144106443], [72.87854344147517, 19.038984144106443], [72.87854344147517, 19.036428502106446]]]}}, {"type": "Feature", "properties": {"pocket_id": "NS-0282", "city": "Thane", "ward": "Thane East"}, "geometry": {"type": "Polygon", "coordinates": [[[73.00641261864759, 19.171156667143798], [73.00961541364181, 19.171156667143798], [73.00961541364181, 19.174181813143797], [73.00641261864759, 19.174181813143797], [73.00641261864759, 19.171156667143798]]]}}, {"type": "Feature", "properties": {"pocket_id": "NS-0283", "city": "Thane", "ward": "Thane West"}, "geometry": {"type": "Polygon", "coordinates": [[[72.98960079188818, 19.21555696647611], [72.99362252225363, 19.21555696647611], [72.99362252225363, 19.21935459047611], [72.98960079188818, 19.21935459047611], [72.98960079188818, 19.21555696647611]]]}}, {"type": "Feature", "properties": {"pocket_id": "NS-0284", "city": "Thane", "ward": "Thane East"}, "geometry": {"type": "Polygon", "coordinates": [[[73.03215774237626, 19.19947724924418], [73.03503869528507, 19.19947724924418], [73.03503869528507, 19.202197939244176], [73.03215774237626, 19.202197939244176], [73.03215774237626, 19.19947724924418]]]}}, {"type": "Feature", "properties": {"pocket_id": "NS-0285", "city": "Mumbai", "ward": "M Ward"}, "geometry": {"type": "Polygon", "coordinates": [[[72.8809355288076, 19.01879201639175], [72.88380898390965, 19.01879201639175], [72.88380898390965, 19.021508592391747], [72.8809355288076, 19.021508592391747], [72.8809355288076, 19.01879201639175]]]}}, {"type": "Feature", "properties": {"pocket_id": "NS-0286", "city": "Thane", "ward": "Thane West"}, "geometry": {"type": "Polygon", "coordinates": [[[72.97043953191155, 19.26318615091838], [72.97384444805334, 19.26318615091838], [72.97384444805334, 19.26640040491838], [72.97043953191155, 19.26640040491838], [72.97043953191155, 19.26318615091838]]]}}, {"type": "Feature", "properties": {"pocket_id": "NS-0287", "city": "Ulhasnagar", "ward": "Ulhasnagar"}, "geometry": {"type": "Polygon", "coordinates": [[[NaN, NaN], [NaN, NaN], [NaN, NaN], [NaN, NaN], [NaN, NaN]]]}}, {"type": "Feature", "properties": {"pocket_id": "NS-0288", "city": "Mumbai", "ward": "M Ward"}, "geometry": {"type": "Polygon", "coordinates": [[[NaN, NaN], [NaN, NaN], [NaN, NaN], [NaN, NaN], [NaN, NaN]]]}}, {"type": "Feature", "properties": {"pocket_id": "NS-0289", "city": "Mumbai", "ward": "M Ward"}, "geometry": {"type": "Polygon", "coordinates": [[[72.9084669916443, 18.98709313580531], [72.911335584446, 18.98709313580531], [72.911335584446, 18.98980563180531], [72.9084669916443, 18.98980563180531], [72.9084669916443, 18.98709313580531]]]}}, {"type": "Feature", "properties": {"pocket_id": "NS-0290", "city": "Mumbai", "ward": "M Ward"}, "geometry": {"type": "Polygon", "coordinates": [[[NaN, 19.023827314168383], [NaN, 19.023827314168383], [NaN, 19.02684745416838], [NaN, 19.02684745416838], [NaN, 19.023827314168383]]]}}, {"type": "Feature", "properties": {"pocket_id": "NS-0291", "city": "Ambarnath", "ward": "Ambarnath"}, "geometry": {"type": "Polygon", "coordinates": [[[73.1903650014089, 19.19158923209861], [73.19320618086104, 19.19158923209861], [73.19320618086104, 19.19427249009861], [73.1903650014089, 19.19427249009861], [73.1903650014089, 19.19158923209861]]]}}, {"type": "Feature", "properties": {"pocket_id": "NS-0292", "city": "Mumbai", "ward": "S Ward"}, "geometry": {"type": "Polygon", "coordinates": [[[72.9517141369748, 19.154101666194922], [72.95441752565176, 19.154101666194922], [72.95441752565176, 19.156655374194923], [72.9517141369748, 19.156655374194923], [72.9517141369748, 19.154101666194922]]]}}, {"type": "Feature", "properties": {"pocket_id": "NS-0293", "city": "Mumbai", "ward": "M Ward"}, "geometry": {"type": "Polygon", "coordinates": [[[72.86433281948017, 19.004722615245083], [72.86705433443338, 19.004722615245083], [72.86705433443338, 19.007295765245086], [72.86433281948017, 19.007295765245086], [72.86433281948017, 19.004722615245083]]]}}, {"type": "Feature", "properties": {"pocket_id": "NS-0294", "city": "Thane", "ward": "Thane West"}, "geometry": {"type": "Polygon", "coordinates": [[[NaN, NaN], [NaN, NaN], [NaN, NaN], [NaN, NaN], [NaN, NaN]]]}}, {"type": "Feature", "properties": {"pocket_id": "NS-0295", "city": "Mumbai", "ward": "M Ward"}, "geometry": {"type": "Polygon", "coordinates": [[[72.86886912978139, 19.005871822022744], [72.87176939578936, 19.005871822022744], [72.87176939578936, 19.008613958022746], [72.86886912978139, 19.008613958022746], [72.86886912978139, 19.005871822022744]]]}}, {"type": "Feature", "properties": {"pocket_id": "NS-0296", "city": "Mumbai", "ward": "S Ward"}, "geometry": {"type": "Polygon", "coordinates": [[[72.92981914990649, 19.126513527723713], [72.93291619265769, 19.126513527723713], [72.93291619265769, 19.129439579723712], [72.92981914990649, 19.129439579723712], [72.92981914990649, 19.126513527723713]]]}}, {"type": "Feature", "properties": {"pocket_id": "NS-0297", "city": "Mumbai", "ward": "M Ward"}, "geometry": {"type": "Polygon", "coordinates": [[[72.91429477796125, 19.02080500915468], [72.91735674994045, 19.02080500915468], [72.91735674994045, 19.02369977315468], [72.91429477796125, 19.02369977315468], [72.91429477796125, 19.02080500915468]]]}}, {"type": "Feature", "properties": {"pocket_id": "NS-0298", "city": "Mumbai", "ward": "L Ward"}, "geometry": {"type": "Polygon", "coordinates": [[[72.86780444052252, 19.024035261379204], [72.8706886424711, 19.024035261379204], [72.8706886424711, 19.026761911379204], [72.86780444052252, 19.026761911379204], [72.86780444052252, 19.024035261379204]]]}}, {"type": "Feature", "properties": {"pocket_id": "NS-0299", "city": "Kalyan", "ward": "Kalyan East"}, "geometry": {"type": "Polygon", "coordinates": [[[73.1787216330964, 19.22099996169725], [73.18182616286093, 19.22099996169725], [73.18182616286093, 19.223931405697247], [73.1787216330964, 19.223931405697247], [73.1787216330964, 19.22099996169725]]]}}, {"type": "Feature", "properties": {"pocket_id": "NS-0300", "city": "Thane", "ward": "Thane West"}, "geometry": {"type": "Polygon", "coordinates": [[[72.96840521982297, 19.214893711139762], [72.97147010123344, 19.214893711139762], [72.97147010123344, 19.217787825139762], [72.96840521982297, 19.217787825139762], [72.96840521982297, 19.214893711139762]]]}}, {"type": "Feature", "properties": {"pocket_id": "NS-0301", "city": "Mumbai", "ward": "M Ward"}, "geometry": {"type": "Polygon", "coordinates": [[[72.89979776975625, 19.001408125779154], [72.90305391576777, 19.001408125779154], [72.90305391576777, 19.004486817779156], [72.89979776975625, 19.004486817779156], [72.89979776975625, 19.001408125779154]]]}}, {"type": "Feature", "properties": {"pocket_id": "NS-0302", "city": "Mumbai", "ward": "M Ward"}, "geometry": {"type": "Polygon", "coordinates": [[[72.87255734561666, 19.002828042358633], [72.87527020757125, 19.002828042358633], [72.87527020757125, 19.00539304035863], [72.87255734561666, 19.00539304035863], [72.87255734561666, 19.002828042358633]]]}}, {"type": "Feature", "properties": {"pocket_id": "NS-0303", "city": "Kalyan", "ward": "Kalyan East"}, "geometry": {"type": "Polygon", "coordinates": [[[73.12937545524721, 19.22191705892527], [73.13216342632379, 19.22191705892527], [73.13216342632379, 19.22454958092527], [73.12937545524721, 19.22454958092527], [73.12937545524721, 19.22191705892527]]]}}, {"type": "Feature", "properties": {"pocket_id": "NS-0304", "city": "Mumbai", "ward": "L Ward"}, "geometry": {"type": "Polygon", "coordinates": [[[72.86082124039262, 19.05067151111922], [72.86352670779692, 19.05067151111922], [72.86352670779692, 19.053228781119216], [72.86082124039262, 19.053228781119216], [72.86082124039262, 19.05067151111922]]]}}, {"type": "Feature", "properties": {"pocket_id": "NS-0305", "city": "Mumbai", "ward": "M Ward"}, "geometry": {"type": "Polygon", "coordinates": [[[72.85096953576068, 18.957439044775906], [72.85421823288401, 18.957439044775906], [72.85421823288401, 18.960511504775905], [72.85096953576068, 18.960511504775905], [72.85096953576068, 18.957439044775906]]]}}, {"type": "Feature", "properties": {"pocket_id": "NS-0306", "city": "Mumbai", "ward": "M Ward"}, "geometry": {"type": "Polygon", "coordinates": [[[72.855308117935, 19.00190385205224], [72.85810347838974, 19.00190385205224], [72.85810347838974, 19.00454686605224], [72.855308117935, 19.00454686605224], [72.855308117935, 19.00190385205224]]]}}, {"type": "Feature", "properties": {"pocket_id": "NS-0307", "city": "Mumbai", "ward": "M Ward"}, "geometry": {"type": "Polygon", "coordinates": [[[NaN, 18.999693878025962], [NaN, 18.999693878025962], [NaN, 19.00218338802596], [NaN, 19.00218338802596], [NaN, 18.999693878025962]]]}}, {"type": "Feature", "properties": {"pocket_id": "NS-0308", "city": "Mumbai", "ward": "S Ward"}, "geometry": {"type": "Polygon", "coordinates": [[[72.94844560402858, 19.149016491153557], [72.95112401772299, 19.149016491153557], [72.95112401772299, 19.15154668515356], [72.94844560402858, 19.15154668515356], [72.94844560402858, 19.149016491153557]]]}}, {"type": "Feature", "properties": {"pocket_id": "NS-0309", "city": "Ulhasnagar", "ward": "Ulhasnagar"}, "geometry": {"type": "Polygon", "coordinates": [[[73.17418148328028, 19.211001292507387], [73.17712019195838, 19.211001292507387], [73.17712019195838, 19.21377633050739], [73.17418148328028, 19.21377633050739], [73.17418148328028, 19.211001292507387]]]}}, {"type": "Feature", "properties": {"pocket_id": "NS-0310", "city": "Mumbai", "ward": "M Ward"}, "geometry": {"type": "Polygon", "coordinates": [[[72.89141920048112, 18.99764385772558], [72.89439069571125, 18.99764385772558], [72.89439069571125, 19.000453477725582], [72.89141920048112, 19.000453477725582], [72.89141920048112, 18.99764385772558]]]}}, {"type": "Feature", "properties": {"pocket_id": "NS-0311", "city": "Mumbai", "ward": "S Ward"}, "geometry": {"type": "Polygon", "coordinates": [[[72.92245312360183, 19.12757825919141], [72.92540917495492, 19.12757825919141], [72.92540917495492, 19.130371087191406], [72.92245312360183, 19.130371087191406], [72.92245312360183, 19.12757825919141]]]}}, {"type": "Feature", "properties": {"pocket_id": "NS-0312", "city": "Kalyan", "ward": "Kalyan West"}, "geometry": {"type": "Polygon", "coordinates": [[[73.10129073365745, 19.223694567281452], [73.10475877953145, 19.223694567281452], [73.10475877953145, 19.226969203281453], [73.10129073365745, 19.226969203281453], [73.10129073365745, 19.223694567281452]]]}}, {"type": "Feature", "properties": {"pocket_id": "NS-0313", "city": "Mumbai", "ward": "M Ward"}, "geometry": {"type": "Polygon", "coordinates": [[[72.86327933595359, 19.000934013414824], [72.86595113048318, 19.000934013414824], [72.86595113048318, 19.003460211414822], [72.86327933595359, 19.003460211414822], [72.86327933595359, 19.000934013414824]]]}}, {"type": "Feature", "properties": {"pocket_id": "NS-0314", "city": "Mumbai", "ward": "M Ward"}, "geometry": {"type": "Polygon", "coordinates": [[[72.89014247886006, 19.02293965495376], [72.89336045852609, 19.02293965495376], [72.89336045852609, 19.025981866953757], [72.89014247886006, 19.025981866953757], [72.89014247886006, 19.02293965495376]]]}}, {"type": "Feature", "properties": {"pocket_id": "NS-0315", "city": "Kalyan", "ward": "Kalyan East"}, "geometry": {"type": "Polygon", "coordinates": [[[73.12336964351378, 19.21190682461513], [73.12621132427684, 19.21190682461513], [73.12621132427684, 19.214590224615133], [73.12336964351378, 19.214590224615133], [73.12336964351378, 19.21190682461513]]]}}, {"type": "Feature", "properties": {"pocket_id": "NS-0316", "city": "Thane", "ward": "Thane West"}, "geometry": {"type": "Polygon", "coordinates": [[[72.99616400009833, 19.20807897014209], [72.99890946245412, 19.20807897014209], [72.99890946245412, 19.21067157214209], [72.99616400009833, 19.21067157214209], [72.99616400009833, 19.20807897014209]]]}}, {"type": "Feature", "properties": {"pocket_id": "NS-0317", "city": "Mumbai", "ward": "M Ward"}, "geometry": {"type": "Polygon", "coordinates": [[[72.89523710987292, 19.006513309634624], [72.89804322822975, 19.006513309634624], [72.89804322822975, 19.00916642163462], [72.89523710987292, 19.00916642163462], [72.89523710987292, 19.006513309634624]]]}}, {"type": "Feature", "properties": {"pocket_id": "NS-0318", "city": "Thane", "ward": "Thane West"}, "geometry": {"type": "Polygon", "coordinates": [[[72.98261574081644, 19.222162191215062], [72.98719623441096, 19.222162191215062], [72.98719623441096, 19.226487261215063], [72.98261574081644, 19.226487261215063], [72.98261574081644, 19.222162191215062]]]}}, {"type": "Feature", "properties": {"pocket_id": "NS-0319", "city": "Mumbai", "ward": "L Ward"}, "geometry": {"type": "Polygon", "coordinates": [[[72.88192957410594, 19.054602030075742], [72.88605469397497, 19.054602030075742], [72.88605469397497, 19.058501080075743], [72.88192957410594, 19.058501080075743], [72.88192957410594, 19.054602030075742]]]}}, {"type": "Feature", "properties": {"pocket_id": "NS-0320", "city": "Ambarnath", "ward": "Ambarnath"}, "geometry": {"type": "Polygon", "coordinates": [[[73.17277339798935, 19.189708642951476], [73.17551280214602, 19.189708642951476], [73.17551280214602, 19.192295812951475], [73.17277339798935, 19.192295812951475], [73.17277339798935, 19.189708642951476]]]}}, {"type": "Feature", "properties": {"pocket_id": "NS-0321", "city": "Thane", "ward": "Thane East"}, "geometry": {"type": "Polygon", "coordinates": [[[NaN, NaN], [NaN, NaN], [NaN, NaN], [NaN, NaN], [NaN, NaN]]]}}, {"type": "Feature", "properties": {"pocket_id": "NS-0322", "city": "Thane", "ward": "Thane West"}, "geometry": {"type": "Polygon", "coordinates": [[[72.98013404776493, 19.248370460027367], [72.98282973260676, 19.248370460027367], [72.98282973260676, 19.25091543202737], [72.98013404776493, 19.25091543202737], [72.98013404776493, 19.248370460027367]]]}}, {"type": "Feature", "properties": {"pocket_id": "NS-0323", "city": "Kalyan", "ward": "Kalyan West"}, "geometry": {"type": "Polygon", "coordinates": [[[73.12837040600257, 19.23854155884193], [73.13152765588922, 19.23854155884193], [73.13152765588922, 19.24152246484193], [73.12837040600257, 19.24152246484193], [73.12837040600257, 19.23854155884193]]]}}, {"type": "Feature", "properties": {"pocket_id": "NS-0324", "city": "Thane", "ward": "Thane East"}, "geometry": {"type": "Polygon", "coordinates": [[[73.03442437480929, 19.20962071820273], [73.03751639913513, 19.20962071820273], [73.03751639913513, 19.212540556202725], [73.03442437480929, 19.212540556202725], [73.03442437480929, 19.20962071820273]]]}}, {"type": "Feature", "properties": {"pocket_id": "NS-0325", "city": "Mumbai", "ward": "S Ward"}, "geometry": {"type": "Polygon", "coordinates": [[[72.93357116161164, 19.147478971989297], [72.93625326807592, 19.147478971989297], [72.93625326807592, 19.1500126779893], [72.93357116161164, 19.1500126779893], [72.93357116161164, 19.147478971989297]]]}}, {"type": "Feature", "properties": {"pocket_id": "NS-0326", "city": "Mumbai", "ward": "M Ward"}, "geometry": {"type": "Polygon", "coordinates": [[[72.89028777200276, 19.00069748825072], [72.89337167944542, 19.00069748825072], [72.89337167944542, 19.00361334225072], [72.89028777200276, 19.00361334225072], [72.89028777200276, 19.00069748825072]]]}}, {"type": "Feature", "properties": {"pocket_id": "NS-0327", "city": "Mumbai", "ward": "M Ward"}, "geometry": {"type": "Polygon", "coordinates": [[[72.89149095409907, 19.01389568992019], [72.89414565036158, 19.01389568992019], [72.89414565036158, 19.01640552592019], [72.89149095409907, 19.01640552592019], [72.89149095409907, 19.01389568992019]]]}}, {"type": "Feature", "properties": {"pocket_id": "NS-0328", "city": "Mumbai", "ward": "L Ward"}, "geometry": {"type": "Polygon", "coordinates": [[[72.87208581634559, 19.03720074708014], [72.87621823679896, 19.03720074708014], [72.87621823679896, 19.04110710708014], [72.87208581634559, 19.04110710708014], [72.87208581634559, 19.03720074708014]]]}}, {"type": "Feature", "properties": {"pocket_id": "NS-0329", "city": "Mumbai", "ward": "S Ward"}, "geometry": {"type": "Polygon", "coordinates": [[[72.95412890482066, 19.158152984094425], [72.95705627665205, 19.158152984094425], [72.95705627665205, 19.160918204094425], [72.95412890482066, 19.160918204094425], [72.95412890482066, 19.158152984094425]]]}}, {"type": "Feature", "properties": {"pocket_id": "NS-0330", "city": "Mumbai", "ward": "L Ward"}, "geometry": {"type": "Polygon", "coordinates": [[[NaN, NaN], [NaN, NaN], [NaN, NaN], [NaN, NaN], [NaN, NaN]]]}}, {"type": "Feature", "properties": {"pocket_id": "NS-0331", "city": "Thane", "ward": "Thane East"}, "geometry": {"type": "Polygon", "coordinates": [[[NaN, 19.193575701115762], [NaN, 19.193575701115762], [NaN, 19.196260033115763], [NaN, 19.196260033115763], [NaN, 19.193575701115762]]]}}, {"type": "Feature", "properties": {"pocket_id": "NS-0332", "city": "Ambarnath", "ward": "Ambarnath"}, "geometry": {"type": "Polygon", "coordinates": [[[73.18709600794482, 19.153162470850255], [73.1898716253826, 19.153162470850255], [73.1898716253826, 19.155784422850253], [73.18709600794482, 19.155784422850253], [73.18709600794482, 19.153162470850255]]]}}, {"type": "Feature", "properties": {"pocket_id": "NS-0333", "city": "Mumbai", "ward": "M Ward"}, "geometry": {"type": "Polygon", "coordinates": [[[72.88231523328307, 19.05397414772111], [72.88548432841645, 19.05397414772111], [72.88548432841645, 19.05696958572111], [72.88231523328307, 19.05696958572111], [72.88231523328307, 19.05397414772111]]]}}, {"type": "Feature", "properties": {"pocket_id": "NS-0334", "city": "Mumbai", "ward": "M Ward"}, "geometry": {"type": "Polygon", "coordinates": [[[72.86950395299972, 18.986634446288328], [72.87263612683479, 18.986634446288328], [72.87263612683479, 18.98959618628833], [72.86950395299972, 18.98959618628833], [72.86950395299972, 18.986634446288328]]]}}, {"type": "Feature", "properties": {"pocket_id": "NS-0335", "city": "Mumbai", "ward": "S Ward"}, "geometry": {"type": "Polygon", "coordinates": [[[72.90890227338068, 19.142038124753114], [72.91246408532939, 19.142038124753114], [72.91246408532939, 19.145402964753117], [72.90890227338068, 19.145402964753117], [72.90890227338068, 19.142038124753114]]]}}, {"type": "Feature", "properties": {"pocket_id": "NS-0336", "city": "Mumbai", "ward": "M Ward"}, "geometry": {"type": "Polygon", "coordinates": [[[72.87941645772537, 19.00615601876307], [72.88208791094081, 19.00615601876307], [72.88208791094081, 19.00868181476307], [72.87941645772537, 19.00868181476307], [72.87941645772537, 19.00615601876307]]]}}, {"type": "Feature", "properties": {"pocket_id": "NS-0337", "city": "Mumbai", "ward": "L Ward"}, "geometry": {"type": "Polygon", "coordinates": [[[72.88462629974408, 19.071612483180825], [72.88762672668598, 19.071612483180825], [72.88762672668598, 19.074448195180825], [72.88462629974408, 19.074448195180825], [72.88462629974408, 19.071612483180825]]]}}, {"type": "Feature", "properties": {"pocket_id": "NS-0338", "city": "Mumbai", "ward": "M Ward"}, "geometry": {"type": "Polygon", "coordinates": [[[72.88773290230851, 18.99752903800698], [72.89113147891338, 18.99752903800698], [72.89113147891338, 19.000742472006984], [72.88773290230851, 19.000742472006984], [72.88773290230851, 18.99752903800698]]]}}, {"type": "Feature", "properties": {"pocket_id": "NS-0339", "city": "Mumbai", "ward": "L Ward"}, "geometry": {"type": "Polygon", "coordinates": [[[72.8979874798072, 19.01296392077337], [72.90086099282848, 19.01296392077337], [72.90086099282848, 19.015680646773372], [72.8979874798072, 19.015680646773372], [72.8979874798072, 19.01296392077337]]]}}, {"type": "Feature", "properties": {"pocket_id": "NS-0340", "city": "Ambarnath", "ward": "Ambarnath"}, "geometry": {"type": "Polygon", "coordinates": [[[73.1939724455604, 19.17931765110365], [73.19687496039708, 19.17931765110365], [73.19687496039708, 19.182059039103645], [73.1939724455604, 19.182059039103645], [73.1939724455604, 19.17931765110365]]]}}, {"type": "Feature", "properties": {"pocket_id": "NS-0341", "city": "Mumbai", "ward": "M Ward"}, "geometry": {"type": "Polygon", "coordinates": [[[72.87055722339717, 19.012345757090372], [72.87325996595685, 19.012345757090372], [72.87325996595685, 19.014901041090376], [72.87055722339717, 19.014901041090376], [72.87055722339717, 19.012345757090372]]]}}, {"type": "Feature", "properties": {"pocket_id": "NS-0342", "city": "Kalyan", "ward": "Kalyan East"}, "geometry": {"type": "Polygon", "coordinates": [[[NaN, NaN], [NaN, NaN], [NaN, NaN], [NaN, NaN], [NaN, NaN]]]}}, {"type": "Feature", "properties": {"pocket_id": "NS-0343", "city": "Thane", "ward": "Thane West"}, "geometry": {"type": "Polygon", "coordinates": [[[72.98659246145888, 19.224278927097217], [72.98974887373203, 19.224278927097217], [72.98974887373203, 19.22725930109722], [72.98659246145888, 19.22725930109722], [72.98659246145888, 19.224278927097217]]]}}, {"type": "Feature", "properties": {"pocket_id": "NS-0344", "city": "Mumbai", "ward": "L Ward"}, "geometry": {"type": "Polygon", "coordinates": [[[72.92124418869501, 19.056274430700377], [72.92431706902222, 19.056274430700377], [72.92431706902222, 19.05917888670038], [72.92124418869501, 19.05917888670038], [72.92124418869501, 19.056274430700377]]]}}, {"type": "Feature", "properties": {"pocket_id": "NS-0345", "city": "Mumbai", "ward": "M Ward"}, "geometry": {"type": "Polygon", "coordinates": [[[72.87127664296986, 19.015046065512394], [72.87411146835444, 19.015046065512394], [72.87411146835444, 19.017726181512394], [72.87127664296986, 19.017726181512394], [72.87127664296986, 19.015046065512394]]]}}, {"type": "Feature", "properties": {"pocket_id": "NS-0346", "city": "Thane", "ward": "Thane West"}, "geometry": {"type": "Polygon", "coordinates": [[[73.0014515695294, 19.21714230320765], [73.00452812100554, 19.21714230320765], [73.00452812100554, 19.220047397207647], [73.0014515695294, 19.220047397207647], [73.0014515695294, 19.21714230320765]]]}}, {"type": "Feature", "properties": {"pocket_id": "NS-0347", "city": "Mumbai", "ward": "M Ward"}, "geometry": {"type": "Polygon", "coordinates": [[[72.88018241295076, 19.007771894502554], [72.88315697234889, 19.007771894502554], [72.88315697234889, 19.010584240502553], [72.88018241295076, 19.010584240502553], [72.88018241295076, 19.007771894502554]]]}}, {"type": "Feature", "properties": {"pocket_id": "NS-0348", "city": "Ulhasnagar", "ward": "Ulhasnagar"}, "geometry": {"type": "Polygon", "coordinates": [[[73.1584037450381, 19.20661513522983], [73.16140891193726, 19.20661513522983], [73.16140891193726, 19.20945300522983], [73.1584037450381, 19.20945300522983], [73.1584037450381, 19.20661513522983]]]}}, {"type": "Feature", "properties": {"pocket_id": "NS-0349", "city": "Kalyan", "ward": "Kalyan East"}, "geometry": {"type": "Polygon", "coordinates": [[[73.15526275352012, 19.21730881567014], [73.15803792113623, 19.21730881567014], [73.15803792113623, 19.21992932167014], [73.15526275352012, 19.21992932167014], [73.15526275352012, 19.21730881567014]]]}}, {"type": "Feature", "properties": {"pocket_id": "NS-0350", "city": "Thane", "ward": "Thane West"}, "geometry": {"type": "Polygon", "coordinates": [[[72.99019619672363, 19.20833792958192], [72.9928990165592, 19.20833792958192], [72.9928990165592, 19.21089025958192], [72.99019619672363, 19.21089025958192], [72.99019619672363, 19.20833792958192]]]}}, {"type": "Feature", "properties": {"pocket_id": "NS-0351", "city": "Mumbai", "ward": "M Ward"}, "geometry": {"type": "Polygon", "coordinates": [[[72.91089885081767, 19.017964972768855], [72.91364328609352, 19.017964972768855], [72.91364328609352, 19.020559586768858], [72.91089885081767, 19.020559586768858], [72.91089885081767, 19.017964972768855]]]}}, {"type": "Feature", "properties": {"pocket_id": "NS-0352", "city": "Ulhasnagar", "ward": "Ulhasnagar"}, "geometry": {"type": "Polygon", "coordinates": [[[73.17134129943965, 19.20653550672142], [73.17397996338126, 19.20653550672142], [73.17397996338126, 19.20902728072142], [73.17134129943965, 19.20902728072142], [73.17134129943965, 19.20653550672142]]]}}, {"type": "Feature", "properties": {"pocket_id": "NS-0353", "city": "Mumbai", "ward": "M Ward"}, "geometry": {"type": "Polygon", "coordinates": [[[72.86267290574521, 18.98589004054468], [72.86556015835437, 18.98589004054468], [72.86556015835437, 18.98862020054468], [72.86267290574521, 18.98862020054468], [72.86267290574521, 18.98589004054468]]]}}, {"type": "Feature", "properties": {"pocket_id": "NS-0354", "city": "Kalyan", "ward": "Kalyan West"}, "geometry": {"type": "Polygon", "coordinates": [[[73.14791168045768, 19.232127183977557], [73.15069329638628, 19.232127183977557], [73.15069329638628, 19.234753541977557], [73.14791168045768, 19.234753541977557], [73.14791168045768, 19.232127183977557]]]}}, {"type": "Feature", "properties": {"pocket_id": "NS-0355", "city": "Mumbai", "ward": "S Ward"}, "geometry": {"type": "Polygon", "coordinates": [[[NaN, 19.12826440904633], [NaN, 19.12826440904633], [NaN, 19.130971337046333], [NaN, 19.130971337046333], [NaN, 19.12826440904633]]]}}, {"type": "Feature", "properties": {"pocket_id": "NS-0356", "city": "Kalyan", "ward": "Kalyan West"}, "geometry": {"type": "Polygon", "coordinates": [[[73.12488036884697, 19.224102211248532], [73.12755513469976, 19.224102211248532], [73.12755513469976, 19.22662780724853], [73.12488036884697, 19.22662780724853], [73.12488036884697, 19.224102211248532]]]}}, {"type": "Feature", "properties": {"pocket_id": "NS-0357", "city": "Ambarnath", "ward": "Ambarnath"}, "geometry": {"type": "Polygon", "coordinates": [[[73.16410342835114, 19.214396764783732], [73.1672009731126, 19.214396764783732], [73.1672009731126, 19.217321730783734], [73.16410342835114, 19.217321730783734], [73.16410342835114, 19.214396764783732]]]}}, {"type": "Feature", "properties": {"pocket_id": "NS-0358", "city": "Mumbai", "ward": "S Ward"}, "geometry": {"type": "Polygon", "coordinates": [[[72.90476756444112, 19.142520577148744], [72.9080294928789, 19.142520577148744], [72.9080294928789, 19.145602111148747], [72.90476756444112, 19.145602111148747], [72.90476756444112, 19.142520577148744]]]}}, {"type": "Feature", "properties": {"pocket_id": "NS-0359", "city": "Mumbai", "ward": "M Ward"}, "geometry": {"type": "Polygon", "coordinates": [[[72.87815569472124, 18.992310408920698], [72.88125935905842, 18.992310408920698], [72.88125935905842, 18.9952450909207], [72.87815569472124, 18.9952450909207], [72.87815569472124, 18.992310408920698]]]}}, {"type": "Feature", "properties": {"pocket_id": "NS-0360", "city": "Mumbai", "ward": "M Ward"}, "geometry": {"type": "Polygon", "coordinates": [[[NaN, NaN], [NaN, NaN], [NaN, NaN], [NaN, NaN], [NaN, NaN]]]}}, {"type": "Feature", "properties": {"pocket_id": "NS-0361", "city": "Mumbai", "ward": "M Ward"}, "geometry": {"type": "Polygon", "coordinates": [[[72.883730878964, 18.991972537788936], [72.88660857705719, 18.991972537788936], [72.88660857705719, 18.99469356378894], [72.883730878964, 18.99469356378894], [72.883730878964, 18.991972537788936]]]}}, {"type": "Feature", "properties": {"pocket_id": "NS-0362", "city": "Mumbai", "ward": "M Ward"}, "geometry": {"type": "Polygon", "coordinates": [[[72.89794257842176, 19.025012947210463], [72.90215420025801, 19.025012947210463], [72.90215420025801, 19.028994467210467], [72.89794257842176, 19.028994467210467], [72.89794257842176, 19.025012947210463]]]}}, {"type": "Feature", "properties": {"pocket_id": "NS-0363", "city": "Kalyan", "ward": "Kalyan West"}, "geometry": {"type": "Polygon", "coordinates": [[[73.13594862770866, 19.261523062120208], [73.13863330001554, 19.261523062120208], [73.13863330001554, 19.264057434120208], [73.13594862770866, 19.264057434120208], [73.13594862770866, 19.261523062120208]]]}}, {"type": "Feature", "properties": {"pocket_id": "NS-0364", "city": "Thane", "ward": "Thane West"}, "geometry": {"type": "Polygon", "coordinates": [[[72.96321089733092, 19.19811468053565], [72.96607446880728, 19.19811468053565], [72.96607446880728, 19.200818978535647], [72.96321089733092, 19.200818978535647], [72.96321089733092, 19.19811468053565]]]}}, {"type": "Feature", "properties": {"pocket_id": "NS-0365", "city": "Mumbai", "ward": "M Ward"}, "geometry": {"type": "Polygon", "coordinates": [[[72.85897272351357, 19.00462792565296], [72.8618555586261, 19.00462792565296], [72.8618555586261, 19.00735360165296], [72.85897272351357, 19.00735360165296], [72.85897272351357, 19.00462792565296]]]}}, {"type": "Feature", "properties": {"pocket_id": "NS-0366", "city": "Thane", "ward": "Thane West"}, "geometry": {"type": "Polygon", "coordinates": [[[72.96505789784005, 19.216355482379264], [72.96797768217961, 19.216355482379264], [72.96797768217961, 19.219112560379266], [72.96505789784005, 19.219112560379266], [72.96505789784005, 19.216355482379264]]]}}, {"type": "Feature", "properties": {"pocket_id": "NS-0367", "city": "Mumbai", "ward": "M Ward"}, "geometry": {"type": "Polygon", "coordinates": [[[72.8590733658891, 19.023995665673493], [72.86197950784579, 19.023995665673493], [72.86197950784579, 19.026743057673496], [72.8590733658891, 19.026743057673496], [72.8590733658891, 19.023995665673493]]]}}, {"type": "Feature", "properties": {"pocket_id": "NS-0368", "city": "Thane", "ward": "Thane East"}, "geometry": {"type": "Polygon", "coordinates": [[[73.0206881155941, 19.203456908657536], [73.0234571829027, 19.203456908657536], [73.0234571829027, 19.20607187465754], [73.0206881155941, 19.20607187465754], [73.0206881155941, 19.203456908657536]]]}}, {"type": "Feature", "properties": {"pocket_id": "NS-0369", "city": "Thane", "ward": "Thane West"}, "geometry": {"type": "Polygon", "coordinates": [[[73.01048451272115, 19.23554642423408], [73.01319889269556, 19.23554642423408], [73.01319889269556, 19.23810924623408], [73.01048451272115, 19.23810924623408], [73.01048451272115, 19.23554642423408]]]}}, {"type": "Feature", "properties": {"pocket_id": "NS-0370", "city": "Mumbai", "ward": "M Ward"}, "geometry": {"type": "Polygon", "coordinates": [[[72.83335188481179, 19.007010653029155], [72.83638364280056, 19.007010653029155], [72.83638364280056, 19.009877091029153], [72.83335188481179, 19.009877091029153], [72.83335188481179, 19.007010653029155]]]}}, {"type": "Feature", "properties": {"pocket_id": "NS-0371", "city": "Mumbai", "ward": "M Ward"}, "geometry": {"type": "Polygon", "coordinates": [[[72.84039706491858, 18.97593041517848], [72.84368048865447, 18.97593041517848], [72.84368048865447, 18.97903537317848], [72.84039706491858, 18.97903537317848], [72.84039706491858, 18.97593041517848]]]}}, {"type": "Feature", "properties": {"pocket_id": "NS-0372", "city": "Thane", "ward": "Thane East"}, "geometry": {"type": "Polygon", "coordinates": [[[73.02873214953048, 19.210806980840804], [73.03137134373252, 19.210806980840804], [73.03137134373252, 19.213299190840804], [73.02873214953048, 19.213299190840804], [73.02873214953048, 19.210806980840804]]]}}, {"type": "Feature", "properties": {"pocket_id": "NS-0373", "city": "Mumbai", "ward": "L Ward"}, "geometry": {"type": "Polygon", "coordinates": [[[72.919662983962, 19.07308764957726], [72.92245417008509, 19.07308764957726], [72.92245417008509, 19.07572558557726], [72.919662983962, 19.07572558557726], [72.919662983962, 19.07308764957726]]]}}, {"type": "Feature", "properties": {"pocket_id": "NS-0374", "city": "Mumbai", "ward": "M Ward"}, "geometry": {"type": "Polygon", "coordinates": [[[72.86846881724227, 18.977373902591776], [72.87129580580503, 18.977373902591776], [72.87129580580503, 18.980047214591774], [72.86846881724227, 18.980047214591774], [72.86846881724227, 18.977373902591776]]]}}, {"type": "Feature", "properties": {"pocket_id": "NS-0375", "city": "Mumbai", "ward": "M Ward"}, "geometry": {"type": "Polygon", "coordinates": [[[72.8688729973842, 19.013381889739776], [72.87154503631099, 19.013381889739776], [72.87154503631099, 19.015908129739778], [72.8688729973842, 19.015908129739778], [72.8688729973842, 19.013381889739776]]]}}, {"type": "Feature", "properties": {"pocket_id": "NS-0376", "city": "Kalyan", "ward": "Kalyan East"}, "geometry": {"type": "Polygon", "coordinates": [[[73.16851109283598, 19.228257596870613], [73.17119866518067, 19.228257596870613], [73.17119866518067, 19.23079522087061], [73.16851109283598, 19.23079522087061], [73.16851109283598, 19.228257596870613]]]}}, {"type": "Feature", "properties": {"pocket_id": "NS-0377", "city": "Thane", "ward": "Thane East"}, "geometry": {"type": "Polygon", "coordinates": [[[73.0184566717983, 19.184041758911], [73.02121155046635, 19.184041758911], [73.02121155046635, 19.186643632911], [73.0184566717983, 19.186643632911], [73.0184566717983, 19.184041758911]]]}}, {"type": "Feature", "properties": {"pocket_id": "NS-0378", "city": "Mumbai", "ward": "S Ward"}, "geometry": {"type": "Polygon", "coordinates": [[[72.94164628047733, 19.154175861343678], [72.94450851451825, 19.154175861343678], [72.94450851451825, 19.15687961734368], [72.94164628047733, 19.15687961734368], [72.94164628047733, 19.154175861343678]]]}}, {"type": "Feature", "properties": {"pocket_id": "NS-0379", "city": "Kalyan", "ward": "Kalyan West"}, "geometry": {"type": "Polygon", "coordinates": [[[73.10927074723176, 19.21689530332414], [73.11195419416106, 19.21689530332414], [73.11195419416106, 19.219429207324144], [73.10927074723176, 19.219429207324144], [73.10927074723176, 19.21689530332414]]]}}, {"type": "Feature", "properties": {"pocket_id": "NS-0380", "city": "Thane", "ward": "Thane East"}, "geometry": {"type": "Polygon", "coordinates": [[[73.03317573478259, 19.176374792078406], [73.03615623303742, 19.176374792078406], [73.03615623303742, 19.179189884078404], [73.03317573478259, 19.179189884078404], [73.03317573478259, 19.176374792078406]]]}}, {"type": "Feature", "properties": {"pocket_id": "NS-0381", "city": "Mumbai", "ward": "L Ward"}, "geometry": {"type": "Polygon", "coordinates": [[[NaN, 19.06308506409164], [NaN, 19.06308506409164], [NaN, 19.06608778809164], [NaN, 19.06608778809164], [NaN, 19.06308506409164]]]}}, {"type": "Feature", "properties": {"pocket_id": "NS-0382", "city": "Thane", "ward": "Thane West"}, "geometry": {"type": "Polygon", "coordinates": [[[NaN, NaN], [NaN, NaN], [NaN, NaN], [NaN, NaN], [NaN, NaN]]]}}, {"type": "Feature", "properties": {"pocket_id": "NS-0383", "city": "Thane", "ward": "Thane West"}, "geometry": {"type": "Polygon", "coordinates": [[[72.9611447691999, 19.214674964219668], [72.96450374527691, 19.214674964219668], [72.96450374527691, 19.217846788219667], [72.9611447691999, 19.217846788219667], [72.9611447691999, 19.214674964219668]]]}}, {"type": "Feature", "properties": {"pocket_id": "NS-0384", "city": "Mumbai", "ward": "M Ward"}, "geometry": {"type": "Polygon", "coordinates": [[[72.86625868030973, 19.017665231914624], [72.86920638482829, 19.017665231914624], [72.86920638482829, 19.020452021914625], [72.86625868030973, 19.020452021914625], [72.86625868030973, 19.017665231914624]]]}}, {"type": "Feature", "properties": {"pocket_id": "NS-0385", "city": "Thane", "ward": "Thane East"}, "geometry": {"type": "Polygon", "coordinates": [[[NaN, NaN], [NaN, NaN], [NaN, NaN], [NaN, NaN], [NaN, NaN]]]}}, {"type": "Feature", "properties": {"pocket_id": "NS-0386", "city": "Kalyan", "ward": "Kalyan East"}, "geometry": {"type": "Polygon", "coordinates": [[[73.14922198028763, 19.266319674718694], [73.15259364713602, 19.266319674718694], [73.15259364713602, 19.269502480718693], [73.14922198028763, 19.269502480718693], [73.14922198028763, 19.266319674718694]]]}}, {"type": "Feature", "properties": {"pocket_id": "NS-0387", "city": "Thane", "ward": "Thane East"}, "geometry": {"type": "Polygon", "coordinates": [[[73.00428346473976, 19.181962122093925], [73.0071278132869, 19.181962122093925], [73.0071278132869, 19.184648530093927], [73.00428346473976, 19.184648530093927], [73.00428346473976, 19.181962122093925]]]}}, {"type": "Feature", "properties": {"pocket_id": "NS-0388", "city": "Thane", "ward": "Thane East"}, "geometry": {"type": "Polygon", "coordinates": [[[73.01837941368825, 19.19540440451568], [73.02131737993685, 19.19540440451568], [73.02131737993685, 19.198179004515683], [73.01837941368825, 19.198179004515683], [73.01837941368825, 19.19540440451568]]]}}, {"type": "Feature", "properties": {"pocket_id": "NS-0389", "city": "Mumbai", "ward": "S Ward"}, "geometry": {"type": "Polygon", "coordinates": [[[72.92273623016044, 19.11933445095737], [72.92545362589428, 19.11933445095737], [72.92545362589428, 19.121901930957375], [72.92273623016044, 19.121901930957375], [72.92273623016044, 19.11933445095737]]]}}, {"type": "Feature", "properties": {"pocket_id": "NS-0390", "city": "Kalyan", "ward": "Kalyan East"}, "geometry": {"type": "Polygon", "coordinates": [[[73.1467723765529, 19.19325290159227], [73.1497073501332, 19.19325290159227], [73.1497073501332, 19.19602471159227], [73.1467723765529, 19.19602471159227], [73.1467723765529, 19.19325290159227]]]}}, {"type": "Feature", "properties": {"pocket_id": "NS-0391", "city": "Mumbai", "ward": "M Ward"}, "geometry": {"type": "Polygon", "coordinates": [[[72.89078602530978, 19.005076733840937], [72.89355256046855, 19.005076733840937], [72.89355256046855, 19.007692443840938], [72.89078602530978, 19.007692443840938], [72.89078602530978, 19.005076733840937]]]}}, {"type": "Feature", "properties": {"pocket_id": "NS-0392", "city": "Mumbai", "ward": "L Ward"}, "geometry": {"type": "Polygon", "coordinates": [[[72.8755694816273, 19.091207098577513], [72.87854974679938, 19.091207098577513], [72.87854974679938, 19.094023422577514], [72.8755694816273, 19.094023422577514], [72.8755694816273, 19.091207098577513]]]}}, {"type": "Feature", "properties": {"pocket_id": "NS-0393", "city": "Mumbai", "ward": "M Ward"}, "geometry": {"type": "Polygon", "coordinates": [[[72.87774913348393, 18.99884837915746], [72.88097880973261, 18.99884837915746], [72.88097880973261, 19.001902091157465], [72.87774913348393, 19.001902091157465], [72.87774913348393, 18.99884837915746]]]}}, {"type": "Feature", "properties": {"pocket_id": "NS-0394", "city": "Mumbai", "ward": "M Ward"}, "geometry": {"type": "Polygon", "coordinates": [[[72.85961203885114, 19.001515976958675], [72.86300065344128, 19.001515976958675], [72.86300065344128, 19.004719914958674], [72.85961203885114, 19.004719914958674], [72.85961203885114, 19.001515976958675]]]}}, {"type": "Feature", "properties": {"pocket_id": "NS-0395", "city": "Mumbai", "ward": "M Ward"}, "geometry": {"type": "Polygon", "coordinates": [[[72.8906783781416, 19.040271649702667], [72.89367289792166, 19.040271649702667], [72.89367289792166, 19.04310231370267], [72.8906783781416, 19.04310231370267], [72.8906783781416, 19.040271649702667]]]}}, {"type": "Feature", "properties": {"pocket_id": "NS-0396", "city": "Mumbai", "ward": "L Ward"}, "geometry": {"type": "Polygon", "coordinates": [[[72.89225833826069, 19.08387989337259], [72.89523263254094, 19.08387989337259], [72.89523263254094, 19.08669069937259], [72.89225833826069, 19.08669069937259], [72.89225833826069, 19.08387989337259]]]}}, {"type": "Feature", "properties": {"pocket_id": "NS-0397", "city": "Kalyan", "ward": "Kalyan West"}, "geometry": {"type": "Polygon", "coordinates": [[[73.11292976104879, 19.22184705451367], [73.11593434857953, 19.22184705451367], [73.11593434857953, 19.224684114513668], [73.11292976104879, 19.224684114513668], [73.11292976104879, 19.22184705451367]]]}}, {"type": "Feature", "properties": {"pocket_id": "NS-0398", "city": "Thane", "ward": "Thane West"}, "geometry": {"type": "Polygon", "coordinates": [[[72.9942659616665, 19.19502148662283], [72.99706611563444, 19.19502148662283], [72.99706611563444, 19.19766594462283], [72.9942659616665, 19.19766594462283], [72.9942659616665, 19.19502148662283]]]}}, {"type": "Feature", "properties": {"pocket_id": "NS-0399", "city": "Kalyan", "ward": "Kalyan West"}, "geometry": {"type": "Polygon", "coordinates": [[[73.11772547365139, 19.252436150830032], [73.12061413892063, 19.252436150830032], [73.12061413892063, 19.255163244830033], [73.11772547365139, 19.255163244830033], [73.11772547365139, 19.252436150830032]]]}}, {"type": "Feature", "properties": {"pocket_id": "NS-0400", "city": "Mumbai", "ward": "M Ward"}, "geometry": {"type": "Polygon", "coordinates": [[[72.85449063275027, 18.977193735565145], [72.85719300969356, 18.977193735565145], [72.85719300969356, 18.979749213565142], [72.85449063275027, 18.979749213565142], [72.85449063275027, 18.977193735565145]]]}}, {"type": "Feature", "properties": {"pocket_id": "NS-0401", "city": "Mumbai", "ward": "M Ward"}, "geometry": {"type": "Polygon", "coordinates": [[[72.86692255399973, 19.00761146170588], [72.86992464635281, 19.00761146170588], [72.86992464635281, 19.01044984170588], [72.86692255399973, 19.01044984170588], [72.86692255399973, 19.00761146170588]]]}}, {"type": "Feature", "properties": {"pocket_id": "NS-0402", "city": "Ambarnath", "ward": "Ambarnath"}, "geometry": {"type": "Polygon", "coordinates": [[[NaN, 19.122220578634835], [NaN, 19.122220578634835], [NaN, 19.124756994634833], [NaN, 19.124756994634833], [NaN, 19.122220578634835]]]}}, {"type": "Feature", "properties": {"pocket_id": "NS-0403", "city": "Mumbai", "ward": "M Ward"}, "geometry": {"type": "Polygon", "coordinates": [[[72.86754141000172, 18.995535292762078], [72.87033465612988, 18.995535292762078], [72.87033465612988, 18.998176408762077], [72.86754141000172, 18.998176408762077], [72.86754141000172, 18.995535292762078]]]}}, {"type": "Feature", "properties": {"pocket_id": "NS-0404", "city": "Mumbai", "ward": "L Ward"}, "geometry": {"type": "Polygon", "coordinates": [[[72.88125337833792, 19.067990270422484], [72.88393445411693, 19.067990270422484], [72.88393445411693, 19.070524220422485], [72.88125337833792, 19.070524220422485], [72.88125337833792, 19.067990270422484]]]}}, {"type": "Feature", "properties": {"pocket_id": "NS-0405", "city": "Mumbai", "ward": "M Ward"}, "geometry": {"type": "Polygon", "coordinates": [[[72.8927954648504, 19.014296802580112], [72.89590525961984, 19.014296802580112], [72.89590525961984, 19.017236892580115], [72.8927954648504, 19.017236892580115], [72.8927954648504, 19.014296802580112]]]}}, {"type": "Feature", "properties": {"pocket_id": "NS-0406", "city": "Kalyan", "ward": "Kalyan East"}, "geometry": {"type": "Polygon", "coordinates": [[[NaN, NaN], [NaN, NaN], [NaN, NaN], [NaN, NaN], [NaN, NaN]]]}}, {"type": "Feature", "properties": {"pocket_id": "NS-0407", "city": "Mumbai", "ward": "M Ward"}, "geometry": {"type": "Polygon", "coordinates": [[[72.87796595241497, 19.003791014293604], [72.88120918233301, 19.003791014293604], [72.88120918233301, 19.0068574502936], [72.87796595241497, 19.0068574502936], [72.87796595241497, 19.003791014293604]]]}}, {"type": "Feature", "properties": {"pocket_id": "NS-0408", "city": "Mumbai", "ward": "S Ward"}, "geometry": {"type": "Polygon", "coordinates": [[[72.92917947930768, 19.16138799856306], [72.93251047593328, 19.16138799856306], [72.93251047593328, 19.16453442056306], [72.92917947930768, 19.16453442056306], [72.92917947930768, 19.16138799856306]]]}}, {"type": "Feature", "properties": {"pocket_id": "NS-0409", "city": "Mumbai", "ward": "S Ward"}, "geometry": {"type": "Polygon", "coordinates": [[[72.92829576757701, 19.129175179047056], [72.93116847875343, 19.129175179047056], [72.93116847875343, 19.13188924304706], [72.92829576757701, 19.13188924304706], [72.92829576757701, 19.129175179047056]]]}}, {"type": "Feature", "properties": {"pocket_id": "NS-0410", "city": "Thane", "ward": "Thane East"}, "geometry": {"type": "Polygon", "coordinates": [[[73.01076041917459, 19.20190011042402], [73.01442561929797, 19.20190011042402], [73.01442561929797, 19.20536136242402], [73.01076041917459, 19.20536136242402], [73.01076041917459, 19.20190011042402]]]}}, {"type": "Feature", "properties": {"pocket_id": "NS-0411", "city": "Mumbai", "ward": "M Ward"}, "geometry": {"type": "Polygon", "coordinates": [[[NaN, NaN], [NaN, NaN], [NaN, NaN], [NaN, NaN], [NaN, NaN]]]}}, {"type": "Feature", "properties": {"pocket_id": "NS-0412", "city": "Kalyan", "ward": "Kalyan West"}, "geometry": {"type": "Polygon", "coordinates": [[[73.08210697070065, 19.238161748143533], [73.0854174194463, 19.238161748143533], [73.0854174194463, 19.241287302143533], [73.08210697070065, 19.241287302143533], [73.08210697070065, 19.238161748143533]]]}}, {"type": "Feature", "properties": {"pocket_id": "NS-0413", "city": "Mumbai", "ward": "M Ward"}, "geometry": {"type": "Polygon", "coordinates": [[[72.87596231615265, 19.044826703251275], [72.87892838378616, 19.044826703251275], [72.87892838378616, 19.047630395251275], [72.87596231615265, 19.047630395251275], [72.87596231615265, 19.044826703251275]]]}}, {"type": "Feature", "properties": {"pocket_id": "NS-0414", "city": "Thane", "ward": "Thane West"}, "geometry": {"type": "Polygon", "coordinates": [[[72.97925234132222, 19.230255650619224], [72.9819920101531, 19.230255650619224], [72.9819920101531, 19.232842432619226], [72.97925234132222, 19.232842432619226], [72.97925234132222, 19.230255650619224]]]}}, {"type": "Feature", "properties": {"pocket_id": "NS-0415", "city": "Thane", "ward": "Thane West"}, "geometry": {"type": "Polygon", "coordinates": [[[72.98367324601442, 19.221584686871687], [72.98660551422257, 19.221584686871687], [72.98660551422257, 19.224353464871683], [72.98367324601442, 19.224353464871683], [72.98367324601442, 19.221584686871687]]]}}, {"type": "Feature", "properties": {"pocket_id": "NS-0416", "city": "Thane", "ward": "Thane West"}, "geometry": {"type": "Polygon", "coordinates": [[[72.9721062551428, 19.238310981501506], [72.97483783503311, 19.238310981501506], [72.97483783503311, 19.240889999501505], [72.9721062551428, 19.240889999501505], [72.9721062551428, 19.238310981501506]]]}}, {"type": "Feature", "properties": {"pocket_id": "NS-0417", "city": "Kalyan", "ward": "Kalyan East"}, "geometry": {"type": "Polygon", "coordinates": [[[73.12740678380554, 19.247085673014787], [73.13086655340878, 19.247085673014787], [73.13086655340878, 19.250352029014785], [73.12740678380554, 19.250352029014785], [73.12740678380554, 19.247085673014787]]]}}, {"type": "Feature", "properties": {"pocket_id": "NS-0418", "city": "Thane", "ward": "Thane East"}, "geometry": {"type": "Polygon", "coordinates": [[[73.03289730173954, 19.222085717027376], [73.03566546068389, 19.222085717027376], [73.03566546068389, 19.224699529027376], [73.03289730173954, 19.224699529027376], [73.03289730173954, 19.222085717027376]]]}}, {"type": "Feature", "properties": {"pocket_id": "NS-0419", "city": "Mumbai", "ward": "S Ward"}, "geometry": {"type": "Polygon", "coordinates": [[[72.9600494833151, 19.122954129894563], [72.96287285273958, 19.122954129894563], [72.96287285273958, 19.12562167789456], [72.9600494833151, 19.12562167789456], [72.9600494833151, 19.122954129894563]]]}}, {"type": "Feature", "properties": {"pocket_id": "NS-0420", "city": "Mumbai", "ward": "L Ward"}, "geometry": {"type": "Polygon", "coordinates": [[[NaN, 19.050106056204484], [NaN, 19.050106056204484], [NaN, 19.053165176204487], [NaN, 19.053165176204487], [NaN, 19.050106056204484]]]}}, {"type": "Feature", "properties": {"pocket_id": "NS-0421", "city": "Mumbai", "ward": "M Ward"}, "geometry": {"type": "Polygon", "coordinates": [[[72.87701713419268, 19.007160175327346], [72.8796686619964, 19.007160175327346], [72.8796686619964, 19.009667117327343], [72.87701713419268, 19.009667117327343], [72.87701713419268, 19.007160175327346]]]}}, {"type": "Feature", "properties": {"pocket_id": "NS-0422", "city": "Mumbai", "ward": "L Ward"}, "geometry": {"type": "Polygon", "coordinates": [[[72.89186636450187, 19.063169229187512], [72.89463073158167, 19.063169229187512], [72.89463073158167, 19.06578197518751], [72.89186636450187, 19.06578197518751], [72.89186636450187, 19.063169229187512]]]}}, {"type": "Feature", "properties": {"pocket_id": "NS-0423", "city": "Kalyan", "ward": "Kalyan West"}, "geometry": {"type": "Polygon", "coordinates": [[[73.13593234502383, 19.22499408357943], [73.13945195114661, 19.22499408357943], [73.13945195114661, 19.228317377579426], [73.13593234502383, 19.228317377579426], [73.13593234502383, 19.22499408357943]]]}}, {"type": "Feature", "properties": {"pocket_id": "NS-0424", "city": "Thane", "ward": "Thane East"}, "geometry": {"type": "Polygon", "coordinates": [[[73.03248296029918, 19.186626840925243], [73.03580634597614, 19.186626840925243], [73.03580634597614, 19.18976559292524], [73.03248296029918, 19.18976559292524], [73.03248296029918, 19.186626840925243]]]}}, {"type": "Feature", "properties": {"pocket_id": "NS-0425", "city": "Thane", "ward": "Thane East"}, "geometry": {"type": "Polygon", "coordinates": [[[72.9945110050832, 19.182734935690153], [72.99735745706143, 19.182734935690153], [72.99735745706143, 19.185423317690155], [72.9945110050832, 19.185423317690155], [72.9945110050832, 19.182734935690153]]]}}, {"type": "Feature", "properties": {"pocket_id": "NS-0426", "city": "Thane", "ward": "Thane West"}, "geometry": {"type": "Polygon", "coordinates": [[[72.9983464459611, 19.22970794874933], [73.00135710828003, 19.22970794874933], [73.00135710828003, 19.232550608749328], [72.9983464459611, 19.232550608749328], [72.9983464459611, 19.22970794874933]]]}}, {"type": "Feature", "properties": {"pocket_id": "NS-0427", "city": "Mumbai", "ward": "M Ward"}, "geometry": {"type": "Polygon", "coordinates": [[[72.87039392387192, 18.983240533318426], [72.87329509419263, 18.983240533318426], [72.87329509419263, 18.985983897318423], [72.87039392387192, 18.985983897318423], [72.87039392387192, 18.983240533318426]]]}}, {"type": "Feature", "properties": {"pocket_id": "NS-0428", "city": "Kalyan", "ward": "Kalyan West"}, "geometry": {"type": "Polygon", "coordinates": [[[NaN, NaN], [NaN, NaN], [NaN, NaN], [NaN, NaN], [NaN, NaN]]]}}, {"type": "Feature", "properties": {"pocket_id": "NS-0429", "city": "Mumbai", "ward": "S Ward"}, "geometry": {"type": "Polygon", "coordinates": [[[72.95517384982729, 19.130702428666083], [72.95803677764643, 19.130702428666083], [72.95803677764643, 19.133407224666087], [72.95517384982729, 19.133407224666087], [72.95517384982729, 19.130702428666083]]]}}, {"type": "Feature", "properties": {"pocket_id": "NS-0430", "city": "Ulhasnagar", "ward": "Ulhasnagar"}, "geometry": {"type": "Polygon", "coordinates": [[[73.13843327263658, 19.237710393366847], [73.14106386018037, 19.237710393366847], [73.14106386018037, 19.240194069366844], [73.13843327263658, 19.240194069366844], [73.13843327263658, 19.237710393366847]]]}}, {"type": "Feature", "properties": {"pocket_id": "NS-0431", "city": "Mumbai", "ward": "M Ward"}, "geometry": {"type": "Polygon", "coordinates": [[[72.88732808965962, 18.986487990390803], [72.89047490362817, 18.986487990390803], [72.89047490362817, 18.9894635763908], [72.88732808965962, 18.9894635763908], [72.88732808965962, 18.986487990390803]]]}}, {"type": "Feature", "properties": {"pocket_id": "NS-0432", "city": "Kalyan", "ward": "Kalyan East"}, "geometry": {"type": "Polygon", "coordinates": [[[73.14033877260538, 19.21586272880567], [73.1433275306345, 19.21586272880567], [73.1433275306345, 19.21868494480567], [73.14033877260538, 19.21868494480567], [73.14033877260538, 19.21586272880567]]]}}, {"type": "Feature", "properties": {"pocket_id": "NS-0433", "city": "Thane", "ward": "Thane West"}, "geometry": {"type": "Polygon", "coordinates": [[[72.95490554940517, 19.186816613028377], [72.95771075631117, 19.186816613028377], [72.95771075631117, 19.189465975028376], [72.95490554940517, 19.189465975028376], [72.95490554940517, 19.186816613028377]]]}}, {"type": "Feature", "properties": {"pocket_id": "NS-0434", "city": "Kalyan", "ward": "Kalyan East"}, "geometry": {"type": "Polygon", "coordinates": [[[73.16023328891346, 19.212881822122608], [73.16331957971282, 19.212881822122608], [73.16331957971282, 19.215796188122606], [73.16023328891346, 19.215796188122606], [73.16023328891346, 19.212881822122608]]]}}, {"type": "Feature", "properties": {"pocket_id": "NS-0435", "city": "Kalyan", "ward": "Kalyan West"}, "geometry": {"type": "Polygon", "coordinates": [[[73.13917417145224, 19.223976597064], [73.14183635773851, 19.223976597064], [73.14183635773851, 19.226490317064002], [73.13917417145224, 19.226490317064002], [73.13917417145224, 19.223976597064]]]}}, {"type": "Feature", "properties": {"pocket_id": "NS-0436", "city": "Mumbai", "ward": "S Ward"}, "geometry": {"type": "Polygon", "coordinates": [[[72.94865258782927, 19.13232294022029], [72.9518911170373, 19.13232294022029], [72.9518911170373, 19.135382558220293], [72.94865258782927, 19.135382558220293], [72.94865258782927, 19.13232294022029]]]}}, {"type": "Feature", "properties": {"pocket_id": "NS-0437", "city": "Mumbai", "ward": "M Ward"}, "geometry": {"type": "Polygon", "coordinates": [[[72.85850199411801, 19.028708403872685], [72.86195652174378, 19.028708403872685], [72.86195652174378, 19.031974127872687], [72.85850199411801, 19.031974127872687], [72.85850199411801, 19.028708403872685]]]}}, {"type": "Feature", "properties": {"pocket_id": "NS-0438", "city": "Ambarnath", "ward": "Ambarnath"}, "geometry": {"type": "Polygon", "coordinates": [[[NaN, NaN], [NaN, NaN], [NaN, NaN], [NaN, NaN], [NaN, NaN]]]}}, {"type": "Feature", "properties": {"pocket_id": "NS-0439", "city": "Ambarnath", "ward": "Ambarnath"}, "geometry": {"type": "Polygon", "coordinates": [[[73.19517139387263, 19.214228950033828], [73.1982573837878, 19.214228950033828], [73.1982573837878, 19.21714300803383], [73.19517139387263, 19.21714300803383], [73.19517139387263, 19.214228950033828]]]}}, {"type": "Feature", "properties": {"pocket_id": "NS-0440", "city": "Thane", "ward": "Thane West"}, "geometry": {"type": "Polygon", "coordinates": [[[72.97142992487012, 19.161775382496717], [72.97410375422767, 19.161775382496717], [72.97410375422767, 19.164301050496714], [72.97142992487012, 19.164301050496714], [72.97142992487012, 19.161775382496717]]]}}, {"type": "Feature", "properties": {"pocket_id": "NS-0441", "city": "Kalyan", "ward": "Kalyan West"}, "geometry": {"type": "Polygon", "coordinates": [[[NaN, 19.238136618268644], [NaN, 19.238136618268644], [NaN, 19.241166816268642], [NaN, 19.241166816268642], [NaN, 19.238136618268644]]]}}, {"type": "Feature", "properties": {"pocket_id": "NS-0442", "city": "Mumbai", "ward": "L Ward"}, "geometry": {"type": "Polygon", "coordinates": [[[NaN, 19.08841069110186], [NaN, 19.08841069110186], [NaN, 19.091095307101863], [NaN, 19.091095307101863], [NaN, 19.08841069110186]]]}}, {"type": "Feature", "properties": {"pocket_id": "NS-0443", "city": "Mumbai", "ward": "S Ward"}, "geometry": {"type": "Polygon", "coordinates": [[[72.94282849085722, 19.16800241769839], [72.94572804524704, 19.16800241769839], [72.94572804524704, 19.17074119769839], [72.94282849085722, 19.17074119769839], [72.94282849085722, 19.16800241769839]]]}}, {"type": "Feature", "properties": {"pocket_id": "NS-0444", "city": "Mumbai", "ward": "L Ward"}, "geometry": {"type": "Polygon", "coordinates": [[[72.93889162964938, 19.056545591735112], [72.94251997817982, 19.056545591735112], [72.94251997817982, 19.059975059735113], [72.93889162964938, 19.059975059735113], [72.93889162964938, 19.056545591735112]]]}}, {"type": "Feature", "properties": {"pocket_id": "NS-0445", "city": "Mumbai", "ward": "L Ward"}, "geometry": {"type": "Polygon", "coordinates": [[[72.9142513651611, 19.039451283607658], [72.91707557747671, 19.039451283607658], [72.91707557747671, 19.042120973607656], [72.9142513651611, 19.042120973607656], [72.9142513651611, 19.039451283607658]]]}}, {"type": "Feature", "properties": {"pocket_id": "NS-0446", "city": "Thane", "ward": "Thane West"}, "geometry": {"type": "Polygon", "coordinates": [[[72.97370844839365, 19.245684962397572], [72.97642429250352, 19.245684962397572], [72.97642429250352, 19.248249008397575], [72.97370844839365, 19.248249008397575], [72.97370844839365, 19.245684962397572]]]}}, {"type": "Feature", "properties": {"pocket_id": "NS-0447", "city": "Mumbai", "ward": "L Ward"}, "geometry": {"type": "Polygon", "coordinates": [[[72.8845844342625, 19.03374264842482], [72.88792629916585, 19.03374264842482], [72.88792629916585, 19.03690177242482], [72.8845844342625, 19.03690177242482], [72.8845844342625, 19.03374264842482]]]}}, {"type": "Feature", "properties": {"pocket_id": "NS-0448", "city": "Mumbai", "ward": "M Ward"}, "geometry": {"type": "Polygon", "coordinates": [[[72.89545306320993, 19.01036495380793], [72.89822137020009, 19.01036495380793], [72.89822137020009, 19.012982255807927], [72.89545306320993, 19.012982255807927], [72.89545306320993, 19.01036495380793]]]}}, {"type": "Feature", "properties": {"pocket_id": "NS-0449", "city": "Thane", "ward": "Thane West"}, "geometry": {"type": "Polygon", "coordinates": [[[72.96077671326898, 19.21681135434567], [72.96353562916116, 19.21681135434567], [72.96353562916116, 19.21941652234567], [72.96077671326898, 19.21941652234567], [72.96077671326898, 19.21681135434567]]]}}, {"type": "Feature", "properties": {"pocket_id": "NS-0450", "city": "Mumbai", "ward": "M Ward"}, "geometry": {"type": "Polygon", "coordinates": [[[72.8960907225287, 19.03931543622749], [72.89928865298472, 19.03931543622749], [72.89928865298472, 19.042338396227493], [72.8960907225287, 19.042338396227493], [72.8960907225287, 19.03931543622749]]]}}, {"type": "Feature", "properties": {"pocket_id": "NS-0451", "city": "Mumbai", "ward": "M Ward"}, "geometry": {"type": "Polygon", "coordinates": [[[72.88590449568457, 19.014247453251297], [72.88880226979919, 19.014247453251297], [72.88880226979919, 19.0169870952513], [72.88590449568457, 19.0169870952513], [72.88590449568457, 19.014247453251297]]]}}, {"type": "Feature", "properties": {"pocket_id": "NS-0452", "city": "Mumbai", "ward": "S Ward"}, "geometry": {"type": "Polygon", "coordinates": [[[72.95395400259446, 19.1374682093278], [72.95697203774708, 19.1374682093278], [72.95697203774708, 19.140319427327803], [72.95395400259446, 19.140319427327803], [72.95395400259446, 19.1374682093278]]]}}, {"type": "Feature", "properties": {"pocket_id": "NS-0453", "city": "Thane", "ward": "Thane East"}, "geometry": {"type": "Polygon", "coordinates": [[[NaN, 19.204020533397685], [NaN, 19.204020533397685], [NaN, 19.207026035397686], [NaN, 19.207026035397686], [NaN, 19.204020533397685]]]}}, {"type": "Feature", "properties": {"pocket_id": "NS-0454", "city": "Thane", "ward": "Thane East"}, "geometry": {"type": "Polygon", "coordinates": [[[73.02568885631352, 19.192868648391173], [73.02873729389823, 19.192868648391173], [73.02873729389823, 19.19574762039117], [73.02568885631352, 19.19574762039117], [73.02568885631352, 19.192868648391173]]]}}, {"type": "Feature", "properties": {"pocket_id": "NS-0455", "city": "Thane", "ward": "Thane West"}, "geometry": {"type": "Polygon", "coordinates": [[[72.9771131436457, 19.217850295594587], [72.98010193781685, 19.217850295594587], [72.98010193781685, 19.220672511594586], [72.9771131436457, 19.220672511594586], [72.9771131436457, 19.217850295594587]]]}}, {"type": "Feature", "properties": {"pocket_id": "NS-0456", "city": "Mumbai", "ward": "S Ward"}, "geometry": {"type": "Polygon", "coordinates": [[[NaN, 19.127323959983922], [NaN, 19.127323959983922], [NaN, 19.129974457983923], [NaN, 19.129974457983923], [NaN, 19.127323959983922]]]}}, {"type": "Feature", "properties": {"pocket_id": "NS-0457", "city": "Mumbai", "ward": "S Ward"}, "geometry": {"type": "Polygon", "coordinates": [[[72.92733283719025, 19.148405658004254], [72.930281616379, 19.148405658004254], [72.930281616379, 19.151191264004257], [72.92733283719025, 19.151191264004257], [72.92733283719025, 19.148405658004254]]]}}, {"type": "Feature", "properties": {"pocket_id": "NS-0458", "city": "Mumbai", "ward": "M Ward"}, "geometry": {"type": "Polygon", "coordinates": [[[72.88284361111019, 19.015274563114744], [72.88599832509058, 19.015274563114744], [72.88599832509058, 19.018257103114742], [72.88284361111019, 19.018257103114742], [72.88284361111019, 19.015274563114744]]]}}, {"type": "Feature", "properties": {"pocket_id": "NS-0459", "city": "Thane", "ward": "Thane West"}, "geometry": {"type": "Polygon", "coordinates": [[[72.95178264434911, 19.21143853473888], [72.95457031908676, 19.21143853473888], [72.95457031908676, 19.214070944738875], [72.95178264434911, 19.214070944738875], [72.95178264434911, 19.21143853473888]]]}}, {"type": "Feature", "properties": {"pocket_id": "NS-0460", "city": "Mumbai", "ward": "L Ward"}, "geometry": {"type": "Polygon", "coordinates": [[[NaN, NaN], [NaN, NaN], [NaN, NaN], [NaN, NaN], [NaN, NaN]]]}}, {"type": "Feature", "properties": {"pocket_id": "NS-0461", "city": "Kalyan", "ward": "Kalyan East"}, "geometry": {"type": "Polygon", "coordinates": [[[73.10606292666608, 19.245718075386126], [73.10880160367904, 19.245718075386126], [73.10880160367904, 19.24830367738613], [73.10606292666608, 19.24830367738613], [73.10606292666608, 19.245718075386126]]]}}, {"type": "Feature", "properties": {"pocket_id": "NS-0462", "city": "Mumbai", "ward": "S Ward"}, "geometry": {"type": "Polygon", "coordinates": [[[72.95747598264707, 19.122559682184463], [72.96134148333569, 19.122559682184463], [72.96134148333569, 19.126211844184464], [72.95747598264707, 19.126211844184464], [72.95747598264707, 19.122559682184463]]]}}, {"type": "Feature", "properties": {"pocket_id": "NS-0463", "city": "Mumbai", "ward": "S Ward"}, "geometry": {"type": "Polygon", "coordinates": [[[72.9445950648895, 19.14842411065339], [72.94808420910077, 19.14842411065339], [72.94808420910077, 19.151720174653388], [72.9445950648895, 19.151720174653388], [72.9445950648895, 19.14842411065339]]]}}, {"type": "Feature", "properties": {"pocket_id": "NS-0464", "city": "Mumbai", "ward": "S Ward"}, "geometry": {"type": "Polygon", "coordinates": [[[72.88622503648871, 19.143121541198813], [72.88916487175943, 19.143121541198813], [72.88916487175943, 19.145898787198814], [72.88622503648871, 19.145898787198814], [72.88622503648871, 19.143121541198813]]]}}, {"type": "Feature", "properties": {"pocket_id": "NS-0465", "city": "Mumbai", "ward": "L Ward"}, "geometry": {"type": "Polygon", "coordinates": [[[72.88195379829114, 19.047686404047646], [72.88478188315375, 19.047686404047646], [72.88478188315375, 19.050359622047644], [72.88195379829114, 19.050359622047644], [72.88195379829114, 19.047686404047646]]]}}, {"type": "Feature", "properties": {"pocket_id": "NS-0466", "city": "Ulhasnagar", "ward": "Ulhasnagar"}, "geometry": {"type": "Polygon", "coordinates": [[[73.14851182039378, 19.235409317882024], [73.15171165979085, 19.235409317882024], [73.15171165979085, 19.23843049188202], [73.14851182039378, 19.23843049188202], [73.14851182039378, 19.235409317882024]]]}}, {"type": "Feature", "properties": {"pocket_id": "NS-0467", "city": "Mumbai", "ward": "M Ward"}, "geometry": {"type": "Polygon", "coordinates": [[[72.92868531853826, 18.986139386602495], [72.9315777278543, 18.986139386602495], [72.9315777278543, 18.988874418602492], [72.92868531853826, 18.988874418602492], [72.92868531853826, 18.986139386602495]]]}}, {"type": "Feature", "properties": {"pocket_id": "NS-0468", "city": "Thane", "ward": "Thane West"}, "geometry": {"type": "Polygon", "coordinates": [[[72.99944905691274, 19.218451288889206], [73.00257170102469, 19.218451288889206], [73.00257170102469, 19.22139988288921], [72.99944905691274, 19.22139988288921], [72.99944905691274, 19.218451288889206]]]}}, {"type": "Feature", "properties": {"pocket_id": "NS-0469", "city": "Thane", "ward": "Thane East"}, "geometry": {"type": "Polygon", "coordinates": [[[73.03261255742342, 19.1977257352153], [73.03579545568664, 19.1977257352153], [73.03579545568664, 19.200731603215303], [73.03261255742342, 19.200731603215303], [73.03261255742342, 19.1977257352153]]]}}, {"type": "Feature", "properties": {"pocket_id": "NS-0470", "city": "Thane", "ward": "Thane West"}, "geometry": {"type": "Polygon", "coordinates": [[[72.99922429204419, 19.212278541619355], [73.00194330092064, 19.212278541619355], [73.00194330092064, 19.214846097619358], [72.99922429204419, 19.214846097619358], [72.99922429204419, 19.212278541619355]]]}}, {"type": "Feature", "properties": {"pocket_id": "NS-0471", "city": "Thane", "ward": "Thane West"}, "geometry": {"type": "Polygon", "coordinates": [[[72.96557020430659, 19.223010256100668], [72.96847631573, 19.223010256100668], [72.96847631573, 19.225754312100666], [72.96557020430659, 19.225754312100666], [72.96557020430659, 19.223010256100668]]]}}, {"type": "Feature", "properties": {"pocket_id": "NS-0472", "city": "Kalyan", "ward": "Kalyan East"}, "geometry": {"type": "Polygon", "coordinates": [[[73.14307762323918, 19.230930717707576], [73.1457948246589, 19.230930717707576], [73.1457948246589, 19.233496275707576], [73.14307762323918, 19.233496275707576], [73.14307762323918, 19.230930717707576]]]}}, {"type": "Feature", "properties": {"pocket_id": "NS-0473", "city": "Mumbai", "ward": "M Ward"}, "geometry": {"type": "Polygon", "coordinates": [[[72.89996577470862, 19.032272010042757], [72.90292386829182, 19.032272010042757], [72.90292386829182, 19.035068376042755], [72.89996577470862, 19.035068376042755], [72.89996577470862, 19.032272010042757]]]}}, {"type": "Feature", "properties": {"pocket_id": "NS-0474", "city": "Thane", "ward": "Thane West"}, "geometry": {"type": "Polygon", "coordinates": [[[NaN, 19.20553661743145], [NaN, 19.20553661743145], [NaN, 19.208331263431447], [NaN, 19.208331263431447], [NaN, 19.20553661743145]]]}}, {"type": "Feature", "properties": {"pocket_id": "NS-0475", "city": "Mumbai", "ward": "S Ward"}, "geometry": {"type": "Polygon", "coordinates": [[[72.89426676330208, 19.130841563096563], [72.89699031809116, 19.130841563096563], [72.89699031809116, 19.133414683096564], [72.89426676330208, 19.133414683096564], [72.89426676330208, 19.130841563096563]]]}}, {"type": "Feature", "properties": {"pocket_id": "NS-0476", "city": "Mumbai", "ward": "L Ward"}, "geometry": {"type": "Polygon", "coordinates": [[[72.88071328386368, 19.078799635241687], [72.88343801560117, 19.078799635241687], [72.88343801560117, 19.081374677241683], [72.88071328386368, 19.081374677241683], [72.88071328386368, 19.078799635241687]]]}}, {"type": "Feature", "properties": {"pocket_id": "NS-0477", "city": "Thane", "ward": "Thane East"}, "geometry": {"type": "Polygon", "coordinates": [[[NaN, NaN], [NaN, NaN], [NaN, NaN], [NaN, NaN], [NaN, NaN]]]}}, {"type": "Feature", "properties": {"pocket_id": "NS-0478", "city": "Kalyan", "ward": "Kalyan West"}, "geometry": {"type": "Polygon", "coordinates": [[[73.14516064952248, 19.211332593836538], [73.14832775043963, 19.211332593836538], [73.14832775043963, 19.214323295836536], [73.14516064952248, 19.214323295836536], [73.14516064952248, 19.211332593836538]]]}}, {"type": "Feature", "properties": {"pocket_id": "NS-0479", "city": "Mumbai", "ward": "L Ward"}, "geometry": {"type": "Polygon", "coordinates": [[[72.86757437557407, 19.039055582402458], [72.87087772175923, 19.039055582402458], [72.87087772175923, 19.042178194402457], [72.86757437557407, 19.042178194402457], [72.86757437557407, 19.039055582402458]]]}}, {"type": "Feature", "properties": {"pocket_id": "NS-0480", "city": "Mumbai", "ward": "L Ward"}, "geometry": {"type": "Polygon", "coordinates": [[[72.89108505407992, 19.076598734959198], [72.89378674386154, 19.076598734959198], [72.89378674386154, 19.0791520349592], [72.89108505407992, 19.0791520349592], [72.89108505407992, 19.076598734959198]]]}}, {"type": "Feature", "properties": {"pocket_id": "NS-0481", "city": "Thane", "ward": "Thane West"}, "geometry": {"type": "Polygon", "coordinates": [[[72.95427642258967, 19.196720382440294], [72.95750373489288, 19.196720382440294], [72.95750373489288, 19.199768212440294], [72.95427642258967, 19.199768212440294], [72.95427642258967, 19.196720382440294]]]}}, {"type": "Feature", "properties": {"pocket_id": "NS-0482", "city": "Thane", "ward": "Thane West"}, "geometry": {"type": "Polygon", "coordinates": [[[72.9922038840597, 19.240142799848126], [72.99495415498083, 19.240142799848126], [72.99495415498083, 19.242739435848126], [72.9922038840597, 19.242739435848126], [72.9922038840597, 19.240142799848126]]]}}, {"type": "Feature", "properties": {"pocket_id": "NS-0483", "city": "Thane", "ward": "Thane West"}, "geometry": {"type": "Polygon", "coordinates": [[[72.96216495764557, 19.21125876673256], [72.9648522392971, 19.21125876673256], [72.9648522392971, 19.213796378732557], [72.96216495764557, 19.213796378732557], [72.96216495764557, 19.21125876673256]]]}}, {"type": "Feature", "properties": {"pocket_id": "NS-0484", "city": "Mumbai", "ward": "M Ward"}, "geometry": {"type": "Polygon", "coordinates": [[[72.89588223873007, 19.017095748150517], [72.89909288505224, 19.017095748150517], [72.89909288505224, 19.020131134150517], [72.89588223873007, 19.020131134150517], [72.89588223873007, 19.017095748150517]]]}}, {"type": "Feature", "properties": {"pocket_id": "NS-0485", "city": "Mumbai", "ward": "M Ward"}, "geometry": {"type": "Polygon", "coordinates": [[[72.86683669303571, 19.013281227618833], [72.87003855215465, 19.013281227618833], [72.87003855215465, 19.016308375618834], [72.86683669303571, 19.016308375618834], [72.86683669303571, 19.013281227618833]]]}}, {"type": "Feature", "properties": {"pocket_id": "NS-0486", "city": "Mumbai", "ward": "M Ward"}, "geometry": {"type": "Polygon", "coordinates": [[[72.85662084402209, 19.02587236347183], [72.85930749948356, 19.02587236347183], [72.85930749948356, 19.02841223147183], [72.85662084402209, 19.02841223147183], [72.85662084402209, 19.02587236347183]]]}}, {"type": "Feature", "properties": {"pocket_id": "NS-0487", "city": "Mumbai", "ward": "L Ward"}, "geometry": {"type": "Polygon", "coordinates": [[[NaN, NaN], [NaN, NaN], [NaN, NaN], [NaN, NaN], [NaN, NaN]]]}}, {"type": "Feature", "properties": {"pocket_id": "NS-0488", "city": "Mumbai", "ward": "M Ward"}, "geometry": {"type": "Polygon", "coordinates": [[[72.92945918030308, 18.997730807530232], [72.93242655658234, 18.997730807530232], [72.93242655658234, 19.00053653153023], [72.92945918030308, 19.00053653153023], [72.92945918030308, 18.997730807530232]]]}}, {"type": "Feature", "properties": {"pocket_id": "NS-0489", "city": "Thane", "ward": "Thane West"}, "geometry": {"type": "Polygon", "coordinates": [[[NaN, NaN], [NaN, NaN], [NaN, NaN], [NaN, NaN], [NaN, NaN]]]}}, {"type": "Feature", "properties": {"pocket_id": "NS-0490", "city": "Ambarnath", "ward": "Ambarnath"}, "geometry": {"type": "Polygon", "coordinates": [[[73.19849172437678, 19.164300381430333], [73.20130718772076, 19.164300381430333], [73.20130718772076, 19.166959793430333], [73.19849172437678, 19.166959793430333], [73.19849172437678, 19.164300381430333]]]}}, {"type": "Feature", "properties": {"pocket_id": "NS-0491", "city": "Thane", "ward": "Thane West"}, "geometry": {"type": "Polygon", "coordinates": [[[73.0123840874309, 19.2135534439621], [73.01505889975995, 19.2135534439621], [73.01505889975995, 19.2160792459621], [73.0123840874309, 19.2160792459621], [73.0123840874309, 19.2135534439621]]]}}, {"type": "Feature", "properties": {"pocket_id": "NS-0492", "city": "Kalyan", "ward": "Kalyan East"}, "geometry": {"type": "Polygon", "coordinates": [[[73.14641008653456, 19.219061961823577], [73.14918332241263, 19.219061961823577], [73.14918332241263, 19.22168061582358], [73.14641008653456, 19.22168061582358], [73.14641008653456, 19.219061961823577]]]}}, {"type": "Feature", "properties": {"pocket_id": "NS-0493", "city": "Mumbai", "ward": "S Ward"}, "geometry": {"type": "Polygon", "coordinates": [[[72.94411742499966, 19.136028043059685], [72.94712840322188, 19.136028043059685], [72.94712840322188, 19.138872619059686], [72.94411742499966, 19.138872619059686], [72.94411742499966, 19.136028043059685]]]}}, {"type": "Feature", "properties": {"pocket_id": "NS-0494", "city": "Mumbai", "ward": "M Ward"}, "geometry": {"type": "Polygon", "coordinates": [[[72.88541192147964, 19.021802510498347], [72.88821884160559, 19.021802510498347], [72.88821884160559, 19.024456136498344], [72.88541192147964, 19.024456136498344], [72.88541192147964, 19.021802510498347]]]}}, {"type": "Feature", "properties": {"pocket_id": "NS-0495", "city": "Mumbai", "ward": "M Ward"}, "geometry": {"type": "Polygon", "coordinates": [[[NaN, NaN], [NaN, NaN], [NaN, NaN], [NaN, NaN], [NaN, NaN]]]}}, {"type": "Feature", "properties": {"pocket_id": "NS-0496", "city": "Thane", "ward": "Thane West"}, "geometry": {"type": "Polygon", "coordinates": [[[72.97190726093072, 19.20058436136765], [72.97521275310561, 19.20058436136765], [72.97521275310561, 19.20370594936765], [72.97190726093072, 19.20370594936765], [72.97190726093072, 19.20058436136765]]]}}, {"type": "Feature", "properties": {"pocket_id": "NS-0497", "city": "Mumbai", "ward": "L Ward"}, "geometry": {"type": "Polygon", "coordinates": [[[NaN, NaN], [NaN, NaN], [NaN, NaN], [NaN, NaN], [NaN, NaN]]]}}, {"type": "Feature", "properties": {"pocket_id": "NS-0498", "city": "Mumbai", "ward": "L Ward"}, "geometry": {"type": "Polygon", "coordinates": [[[72.86287051316643, 19.05960480400936], [72.86567425734742, 19.05960480400936], [72.86567425734742, 19.062254824009358], [72.86287051316643, 19.062254824009358], [72.86287051316643, 19.05960480400936]]]}}, {"type": "Feature", "properties": {"pocket_id": "NS-0499", "city": "Kalyan", "ward": "Kalyan West"}, "geometry": {"type": "Polygon", "coordinates": [[[73.14964968057603, 19.23735888814197], [73.15255592303754, 19.23735888814197], [73.15255592303754, 19.24010282814197], [73.14964968057603, 19.24010282814197], [73.14964968057603, 19.23735888814197]]]}}, {"type": "Feature", "properties": {"pocket_id": "NS-0500", "city": "Thane", "ward": "Thane East"}, "geometry": {"type": "Polygon", "coordinates": [[[73.03456477375248, 19.213020918648837], [73.037337969131, 19.213020918648837], [73.037337969131, 19.215639630648838], [73.03456477375248, 19.215639630648838], [73.03456477375248, 19.213020918648837]]]}}, {"type": "Feature", "properties": {"pocket_id": "NS-0501", "city": "Mumbai", "ward": "M Ward"}, "geometry": {"type": "Polygon", "coordinates": [[[72.86062822371413, 19.028234188770867], [72.86337002327052, 19.028234188770867], [72.86337002327052, 19.030826150770864], [72.86062822371413, 19.030826150770864], [72.86062822371413, 19.028234188770867]]]}}, {"type": "Feature", "properties": {"pocket_id": "NS-0502", "city": "Mumbai", "ward": "S Ward"}, "geometry": {"type": "Polygon", "coordinates": [[[72.93393685422642, 19.15589290986195], [72.93667648809365, 19.15589290986195], [72.93667648809365, 19.158480827861954], [72.93393685422642, 19.158480827861954], [72.93393685422642, 19.15589290986195]]]}}, {"type": "Feature", "properties": {"pocket_id": "NS-0503", "city": "Mumbai", "ward": "L Ward"}, "geometry": {"type": "Polygon", "coordinates": [[[72.89215221868004, 19.073657524097023], [72.89519962667954, 19.073657524097023], [72.89519962667954, 19.07653760209702], [72.89215221868004, 19.07653760209702], [72.89215221868004, 19.073657524097023]]]}}, {"type": "Feature", "properties": {"pocket_id": "NS-0504", "city": "Thane", "ward": "Thane West"}, "geometry": {"type": "Polygon", "coordinates": [[[72.99343398724807, 19.22042503363374], [72.99657588639354, 19.22042503363374], [72.99657588639354, 19.22339177363374], [72.99343398724807, 19.22339177363374], [72.99343398724807, 19.22042503363374]]]}}, {"type": "Feature", "properties": {"pocket_id": "NS-0505", "city": "Thane", "ward": "Thane East"}, "geometry": {"type": "Polygon", "coordinates": [[[NaN, NaN], [NaN, NaN], [NaN, NaN], [NaN, NaN], [NaN, NaN]]]}}, {"type": "Feature", "properties": {"pocket_id": "NS-0506", "city": "Mumbai", "ward": "M Ward"}, "geometry": {"type": "Polygon", "coordinates": [[[NaN, NaN], [NaN, NaN], [NaN, NaN], [NaN, NaN], [NaN, NaN]]]}}, {"type": "Feature", "properties": {"pocket_id": "NS-0507", "city": "Mumbai", "ward": "L Ward"}, "geometry": {"type": "Polygon", "coordinates": [[[72.87161257676118, 19.033495372233084], [72.8745280459099, 19.033495372233084], [72.8745280459099, 19.036251424233086], [72.87161257676118, 19.036251424233086], [72.87161257676118, 19.033495372233084]]]}}, {"type": "Feature", "properties": {"pocket_id": "NS-0508", "city": "Mumbai", "ward": "M Ward"}, "geometry": {"type": "Polygon", "coordinates": [[[72.86564235229596, 18.98111111073042], [72.86866188529274, 18.98111111073042], [72.86866188529274, 18.983966434730423], [72.86564235229596, 18.983966434730423], [72.86564235229596, 18.98111111073042]]]}}, {"type": "Feature", "properties": {"pocket_id": "NS-0509", "city": "Mumbai", "ward": "M Ward"}, "geometry": {"type": "Polygon", "coordinates": [[[72.88639319630406, 18.987705134180146], [72.88927060912272, 18.987705134180146], [72.88927060912272, 18.990425960180147], [72.88639319630406, 18.990425960180147], [72.88639319630406, 18.987705134180146]]]}}, {"type": "Feature", "properties": {"pocket_id": "NS-0510", "city": "Kalyan", "ward": "Kalyan West"}, "geometry": {"type": "Polygon", "coordinates": [[[NaN, NaN], [NaN, NaN], [NaN, NaN], [NaN, NaN], [NaN, NaN]]]}}, {"type": "Feature", "properties": {"pocket_id": "NS-0511", "city": "Thane", "ward": "Thane West"}, "geometry": {"type": "Polygon", "coordinates": [[[72.95949574311396, 19.26121480432636], [72.96230509131672, 19.26121480432636], [72.96230509131672, 19.263866876326357], [72.95949574311396, 19.263866876326357], [72.95949574311396, 19.26121480432636]]]}}, {"type": "Feature", "properties": {"pocket_id": "NS-0512", "city": "Mumbai", "ward": "L Ward"}, "geometry": {"type": "Polygon", "coordinates": [[[NaN, NaN], [NaN, NaN], [NaN, NaN], [NaN, NaN], [NaN, NaN]]]}}, {"type": "Feature", "properties": {"pocket_id": "NS-0513", "city": "Kalyan", "ward": "Kalyan West"}, "geometry": {"type": "Polygon", "coordinates": [[[73.11537917348922, 19.273800790131194], [73.11820953332322, 19.273800790131194], [73.11820953332322, 19.276472492131195], [73.11537917348922, 19.276472492131195], [73.11537917348922, 19.273800790131194]]]}}, {"type": "Feature", "properties": {"pocket_id": "NS-0514", "city": "Kalyan", "ward": "Kalyan West"}, "geometry": {"type": "Polygon", "coordinates": [[[NaN, NaN], [NaN, NaN], [NaN, NaN], [NaN, NaN], [NaN, NaN]]]}}, {"type": "Feature", "properties": {"pocket_id": "NS-0515", "city": "Mumbai", "ward": "L Ward"}, "geometry": {"type": "Polygon", "coordinates": [[[NaN, 19.03234628014498], [NaN, 19.03234628014498], [NaN, 19.03522956014498], [NaN, 19.03522956014498], [NaN, 19.03234628014498]]]}}, {"type": "Feature", "properties": {"pocket_id": "NS-0516", "city": "Mumbai", "ward": "M Ward"}, "geometry": {"type": "Polygon", "coordinates": [[[72.86138062090316, 19.03275899569014], [72.86424936896927, 19.03275899569014], [72.86424936896927, 19.035470893690142], [72.86138062090316, 19.035470893690142], [72.86138062090316, 19.03275899569014]]]}}, {"type": "Feature", "properties": {"pocket_id": "NS-0517", "city": "Mumbai", "ward": "M Ward"}, "geometry": {"type": "Polygon", "coordinates": [[[NaN, 19.000985125524192], [NaN, 19.000985125524192], [NaN, 19.00385063352419], [NaN, 19.00385063352419], [NaN, 19.000985125524192]]]}}, {"type": "Feature", "properties": {"pocket_id": "NS-0518", "city": "Mumbai", "ward": "M Ward"}, "geometry": {"type": "Polygon", "coordinates": [[[72.89781085646068, 19.012148986950173], [72.90049650950779, 19.012148986950173], [72.90049650950779, 19.014688116950175], [72.89781085646068, 19.014688116950175], [72.89781085646068, 19.012148986950173]]]}}, {"type": "Feature", "properties": {"pocket_id": "NS-0519", "city": "Mumbai", "ward": "L Ward"}, "geometry": {"type": "Polygon", "coordinates": [[[72.8944913569942, 19.06867239010401], [72.89711281921575, 19.06867239010401], [72.89711281921575, 19.071149988104008], [72.8944913569942, 19.071149988104008], [72.8944913569942, 19.06867239010401]]]}}, {"type": "Feature", "properties": {"pocket_id": "NS-0520", "city": "Mumbai", "ward": "M Ward"}, "geometry": {"type": "Polygon", "coordinates": [[[72.90798715065176, 19.00721451182356], [72.91156500008427, 19.00721451182356], [72.91156500008427, 19.01059725382356], [72.90798715065176, 19.01059725382356], [72.90798715065176, 19.00721451182356]]]}}, {"type": "Feature", "properties": {"pocket_id": "NS-0521", "city": "Kalyan", "ward": "Kalyan West"}, "geometry": {"type": "Polygon", "coordinates": [[[73.11319639444574, 19.239340039945212], [73.11639109508943, 19.239340039945212], [73.11639109508943, 19.242356289945214], [73.11319639444574, 19.242356289945214], [73.11319639444574, 19.239340039945212]]]}}, {"type": "Feature", "properties": {"pocket_id": "NS-0522", "city": "Mumbai", "ward": "M Ward"}, "geometry": {"type": "Polygon", "coordinates": [[[NaN, NaN], [NaN, NaN], [NaN, NaN], [NaN, NaN], [NaN, NaN]]]}}, {"type": "Feature", "properties": {"pocket_id": "NS-0523", "city": "Mumbai", "ward": "M Ward"}, "geometry": {"type": "Polygon", "coordinates": [[[72.90689670977594, 19.021133548685132], [72.90984983025382, 19.021133548685132], [72.90984983025382, 19.023925400685133], [72.90689670977594, 19.023925400685133], [72.90689670977594, 19.021133548685132]]]}}, {"type": "Feature", "properties": {"pocket_id": "NS-0524", "city": "Thane", "ward": "Thane East"}, "geometry": {"type": "Polygon", "coordinates": [[[73.00220486886047, 19.189004457963048], [73.00481182727555, 19.189004457963048], [73.00481182727555, 19.19146655396305], [73.00220486886047, 19.19146655396305], [73.00220486886047, 19.189004457963048]]]}}, {"type": "Feature", "properties": {"pocket_id": "NS-0525", "city": "Thane", "ward": "Thane East"}, "geometry": {"type": "Polygon", "coordinates": [[[72.9973565891056, 19.1993466182496], [73.00004616669253, 19.1993466182496], [73.00004616669253, 19.2018865822496], [72.9973565891056, 19.2018865822496], [72.9973565891056, 19.1993466182496]]]}}, {"type": "Feature", "properties": {"pocket_id": "NS-0526", "city": "Kalyan", "ward": "Kalyan West"}, "geometry": {"type": "Polygon", "coordinates": [[[73.15176969829072, 19.220746320138], [73.15458433545867, 19.220746320138], [73.15458433545867, 19.223404040138004], [73.15176969829072, 19.223404040138004], [73.15176969829072, 19.220746320138]]]}}, {"type": "Feature", "properties": {"pocket_id": "NS-0527", "city": "Kalyan", "ward": "Kalyan West"}, "geometry": {"type": "Polygon", "coordinates": [[[NaN, NaN], [NaN, NaN], [NaN, NaN], [NaN, NaN], [NaN, NaN]]]}}, {"type": "Feature", "properties": {"pocket_id": "NS-0528", "city": "Mumbai", "ward": "M Ward"}, "geometry": {"type": "Polygon", "coordinates": [[[72.87341673326497, 19.023223486681992], [72.87652320013052, 19.023223486681992], [72.87652320013052, 19.02616027268199], [72.87341673326497, 19.02616027268199], [72.87341673326497, 19.023223486681992]]]}}, {"type": "Feature", "properties": {"pocket_id": "NS-0529", "city": "Mumbai", "ward": "S Ward"}, "geometry": {"type": "Polygon", "coordinates": [[[72.92647937853684, 19.1174981717343], [72.92926458879614, 19.1174981717343], [72.92926458879614, 19.1201297537343], [72.92647937853684, 19.1201297537343], [72.92647937853684, 19.1174981717343]]]}}, {"type": "Feature", "properties": {"pocket_id": "NS-0530", "city": "Mumbai", "ward": "M Ward"}, "geometry": {"type": "Polygon", "coordinates": [[[72.90906248556799, 18.98600505905656], [72.91222821633782, 18.98600505905656], [72.91222821633782, 18.98899854105656], [72.90906248556799, 18.98899854105656], [72.90906248556799, 18.98600505905656]]]}}, {"type": "Feature", "properties": {"pocket_id": "NS-0531", "city": "Mumbai", "ward": "M Ward"}, "geometry": {"type": "Polygon", "coordinates": [[[72.9209828867459, 19.00714748619895], [72.9237436602461, 19.00714748619895], [72.9237436602461, 19.00975771619895], [72.9209828867459, 19.00975771619895], [72.9209828867459, 19.00714748619895]]]}}, {"type": "Feature", "properties": {"pocket_id": "NS-0532", "city": "Thane", "ward": "Thane East"}, "geometry": {"type": "Polygon", "coordinates": [[[73.03271779854268, 19.199463442532608], [73.03544631638329, 19.199463442532608], [73.03544631638329, 19.20204017853261], [73.03271779854268, 19.20204017853261], [73.03271779854268, 19.199463442532608]]]}}, {"type": "Feature", "properties": {"pocket_id": "NS-0533", "city": "Thane", "ward": "Thane East"}, "geometry": {"type": "Polygon", "coordinates": [[[72.99955535732124, 19.186300988531144], [73.00245291074651, 19.186300988531144], [73.00245291074651, 19.18903757453114], [72.99955535732124, 19.18903757453114], [72.99955535732124, 19.186300988531144]]]}}, {"type": "Feature", "properties": {"pocket_id": "NS-0534", "city": "Mumbai", "ward": "M Ward"}, "geometry": {"type": "Polygon", "coordinates": [[[72.90700423518024, 19.03087140376333], [72.91011380911317, 19.03087140376333], [72.91011380911317, 19.03381099176333], [72.90700423518024, 19.03381099176333], [72.90700423518024, 19.03087140376333]]]}}, {"type": "Feature", "properties": {"pocket_id": "NS-0535", "city": "Mumbai", "ward": "M Ward"}, "geometry": {"type": "Polygon", "coordinates": [[[72.90584212532383, 19.01555132283912], [72.90934545648838, 19.01555132283912], [72.90934545648838, 19.018863444839116], [72.90584212532383, 19.018863444839116], [72.90584212532383, 19.01555132283912]]]}}, {"type": "Feature", "properties": {"pocket_id": "NS-0536", "city": "Thane", "ward": "Thane East"}, "geometry": {"type": "Polygon", "coordinates": [[[72.99069348304576, 19.168734900059146], [72.99367617228603, 19.168734900059146], [72.99367617228603, 19.17155219205915], [72.99069348304576, 19.17155219205915], [72.99069348304576, 19.168734900059146]]]}}, {"type": "Feature", "properties": {"pocket_id": "NS-0537", "city": "Ambarnath", "ward": "Ambarnath"}, "geometry": {"type": "Polygon", "coordinates": [[[73.18901689355116, 19.18119333506017], [73.192303643121, 19.18119333506017], [73.192303643121, 19.18429758906017], [73.18901689355116, 19.18429758906017], [73.18901689355116, 19.18119333506017]]]}}, {"type": "Feature", "properties": {"pocket_id": "NS-0538", "city": "Mumbai", "ward": "L Ward"}, "geometry": {"type": "Polygon", "coordinates": [[[72.90622077013806, 19.06861337495663], [72.90898888682834, 19.06861337495663], [72.90898888682834, 19.07122957895663], [72.90622077013806, 19.07122957895663], [72.90622077013806, 19.06861337495663]]]}}, {"type": "Feature", "properties": {"pocket_id": "NS-0539", "city": "Ulhasnagar", "ward": "Ulhasnagar"}, "geometry": {"type": "Polygon", "coordinates": [[[73.15018804284738, 19.230082581418657], [73.15310166563056, 19.230082581418657], [73.15310166563056, 19.232833611418656], [73.15018804284738, 19.232833611418656], [73.15018804284738, 19.230082581418657]]]}}, {"type": "Feature", "properties": {"pocket_id": "NS-0540", "city": "Mumbai", "ward": "M Ward"}, "geometry": {"type": "Polygon", "coordinates": [[[NaN, 18.964156745884893], [NaN, 18.964156745884893], [NaN, 18.96728982588489], [NaN, 18.96728982588489], [NaN, 18.964156745884893]]]}}, {"type": "Feature", "properties": {"pocket_id": "NS-0541", "city": "Kalyan", "ward": "Kalyan West"}, "geometry": {"type": "Polygon", "coordinates": [[[73.11766722207012, 19.199452730681955], [73.12062761851978, 19.199452730681955], [73.12062761851978, 19.202248444681956], [73.11766722207012, 19.202248444681956], [73.11766722207012, 19.199452730681955]]]}}, {"type": "Feature", "properties": {"pocket_id": "NS-0542", "city": "Mumbai", "ward": "L Ward"}, "geometry": {"type": "Polygon", "coordinates": [[[72.88007796705634, 19.033740977848602], [72.88349295725965, 19.033740977848602], [72.88349295725965, 19.0369692278486], [72.88007796705634, 19.0369692278486], [72.88007796705634, 19.033740977848602]]]}}, {"type": "Feature", "properties": {"pocket_id": "NS-0543", "city": "Kalyan", "ward": "Kalyan West"}, "geometry": {"type": "Polygon", "coordinates": [[[73.13399258546472, 19.23404649718822], [73.13762316960707, 19.23404649718822], [73.13762316960707, 19.23747438918822], [73.13399258546472, 19.23747438918822], [73.13399258546472, 19.23404649718822]]]}}, {"type": "Feature", "properties": {"pocket_id": "NS-0544", "city": "Ulhasnagar", "ward": "Ulhasnagar"}, "geometry": {"type": "Polygon", "coordinates": [[[73.15133796595448, 19.22222971546252], [73.15433358599715, 19.22222971546252], [73.15433358599715, 19.22505830146252], [73.15133796595448, 19.22505830146252], [73.15133796595448, 19.22222971546252]]]}}, {"type": "Feature", "properties": {"pocket_id": "NS-0545", "city": "Thane", "ward": "Thane West"}, "geometry": {"type": "Polygon", "coordinates": [[[73.02638998896711, 19.248556081059373], [73.02916798534673, 19.248556081059373], [73.02916798534673, 19.251178759059375], [73.02638998896711, 19.251178759059375], [73.02638998896711, 19.248556081059373]]]}}, {"type": "Feature", "properties": {"pocket_id": "NS-0546", "city": "Thane", "ward": "Thane West"}, "geometry": {"type": "Polygon", "coordinates": [[[72.96871195109117, 19.225873069558283], [72.97150654926111, 19.225873069558283], [72.97150654926111, 19.228511785558283], [72.96871195109117, 19.228511785558283], [72.96871195109117, 19.225873069558283]]]}}, {"type": "Feature", "properties": {"pocket_id": "NS-0547", "city": "Kalyan", "ward": "Kalyan West"}, "geometry": {"type": "Polygon", "coordinates": [[[NaN, 19.22581029472667], [NaN, 19.22581029472667], [NaN, 19.22869631672667], [NaN, 19.22869631672667], [NaN, 19.22581029472667]]]}}, {"type": "Feature", "properties": {"pocket_id": "NS-0548", "city": "Ulhasnagar", "ward": "Ulhasnagar"}, "geometry": {"type": "Polygon", "coordinates": [[[73.14983311332153, 19.210512766131185], [73.15264593171824, 19.210512766131185], [73.15264593171824, 19.213168934131186], [73.14983311332153, 19.213168934131186], [73.14983311332153, 19.210512766131185]]]}}, {"type": "Feature", "properties": {"pocket_id": "NS-0549", "city": "Thane", "ward": "Thane West"}, "geometry": {"type": "Polygon", "coordinates": [[[72.97462537490503, 19.228916620804366], [72.97736083582637, 19.228916620804366], [72.97736083582637, 19.231499450804368], [72.97462537490503, 19.231499450804368], [72.97462537490503, 19.228916620804366]]]}}, {"type": "Feature", "properties": {"pocket_id": "NS-0550", "city": "Mumbai", "ward": "M Ward"}, "geometry": {"type": "Polygon", "coordinates": [[[72.88491096958705, 19.021332677595954], [72.8879302320012, 19.021332677595954], [72.8879302320012, 19.024187055595956], [72.88491096958705, 19.024187055595956], [72.88491096958705, 19.021332677595954]]]}}, {"type": "Feature", "properties": {"pocket_id": "NS-0551", "city": "Mumbai", "ward": "S Ward"}, "geometry": {"type": "Polygon", "coordinates": [[[72.9212467928186, 19.159096937662323], [72.92418687891218, 19.159096937662323], [72.92418687891218, 19.16187415166232], [72.9212467928186, 19.16187415166232], [72.9212467928186, 19.159096937662323]]]}}, {"type": "Feature", "properties": {"pocket_id": "NS-0552", "city": "Kalyan", "ward": "Kalyan East"}, "geometry": {"type": "Polygon", "coordinates": [[[73.1437262708351, 19.183214725358134], [73.14705915295174, 19.183214725358134], [73.14705915295174, 19.186362511358134], [73.1437262708351, 19.186362511358134], [73.1437262708351, 19.183214725358134]]]}}, {"type": "Feature", "properties": {"pocket_id": "NS-0553", "city": "Mumbai", "ward": "S Ward"}, "geometry": {"type": "Polygon", "coordinates": [[[72.96371781474845, 19.13483006293547], [72.96674739860048, 19.13483006293547], [72.96674739860048, 19.13769223693547], [72.96371781474845, 19.13769223693547], [72.96371781474845, 19.13483006293547]]]}}, {"type": "Feature", "properties": {"pocket_id": "NS-0554", "city": "Mumbai", "ward": "L Ward"}, "geometry": {"type": "Polygon", "coordinates": [[[72.90348369805028, 19.0404420938012], [72.90628805783786, 19.0404420938012], [72.90628805783786, 19.0430930018012], [72.90348369805028, 19.0430930018012], [72.90348369805028, 19.0404420938012]]]}}, {"type": "Feature", "properties": {"pocket_id": "NS-0555", "city": "Mumbai", "ward": "L Ward"}, "geometry": {"type": "Polygon", "coordinates": [[[72.88189791572734, 19.048914515451774], [72.88467936808834, 19.048914515451774], [72.88467936808834, 19.051543635451775], [72.88189791572734, 19.051543635451775], [72.88189791572734, 19.048914515451774]]]}}, {"type": "Feature", "properties": {"pocket_id": "NS-0556", "city": "Mumbai", "ward": "S Ward"}, "geometry": {"type": "Polygon", "coordinates": [[[72.93489681436857, 19.13608190014905], [72.93756219755419, 19.13608190014905], [72.93756219755419, 19.138599982149053], [72.93489681436857, 19.138599982149053], [72.93489681436857, 19.13608190014905]]]}}, {"type": "Feature", "properties": {"pocket_id": "NS-0557", "city": "Ulhasnagar", "ward": "Ulhasnagar"}, "geometry": {"type": "Polygon", "coordinates": [[[NaN, 19.230287449847186], [NaN, 19.230287449847186], [NaN, 19.233211637847187], [NaN, 19.233211637847187], [NaN, 19.230287449847186]]]}}, {"type": "Feature", "properties": {"pocket_id": "NS-0558", "city": "Kalyan", "ward": "Kalyan West"}, "geometry": {"type": "Polygon", "coordinates": [[[NaN, NaN], [NaN, NaN], [NaN, NaN], [NaN, NaN], [NaN, NaN]]]}}, {"type": "Feature", "properties": {"pocket_id": "NS-0559", "city": "Kalyan", "ward": "Kalyan East"}, "geometry": {"type": "Polygon", "coordinates": [[[73.14046920032081, 19.22176706545099], [73.14314092467629, 19.22176706545099], [73.14314092467629, 19.224289825450988], [73.14046920032081, 19.224289825450988], [73.14046920032081, 19.22176706545099]]]}}, {"type": "Feature", "properties": {"pocket_id": "NS-0560", "city": "Thane", "ward": "Thane West"}, "geometry": {"type": "Polygon", "coordinates": [[[72.98252231964653, 19.200760214110694], [72.98542166097073, 19.200760214110694], [72.98542166097073, 19.20349824811069], [72.98252231964653, 19.20349824811069], [72.98252231964653, 19.200760214110694]]]}}, {"type": "Feature", "properties": {"pocket_id": "NS-0561", "city": "Mumbai", "ward": "M Ward"}, "geometry": {"type": "Polygon", "coordinates": [[[72.8874641559216, 18.99766252341892], [72.89032468352809, 18.99766252341892], [72.89032468352809, 19.000367221418923], [72.8874641559216, 19.000367221418923], [72.8874641559216, 18.99766252341892]]]}}, {"type": "Feature", "properties": {"pocket_id": "NS-0562", "city": "Mumbai", "ward": "M Ward"}, "geometry": {"type": "Polygon", "coordinates": [[[72.87398105432534, 19.024386186178155], [72.87666016485467, 19.024386186178155], [72.87666016485467, 19.026918944178156], [72.87398105432534, 19.026918944178156], [72.87398105432534, 19.024386186178155]]]}}, {"type": "Feature", "properties": {"pocket_id": "NS-0563", "city": "Ulhasnagar", "ward": "Ulhasnagar"}, "geometry": {"type": "Polygon", "coordinates": [[[73.15999644077054, 19.191992819938633], [73.1633608113472, 19.191992819938633], [73.1633608113472, 19.195170175938635], [73.15999644077054, 19.195170175938635], [73.15999644077054, 19.191992819938633]]]}}, {"type": "Feature", "properties": {"pocket_id": "NS-0564", "city": "Mumbai", "ward": "M Ward"}, "geometry": {"type": "Polygon", "coordinates": [[[72.8966557681942, 19.007439495581337], [72.89942962586954, 19.007439495581337], [72.89942962586954, 19.01006209158134], [72.8966557681942, 19.01006209158134], [72.8966557681942, 19.007439495581337]]]}}, {"type": "Feature", "properties": {"pocket_id": "NS-0565", "city": "Mumbai", "ward": "S Ward"}, "geometry": {"type": "Polygon", "coordinates": [[[72.93824630473647, 19.19986545748129], [72.94290552258441, 19.19986545748129], [72.94290552258441, 19.204265457481288], [72.93824630473647, 19.204265457481288], [72.93824630473647, 19.19986545748129]]]}}, {"type": "Feature", "properties": {"pocket_id": "NS-0566", "city": "Mumbai", "ward": "S Ward"}, "geometry": {"type": "Polygon", "coordinates": [[[72.90407702644117, 19.170625172023495], [72.90692213210801, 19.170625172023495], [72.90692213210801, 19.173312480023494], [72.90407702644117, 19.173312480023494], [72.90407702644117, 19.170625172023495]]]}}, {"type": "Feature", "properties": {"pocket_id": "NS-0567", "city": "Mumbai", "ward": "M Ward"}, "geometry": {"type": "Polygon", "coordinates": [[[72.88064401851993, 18.99186193473403], [72.88348108435697, 18.99186193473403], [72.88348108435697, 18.99454454273403], [72.88064401851993, 18.99454454273403], [72.88064401851993, 18.99186193473403]]]}}, {"type": "Feature", "properties": {"pocket_id": "NS-0568", "city": "Mumbai", "ward": "M Ward"}, "geometry": {"type": "Polygon", "coordinates": [[[72.85411201819002, 19.014994780510953], [72.85689492070617, 19.014994780510953], [72.85689492070617, 19.017625808510957], [72.85411201819002, 19.017625808510957], [72.85411201819002, 19.014994780510953]]]}}, {"type": "Feature", "properties": {"pocket_id": "NS-0569", "city": "Thane", "ward": "Thane West"}, "geometry": {"type": "Polygon", "coordinates": [[[72.96301505070976, 19.223479514438502], [72.96653147258654, 19.223479514438502], [72.96653147258654, 19.226799832438502], [72.96301505070976, 19.226799832438502], [72.96301505070976, 19.223479514438502]]]}}, {"type": "Feature", "properties": {"pocket_id": "NS-0570", "city": "Mumbai", "ward": "S Ward"}, "geometry": {"type": "Polygon", "coordinates": [[[72.92872591663796, 19.132970343659295], [72.93146213638728, 19.132970343659295], [72.93146213638728, 19.135555395659296], [72.92872591663796, 19.135555395659296], [72.92872591663796, 19.132970343659295]]]}}, {"type": "Feature", "properties": {"pocket_id": "NS-0571", "city": "Mumbai", "ward": "M Ward"}, "geometry": {"type": "Polygon", "coordinates": [[[72.8987753751033, 18.99579252633518], [72.90144852754617, 18.99579252633518], [72.90144852754617, 18.998320086335177], [72.8987753751033, 18.998320086335177], [72.8987753751033, 18.99579252633518]]]}}, {"type": "Feature", "properties": {"pocket_id": "NS-0572", "city": "Mumbai", "ward": "M Ward"}, "geometry": {"type": "Polygon", "coordinates": [[[72.89790040369317, 18.985412820548262], [72.90102552820872, 18.985412820548262], [72.90102552820872, 18.988367916548263], [72.89790040369317, 18.988367916548263], [72.89790040369317, 18.985412820548262]]]}}, {"type": "Feature", "properties": {"pocket_id": "NS-0573", "city": "Mumbai", "ward": "M Ward"}, "geometry": {"type": "Polygon", "coordinates": [[[72.88346107689827, 19.01151673045743], [72.8863204888892, 19.01151673045743], [72.8863204888892, 19.014220148457433], [72.88346107689827, 19.014220148457433], [72.88346107689827, 19.01151673045743]]]}}, {"type": "Feature", "properties": {"pocket_id": "NS-0574", "city": "Mumbai", "ward": "L Ward"}, "geometry": {"type": "Polygon", "coordinates": [[[72.89297383658452, 19.082085656879457], [72.89581235559196, 19.082085656879457], [72.89581235559196, 19.084768180879458], [72.89297383658452, 19.084768180879458], [72.89297383658452, 19.082085656879457]]]}}, {"type": "Feature", "properties": {"pocket_id": "NS-0575", "city": "Mumbai", "ward": "M Ward"}, "geometry": {"type": "Polygon", "coordinates": [[[72.86710615538674, 18.98832284015061], [72.87009892105341, 18.98832284015061], [72.87009892105341, 18.99115273015061], [72.86710615538674, 18.99115273015061], [72.86710615538674, 18.98832284015061]]]}}, {"type": "Feature", "properties": {"pocket_id": "NS-0576", "city": "Mumbai", "ward": "S Ward"}, "geometry": {"type": "Polygon", "coordinates": [[[72.95230360549469, 19.133839060865146], [72.9554596907946, 19.133839060865146], [72.9554596907946, 19.136820762865145], [72.95230360549469, 19.136820762865145], [72.95230360549469, 19.133839060865146]]]}}, {"type": "Feature", "properties": {"pocket_id": "NS-0577", "city": "Ambarnath", "ward": "Ambarnath"}, "geometry": {"type": "Polygon", "coordinates": [[[73.1692528385202, 19.188257677157193], [73.1727789391321, 19.188257677157193], [73.1727789391321, 19.19158784715719], [73.1692528385202, 19.19158784715719], [73.1692528385202, 19.188257677157193]]]}}, {"type": "Feature", "properties": {"pocket_id": "NS-0578", "city": "Mumbai", "ward": "L Ward"}, "geometry": {"type": "Polygon", "coordinates": [[[72.87260166220169, 19.044177780872825], [72.87536675380495, 19.044177780872825], [72.87536675380495, 19.046791510872826], [72.87260166220169, 19.046791510872826], [72.87260166220169, 19.044177780872825]]]}}, {"type": "Feature", "properties": {"pocket_id": "NS-0579", "city": "Kalyan", "ward": "Kalyan West"}, "geometry": {"type": "Polygon", "coordinates": [[[NaN, NaN], [NaN, NaN], [NaN, NaN], [NaN, NaN], [NaN, NaN]]]}}, {"type": "Feature", "properties": {"pocket_id": "NS-0580", "city": "Mumbai", "ward": "M Ward"}, "geometry": {"type": "Polygon", "coordinates": [[[72.87731777121795, 19.032449749487956], [72.8804175980905, 19.032449749487956], [72.8804175980905, 19.035380095487955], [72.87731777121795, 19.035380095487955], [72.87731777121795, 19.032449749487956]]]}}, {"type": "Feature", "properties": {"pocket_id": "NS-0581", "city": "Mumbai", "ward": "M Ward"}, "geometry": {"type": "Polygon", "coordinates": [[[72.87689326164259, 19.03699698027239], [72.88015864836576, 19.03699698027239], [72.88015864836576, 19.040083748272394], [72.87689326164259, 19.040083748272394], [72.87689326164259, 19.03699698027239]]]}}, {"type": "Feature", "properties": {"pocket_id": "NS-0582", "city": "Mumbai", "ward": "M Ward"}, "geometry": {"type": "Polygon", "coordinates": [[[72.8990899155852, 19.02035161148159], [72.90248626766663, 19.02035161148159], [72.90248626766663, 19.02356250148159], [72.8990899155852, 19.02356250148159], [72.8990899155852, 19.02035161148159]]]}}, {"type": "Feature", "properties": {"pocket_id": "NS-0583", "city": "Kalyan", "ward": "Kalyan West"}, "geometry": {"type": "Polygon", "coordinates": [[[73.11964370294235, 19.242849216569965], [73.1233289499839, 19.242849216569965], [73.1233289499839, 19.24632853256997], [73.11964370294235, 19.24632853256997], [73.11964370294235, 19.242849216569965]]]}}, {"type": "Feature", "properties": {"pocket_id": "NS-0584", "city": "Kalyan", "ward": "Kalyan West"}, "geometry": {"type": "Polygon", "coordinates": [[[NaN, NaN], [NaN, NaN], [NaN, NaN], [NaN, NaN], [NaN, NaN]]]}}, {"type": "Feature", "properties": {"pocket_id": "NS-0585", "city": "Mumbai", "ward": "M Ward"}, "geometry": {"type": "Polygon", "coordinates": [[[72.84905423084096, 19.029648307097958], [72.85183477439823, 19.029648307097958], [72.85183477439823, 19.032276873097956], [72.84905423084096, 19.032276873097956], [72.84905423084096, 19.029648307097958]]]}}, {"type": "Feature", "properties": {"pocket_id": "NS-0586", "city": "Mumbai", "ward": "M Ward"}, "geometry": {"type": "Polygon", "coordinates": [[[72.872181392615, 18.996920770059006], [72.87498069041936, 18.996920770059006], [72.87498069041936, 18.99956758605901], [72.872181392615, 18.99956758605901], [72.872181392615, 18.996920770059006]]]}}, {"type": "Feature", "properties": {"pocket_id": "NS-0587", "city": "Mumbai", "ward": "S Ward"}, "geometry": {"type": "Polygon", "coordinates": [[[72.9132812453314, 19.127817311690578], [72.91602108218214, 19.127817311690578], [72.91602108218214, 19.130405861690576], [72.9132812453314, 19.130405861690576], [72.9132812453314, 19.127817311690578]]]}}, {"type": "Feature", "properties": {"pocket_id": "NS-0588", "city": "Mumbai", "ward": "L Ward"}, "geometry": {"type": "Polygon", "coordinates": [[[72.88101718743312, 19.067347888641322], [72.88415089607895, 19.067347888641322], [72.88415089607895, 19.07030964064132], [72.88101718743312, 19.07030964064132], [72.88101718743312, 19.067347888641322]]]}}, {"type": "Feature", "properties": {"pocket_id": "NS-0589", "city": "Mumbai", "ward": "M Ward"}, "geometry": {"type": "Polygon", "coordinates": [[[72.89403046843591, 19.027139886779054], [72.89702081849268, 19.027139886779054], [72.89702081849268, 19.029966832779053], [72.89403046843591, 19.029966832779053], [72.89403046843591, 19.027139886779054]]]}}, {"type": "Feature", "properties": {"pocket_id": "NS-0590", "city": "Mumbai", "ward": "L Ward"}, "geometry": {"type": "Polygon", "coordinates": [[[NaN, NaN], [NaN, NaN], [NaN, NaN], [NaN, NaN], [NaN, NaN]]]}}, {"type": "Feature", "properties": {"pocket_id": "NS-0591", "city": "Mumbai", "ward": "M Ward"}, "geometry": {"type": "Polygon", "coordinates": [[[72.86046741054743, 18.975846824675564], [72.8632915349112, 18.975846824675564], [72.8632915349112, 18.97851745267556], [72.86046741054743, 18.97851745267556], [72.86046741054743, 18.975846824675564]]]}}, {"type": "Feature", "properties": {"pocket_id": "NS-0592", "city": "Mumbai", "ward": "S Ward"}, "geometry": {"type": "Polygon", "coordinates": [[[72.94973812375532, 19.126473328074166], [72.95245017320657, 19.126473328074166], [72.95245017320657, 19.12903564607417], [72.94973812375532, 19.12903564607417], [72.94973812375532, 19.126473328074166]]]}}, {"type": "Feature", "properties": {"pocket_id": "NS-0593", "city": "Mumbai", "ward": "M Ward"}, "geometry": {"type": "Polygon", "coordinates": [[[72.86350686831179, 19.00173243677344], [72.86615697273268, 19.00173243677344], [72.86615697273268, 19.00423811477344], [72.86350686831179, 19.00423811477344], [72.86350686831179, 19.00173243677344]]]}}, {"type": "Feature", "properties": {"pocket_id": "NS-0594", "city": "Mumbai", "ward": "L Ward"}, "geometry": {"type": "Polygon", "coordinates": [[[72.88355247473295, 19.050419927017238], [72.88719929462441, 19.050419927017238], [72.88719929462441, 19.053866981017237], [72.88355247473295, 19.053866981017237], [72.88355247473295, 19.050419927017238]]]}}, {"type": "Feature", "properties": {"pocket_id": "NS-0595", "city": "Mumbai", "ward": "S Ward"}, "geometry": {"type": "Polygon", "coordinates": [[[72.9693983591601, 19.14497251709709], [72.97260667100247, 19.14497251709709], [72.97260667100247, 19.148003355097092], [72.9693983591601, 19.148003355097092], [72.9693983591601, 19.14497251709709]]]}}, {"type": "Feature", "properties": {"pocket_id": "NS-0596", "city": "Mumbai", "ward": "M Ward"}, "geometry": {"type": "Polygon", "coordinates": [[[72.84345344339842, 19.00780373797368], [72.84681782746843, 19.00780373797368], [72.84681782746843, 19.01098464597368], [72.84345344339842, 19.01098464597368], [72.84345344339842, 19.00780373797368]]]}}, {"type": "Feature", "properties": {"pocket_id": "NS-0597", "city": "Mumbai", "ward": "M Ward"}, "geometry": {"type": "Polygon", "coordinates": [[[72.87000862770948, 19.042111419844183], [72.87290913914241, 19.042111419844183], [72.87290913914241, 19.044853189844183], [72.87000862770948, 19.044853189844183], [72.87000862770948, 19.042111419844183]]]}}, {"type": "Feature", "properties": {"pocket_id": "NS-0598", "city": "Mumbai", "ward": "M Ward"}, "geometry": {"type": "Polygon", "coordinates": [[[NaN, NaN], [NaN, NaN], [NaN, NaN], [NaN, NaN], [NaN, NaN]]]}}, {"type": "Feature", "properties": {"pocket_id": "NS-0599", "city": "Mumbai", "ward": "S Ward"}, "geometry": {"type": "Polygon", "coordinates": [[[72.94797933710795, 19.150019946419306], [72.95083838041735, 19.150019946419306], [72.95083838041735, 19.152720756419306], [72.94797933710795, 19.152720756419306], [72.94797933710795, 19.150019946419306]]]}}, {"type": "Feature", "properties": {"pocket_id": "NS-0600", "city": "Kalyan", "ward": "Kalyan West"}, "geometry": {"type": "Polygon", "coordinates": [[[73.13746369795301, 19.227892008754853], [73.140877386203, 19.227892008754853], [73.140877386203, 19.231115236754857], [73.13746369795301, 19.231115236754857], [73.13746369795301, 19.227892008754853]]]}}, {"type": "Feature", "properties": {"pocket_id": "NS-0601", "city": "Mumbai", "ward": "M Ward"}, "geometry": {"type": "Polygon", "coordinates": [[[72.872260741261, 19.007976089408867], [72.87499996860508, 19.007976089408867], [72.87499996860508, 19.010565935408867], [72.872260741261, 19.010565935408867], [72.872260741261, 19.007976089408867]]]}}, {"type": "Feature", "properties": {"pocket_id": "NS-0602", "city": "Mumbai", "ward": "M Ward"}, "geometry": {"type": "Polygon", "coordinates": [[[72.86837141912396, 18.999953717034217], [72.87208027484441, 18.999953717034217], [72.87208027484441, 19.003460473034217], [72.86837141912396, 19.003460473034217], [72.86837141912396, 18.999953717034217]]]}}, {"type": "Feature", "properties": {"pocket_id": "NS-0603", "city": "Kalyan", "ward": "Kalyan West"}, "geometry": {"type": "Polygon", "coordinates": [[[73.10136671235351, 19.27505592092346], [73.10436883138347, 19.27505592092346], [73.10436883138347, 19.27788973092346], [73.10136671235351, 19.27788973092346], [73.10136671235351, 19.27505592092346]]]}}, {"type": "Feature", "properties": {"pocket_id": "NS-0604", "city": "Mumbai", "ward": "M Ward"}, "geometry": {"type": "Polygon", "coordinates": [[[72.85757484717672, 19.030083930669836], [72.86052216481761, 19.030083930669836], [72.86052216481761, 19.032870146669833], [72.85757484717672, 19.032870146669833], [72.85757484717672, 19.030083930669836]]]}}, {"type": "Feature", "properties": {"pocket_id": "NS-0605", "city": "Mumbai", "ward": "S Ward"}, "geometry": {"type": "Polygon", "coordinates": [[[72.96791051397577, 19.140370146524923], [72.97064804191814, 19.140370146524923], [72.97064804191814, 19.142956318524924], [72.96791051397577, 19.142956318524924], [72.96791051397577, 19.140370146524923]]]}}, {"type": "Feature", "properties": {"pocket_id": "NS-0606", "city": "Mumbai", "ward": "M Ward"}, "geometry": {"type": "Polygon", "coordinates": [[[NaN, NaN], [NaN, NaN], [NaN, NaN], [NaN, NaN], [NaN, NaN]]]}}, {"type": "Feature", "properties": {"pocket_id": "NS-0607", "city": "Mumbai", "ward": "M Ward"}, "geometry": {"type": "Polygon", "coordinates": [[[NaN, NaN], [NaN, NaN], [NaN, NaN], [NaN, NaN], [NaN, NaN]]]}}, {"type": "Feature", "properties": {"pocket_id": "NS-0608", "city": "Thane", "ward": "Thane West"}, "geometry": {"type": "Polygon", "coordinates": [[[72.98217543868317, 19.228155480230907], [72.9856579549885, 19.228155480230907], [72.9856579549885, 19.231443690230908], [72.98217543868317, 19.231443690230908], [72.98217543868317, 19.228155480230907]]]}}, {"type": "Feature", "properties": {"pocket_id": "NS-0609", "city": "Mumbai", "ward": "M Ward"}, "geometry": {"type": "Polygon", "coordinates": [[[72.88252981067303, 19.00526930759518], [72.88548382551632, 19.00526930759518], [72.88548382551632, 19.008062271595183], [72.88252981067303, 19.008062271595183], [72.88252981067303, 19.00526930759518]]]}}, {"type": "Feature", "properties": {"pocket_id": "NS-0610", "city": "Mumbai", "ward": "S Ward"}, "geometry": {"type": "Polygon", "coordinates": [[[72.93896062556172, 19.187096467177646], [72.94230836973654, 19.187096467177646], [72.94230836973654, 19.190258215177643], [72.93896062556172, 19.190258215177643], [72.93896062556172, 19.187096467177646]]]}}, {"type": "Feature", "properties": {"pocket_id": "NS-0611", "city": "Thane", "ward": "Thane West"}, "geometry": {"type": "Polygon", "coordinates": [[[72.982907541616, 19.237942958754065], [72.98568418904311, 19.237942958754065], [72.98568418904311, 19.240564532754068], [72.982907541616, 19.240564532754068], [72.982907541616, 19.237942958754065]]]}}, {"type": "Feature", "properties": {"pocket_id": "NS-0612", "city": "Mumbai", "ward": "S Ward"}, "geometry": {"type": "Polygon", "coordinates": [[[72.92837039376245, 19.116056532806954], [72.93176518739115, 19.116056532806954], [72.93176518739115, 19.119264096806955], [72.92837039376245, 19.119264096806955], [72.92837039376245, 19.116056532806954]]]}}, {"type": "Feature", "properties": {"pocket_id": "NS-0613", "city": "Thane", "ward": "Thane East"}, "geometry": {"type": "Polygon", "coordinates": [[[NaN, NaN], [NaN, NaN], [NaN, NaN], [NaN, NaN], [NaN, NaN]]]}}, {"type": "Feature", "properties": {"pocket_id": "NS-0614", "city": "Mumbai", "ward": "L Ward"}, "geometry": {"type": "Polygon", "coordinates": [[[72.89384981159377, 19.062334353692556], [72.89669604604877, 19.062334353692556], [72.89669604604877, 19.065024489692554], [72.89384981159377, 19.065024489692554], [72.89384981159377, 19.062334353692556]]]}}, {"type": "Feature", "properties": {"pocket_id": "NS-0615", "city": "Thane", "ward": "Thane East"}, "geometry": {"type": "Polygon", "coordinates": [[[73.01806555850835, 19.19251406386556], [73.02184661700876, 19.19251406386556], [73.02184661700876, 19.196084929865556], [73.01806555850835, 19.196084929865556], [73.01806555850835, 19.19251406386556]]]}}, {"type": "Feature", "properties": {"pocket_id": "NS-0616", "city": "Mumbai", "ward": "L Ward"}, "geometry": {"type": "Polygon", "coordinates": [[[NaN, NaN], [NaN, NaN], [NaN, NaN], [NaN, NaN], [NaN, NaN]]]}}, {"type": "Feature", "properties": {"pocket_id": "NS-0617", "city": "Ambarnath", "ward": "Ambarnath"}, "geometry": {"type": "Polygon", "coordinates": [[[73.18690840494313, 19.189812620665748], [73.190424640679, 19.189812620665748], [73.190424640679, 19.193133442665747], [73.18690840494313, 19.193133442665747], [73.18690840494313, 19.189812620665748]]]}}, {"type": "Feature", "properties": {"pocket_id": "NS-0618", "city": "Mumbai", "ward": "M Ward"}, "geometry": {"type": "Polygon", "coordinates": [[[NaN, 18.997229872279238], [NaN, 18.997229872279238], [NaN, 19.000089684279235], [NaN, 19.000089684279235], [NaN, 18.997229872279238]]]}}, {"type": "Feature", "properties": {"pocket_id": "NS-0619", "city": "Mumbai", "ward": "M Ward"}, "geometry": {"type": "Polygon", "coordinates": [[[72.90728078657924, 18.99219242154739], [72.91008457786933, 18.99219242154739], [72.91008457786933, 18.994843561547388], [72.90728078657924, 18.994843561547388], [72.90728078657924, 18.99219242154739]]]}}, {"type": "Feature", "properties": {"pocket_id": "NS-0620", "city": "Kalyan", "ward": "Kalyan West"}, "geometry": {"type": "Polygon", "coordinates": [[[73.09388677092485, 19.205594469051512], [73.096594186001, 19.205594469051512], [73.096594186001, 19.208151181051512], [73.09388677092485, 19.208151181051512], [73.09388677092485, 19.205594469051512]]]}}, {"type": "Feature", "properties": {"pocket_id": "NS-0621", "city": "Thane", "ward": "Thane East"}, "geometry": {"type": "Polygon", "coordinates": [[[73.04050746793806, 19.170643925631815], [73.04355466623232, 19.170643925631815], [73.04355466623232, 19.173522115631812], [73.04050746793806, 19.173522115631812], [73.04050746793806, 19.170643925631815]]]}}, {"type": "Feature", "properties": {"pocket_id": "NS-0622", "city": "Thane", "ward": "Thane West"}, "geometry": {"type": "Polygon", "coordinates": [[[72.96113342807477, 19.199787351922733], [72.96408845336778, 19.199787351922733], [72.96408845336778, 19.202577987922734], [72.96113342807477, 19.202577987922734], [72.96113342807477, 19.199787351922733]]]}}, {"type": "Feature", "properties": {"pocket_id": "NS-0623", "city": "Mumbai", "ward": "L Ward"}, "geometry": {"type": "Polygon", "coordinates": [[[72.89044685443399, 19.050544566143824], [72.89379000556598, 19.050544566143824], [72.89379000556598, 19.053704586143827], [72.89044685443399, 19.053704586143827], [72.89044685443399, 19.050544566143824]]]}}, {"type": "Feature", "properties": {"pocket_id": "NS-0624", "city": "Mumbai", "ward": "L Ward"}, "geometry": {"type": "Polygon", "coordinates": [[[72.85972778284493, 19.051055663302247], [72.86262872356822, 19.051055663302247], [72.86262872356822, 19.053797691302247], [72.85972778284493, 19.053797691302247], [72.85972778284493, 19.051055663302247]]]}}, {"type": "Feature", "properties": {"pocket_id": "NS-0625", "city": "Thane", "ward": "Thane West"}, "geometry": {"type": "Polygon", "coordinates": [[[72.97110766013168, 19.218167548096535], [72.973977774057, 19.218167548096535], [72.973977774057, 19.220877694096533], [72.97110766013168, 19.220877694096533], [72.97110766013168, 19.218167548096535]]]}}, {"type": "Feature", "properties": {"pocket_id": "NS-0626", "city": "Kalyan", "ward": "Kalyan East"}, "geometry": {"type": "Polygon", "coordinates": [[[73.15953438956545, 19.23712101828157], [73.16233655934293, 19.23712101828157], [73.16233655934293, 19.23976670228157], [73.15953438956545, 19.23976670228157], [73.15953438956545, 19.23712101828157]]]}}, {"type": "Feature", "properties": {"pocket_id": "NS-0627", "city": "Ambarnath", "ward": "Ambarnath"}, "geometry": {"type": "Polygon", "coordinates": [[[73.20647754495282, 19.19694381495305], [73.20925470061944, 19.19694381495305], [73.20925470061944, 19.199566522953045], [73.20647754495282, 19.199566522953045], [73.20647754495282, 19.19694381495305]]]}}, {"type": "Feature", "properties": {"pocket_id": "NS-0628", "city": "Mumbai", "ward": "M Ward"}, "geometry": {"type": "Polygon", "coordinates": [[[72.8525780434729, 19.023319694982447], [72.85579381337436, 19.023319694982447], [72.85579381337436, 19.02635981098245], [72.8525780434729, 19.02635981098245], [72.8525780434729, 19.023319694982447]]]}}, {"type": "Feature", "properties": {"pocket_id": "NS-0629", "city": "Kalyan", "ward": "Kalyan East"}, "geometry": {"type": "Polygon", "coordinates": [[[73.1529744915168, 19.24881587916912], [73.15586276467806, 19.24881587916912], [73.15586276467806, 19.251542663169115], [73.1529744915168, 19.251542663169115], [73.1529744915168, 19.24881587916912]]]}}, {"type": "Feature", "properties": {"pocket_id": "NS-0630", "city": "Mumbai", "ward": "M Ward"}, "geometry": {"type": "Polygon", "coordinates": [[[72.85383490820867, 19.003130370873865], [72.85676799420226, 19.003130370873865], [72.85676799420226, 19.005903582873866], [72.85383490820867, 19.005903582873866], [72.85383490820867, 19.003130370873865]]]}}, {"type": "Feature", "properties": {"pocket_id": "NS-0631", "city": "Mumbai", "ward": "M Ward"}, "geometry": {"type": "Polygon", "coordinates": [[[72.8985273995095, 18.996085271406642], [72.90171949371785, 18.996085271406642], [72.90171949371785, 18.999103499406644], [72.8985273995095, 18.999103499406644], [72.8985273995095, 18.996085271406642]]]}}, {"type": "Feature", "properties": {"pocket_id": "NS-0632", "city": "Mumbai", "ward": "M Ward"}, "geometry": {"type": "Polygon", "coordinates": [[[72.8919361911026, 19.018461719916687], [72.89472875819037, 19.018461719916687], [72.89472875819037, 19.021101829916688], [72.8919361911026, 19.021101829916688], [72.8919361911026, 19.018461719916687]]]}}, {"type": "Feature", "properties": {"pocket_id": "NS-0633", "city": "Thane", "ward": "Thane West"}, "geometry": {"type": "Polygon", "coordinates": [[[72.98179384768115, 19.214907311436647], [72.98508861612514, 19.214907311436647], [72.98508861612514, 19.218018501436646], [72.98179384768115, 19.218018501436646], [72.98179384768115, 19.214907311436647]]]}}, {"type": "Feature", "properties": {"pocket_id": "NS-0634", "city": "Mumbai", "ward": "M Ward"}, "geometry": {"type": "Polygon", "coordinates": [[[72.8856829915263, 18.997279695460573], [72.88839612895529, 18.997279695460573], [72.88839612895529, 18.99984503946057], [72.8856829915263, 18.99984503946057], [72.8856829915263, 18.997279695460573]]]}}, {"type": "Feature", "properties": {"pocket_id": "NS-0635", "city": "Kalyan", "ward": "Kalyan West"}, "geometry": {"type": "Polygon", "coordinates": [[[NaN, NaN], [NaN, NaN], [NaN, NaN], [NaN, NaN], [NaN, NaN]]]}}, {"type": "Feature", "properties": {"pocket_id": "NS-0636", "city": "Mumbai", "ward": "M Ward"}, "geometry": {"type": "Polygon", "coordinates": [[[72.89088743085367, 18.990982196445263], [72.89442952544366, 18.990982196445263], [72.89442952544366, 18.994331460445263], [72.89088743085367, 18.994331460445263], [72.89088743085367, 18.990982196445263]]]}}, {"type": "Feature", "properties": {"pocket_id": "NS-0637", "city": "Mumbai", "ward": "L Ward"}, "geometry": {"type": "Polygon", "coordinates": [[[72.89919959954048, 19.0664000338828], [72.90346452566797, 19.0664000338828], [72.90346452566797, 19.070430939882797], [72.89919959954048, 19.070430939882797], [72.89919959954048, 19.0664000338828]]]}}, {"type": "Feature", "properties": {"pocket_id": "NS-0638", "city": "Thane", "ward": "Thane East"}, "geometry": {"type": "Polygon", "coordinates": [[[73.01616800429146, 19.21480092271731], [73.0190534511204, 19.21480092271731], [73.0190534511204, 19.21752560271731], [73.01616800429146, 19.21752560271731], [73.01616800429146, 19.21480092271731]]]}}, {"type": "Feature", "properties": {"pocket_id": "NS-0639", "city": "Thane", "ward": "Thane East"}, "geometry": {"type": "Polygon", "coordinates": [[[73.00243093997398, 19.19561190052763], [73.00541762520282, 19.19561190052763], [73.00541762520282, 19.19843250652763], [73.00243093997398, 19.19843250652763], [73.00243093997398, 19.19561190052763]]]}}, {"type": "Feature", "properties": {"pocket_id": "NS-0640", "city": "Kalyan", "ward": "Kalyan West"}, "geometry": {"type": "Polygon", "coordinates": [[[73.10245379655619, 19.22123811250331], [73.10523096435746, 19.22123811250331], [73.10523096435746, 19.223860444503313], [73.10245379655619, 19.223860444503313], [73.10245379655619, 19.22123811250331]]]}}, {"type": "Feature", "properties": {"pocket_id": "NS-0641", "city": "Thane", "ward": "Thane East"}, "geometry": {"type": "Polygon", "coordinates": [[[73.01472017882573, 19.17041794751252], [73.01777801527687, 19.17041794751252], [73.01777801527687, 19.173306189512516], [73.01472017882573, 19.173306189512516], [73.01472017882573, 19.17041794751252]]]}}, {"type": "Feature", "properties": {"pocket_id": "NS-0642", "city": "Kalyan", "ward": "Kalyan West"}, "geometry": {"type": "Polygon", "coordinates": [[[73.12591171410507, 19.242526175948782], [73.12940325664367, 19.242526175948782], [73.12940325664367, 19.245822619948783], [73.12591171410507, 19.245822619948783], [73.12591171410507, 19.242526175948782]]]}}, {"type": "Feature", "properties": {"pocket_id": "NS-0643", "city": "Thane", "ward": "Thane West"}, "geometry": {"type": "Polygon", "coordinates": [[[72.98269656235885, 19.222824972852912], [72.98538141723589, 19.222824972852912], [72.98538141723589, 19.22536011485291], [72.98269656235885, 19.22536011485291], [72.98269656235885, 19.222824972852912]]]}}, {"type": "Feature", "properties": {"pocket_id": "NS-0644", "city": "Thane", "ward": "Thane East"}, "geometry": {"type": "Polygon", "coordinates": [[[73.03119163859806, 19.19516411717363], [73.03413625671796, 19.19516411717363], [73.03413625671796, 19.197945003173626], [73.03119163859806, 19.197945003173626], [73.03119163859806, 19.19516411717363]]]}}, {"type": "Feature", "properties": {"pocket_id": "NS-0645", "city": "Thane", "ward": "Thane West"}, "geometry": {"type": "Polygon", "coordinates": [[[72.92038788862757, 19.235024755154942], [72.92344855740578, 19.235024755154942], [72.92344855740578, 19.23791453715494], [72.92038788862757, 19.23791453715494], [72.92038788862757, 19.235024755154942]]]}}, {"type": "Feature", "properties": {"pocket_id": "NS-0646", "city": "Thane", "ward": "Thane East"}, "geometry": {"type": "Polygon", "coordinates": [[[73.0129452855554, 19.18516433517304], [73.0160505620983, 19.18516433517304], [73.0160505620983, 19.188097123173044], [73.0129452855554, 19.188097123173044], [73.0129452855554, 19.18516433517304]]]}}, {"type": "Feature", "properties": {"pocket_id": "NS-0647", "city": "Mumbai", "ward": "M Ward"}, "geometry": {"type": "Polygon", "coordinates": [[[72.90951899553873, 19.04151410918689], [72.9122311455837, 19.04151410918689], [72.9122311455837, 19.044077837186887], [72.90951899553873, 19.044077837186887], [72.90951899553873, 19.04151410918689]]]}}, {"type": "Feature", "properties": {"pocket_id": "NS-0648", "city": "Thane", "ward": "Thane East"}, "geometry": {"type": "Polygon", "coordinates": [[[73.0344656827619, 19.167972298485463], [73.03706315684123, 19.167972298485463], [73.03706315684123, 19.17042575048546], [73.0344656827619, 19.17042575048546], [73.0344656827619, 19.167972298485463]]]}}, {"type": "Feature", "properties": {"pocket_id": "NS-0649", "city": "Mumbai", "ward": "M Ward"}, "geometry": {"type": "Polygon", "coordinates": [[[72.8807534915454, 18.962487316725234], [72.88335083129515, 18.962487316725234], [72.88335083129515, 18.96494368472523], [72.8807534915454, 18.96494368472523], [72.8807534915454, 18.962487316725234]]]}}, {"type": "Feature", "properties": {"pocket_id": "NS-0650", "city": "Kalyan", "ward": "Kalyan West"}, "geometry": {"type": "Polygon", "coordinates": [[[73.12844617317835, 19.21780998051105], [73.13218910545321, 19.21780998051105], [73.13218910545321, 19.22134429651105], [73.12844617317835, 19.22134429651105], [73.12844617317835, 19.21780998051105]]]}}, {"type": "Feature", "properties": {"pocket_id": "NS-0651", "city": "Mumbai", "ward": "M Ward"}, "geometry": {"type": "Polygon", "coordinates": [[[72.89311336909151, 19.01922281733183], [72.89578388565133, 19.01922281733183], [72.89578388565133, 19.021747529331833], [72.89311336909151, 19.021747529331833], [72.89311336909151, 19.01922281733183]]]}}, {"type": "Feature", "properties": {"pocket_id": "NS-0652", "city": "Mumbai", "ward": "L Ward"}, "geometry": {"type": "Polygon", "coordinates": [[[NaN, NaN], [NaN, NaN], [NaN, NaN], [NaN, NaN], [NaN, NaN]]]}}, {"type": "Feature", "properties": {"pocket_id": "NS-0653", "city": "Mumbai", "ward": "S Ward"}, "geometry": {"type": "Polygon", "coordinates": [[[72.92200821251664, 19.130236082814182], [72.92505486777814, 19.130236082814182], [72.92505486777814, 19.13311446481418], [72.92200821251664, 19.13311446481418], [72.92200821251664, 19.130236082814182]]]}}, {"type": "Feature", "properties": {"pocket_id": "NS-0654", "city": "Mumbai", "ward": "L Ward"}, "geometry": {"type": "Polygon", "coordinates": [[[72.86129466082083, 19.08979532520275], [72.86437783702529, 19.08979532520275], [72.86437783702529, 19.09270892320275], [72.86129466082083, 19.09270892320275], [72.86129466082083, 19.08979532520275]]]}}, {"type": "Feature", "properties": {"pocket_id": "NS-0655", "city": "Mumbai", "ward": "M Ward"}, "geometry": {"type": "Polygon", "coordinates": [[[72.89242184142351, 19.00236991202811], [72.89512637430126, 19.00236991202811], [72.89512637430126, 19.00492704202811], [72.89242184142351, 19.00492704202811], [72.89242184142351, 19.00236991202811]]]}}, {"type": "Feature", "properties": {"pocket_id": "NS-0656", "city": "Ambarnath", "ward": "Ambarnath"}, "geometry": {"type": "Polygon", "coordinates": [[[73.19424489511142, 19.17704237828439], [73.19727723014113, 19.17704237828439], [73.19727723014113, 19.17990641828439], [73.19424489511142, 19.17990641828439], [73.19424489511142, 19.17704237828439]]]}}, {"type": "Feature", "properties": {"pocket_id": "NS-0657", "city": "Mumbai", "ward": "M Ward"}, "geometry": {"type": "Polygon", "coordinates": [[[72.90884289547505, 19.013734381023447], [72.91152504344767, 19.013734381023447], [72.91152504344767, 19.01627017302345], [72.90884289547505, 19.01627017302345], [72.90884289547505, 19.013734381023447]]]}}, {"type": "Feature", "properties": {"pocket_id": "NS-0658", "city": "Kalyan", "ward": "Kalyan East"}, "geometry": {"type": "Polygon", "coordinates": [[[73.15249896001812, 19.19959131451334], [73.15565173431291, 19.19959131451334], [73.15565173431291, 19.20256870051334], [73.15249896001812, 19.20256870051334], [73.15249896001812, 19.19959131451334]]]}}, {"type": "Feature", "properties": {"pocket_id": "NS-0659", "city": "Mumbai", "ward": "L Ward"}, "geometry": {"type": "Polygon", "coordinates": [[[72.92826751092024, 19.07952769119471], [72.93119314124537, 19.07952769119471], [72.93119314124537, 19.08229258119471], [72.92826751092024, 19.08229258119471], [72.92826751092024, 19.07952769119471]]]}}, {"type": "Feature", "properties": {"pocket_id": "NS-0660", "city": "Thane", "ward": "Thane West"}, "geometry": {"type": "Polygon", "coordinates": [[[NaN, 19.208003851667556], [NaN, 19.208003851667556], [NaN, 19.210814561667554], [NaN, 19.210814561667554], [NaN, 19.208003851667556]]]}}, {"type": "Feature", "properties": {"pocket_id": "NS-0661", "city": "Mumbai", "ward": "L Ward"}, "geometry": {"type": "Polygon", "coordinates": [[[72.88376615596417, 19.0279035266078], [72.8864852239737, 19.0279035266078], [72.8864852239737, 19.030474004607804], [72.88376615596417, 19.030474004607804], [72.88376615596417, 19.0279035266078]]]}}, {"type": "Feature", "properties": {"pocket_id": "NS-0662", "city": "Kalyan", "ward": "Kalyan East"}, "geometry": {"type": "Polygon", "coordinates": [[[73.12410070941232, 19.23719122848452], [73.1270397425339, 19.23719122848452], [73.1270397425339, 19.239966130484518], [73.12410070941232, 19.239966130484518], [73.12410070941232, 19.23719122848452]]]}}, {"type": "Feature", "properties": {"pocket_id": "NS-0663", "city": "Mumbai", "ward": "M Ward"}, "geometry": {"type": "Polygon", "coordinates": [[[72.89267607264992, 19.022177395390123], [72.89567815725766, 19.022177395390123], [72.89567815725766, 19.025015519390124], [72.89267607264992, 19.025015519390124], [72.89267607264992, 19.022177395390123]]]}}, {"type": "Feature", "properties": {"pocket_id": "NS-0664", "city": "Mumbai", "ward": "L Ward"}, "geometry": {"type": "Polygon", "coordinates": [[[72.87813041544858, 19.05024165996602], [72.88131534041462, 19.05024165996602], [72.88131534041462, 19.05325212796602], [72.87813041544858, 19.05325212796602], [72.87813041544858, 19.05024165996602]]]}}, {"type": "Feature", "properties": {"pocket_id": "NS-0665", "city": "Mumbai", "ward": "S Ward"}, "geometry": {"type": "Polygon", "coordinates": [[[72.95632315512897, 19.1259004208619], [72.95921229140804, 19.1259004208619], [72.95921229140804, 19.128630056861898], [72.95632315512897, 19.128630056861898], [72.95632315512897, 19.1259004208619]]]}}, {"type": "Feature", "properties": {"pocket_id": "NS-0666", "city": "Mumbai", "ward": "S Ward"}, "geometry": {"type": "Polygon", "coordinates": [[[72.95739928613685, 19.137744807030884], [72.96006230815561, 19.137744807030884], [72.96006230815561, 19.140260633030884], [72.95739928613685, 19.140260633030884], [72.95739928613685, 19.137744807030884]]]}}, {"type": "Feature", "properties": {"pocket_id": "NS-0667", "city": "Mumbai", "ward": "M Ward"}, "geometry": {"type": "Polygon", "coordinates": [[[72.86843659172689, 19.018274093666196], [72.87110527582396, 19.018274093666196], [72.87110527582396, 19.0207970876662], [72.86843659172689, 19.0207970876662], [72.86843659172689, 19.018274093666196]]]}}, {"type": "Feature", "properties": {"pocket_id": "NS-0668", "city": "Thane", "ward": "Thane East"}, "geometry": {"type": "Polygon", "coordinates": [[[73.03101061766385, 19.240928269282342], [73.03394815645952, 19.240928269282342], [73.03394815645952, 19.24370169728234], [73.03101061766385, 19.24370169728234], [73.03101061766385, 19.240928269282342]]]}}, {"type": "Feature", "properties": {"pocket_id": "NS-0669", "city": "Thane", "ward": "Thane East"}, "geometry": {"type": "Polygon", "coordinates": [[[73.01515881951185, 19.196774118906323], [73.01857783811421, 19.196774118906323], [73.01857783811421, 19.200002990906324], [73.01515881951185, 19.200002990906324], [73.01515881951185, 19.196774118906323]]]}}, {"type": "Feature", "properties": {"pocket_id": "NS-0670", "city": "Thane", "ward": "Thane West"}, "geometry": {"type": "Polygon", "coordinates": [[[72.98609074871972, 19.212758790356006], [72.9889190902283, 19.212758790356006], [72.9889190902283, 19.21542958035601], [72.98609074871972, 19.21542958035601], [72.98609074871972, 19.212758790356006]]]}}, {"type": "Feature", "properties": {"pocket_id": "NS-0671", "city": "Ulhasnagar", "ward": "Ulhasnagar"}, "geometry": {"type": "Polygon", "coordinates": [[[73.16859913691422, 19.2027718609031], [73.17150891243898, 19.2027718609031], [73.17150891243898, 19.205519714903097], [73.16859913691422, 19.205519714903097], [73.16859913691422, 19.2027718609031]]]}}, {"type": "Feature", "properties": {"pocket_id": "NS-0672", "city": "Mumbai", "ward": "S Ward"}, "geometry": {"type": "Polygon", "coordinates": [[[72.91327646839893, 19.096324301434983], [72.91650355540936, 19.096324301434983], [72.91650355540936, 19.099373773434984], [72.91327646839893, 19.099373773434984], [72.91327646839893, 19.096324301434983]]]}}, {"type": "Feature", "properties": {"pocket_id": "NS-0673", "city": "Mumbai", "ward": "M Ward"}, "geometry": {"type": "Polygon", "coordinates": [[[72.92042778057115, 19.000012643746626], [72.92320845674112, 19.000012643746626], [72.92320845674112, 19.002641803746624], [72.92042778057115, 19.002641803746624], [72.92042778057115, 19.000012643746626]]]}}, {"type": "Feature", "properties": {"pocket_id": "NS-0674", "city": "Mumbai", "ward": "M Ward"}, "geometry": {"type": "Polygon", "coordinates": [[[NaN, 19.008882650415746], [NaN, 19.008882650415746], [NaN, 19.011528482415745], [NaN, 19.011528482415745], [NaN, 19.008882650415746]]]}}, {"type": "Feature", "properties": {"pocket_id": "NS-0675", "city": "Mumbai", "ward": "S Ward"}, "geometry": {"type": "Polygon", "coordinates": [[[72.91820174923626, 19.1529721282705], [72.9212405585132, 19.1529721282705], [72.9212405585132, 19.155842702270498], [72.91820174923626, 19.155842702270498], [72.91820174923626, 19.1529721282705]]]}}, {"type": "Feature", "properties": {"pocket_id": "NS-0676", "city": "Ulhasnagar", "ward": "Ulhasnagar"}, "geometry": {"type": "Polygon", "coordinates": [[[73.17775119773502, 19.226562788954887], [73.18066046242042, 19.226562788954887], [73.18066046242042, 19.229309762954884], [73.17775119773502, 19.229309762954884], [73.17775119773502, 19.226562788954887]]]}}, {"type": "Feature", "properties": {"pocket_id": "NS-0677", "city": "Thane", "ward": "Thane East"}, "geometry": {"type": "Polygon", "coordinates": [[[73.00628187011058, 19.177861151420576], [73.00964513880943, 19.177861151420576], [73.00964513880943, 19.181037739420578], [73.00628187011058, 19.181037739420578], [73.00628187011058, 19.177861151420576]]]}}, {"type": "Feature", "properties": {"pocket_id": "NS-0678", "city": "Thane", "ward": "Thane West"}, "geometry": {"type": "Polygon", "coordinates": [[[73.0069590357186, 19.230423473782952], [73.0102620608023, 19.230423473782952], [73.0102620608023, 19.233542165782954], [73.0069590357186, 19.233542165782954], [73.0069590357186, 19.230423473782952]]]}}, {"type": "Feature", "properties": {"pocket_id": "NS-0679", "city": "Thane", "ward": "Thane West"}, "geometry": {"type": "Polygon", "coordinates": [[[73.0083803141678, 19.210657312868992], [73.0112870395493, 19.210657312868992], [73.0112870395493, 19.21340215486899], [73.0083803141678, 19.21340215486899], [73.0083803141678, 19.210657312868992]]]}}, {"type": "Feature", "properties": {"pocket_id": "NS-0680", "city": "Mumbai", "ward": "M Ward"}, "geometry": {"type": "Polygon", "coordinates": [[[72.88516895060687, 18.998745725123985], [72.88814386050754, 18.998745725123985], [72.88814386050754, 19.00155855512399], [72.88516895060687, 19.00155855512399], [72.88516895060687, 18.998745725123985]]]}}, {"type": "Feature", "properties": {"pocket_id": "NS-0681", "city": "Thane", "ward": "Thane West"}, "geometry": {"type": "Polygon", "coordinates": [[[72.97987931159238, 19.212037388949504], [72.9827150621243, 19.212037388949504], [72.9827150621243, 19.214715186949505], [72.97987931159238, 19.214715186949505], [72.97987931159238, 19.212037388949504]]]}}, {"type": "Feature", "properties": {"pocket_id": "NS-0682", "city": "Mumbai", "ward": "L Ward"}, "geometry": {"type": "Polygon", "coordinates": [[[72.86218542063648, 19.055538748730623], [72.8649984868085, 19.055538748730623], [72.8649984868085, 19.058197644730622], [72.86218542063648, 19.058197644730622], [72.86218542063648, 19.055538748730623]]]}}, {"type": "Feature", "properties": {"pocket_id": "NS-0683", "city": "Mumbai", "ward": "L Ward"}, "geometry": {"type": "Polygon", "coordinates": [[[72.92141282664198, 19.084589737993802], [72.9242033748589, 19.084589737993802], [72.9242033748589, 19.0872268879938], [72.92141282664198, 19.0872268879938], [72.92141282664198, 19.084589737993802]]]}}, {"type": "Feature", "properties": {"pocket_id": "NS-0684", "city": "Mumbai", "ward": "M Ward"}, "geometry": {"type": "Polygon", "coordinates": [[[72.9196354755628, 18.99893507965334], [72.92242910662269, 18.99893507965334], [72.92242910662269, 19.001576505653336], [72.9196354755628, 19.001576505653336], [72.9196354755628, 18.99893507965334]]]}}, {"type": "Feature", "properties": {"pocket_id": "NS-0685", "city": "Mumbai", "ward": "L Ward"}, "geometry": {"type": "Polygon", "coordinates": [[[72.92323739710555, 19.070199215146843], [72.92636985398438, 19.070199215146843], [72.92636985398438, 19.073159733146845], [72.92323739710555, 19.073159733146845], [72.92323739710555, 19.070199215146843]]]}}, {"type": "Feature", "properties": {"pocket_id": "NS-0686", "city": "Thane", "ward": "Thane West"}, "geometry": {"type": "Polygon", "coordinates": [[[72.93423824218837, 19.199740304138686], [72.93710141203863, 19.199740304138686], [72.93710141203863, 19.202444196138686], [72.93423824218837, 19.202444196138686], [72.93423824218837, 19.199740304138686]]]}}, {"type": "Feature", "properties": {"pocket_id": "NS-0687", "city": "Thane", "ward": "Thane East"}, "geometry": {"type": "Polygon", "coordinates": [[[72.98248732879166, 19.183767526649806], [72.98540389415261, 19.183767526649806], [72.98540389415261, 19.186522110649808], [72.98248732879166, 19.186522110649808], [72.98248732879166, 19.183767526649806]]]}}, {"type": "Feature", "properties": {"pocket_id": "NS-0688", "city": "Mumbai", "ward": "S Ward"}, "geometry": {"type": "Polygon", "coordinates": [[[72.95251325079865, 19.122070146981713], [72.95525045849537, 19.122070146981713], [72.95525045849537, 19.124656302981712], [72.95251325079865, 19.124656302981712], [72.95251325079865, 19.122070146981713]]]}}, {"type": "Feature", "properties": {"pocket_id": "NS-0689", "city": "Mumbai", "ward": "M Ward"}, "geometry": {"type": "Polygon", "coordinates": [[[72.86990772637098, 19.021940301826366], [72.87280481376906, 19.021940301826366], [72.87280481376906, 19.024679167826367], [72.86990772637098, 19.024679167826367], [72.86990772637098, 19.021940301826366]]]}}, {"type": "Feature", "properties": {"pocket_id": "NS-0690", "city": "Mumbai", "ward": "M Ward"}, "geometry": {"type": "Polygon", "coordinates": [[[72.85688166523465, 19.00090968621387], [72.85949753547649, 19.00090968621387], [72.85949753547649, 19.00338300821387], [72.85688166523465, 19.00338300821387], [72.85688166523465, 19.00090968621387]]]}}, {"type": "Feature", "properties": {"pocket_id": "NS-0691", "city": "Thane", "ward": "Thane West"}, "geometry": {"type": "Polygon", "coordinates": [[[72.99480613307415, 19.261063598754586], [72.99772969360677, 19.261063598754586], [72.99772969360677, 19.263823490754586], [72.99480613307415, 19.263823490754586], [72.99480613307415, 19.261063598754586]]]}}, {"type": "Feature", "properties": {"pocket_id": "NS-0692", "city": "Thane", "ward": "Thane West"}, "geometry": {"type": "Polygon", "coordinates": [[[72.98381553925316, 19.18735032898219], [72.9866035512944, 19.18735032898219], [72.9866035512944, 19.18998344298219], [72.98381553925316, 19.18998344298219], [72.98381553925316, 19.18735032898219]]]}}, {"type": "Feature", "properties": {"pocket_id": "NS-0693", "city": "Ulhasnagar", "ward": "Ulhasnagar"}, "geometry": {"type": "Polygon", "coordinates": [[[NaN, NaN], [NaN, NaN], [NaN, NaN], [NaN, NaN], [NaN, NaN]]]}}, {"type": "Feature", "properties": {"pocket_id": "NS-0694", "city": "Mumbai", "ward": "M Ward"}, "geometry": {"type": "Polygon", "coordinates": [[[72.87019448227727, 18.979560589651737], [72.87433731274172, 18.979560589651737], [72.87433731274172, 18.983478147651734], [72.87019448227727, 18.983478147651734], [72.87019448227727, 18.979560589651737]]]}}, {"type": "Feature", "properties": {"pocket_id": "NS-0695", "city": "Mumbai", "ward": "M Ward"}, "geometry": {"type": "Polygon", "coordinates": [[[72.8743426703442, 19.0075367227245], [72.8776897219552, 19.0075367227245], [72.8776897219552, 19.010701248724498], [72.8743426703442, 19.010701248724498], [72.8743426703442, 19.0075367227245]]]}}, {"type": "Feature", "properties": {"pocket_id": "NS-0696", "city": "Thane", "ward": "Thane West"}, "geometry": {"type": "Polygon", "coordinates": [[[72.97020270051401, 19.210188533232], [72.97334130753323, 19.210188533232], [72.97334130753323, 19.213152349231997], [72.97020270051401, 19.213152349231997], [72.97020270051401, 19.210188533232]]]}}, {"type": "Feature", "properties": {"pocket_id": "NS-0697", "city": "Thane", "ward": "Thane East"}, "geometry": {"type": "Polygon", "coordinates": [[[73.01543525811077, 19.207289664709933], [73.0188145340863, 19.207289664709933], [73.0188145340863, 19.21048080070993], [73.01543525811077, 19.21048080070993], [73.01543525811077, 19.207289664709933]]]}}, {"type": "Feature", "properties": {"pocket_id": "NS-0698", "city": "Thane", "ward": "Thane East"}, "geometry": {"type": "Polygon", "coordinates": [[[73.03682007007109, 19.19781131043467], [73.03998115231016, 19.19781131043467], [73.03998115231016, 19.200796574434673], [73.03682007007109, 19.200796574434673], [73.03682007007109, 19.19781131043467]]]}}, {"type": "Feature", "properties": {"pocket_id": "NS-0699", "city": "Mumbai", "ward": "L Ward"}, "geometry": {"type": "Polygon", "coordinates": [[[72.87806145687951, 19.066679822488823], [72.88094151814043, 19.066679822488823], [72.88094151814043, 19.069401858488824], [72.87806145687951, 19.069401858488824], [72.87806145687951, 19.066679822488823]]]}}, {"type": "Feature", "properties": {"pocket_id": "NS-0700", "city": "Thane", "ward": "Thane West"}, "geometry": {"type": "Polygon", "coordinates": [[[72.9739933972573, 19.19405477075184], [72.97692298485272, 19.19405477075184], [72.97692298485272, 19.196821480751844], [72.9739933972573, 19.196821480751844], [72.9739933972573, 19.19405477075184]]]}}, {"type": "Feature", "properties": {"pocket_id": "NS-0701", "city": "Mumbai", "ward": "L Ward"}, "geometry": {"type": "Polygon", "coordinates": [[[NaN, NaN], [NaN, NaN], [NaN, NaN], [NaN, NaN], [NaN, NaN]]]}}, {"type": "Feature", "properties": {"pocket_id": "NS-0702", "city": "Mumbai", "ward": "S Ward"}, "geometry": {"type": "Polygon", "coordinates": [[[72.93485107737995, 19.151372266535184], [72.93750879339377, 19.151372266535184], [72.93750879339377, 19.153882872535185], [72.93485107737995, 19.153882872535185], [72.93485107737995, 19.151372266535184]]]}}, {"type": "Feature", "properties": {"pocket_id": "NS-0703", "city": "Mumbai", "ward": "M Ward"}, "geometry": {"type": "Polygon", "coordinates": [[[72.92314752644693, 19.024430622524996], [72.92638119670808, 19.024430622524996], [72.92638119670808, 19.027487640524996], [72.92314752644693, 19.027487640524996], [72.92314752644693, 19.024430622524996]]]}}, {"type": "Feature", "properties": {"pocket_id": "NS-0704", "city": "Mumbai", "ward": "L Ward"}, "geometry": {"type": "Polygon", "coordinates": [[[72.84565459565427, 19.03873309217714], [72.84845488334015, 19.03873309217714], [72.84845488334015, 19.041380178177143], [72.84565459565427, 19.041380178177143], [72.84565459565427, 19.03873309217714]]]}}, {"type": "Feature", "properties": {"pocket_id": "NS-0705", "city": "Mumbai", "ward": "S Ward"}, "geometry": {"type": "Polygon", "coordinates": [[[72.94432111118277, 19.145100334566017], [72.94768215344456, 19.145100334566017], [72.94768215344456, 19.148275450566018], [72.94432111118277, 19.148275450566018], [72.94432111118277, 19.145100334566017]]]}}, {"type": "Feature", "properties": {"pocket_id": "NS-0706", "city": "Kalyan", "ward": "Kalyan West"}, "geometry": {"type": "Polygon", "coordinates": [[[NaN, NaN], [NaN, NaN], [NaN, NaN], [NaN, NaN], [NaN, NaN]]]}}, {"type": "Feature", "properties": {"pocket_id": "NS-0707", "city": "Mumbai", "ward": "M Ward"}, "geometry": {"type": "Polygon", "coordinates": [[[72.92550388469547, 18.968423758430408], [72.92813686792843, 18.968423758430408], [72.92813686792843, 18.97091374643041], [72.92550388469547, 18.97091374643041], [72.92550388469547, 18.968423758430408]]]}}, {"type": "Feature", "properties": {"pocket_id": "NS-0708", "city": "Mumbai", "ward": "S Ward"}, "geometry": {"type": "Polygon", "coordinates": [[[72.93700996667147, 19.139721621189263], [72.93976405407622, 19.139721621189263], [72.93976405407622, 19.142323447189266], [72.93700996667147, 19.142323447189266], [72.93700996667147, 19.139721621189263]]]}}, {"type": "Feature", "properties": {"pocket_id": "NS-0709", "city": "Thane", "ward": "Thane West"}, "geometry": {"type": "Polygon", "coordinates": [[[72.98666239255382, 19.216188201243856], [72.98975587900912, 19.216188201243856], [72.98975587900912, 19.219109303243858], [72.98666239255382, 19.219109303243858], [72.98666239255382, 19.216188201243856]]]}}, {"type": "Feature", "properties": {"pocket_id": "NS-0710", "city": "Thane", "ward": "Thane East"}, "geometry": {"type": "Polygon", "coordinates": [[[NaN, 19.213393792355394], [NaN, 19.213393792355394], [NaN, 19.215919178355396], [NaN, 19.215919178355396], [NaN, 19.213393792355394]]]}}, {"type": "Feature", "properties": {"pocket_id": "NS-0711", "city": "Mumbai", "ward": "L Ward"}, "geometry": {"type": "Polygon", "coordinates": [[[72.89150319004428, 19.064929793548412], [72.89425920248569, 19.064929793548412], [72.89425920248569, 19.067534615548414], [72.89150319004428, 19.067534615548414], [72.89150319004428, 19.064929793548412]]]}}, {"type": "Feature", "properties": {"pocket_id": "NS-0712", "city": "Mumbai", "ward": "M Ward"}, "geometry": {"type": "Polygon", "coordinates": [[[72.85453835441655, 18.99813908846022], [72.85770348043371, 18.99813908846022], [72.85770348043371, 19.00113178046022], [72.85453835441655, 19.00113178046022], [72.85453835441655, 18.99813908846022]]]}}, {"type": "Feature", "properties": {"pocket_id": "NS-0713", "city": "Mumbai", "ward": "M Ward"}, "geometry": {"type": "Polygon", "coordinates": [[[72.86757661698402, 19.00095157547878], [72.87068381425604, 19.00095157547878], [72.87068381425604, 19.003889445478777], [72.86757661698402, 19.003889445478777], [72.86757661698402, 19.00095157547878]]]}}, {"type": "Feature", "properties": {"pocket_id": "NS-0714", "city": "Thane", "ward": "Thane East"}, "geometry": {"type": "Polygon", "coordinates": [[[72.99559826792553, 19.205673482952786], [72.9989868125695, 19.205673482952786], [72.9989868125695, 19.208873402952786], [72.99559826792553, 19.208873402952786], [72.99559826792553, 19.205673482952786]]]}}, {"type": "Feature", "properties": {"pocket_id": "NS-0715", "city": "Thane", "ward": "Thane West"}, "geometry": {"type": "Polygon", "coordinates": [[[73.0078918190793, 19.216762531951463], [73.01064109067445, 19.216762531951463], [73.01064109067445, 19.219358593951466], [73.0078918190793, 19.219358593951466], [73.0078918190793, 19.216762531951463]]]}}, {"type": "Feature", "properties": {"pocket_id": "NS-0716", "city": "Mumbai", "ward": "M Ward"}, "geometry": {"type": "Polygon", "coordinates": [[[NaN, NaN], [NaN, NaN], [NaN, NaN], [NaN, NaN], [NaN, NaN]]]}}, {"type": "Feature", "properties": {"pocket_id": "NS-0717", "city": "Mumbai", "ward": "M Ward"}, "geometry": {"type": "Polygon", "coordinates": [[[72.86960976487649, 18.99360409198551], [72.87245892335983, 18.99360409198551], [72.87245892335983, 18.99629810598551], [72.86960976487649, 18.99629810598551], [72.86960976487649, 18.99360409198551]]]}}, {"type": "Feature", "properties": {"pocket_id": "NS-0718", "city": "Mumbai", "ward": "M Ward"}, "geometry": {"type": "Polygon", "coordinates": [[[72.86967307337551, 19.016430109613648], [72.87284861299824, 19.016430109613648], [72.87284861299824, 19.019432317613646], [72.86967307337551, 19.019432317613646], [72.86967307337551, 19.016430109613648]]]}}, {"type": "Feature", "properties": {"pocket_id": "NS-0719", "city": "Mumbai", "ward": "L Ward"}, "geometry": {"type": "Polygon", "coordinates": [[[72.89836182942108, 19.067572300869976], [72.90156824866168, 19.067572300869976], [72.90156824866168, 19.070602768869975], [72.89836182942108, 19.070602768869975], [72.89836182942108, 19.067572300869976]]]}}, {"type": "Feature", "properties": {"pocket_id": "NS-0720", "city": "Ambarnath", "ward": "Ambarnath"}, "geometry": {"type": "Polygon", "coordinates": [[[73.15473830468143, 19.169366149305834], [73.15765460449622, 19.169366149305834], [73.15765460449622, 19.172120723305834], [73.15473830468143, 19.172120723305834], [73.15473830468143, 19.169366149305834]]]}}, {"type": "Feature", "properties": {"pocket_id": "NS-0721", "city": "Ambarnath", "ward": "Ambarnath"}, "geometry": {"type": "Polygon", "coordinates": [[[73.22653896876113, 19.187307665108744], [73.22932356004245, 19.187307665108744], [73.22932356004245, 19.189937549108745], [73.22653896876113, 19.189937549108745], [73.22653896876113, 19.187307665108744]]]}}, {"type": "Feature", "properties": {"pocket_id": "NS-0722", "city": "Mumbai", "ward": "M Ward"}, "geometry": {"type": "Polygon", "coordinates": [[[72.82856825772187, 19.02951808973743], [72.8315461089994, 19.02951808973743], [72.8315461089994, 19.032333179737428], [72.82856825772187, 19.032333179737428], [72.82856825772187, 19.02951808973743]]]}}, {"type": "Feature", "properties": {"pocket_id": "NS-0723", "city": "Thane", "ward": "Thane East"}, "geometry": {"type": "Polygon", "coordinates": [[[73.02933716157698, 19.2005010653292], [73.03228440179525, 19.2005010653292], [73.03228440179525, 19.2032843373292], [73.02933716157698, 19.2032843373292], [73.02933716157698, 19.2005010653292]]]}}, {"type": "Feature", "properties": {"pocket_id": "NS-0724", "city": "Kalyan", "ward": "Kalyan West"}, "geometry": {"type": "Polygon", "coordinates": [[[73.11963823952314, 19.241603125260397], [73.12253225150855, 19.241603125260397], [73.12253225150855, 19.244335447260397], [73.11963823952314, 19.244335447260397], [73.11963823952314, 19.241603125260397]]]}}, {"type": "Feature", "properties": {"pocket_id": "NS-0725", "city": "Thane", "ward": "Thane East"}, "geometry": {"type": "Polygon", "coordinates": [[[73.02143027451805, 19.219147235825982], [73.02414231415867, 19.219147235825982], [73.02414231415867, 19.221708103825986], [73.02143027451805, 19.221708103825986], [73.02143027451805, 19.219147235825982]]]}}, {"type": "Feature", "properties": {"pocket_id": "NS-0726", "city": "Mumbai", "ward": "L Ward"}, "geometry": {"type": "Polygon", "coordinates": [[[72.86558028897309, 19.044496188719435], [72.86848877860695, 19.044496188719435], [72.86848877860695, 19.047245460719438], [72.86558028897309, 19.047245460719438], [72.86558028897309, 19.044496188719435]]]}}, {"type": "Feature", "properties": {"pocket_id": "NS-0727", "city": "Mumbai", "ward": "M Ward"}, "geometry": {"type": "Polygon", "coordinates": [[[72.88811001819687, 19.01897341273489], [72.89118356640319, 19.01897341273489], [72.89118356640319, 19.021879152734893], [72.88811001819687, 19.021879152734893], [72.88811001819687, 19.01897341273489]]]}}, {"type": "Feature", "properties": {"pocket_id": "NS-0728", "city": "Mumbai", "ward": "L Ward"}, "geometry": {"type": "Polygon", "coordinates": [[[72.88344965814827, 19.064406773322126], [72.88632689513491, 19.064406773322126], [72.88632689513491, 19.067126177322123], [72.88344965814827, 19.067126177322123], [72.88344965814827, 19.064406773322126]]]}}, {"type": "Feature", "properties": {"pocket_id": "NS-0729", "city": "Kalyan", "ward": "Kalyan West"}, "geometry": {"type": "Polygon", "coordinates": [[[73.1162468808242, 19.20922044232465], [73.11891879096129, 19.20922044232465], [73.11891879096129, 19.21174357032465], [73.1162468808242, 19.21174357032465], [73.1162468808242, 19.20922044232465]]]}}, {"type": "Feature", "properties": {"pocket_id": "NS-0730", "city": "Mumbai", "ward": "S Ward"}, "geometry": {"type": "Polygon", "coordinates": [[[NaN, 19.127678364553176], [NaN, 19.127678364553176], [NaN, 19.130466152553176], [NaN, 19.130466152553176], [NaN, 19.127678364553176]]]}}, {"type": "Feature", "properties": {"pocket_id": "NS-0731", "city": "Mumbai", "ward": "L Ward"}, "geometry": {"type": "Polygon", "coordinates": [[[NaN, NaN], [NaN, NaN], [NaN, NaN], [NaN, NaN], [NaN, NaN]]]}}, {"type": "Feature", "properties": {"pocket_id": "NS-0732", "city": "Mumbai", "ward": "S Ward"}, "geometry": {"type": "Polygon", "coordinates": [[[NaN, NaN], [NaN, NaN], [NaN, NaN], [NaN, NaN], [NaN, NaN]]]}}, {"type": "Feature", "properties": {"pocket_id": "NS-0733", "city": "Thane", "ward": "Thane West"}, "geometry": {"type": "Polygon", "coordinates": [[[72.98907814880559, 19.231917538394836], [72.99199900829896, 19.231917538394836], [72.99199900829896, 19.234675370394836], [72.98907814880559, 19.234675370394836], [72.98907814880559, 19.231917538394836]]]}}, {"type": "Feature", "properties": {"pocket_id": "NS-0734", "city": "Thane", "ward": "Thane West"}, "geometry": {"type": "Polygon", "coordinates": [[[NaN, NaN], [NaN, NaN], [NaN, NaN], [NaN, NaN], [NaN, NaN]]]}}, {"type": "Feature", "properties": {"pocket_id": "NS-0735", "city": "Mumbai", "ward": "M Ward"}, "geometry": {"type": "Polygon", "coordinates": [[[72.90304603684393, 19.001674779008596], [72.90595408166331, 19.001674779008596], [72.90595408166331, 19.004424339008594], [72.90304603684393, 19.004424339008594], [72.90304603684393, 19.001674779008596]]]}}, {"type": "Feature", "properties": {"pocket_id": "NS-0736", "city": "Thane", "ward": "Thane West"}, "geometry": {"type": "Polygon", "coordinates": [[[73.0158822927935, 19.198907679976546], [73.01861300394891, 19.198907679976546], [73.01861300394891, 19.20148649597655], [73.0158822927935, 19.20148649597655], [73.0158822927935, 19.198907679976546]]]}}, {"type": "Feature", "properties": {"pocket_id": "NS-0737", "city": "Thane", "ward": "Thane East"}, "geometry": {"type": "Polygon", "coordinates": [[[73.00956203097024, 19.212229846144183], [73.01241993054418, 19.212229846144183], [73.01241993054418, 19.21492855614418], [73.00956203097024, 19.21492855614418], [73.00956203097024, 19.212229846144183]]]}}, {"type": "Feature", "properties": {"pocket_id": "NS-0738", "city": "Kalyan", "ward": "Kalyan West"}, "geometry": {"type": "Polygon", "coordinates": [[[73.12336515745855, 19.228927886148224], [73.12610529344755, 19.228927886148224], [73.12610529344755, 19.23151513014822], [73.12336515745855, 19.23151513014822], [73.12336515745855, 19.228927886148224]]]}}, {"type": "Feature", "properties": {"pocket_id": "NS-0739", "city": "Ulhasnagar", "ward": "Ulhasnagar"}, "geometry": {"type": "Polygon", "coordinates": [[[73.14000963867544, 19.193139241353585], [73.14269349854966, 19.193139241353585], [73.14269349854966, 19.195673901353587], [73.14000963867544, 19.195673901353587], [73.14000963867544, 19.193139241353585]]]}}, {"type": "Feature", "properties": {"pocket_id": "NS-0740", "city": "Kalyan", "ward": "Kalyan East"}, "geometry": {"type": "Polygon", "coordinates": [[[73.14803720994094, 19.2548838205213], [73.15081114842873, 19.2548838205213], [73.15081114842873, 19.257502566521303], [73.14803720994094, 19.257502566521303], [73.14803720994094, 19.2548838205213]]]}}, {"type": "Feature", "properties": {"pocket_id": "NS-0741", "city": "Mumbai", "ward": "M Ward"}, "geometry": {"type": "Polygon", "coordinates": [[[72.86422124275983, 19.00529308913637], [72.86694044863252, 19.00529308913637], [72.86694044863252, 19.00786404713637], [72.86422124275983, 19.00786404713637], [72.86422124275983, 19.00529308913637]]]}}, {"type": "Feature", "properties": {"pocket_id": "NS-0742", "city": "Mumbai", "ward": "M Ward"}, "geometry": {"type": "Polygon", "coordinates": [[[72.8637116409645, 19.000480430493933], [72.86670004565873, 19.000480430493933], [72.86670004565873, 19.00330599049393], [72.8637116409645, 19.00330599049393], [72.8637116409645, 19.000480430493933]]]}}, {"type": "Feature", "properties": {"pocket_id": "NS-0743", "city": "Mumbai", "ward": "M Ward"}, "geometry": {"type": "Polygon", "coordinates": [[[72.84684637282946, 19.008323221439454], [72.8499971218469, 19.008323221439454], [72.8499971218469, 19.011302137439458], [72.84684637282946, 19.011302137439458], [72.84684637282946, 19.008323221439454]]]}}, {"type": "Feature", "properties": {"pocket_id": "NS-0744", "city": "Mumbai", "ward": "M Ward"}, "geometry": {"type": "Polygon", "coordinates": [[[72.88995725637442, 19.01241472144421], [72.89274123476842, 19.01241472144421], [72.89274123476842, 19.015046807444207], [72.88995725637442, 19.015046807444207], [72.88995725637442, 19.01241472144421]]]}}, {"type": "Feature", "properties": {"pocket_id": "NS-0745", "city": "Thane", "ward": "Thane West"}, "geometry": {"type": "Polygon", "coordinates": [[[72.95163262125304, 19.228652541468467], [72.95515179739199, 19.228652541468467], [72.95515179739199, 19.231975355468467], [72.95163262125304, 19.231975355468467], [72.95163262125304, 19.228652541468467]]]}}, {"type": "Feature", "properties": {"pocket_id": "NS-0746", "city": "Mumbai", "ward": "L Ward"}, "geometry": {"type": "Polygon", "coordinates": [[[72.91474302279936, 19.04290397993807], [72.9176399744578, 19.04290397993807], [72.9176399744578, 19.04564237193807], [72.91474302279936, 19.04564237193807], [72.91474302279936, 19.04290397993807]]]}}, {"type": "Feature", "properties": {"pocket_id": "NS-0747", "city": "Mumbai", "ward": "M Ward"}, "geometry": {"type": "Polygon", "coordinates": [[[72.9082044835523, 19.009626799667824], [72.91102954917453, 19.009626799667824], [72.91102954917453, 19.01229777566782], [72.9082044835523, 19.01229777566782], [72.9082044835523, 19.009626799667824]]]}}, {"type": "Feature", "properties": {"pocket_id": "NS-0748", "city": "Mumbai", "ward": "M Ward"}, "geometry": {"type": "Polygon", "coordinates": [[[72.89435612951145, 18.980897419979193], [72.89720193398067, 18.980897419979193], [72.89720193398067, 18.983588467979196], [72.89435612951145, 18.983588467979196], [72.89435612951145, 18.980897419979193]]]}}, {"type": "Feature", "properties": {"pocket_id": "NS-0749", "city": "Thane", "ward": "Thane West"}, "geometry": {"type": "Polygon", "coordinates": [[[72.98851321312227, 19.223323320419055], [72.99220424932957, 19.223323320419055], [72.99220424932957, 19.226808516419055], [72.98851321312227, 19.226808516419055], [72.98851321312227, 19.223323320419055]]]}}, {"type": "Feature", "properties": {"pocket_id": "NS-0750", "city": "Mumbai", "ward": "M Ward"}, "geometry": {"type": "Polygon", "coordinates": [[[72.88625392225802, 18.996308499200882], [72.88919136593992, 18.996308499200882], [72.88919136593992, 18.999085945200886], [72.88625392225802, 18.999085945200886], [72.88625392225802, 18.996308499200882]]]}}, {"type": "Feature", "properties": {"pocket_id": "NS-0751", "city": "Mumbai", "ward": "M Ward"}, "geometry": {"type": "Polygon", "coordinates": [[[72.90198836722932, 18.998126915785313], [72.90501855456658, 18.998126915785313], [72.90501855456658, 19.000992021785315], [72.90198836722932, 19.000992021785315], [72.90198836722932, 18.998126915785313]]]}}, {"type": "Feature", "properties": {"pocket_id": "NS-0752", "city": "Mumbai", "ward": "L Ward"}, "geometry": {"type": "Polygon", "coordinates": [[[72.87361614103214, 19.0413998115447], [72.87640078926138, 19.0413998115447], [72.87640078926138, 19.0440320715447], [72.87361614103214, 19.0440320715447], [72.87361614103214, 19.0413998115447]]]}}, {"type": "Feature", "properties": {"pocket_id": "NS-0753", "city": "Mumbai", "ward": "L Ward"}, "geometry": {"type": "Polygon", "coordinates": [[[72.87556293937287, 19.03005226521347], [72.87898621695349, 19.03005226521347], [72.87898621695349, 19.03328842121347], [72.87556293937287, 19.03328842121347], [72.87556293937287, 19.03005226521347]]]}}, {"type": "Feature", "properties": {"pocket_id": "NS-0754", "city": "Mumbai", "ward": "M Ward"}, "geometry": {"type": "Polygon", "coordinates": [[[72.8749397602208, 19.025969665153617], [72.87776245276729, 19.025969665153617], [72.87776245276729, 19.02863813515362], [72.8749397602208, 19.02863813515362], [72.8749397602208, 19.025969665153617]]]}}, {"type": "Feature", "properties": {"pocket_id": "NS-0755", "city": "Mumbai", "ward": "S Ward"}, "geometry": {"type": "Polygon", "coordinates": [[[72.9606897850858, 19.148359689987025], [72.9635687200859, 19.148359689987025], [72.9635687200859, 19.151079317987026], [72.9606897850858, 19.151079317987026], [72.9606897850858, 19.148359689987025]]]}}, {"type": "Feature", "properties": {"pocket_id": "NS-0756", "city": "Mumbai", "ward": "M Ward"}, "geometry": {"type": "Polygon", "coordinates": [[[72.8908248705673, 19.009994914083705], [72.89371062700324, 19.009994914083705], [72.89371062700324, 19.012723264083704], [72.8908248705673, 19.012723264083704], [72.8908248705673, 19.009994914083705]]]}}, {"type": "Feature", "properties": {"pocket_id": "NS-0757", "city": "Mumbai", "ward": "M Ward"}, "geometry": {"type": "Polygon", "coordinates": [[[72.87763746809983, 19.0399550504628], [72.88068974736723, 19.0399550504628], [72.88068974736723, 19.0428403184628], [72.87763746809983, 19.0428403184628], [72.87763746809983, 19.0399550504628]]]}}, {"type": "Feature", "properties": {"pocket_id": "NS-0758", "city": "Kalyan", "ward": "Kalyan East"}, "geometry": {"type": "Polygon", "coordinates": [[[73.13042812772866, 19.205416962226238], [73.13329195339648, 19.205416962226238], [73.13329195339648, 19.20812138022624], [73.13042812772866, 19.20812138022624], [73.13042812772866, 19.205416962226238]]]}}, {"type": "Feature", "properties": {"pocket_id": "NS-0759", "city": "Mumbai", "ward": "S Ward"}, "geometry": {"type": "Polygon", "coordinates": [[[NaN, 19.15469804402181], [NaN, 19.15469804402181], [NaN, 19.157397096021807], [NaN, 19.157397096021807], [NaN, 19.15469804402181]]]}}, {"type": "Feature", "properties": {"pocket_id": "NS-0760", "city": "Mumbai", "ward": "M Ward"}, "geometry": {"type": "Polygon", "coordinates": [[[72.89023979135146, 18.991243889742847], [72.8932185330994, 18.991243889742847], [72.8932185330994, 18.99406046974285], [72.89023979135146, 18.99406046974285], [72.89023979135146, 18.991243889742847]]]}}, {"type": "Feature", "properties": {"pocket_id": "NS-0761", "city": "Kalyan", "ward": "Kalyan East"}, "geometry": {"type": "Polygon", "coordinates": [[[73.12210064211465, 19.238268815879106], [73.12532840390219, 19.238268815879106], [73.12532840390219, 19.241316299879106], [73.12210064211465, 19.241316299879106], [73.12210064211465, 19.238268815879106]]]}}, {"type": "Feature", "properties": {"pocket_id": "NS-0762", "city": "Mumbai", "ward": "M Ward"}, "geometry": {"type": "Polygon", "coordinates": [[[72.87029692814345, 18.981597588279268], [72.87326242636787, 18.981597588279268], [72.87326242636787, 18.98440180827927], [72.87029692814345, 18.98440180827927], [72.87029692814345, 18.981597588279268]]]}}, {"type": "Feature", "properties": {"pocket_id": "NS-0763", "city": "Thane", "ward": "Thane West"}, "geometry": {"type": "Polygon", "coordinates": [[[73.00582664862999, 19.23691739964179], [73.00850442995643, 19.23691739964179], [73.00850442995643, 19.239445645641787], [73.00582664862999, 19.239445645641787], [73.00582664862999, 19.23691739964179]]]}}, {"type": "Feature", "properties": {"pocket_id": "NS-0764", "city": "Kalyan", "ward": "Kalyan West"}, "geometry": {"type": "Polygon", "coordinates": [[[73.16405415198707, 19.209726300543373], [73.16717432814087, 19.209726300543373], [73.16717432814087, 19.212672720543374], [73.16405415198707, 19.212672720543374], [73.16405415198707, 19.209726300543373]]]}}, {"type": "Feature", "properties": {"pocket_id": "NS-0765", "city": "Ambarnath", "ward": "Ambarnath"}, "geometry": {"type": "Polygon", "coordinates": [[[NaN, NaN], [NaN, NaN], [NaN, NaN], [NaN, NaN], [NaN, NaN]]]}}, {"type": "Feature", "properties": {"pocket_id": "NS-0766", "city": "Mumbai", "ward": "L Ward"}, "geometry": {"type": "Polygon", "coordinates": [[[72.86592059408731, 19.039310769036646], [72.86868492122271, 19.039310769036646], [72.86868492122271, 19.041923853036643], [72.86592059408731, 19.041923853036643], [72.86592059408731, 19.039310769036646]]]}}, {"type": "Feature", "properties": {"pocket_id": "NS-0767", "city": "Thane", "ward": "Thane East"}, "geometry": {"type": "Polygon", "coordinates": [[[73.0221544045216, 19.18845647224934], [73.0249934016288, 19.18845647224934], [73.0249934016288, 19.19113772024934], [73.0221544045216, 19.19113772024934], [73.0221544045216, 19.18845647224934]]]}}, {"type": "Feature", "properties": {"pocket_id": "NS-0768", "city": "Thane", "ward": "Thane East"}, "geometry": {"type": "Polygon", "coordinates": [[[72.99986085104067, 19.194572796768334], [73.00350250347662, 19.194572796768334], [73.00350250347662, 19.198011964768334], [72.99986085104067, 19.198011964768334], [72.99986085104067, 19.194572796768334]]]}}, {"type": "Feature", "properties": {"pocket_id": "NS-0769", "city": "Mumbai", "ward": "M Ward"}, "geometry": {"type": "Polygon", "coordinates": [[[72.86397787225542, 19.006148494419058], [72.86679085300963, 19.006148494419058], [72.86679085300963, 19.00880810041906], [72.86397787225542, 19.00880810041906], [72.86397787225542, 19.006148494419058]]]}}, {"type": "Feature", "properties": {"pocket_id": "NS-0770", "city": "Mumbai", "ward": "S Ward"}, "geometry": {"type": "Polygon", "coordinates": [[[72.94510051031367, 19.12326240319045], [72.94775521459906, 19.12326240319045], [72.94775521459906, 19.12577059119045], [72.94510051031367, 19.12577059119045], [72.94510051031367, 19.12326240319045]]]}}, {"type": "Feature", "properties": {"pocket_id": "NS-0771", "city": "Kalyan", "ward": "Kalyan West"}, "geometry": {"type": "Polygon", "coordinates": [[[73.13509524928185, 19.28708841669061], [73.13800057867124, 19.28708841669061], [73.13800057867124, 19.28983066269061], [73.13509524928185, 19.28983066269061], [73.13509524928185, 19.28708841669061]]]}}, {"type": "Feature", "properties": {"pocket_id": "NS-0772", "city": "Mumbai", "ward": "S Ward"}, "geometry": {"type": "Polygon", "coordinates": [[[72.9441740517221, 19.11912954284631], [72.94779808212176, 19.11912954284631], [72.94779808212176, 19.122553634846312], [72.9441740517221, 19.122553634846312], [72.9441740517221, 19.11912954284631]]]}}, {"type": "Feature", "properties": {"pocket_id": "NS-0773", "city": "Mumbai", "ward": "S Ward"}, "geometry": {"type": "Polygon", "coordinates": [[[72.91296233377757, 19.12748484665478], [72.91566618837528, 19.12748484665478], [72.91566618837528, 19.13003940665478], [72.91296233377757, 19.13003940665478], [72.91296233377757, 19.12748484665478]]]}}, {"type": "Feature", "properties": {"pocket_id": "NS-0774", "city": "Thane", "ward": "Thane West"}, "geometry": {"type": "Polygon", "coordinates": [[[72.97682545520713, 19.203886919849978], [72.97961955043134, 19.203886919849978], [72.97961955043134, 19.206525513849975], [72.97682545520713, 19.206525513849975], [72.97682545520713, 19.203886919849978]]]}}, {"type": "Feature", "properties": {"pocket_id": "NS-0775", "city": "Kalyan", "ward": "Kalyan West"}, "geometry": {"type": "Polygon", "coordinates": [[[73.12643564891339, 19.23081400991795], [73.12945350808245, 19.23081400991795], [73.12945350808245, 19.233663445917948], [73.12643564891339, 19.233663445917948], [73.12643564891339, 19.23081400991795]]]}}, {"type": "Feature", "properties": {"pocket_id": "NS-0776", "city": "Mumbai", "ward": "M Ward"}, "geometry": {"type": "Polygon", "coordinates": [[[72.8576846194322, 18.986560706917263], [72.86044398118557, 18.986560706917263], [72.86044398118557, 18.989169924917267], [72.8576846194322, 18.989169924917267], [72.8576846194322, 18.986560706917263]]]}}, {"type": "Feature", "properties": {"pocket_id": "NS-0777", "city": "Mumbai", "ward": "M Ward"}, "geometry": {"type": "Polygon", "coordinates": [[[NaN, 19.00830102580454], [NaN, 19.00830102580454], [NaN, 19.01097377580454], [NaN, 19.01097377580454], [NaN, 19.00830102580454]]]}}, {"type": "Feature", "properties": {"pocket_id": "NS-0778", "city": "Thane", "ward": "Thane East"}, "geometry": {"type": "Polygon", "coordinates": [[[73.03370856647548, 19.203727031905057], [73.03686795159526, 19.203727031905057], [73.03686795159526, 19.206710585905054], [73.03370856647548, 19.206710585905054], [73.03370856647548, 19.203727031905057]]]}}, {"type": "Feature", "properties": {"pocket_id": "NS-0779", "city": "Mumbai", "ward": "M Ward"}, "geometry": {"type": "Polygon", "coordinates": [[[NaN, NaN], [NaN, NaN], [NaN, NaN], [NaN, NaN], [NaN, NaN]]]}}, {"type": "Feature", "properties": {"pocket_id": "NS-0780", "city": "Thane", "ward": "Thane East"}, "geometry": {"type": "Polygon", "coordinates": [[[NaN, 19.181703198140927], [NaN, 19.181703198140927], [NaN, 19.185080156140923], [NaN, 19.185080156140923], [NaN, 19.181703198140927]]]}}, {"type": "Feature", "properties": {"pocket_id": "NS-0781", "city": "Mumbai", "ward": "M Ward"}, "geometry": {"type": "Polygon", "coordinates": [[[72.87916827639012, 18.996104783302552], [72.88206606443256, 18.996104783302552], [72.88206606443256, 18.99884473730255], [72.87916827639012, 18.99884473730255], [72.87916827639012, 18.996104783302552]]]}}, {"type": "Feature", "properties": {"pocket_id": "NS-0782", "city": "Thane", "ward": "Thane East"}, "geometry": {"type": "Polygon", "coordinates": [[[73.05156253720742, 19.212545094099827], [73.05537598513916, 19.212545094099827], [73.05537598513916, 19.216146110099825], [73.05156253720742, 19.216146110099825], [73.05156253720742, 19.212545094099827]]]}}, {"type": "Feature", "properties": {"pocket_id": "NS-0783", "city": "Ambarnath", "ward": "Ambarnath"}, "geometry": {"type": "Polygon", "coordinates": [[[73.21803650585998, 19.182192612101304], [73.22122607707654, 19.182192612101304], [73.22122607707654, 19.185205066101304], [73.21803650585998, 19.185205066101304], [73.21803650585998, 19.182192612101304]]]}}, {"type": "Feature", "properties": {"pocket_id": "NS-0784", "city": "Kalyan", "ward": "Kalyan West"}, "geometry": {"type": "Polygon", "coordinates": [[[73.13327484108144, 19.214948897931905], [73.13612398540535, 19.214948897931905], [73.13612398540535, 19.217639295931903], [73.13327484108144, 19.217639295931903], [73.13327484108144, 19.214948897931905]]]}}, {"type": "Feature", "properties": {"pocket_id": "NS-0785", "city": "Mumbai", "ward": "M Ward"}, "geometry": {"type": "Polygon", "coordinates": [[[72.86891357935468, 19.019396179353258], [72.87236980254579, 19.019396179353258], [72.87236980254579, 19.02266368935326], [72.86891357935468, 19.02266368935326], [72.86891357935468, 19.019396179353258]]]}}, {"type": "Feature", "properties": {"pocket_id": "NS-0786", "city": "Kalyan", "ward": "Kalyan East"}, "geometry": {"type": "Polygon", "coordinates": [[[73.17025875535879, 19.225814721165257], [73.17325146050439, 19.225814721165257], [73.17325146050439, 19.22864049316526], [73.17025875535879, 19.22864049316526], [73.17025875535879, 19.225814721165257]]]}}, {"type": "Feature", "properties": {"pocket_id": "NS-0787", "city": "Mumbai", "ward": "L Ward"}, "geometry": {"type": "Polygon", "coordinates": [[[72.92852256069055, 19.038551682323096], [72.9313081195876, 19.038551682323096], [72.9313081195876, 19.0411848483231], [72.92852256069055, 19.0411848483231], [72.92852256069055, 19.038551682323096]]]}}, {"type": "Feature", "properties": {"pocket_id": "NS-0788", "city": "Kalyan", "ward": "Kalyan West"}, "geometry": {"type": "Polygon", "coordinates": [[[NaN, NaN], [NaN, NaN], [NaN, NaN], [NaN, NaN], [NaN, NaN]]]}}, {"type": "Feature", "properties": {"pocket_id": "NS-0789", "city": "Mumbai", "ward": "M Ward"}, "geometry": {"type": "Polygon", "coordinates": [[[72.86966920378255, 19.007301310368142], [72.87240708733167, 19.007301310368142], [72.87240708733167, 19.009889896368144], [72.86966920378255, 19.009889896368144], [72.86966920378255, 19.007301310368142]]]}}, {"type": "Feature", "properties": {"pocket_id": "NS-0790", "city": "Kalyan", "ward": "Kalyan East"}, "geometry": {"type": "Polygon", "coordinates": [[[73.10313687324813, 19.205419784567972], [73.1061722810669, 19.205419784567972], [73.1061722810669, 19.20828623256797], [73.10313687324813, 19.20828623256797], [73.10313687324813, 19.205419784567972]]]}}, {"type": "Feature", "properties": {"pocket_id": "NS-0791", "city": "Thane", "ward": "Thane West"}, "geometry": {"type": "Polygon", "coordinates": [[[NaN, NaN], [NaN, NaN], [NaN, NaN], [NaN, NaN], [NaN, NaN]]]}}, {"type": "Feature", "properties": {"pocket_id": "NS-0792", "city": "Mumbai", "ward": "L Ward"}, "geometry": {"type": "Polygon", "coordinates": [[[72.90263817527563, 19.066660334458536], [72.90539141474082, 19.066660334458536], [72.90539141474082, 19.06926250845854], [72.90263817527563, 19.06926250845854], [72.90263817527563, 19.066660334458536]]]}}, {"type": "Feature", "properties": {"pocket_id": "NS-0793", "city": "Mumbai", "ward": "S Ward"}, "geometry": {"type": "Polygon", "coordinates": [[[72.9227567753562, 19.119581320019], [72.92548116905671, 19.119581320019], [72.92548116905671, 19.122155408019005], [72.9227567753562, 19.122155408019005], [72.9227567753562, 19.119581320019]]]}}, {"type": "Feature", "properties": {"pocket_id": "NS-0794", "city": "Mumbai", "ward": "L Ward"}, "geometry": {"type": "Polygon", "coordinates": [[[72.90927824185636, 19.06793324415406], [72.91200565804945, 19.06793324415406], [72.91200565804945, 19.07051099215406], [72.90927824185636, 19.07051099215406], [72.90927824185636, 19.06793324415406]]]}}, {"type": "Feature", "properties": {"pocket_id": "NS-0795", "city": "Mumbai", "ward": "L Ward"}, "geometry": {"type": "Polygon", "coordinates": [[[72.87563276581349, 19.04992707377534], [72.87874974905759, 19.04992707377534], [72.87874974905759, 19.05287332777534], [72.87563276581349, 19.05287332777534], [72.87563276581349, 19.04992707377534]]]}}, {"type": "Feature", "properties": {"pocket_id": "NS-0796", "city": "Kalyan", "ward": "Kalyan East"}, "geometry": {"type": "Polygon", "coordinates": [[[73.15603590510705, 19.233985580659894], [73.1589663632702, 19.233985580659894], [73.1589663632702, 19.236752440659895], [73.15603590510705, 19.236752440659895], [73.15603590510705, 19.233985580659894]]]}}, {"type": "Feature", "properties": {"pocket_id": "NS-0797", "city": "Ambarnath", "ward": "Ambarnath"}, "geometry": {"type": "Polygon", "coordinates": [[[NaN, NaN], [NaN, NaN], [NaN, NaN], [NaN, NaN], [NaN, NaN]]]}}, {"type": "Feature", "properties": {"pocket_id": "NS-0798", "city": "Mumbai", "ward": "S Ward"}, "geometry": {"type": "Polygon", "coordinates": [[[72.92517140230142, 19.146631480066866], [72.9283269001548, 19.146631480066866], [72.9283269001548, 19.149612396066864], [72.92517140230142, 19.149612396066864], [72.92517140230142, 19.146631480066866]]]}}, {"type": "Feature", "properties": {"pocket_id": "NS-0799", "city": "Mumbai", "ward": "S Ward"}, "geometry": {"type": "Polygon", "coordinates": [[[72.91135700782965, 19.157431346644227], [72.91428116762884, 19.157431346644227], [72.91428116762884, 19.160193544644226], [72.91135700782965, 19.160193544644226], [72.91135700782965, 19.157431346644227]]]}}, {"type": "Feature", "properties": {"pocket_id": "NS-0800", "city": "Thane", "ward": "Thane West"}, "geometry": {"type": "Polygon", "coordinates": [[[72.97577858191941, 19.207209740485748], [72.97874885833441, 19.207209740485748], [72.97874885833441, 19.21001465248575], [72.97577858191941, 19.21001465248575], [72.97577858191941, 19.207209740485748]]]}}, {"type": "Feature", "properties": {"pocket_id": "NS-0801", "city": "Thane", "ward": "Thane West"}, "geometry": {"type": "Polygon", "coordinates": [[[72.98017356034583, 19.240814429352326], [72.9831027232213, 19.240814429352326], [72.9831027232213, 19.243579951352324], [72.98017356034583, 19.243579951352324], [72.98017356034583, 19.240814429352326]]]}}, {"type": "Feature", "properties": {"pocket_id": "NS-0802", "city": "Thane", "ward": "Thane East"}, "geometry": {"type": "Polygon", "coordinates": [[[73.01666756988735, 19.206454834682518], [73.01947082213275, 19.206454834682518], [73.01947082213275, 19.209102034682516], [73.01666756988735, 19.209102034682516], [73.01666756988735, 19.206454834682518]]]}}, {"type": "Feature", "properties": {"pocket_id": "NS-0803", "city": "Mumbai", "ward": "L Ward"}, "geometry": {"type": "Polygon", "coordinates": [[[72.89848931059912, 19.098373976722723], [72.9013458009937, 19.098373976722723], [72.9013458009937, 19.10107321872272], [72.89848931059912, 19.10107321872272], [72.89848931059912, 19.098373976722723]]]}}, {"type": "Feature", "properties": {"pocket_id": "NS-0804", "city": "Kalyan", "ward": "Kalyan West"}, "geometry": {"type": "Polygon", "coordinates": [[[73.11237983844164, 19.225234964181787], [73.11536202482846, 19.225234964181787], [73.11536202482846, 19.228050814181785], [73.11237983844164, 19.228050814181785], [73.11237983844164, 19.225234964181787]]]}}, {"type": "Feature", "properties": {"pocket_id": "NS-0805", "city": "Thane", "ward": "Thane West"}, "geometry": {"type": "Polygon", "coordinates": [[[72.9778734763816, 19.228437017135697], [72.9808029458953, 19.228437017135697], [72.9808029458953, 19.2312030371357], [72.9778734763816, 19.2312030371357], [72.9778734763816, 19.228437017135697]]]}}, {"type": "Feature", "properties": {"pocket_id": "NS-0806", "city": "Mumbai", "ward": "M Ward"}, "geometry": {"type": "Polygon", "coordinates": [[[72.89799256985691, 19.009761886271082], [72.90074493362474, 19.009761886271082], [72.90074493362474, 19.012364124271084], [72.89799256985691, 19.012364124271084], [72.89799256985691, 19.009761886271082]]]}}, {"type": "Feature", "properties": {"pocket_id": "NS-0807", "city": "Thane", "ward": "Thane West"}, "geometry": {"type": "Polygon", "coordinates": [[[72.97069274348458, 19.22845656807962], [72.97349919245555, 19.22845656807962], [72.97349919245555, 19.231106432079617], [72.97069274348458, 19.231106432079617], [72.97069274348458, 19.22845656807962]]]}}, {"type": "Feature", "properties": {"pocket_id": "NS-0808", "city": "Mumbai", "ward": "S Ward"}, "geometry": {"type": "Polygon", "coordinates": [[[72.92492863208055, 19.133298655670608], [72.92771024947642, 19.133298655670608], [72.92771024947642, 19.13592659167061], [72.92492863208055, 19.13592659167061], [72.92492863208055, 19.133298655670608]]]}}, {"type": "Feature", "properties": {"pocket_id": "NS-0809", "city": "Mumbai", "ward": "S Ward"}, "geometry": {"type": "Polygon", "coordinates": [[[72.921889727905, 19.12215204504506], [72.92484744549758, 19.12215204504506], [72.92484744549758, 19.12494653904506], [72.921889727905, 19.12494653904506], [72.921889727905, 19.12215204504506]]]}}, {"type": "Feature", "properties": {"pocket_id": "NS-0810", "city": "Thane", "ward": "Thane West"}, "geometry": {"type": "Polygon", "coordinates": [[[NaN, NaN], [NaN, NaN], [NaN, NaN], [NaN, NaN], [NaN, NaN]]]}}, {"type": "Feature", "properties": {"pocket_id": "NS-0811", "city": "Kalyan", "ward": "Kalyan East"}, "geometry": {"type": "Polygon", "coordinates": [[[73.11721469492628, 19.209487967225737], [73.12022803246103, 19.209487967225737], [73.12022803246103, 19.21233350322574], [73.11721469492628, 19.21233350322574], [73.11721469492628, 19.209487967225737]]]}}, {"type": "Feature", "properties": {"pocket_id": "NS-0812", "city": "Mumbai", "ward": "S Ward"}, "geometry": {"type": "Polygon", "coordinates": [[[72.93126664647289, 19.127337740029922], [72.93414977471986, 19.127337740029922], [72.93414977471986, 19.130061676029925], [72.93126664647289, 19.130061676029925], [72.93126664647289, 19.127337740029922]]]}}, {"type": "Feature", "properties": {"pocket_id": "NS-0813", "city": "Mumbai", "ward": "M Ward"}, "geometry": {"type": "Polygon", "coordinates": [[[72.8578834186648, 19.007066875354838], [72.86053159424598, 19.007066875354838], [72.86053159424598, 19.009570649354835], [72.8578834186648, 19.009570649354835], [72.8578834186648, 19.007066875354838]]]}}, {"type": "Feature", "properties": {"pocket_id": "NS-0814", "city": "Mumbai", "ward": "M Ward"}, "geometry": {"type": "Polygon", "coordinates": [[[72.86815065054402, 19.041532738044765], [72.87153666206773, 19.041532738044765], [72.87153666206773, 19.044733444044766], [72.86815065054402, 19.044733444044766], [72.86815065054402, 19.041532738044765]]]}}, {"type": "Feature", "properties": {"pocket_id": "NS-0815", "city": "Mumbai", "ward": "M Ward"}, "geometry": {"type": "Polygon", "coordinates": [[[72.9050113225491, 18.99318433020304], [72.90779402519813, 18.99318433020304], [72.90779402519813, 18.99581551420304], [72.9050113225491, 18.99581551420304], [72.9050113225491, 18.99318433020304]]]}}, {"type": "Feature", "properties": {"pocket_id": "NS-0816", "city": "Mumbai", "ward": "L Ward"}, "geometry": {"type": "Polygon", "coordinates": [[[72.8996480662236, 19.059252260050968], [72.9025221476361, 19.059252260050968], [72.9025221476361, 19.061968766050967], [72.8996480662236, 19.061968766050967], [72.8996480662236, 19.059252260050968]]]}}, {"type": "Feature", "properties": {"pocket_id": "NS-0817", "city": "Thane", "ward": "Thane West"}, "geometry": {"type": "Polygon", "coordinates": [[[72.9850117868354, 19.25350386388371], [72.98802086247474, 19.25350386388371], [72.98802086247474, 19.25634461388371], [72.9850117868354, 19.25634461388371], [72.9850117868354, 19.25350386388371]]]}}, {"type": "Feature", "properties": {"pocket_id": "NS-0818", "city": "Mumbai", "ward": "M Ward"}, "geometry": {"type": "Polygon", "coordinates": [[[72.85309710833836, 18.99017634377502], [72.85615400068575, 18.99017634377502], [72.85615400068575, 18.993066837775018], [72.85309710833836, 18.993066837775018], [72.85309710833836, 18.99017634377502]]]}}, {"type": "Feature", "properties": {"pocket_id": "NS-0819", "city": "Kalyan", "ward": "Kalyan West"}, "geometry": {"type": "Polygon", "coordinates": [[[73.13932518279393, 19.255112887597893], [73.14200518045962, 19.255112887597893], [73.14200518045962, 19.25764294559789], [73.13932518279393, 19.25764294559789], [73.13932518279393, 19.255112887597893]]]}}, {"type": "Feature", "properties": {"pocket_id": "NS-0820", "city": "Mumbai", "ward": "S Ward"}, "geometry": {"type": "Polygon", "coordinates": [[[72.95972579676814, 19.1422220445468], [72.9623746493539, 19.1422220445468], [72.9623746493539, 19.1447244165468], [72.95972579676814, 19.1447244165468], [72.95972579676814, 19.1422220445468]]]}}, {"type": "Feature", "properties": {"pocket_id": "NS-0821", "city": "Ambarnath", "ward": "Ambarnath"}, "geometry": {"type": "Polygon", "coordinates": [[[73.16621195297574, 19.204110690954465], [73.16911032617912, 19.204110690954465], [73.16911032617912, 19.206847754954467], [73.16621195297574, 19.206847754954467], [73.16621195297574, 19.204110690954465]]]}}, {"type": "Feature", "properties": {"pocket_id": "NS-0822", "city": "Thane", "ward": "Thane East"}, "geometry": {"type": "Polygon", "coordinates": [[[73.01185053437166, 19.209808494961504], [73.01473208336853, 19.209808494961504], [73.01473208336853, 19.212529576961504], [73.01185053437166, 19.212529576961504], [73.01185053437166, 19.209808494961504]]]}}, {"type": "Feature", "properties": {"pocket_id": "NS-0823", "city": "Thane", "ward": "Thane West"}, "geometry": {"type": "Polygon", "coordinates": [[[72.96819519290541, 19.208938994443834], [72.97100134461037, 19.208938994443834], [72.97100134461037, 19.211588892443835], [72.96819519290541, 19.211588892443835], [72.96819519290541, 19.208938994443834]]]}}, {"type": "Feature", "properties": {"pocket_id": "NS-0824", "city": "Mumbai", "ward": "M Ward"}, "geometry": {"type": "Polygon", "coordinates": [[[72.86718642322127, 18.993983261895533], [72.87018751032288, 18.993983261895533], [72.87018751032288, 18.99682092389553], [72.86718642322127, 18.99682092389553], [72.86718642322127, 18.993983261895533]]]}}, {"type": "Feature", "properties": {"pocket_id": "NS-0825", "city": "Mumbai", "ward": "M Ward"}, "geometry": {"type": "Polygon", "coordinates": [[[72.87973991151992, 19.03470212432212], [72.88247468577177, 19.03470212432212], [72.88247468577177, 19.03728734432212], [72.87973991151992, 19.03728734432212], [72.87973991151992, 19.03470212432212]]]}}, {"type": "Feature", "properties": {"pocket_id": "NS-0826", "city": "Mumbai", "ward": "M Ward"}, "geometry": {"type": "Polygon", "coordinates": [[[72.90333264649658, 19.00548749438005], [72.90612398244056, 19.00548749438005], [72.90612398244056, 19.00812664638005], [72.90333264649658, 19.00812664638005], [72.90333264649658, 19.00548749438005]]]}}, {"type": "Feature", "properties": {"pocket_id": "NS-0827", "city": "Ulhasnagar", "ward": "Ulhasnagar"}, "geometry": {"type": "Polygon", "coordinates": [[[73.16408126944249, 19.242620674555443], [73.16697692628897, 19.242620674555443], [73.16697692628897, 19.245354532555442], [73.16408126944249, 19.245354532555442], [73.16408126944249, 19.242620674555443]]]}}, {"type": "Feature", "properties": {"pocket_id": "NS-0828", "city": "Ambarnath", "ward": "Ambarnath"}, "geometry": {"type": "Polygon", "coordinates": [[[73.16675943051665, 19.157039277079164], [73.16962487535274, 19.157039277079164], [73.16962487535274, 19.159746019079165], [73.16675943051665, 19.159746019079165], [73.16675943051665, 19.157039277079164]]]}}, {"type": "Feature", "properties": {"pocket_id": "NS-0829", "city": "Kalyan", "ward": "Kalyan East"}, "geometry": {"type": "Polygon", "coordinates": [[[73.13419518107406, 19.22727520280349], [73.13708843429637, 19.22727520280349], [73.13708843429637, 19.230007046803493], [73.13419518107406, 19.230007046803493], [73.13419518107406, 19.22727520280349]]]}}, {"type": "Feature", "properties": {"pocket_id": "NS-0830", "city": "Thane", "ward": "Thane West"}, "geometry": {"type": "Polygon", "coordinates": [[[72.93800707552357, 19.206164448694558], [72.94097596488619, 19.206164448694558], [72.94097596488619, 19.20896806869456], [72.93800707552357, 19.20896806869456], [72.93800707552357, 19.206164448694558]]]}}, {"type": "Feature", "properties": {"pocket_id": "NS-0831", "city": "Mumbai", "ward": "S Ward"}, "geometry": {"type": "Polygon", "coordinates": [[[72.92072236447075, 19.116988673719227], [72.92427285553393, 19.116988673719227], [72.92427285553393, 19.120343327719226], [72.92072236447075, 19.120343327719226], [72.92072236447075, 19.116988673719227]]]}}, {"type": "Feature", "properties": {"pocket_id": "NS-0832", "city": "Mumbai", "ward": "M Ward"}, "geometry": {"type": "Polygon", "coordinates": [[[72.87459854968549, 18.99808020459103], [72.8774999088275, 18.99808020459103], [72.8774999088275, 19.00082350259103], [72.87459854968549, 19.00082350259103], [72.87459854968549, 18.99808020459103]]]}}, {"type": "Feature", "properties": {"pocket_id": "NS-0833", "city": "Thane", "ward": "Thane East"}, "geometry": {"type": "Polygon", "coordinates": [[[73.03036747097154, 19.178446346167004], [73.03327690122099, 19.178446346167004], [73.03327690122099, 19.181194280167002], [73.03036747097154, 19.181194280167002], [73.03036747097154, 19.178446346167004]]]}}, {"type": "Feature", "properties": {"pocket_id": "NS-0834", "city": "Thane", "ward": "Thane East"}, "geometry": {"type": "Polygon", "coordinates": [[[73.00335070065836, 19.220728938892037], [73.00623174424231, 19.220728938892037], [73.00623174424231, 19.22344936289204], [73.00335070065836, 19.22344936289204], [73.00335070065836, 19.220728938892037]]]}}, {"type": "Feature", "properties": {"pocket_id": "NS-0835", "city": "Mumbai", "ward": "M Ward"}, "geometry": {"type": "Polygon", "coordinates": [[[NaN, 19.001973779548127], [NaN, 19.001973779548127], [NaN, 19.005112965548125], [NaN, 19.005112965548125], [NaN, 19.001973779548127]]]}}, {"type": "Feature", "properties": {"pocket_id": "NS-0836", "city": "Thane", "ward": "Thane West"}, "geometry": {"type": "Polygon", "coordinates": [[[72.97181948625791, 19.217398195978195], [72.97447038687349, 19.217398195978195], [72.97447038687349, 19.21990135997819], [72.97181948625791, 19.21990135997819], [72.97181948625791, 19.217398195978195]]]}}, {"type": "Feature", "properties": {"pocket_id": "NS-0837", "city": "Mumbai", "ward": "S Ward"}, "geometry": {"type": "Polygon", "coordinates": [[[NaN, NaN], [NaN, NaN], [NaN, NaN], [NaN, NaN], [NaN, NaN]]]}}, {"type": "Feature", "properties": {"pocket_id": "NS-0838", "city": "Thane", "ward": "Thane West"}, "geometry": {"type": "Polygon", "coordinates": [[[NaN, NaN], [NaN, NaN], [NaN, NaN], [NaN, NaN], [NaN, NaN]]]}}, {"type": "Feature", "properties": {"pocket_id": "NS-0839", "city": "Kalyan", "ward": "Kalyan West"}, "geometry": {"type": "Polygon", "coordinates": [[[73.12379786068206, 19.263902100144193], [73.12679257829981, 19.263902100144193], [73.12679257829981, 19.26672911614419], [73.12379786068206, 19.26672911614419], [73.12379786068206, 19.263902100144193]]]}}, {"type": "Feature", "properties": {"pocket_id": "NS-0840", "city": "Kalyan", "ward": "Kalyan East"}, "geometry": {"type": "Polygon", "coordinates": [[[73.1223622858106, 19.225788345506558], [73.12514161903621, 19.225788345506558], [73.12514161903621, 19.22841264950656], [73.1223622858106, 19.22841264950656], [73.1223622858106, 19.225788345506558]]]}}, {"type": "Feature", "properties": {"pocket_id": "NS-0841", "city": "Thane", "ward": "Thane East"}, "geometry": {"type": "Polygon", "coordinates": [[[72.99670182995423, 19.20450417033635], [72.99948686473418, 19.20450417033635], [72.99948686473418, 19.207134198336348], [72.99670182995423, 19.207134198336348], [72.99670182995423, 19.20450417033635]]]}}, {"type": "Feature", "properties": {"pocket_id": "NS-0842", "city": "Mumbai", "ward": "M Ward"}, "geometry": {"type": "Polygon", "coordinates": [[[NaN, NaN], [NaN, NaN], [NaN, NaN], [NaN, NaN], [NaN, NaN]]]}}, {"type": "Feature", "properties": {"pocket_id": "NS-0843", "city": "Mumbai", "ward": "L Ward"}, "geometry": {"type": "Polygon", "coordinates": [[[72.87399709140902, 19.04136041920518], [72.87689259007738, 19.04136041920518], [72.87689259007738, 19.04409746320518], [72.87399709140902, 19.04409746320518], [72.87399709140902, 19.04136041920518]]]}}, {"type": "Feature", "properties": {"pocket_id": "NS-0844", "city": "Mumbai", "ward": "L Ward"}, "geometry": {"type": "Polygon", "coordinates": [[[NaN, NaN], [NaN, NaN], [NaN, NaN], [NaN, NaN], [NaN, NaN]]]}}, {"type": "Feature", "properties": {"pocket_id": "NS-0845", "city": "Mumbai", "ward": "M Ward"}, "geometry": {"type": "Polygon", "coordinates": [[[72.87726205859119, 19.0101233723019], [72.88011507290855, 19.0101233723019], [72.88011507290855, 19.012820764301903], [72.87726205859119, 19.012820764301903], [72.87726205859119, 19.0101233723019]]]}}, {"type": "Feature", "properties": {"pocket_id": "NS-0846", "city": "Mumbai", "ward": "M Ward"}, "geometry": {"type": "Polygon", "coordinates": [[[72.85601775182359, 19.03229464946401], [72.85866609879245, 19.03229464946401], [72.85866609879245, 19.03479820546401], [72.85601775182359, 19.03479820546401], [72.85601775182359, 19.03229464946401]]]}}, {"type": "Feature", "properties": {"pocket_id": "NS-0847", "city": "Mumbai", "ward": "M Ward"}, "geometry": {"type": "Polygon", "coordinates": [[[NaN, NaN], [NaN, NaN], [NaN, NaN], [NaN, NaN], [NaN, NaN]]]}}, {"type": "Feature", "properties": {"pocket_id": "NS-0848", "city": "Mumbai", "ward": "S Ward"}, "geometry": {"type": "Polygon", "coordinates": [[[72.95739845100678, 19.142311254908275], [72.96011863193758, 19.142311254908275], [72.96011863193758, 19.144881008908275], [72.95739845100678, 19.144881008908275], [72.95739845100678, 19.142311254908275]]]}}, {"type": "Feature", "properties": {"pocket_id": "NS-0849", "city": "Thane", "ward": "Thane West"}, "geometry": {"type": "Polygon", "coordinates": [[[NaN, NaN], [NaN, NaN], [NaN, NaN], [NaN, NaN], [NaN, NaN]]]}}, {"type": "Feature", "properties": {"pocket_id": "NS-0850", "city": "Mumbai", "ward": "L Ward"}, "geometry": {"type": "Polygon", "coordinates": [[[72.88586435656913, 19.060787736365576], [72.88868888554538, 19.060787736365576], [72.88868888554538, 19.063457382365577], [72.88586435656913, 19.063457382365577], [72.88586435656913, 19.060787736365576]]]}}, {"type": "Feature", "properties": {"pocket_id": "NS-0851", "city": "Ambarnath", "ward": "Ambarnath"}, "geometry": {"type": "Polygon", "coordinates": [[[NaN, NaN], [NaN, NaN], [NaN, NaN], [NaN, NaN], [NaN, NaN]]]}}, {"type": "Feature", "properties": {"pocket_id": "NS-0852", "city": "Ambarnath", "ward": "Ambarnath"}, "geometry": {"type": "Polygon", "coordinates": [[[73.20770210827702, 19.187023472103974], [73.21054214162426, 19.187023472103974], [73.21054214162426, 19.189705722103973], [73.20770210827702, 19.189705722103973], [73.20770210827702, 19.187023472103974]]]}}, {"type": "Feature", "properties": {"pocket_id": "NS-0853", "city": "Mumbai", "ward": "M Ward"}, "geometry": {"type": "Polygon", "coordinates": [[[72.87858383609083, 18.994849811213996], [72.88181235386375, 18.994849811213996], [72.88181235386375, 18.997902501213993], [72.87858383609083, 18.997902501213993], [72.87858383609083, 18.994849811213996]]]}}, {"type": "Feature", "properties": {"pocket_id": "NS-0854", "city": "Thane", "ward": "Thane West"}, "geometry": {"type": "Polygon", "coordinates": [[[73.00441461888671, 19.24552762177984], [73.00759353059901, 19.24552762177984], [73.00759353059901, 19.24852885177984], [73.00441461888671, 19.24852885177984], [73.00441461888671, 19.24552762177984]]]}}, {"type": "Feature", "properties": {"pocket_id": "NS-0855", "city": "Mumbai", "ward": "S Ward"}, "geometry": {"type": "Polygon", "coordinates": [[[72.92312273782949, 19.12801149373834], [72.92641389791004, 19.12801149373834], [72.92641389791004, 19.131120915738343], [72.92312273782949, 19.131120915738343], [72.92312273782949, 19.12801149373834]]]}}, {"type": "Feature", "properties": {"pocket_id": "NS-0856", "city": "Mumbai", "ward": "M Ward"}, "geometry": {"type": "Polygon", "coordinates": [[[72.8883159149963, 19.033315953081807], [72.89116968295033, 19.033315953081807], [72.89116968295033, 19.03601368108181], [72.8883159149963, 19.03601368108181], [72.8883159149963, 19.033315953081807]]]}}, {"type": "Feature", "properties": {"pocket_id": "NS-0857", "city": "Mumbai", "ward": "L Ward"}, "geometry": {"type": "Polygon", "coordinates": [[[72.90843895455839, 19.064490042192713], [72.91149338450558, 19.064490042192713], [72.91149338450558, 19.06737691619271], [72.90843895455839, 19.06737691619271], [72.90843895455839, 19.064490042192713]]]}}, {"type": "Feature", "properties": {"pocket_id": "NS-0858", "city": "Thane", "ward": "Thane West"}, "geometry": {"type": "Polygon", "coordinates": [[[72.97208394913571, 19.246540794745226], [72.97551977097771, 19.246540794745226], [72.97551977097771, 19.24978455274523], [72.97208394913571, 19.24978455274523], [72.97208394913571, 19.246540794745226]]]}}, {"type": "Feature", "properties": {"pocket_id": "NS-0859", "city": "Thane", "ward": "Thane West"}, "geometry": {"type": "Polygon", "coordinates": [[[72.98847256853246, 19.239430656129812], [72.99134049083374, 19.239430656129812], [72.99134049083374, 19.24213838212981], [72.98847256853246, 19.24213838212981], [72.98847256853246, 19.239430656129812]]]}}, {"type": "Feature", "properties": {"pocket_id": "NS-0860", "city": "Mumbai", "ward": "M Ward"}, "geometry": {"type": "Polygon", "coordinates": [[[72.87518719810427, 19.041007368322493], [72.87852564410471, 19.041007368322493], [72.87852564410471, 19.04416312232249], [72.87518719810427, 19.04416312232249], [72.87518719810427, 19.041007368322493]]]}}, {"type": "Feature", "properties": {"pocket_id": "NS-0861", "city": "Thane", "ward": "Thane West"}, "geometry": {"type": "Polygon", "coordinates": [[[72.95411747013006, 19.21769498001459], [72.95720291935274, 19.21769498001459], [72.95720291935274, 19.220608466014586], [72.95411747013006, 19.220608466014586], [72.95411747013006, 19.21769498001459]]]}}, {"type": "Feature", "properties": {"pocket_id": "NS-0862", "city": "Thane", "ward": "Thane East"}, "geometry": {"type": "Polygon", "coordinates": [[[73.0079589281274, 19.185040455908283], [73.01064383125772, 19.185040455908283], [73.01064383125772, 19.187576225908284], [73.0079589281274, 19.187576225908284], [73.0079589281274, 19.185040455908283]]]}}, {"type": "Feature", "properties": {"pocket_id": "NS-0863", "city": "Mumbai", "ward": "M Ward"}, "geometry": {"type": "Polygon", "coordinates": [[[72.88530622480198, 19.01198438442346], [72.88908623715454, 19.01198438442346], [72.88908623715454, 19.015558160423463], [72.88530622480198, 19.015558160423463], [72.88530622480198, 19.01198438442346]]]}}, {"type": "Feature", "properties": {"pocket_id": "NS-0864", "city": "Thane", "ward": "Thane East"}, "geometry": {"type": "Polygon", "coordinates": [[[73.01906230108628, 19.202520475259018], [73.02184246083746, 19.202520475259018], [73.02184246083746, 19.205145931259015], [73.01906230108628, 19.205145931259015], [73.01906230108628, 19.202520475259018]]]}}, {"type": "Feature", "properties": {"pocket_id": "NS-0865", "city": "Ambarnath", "ward": "Ambarnath"}, "geometry": {"type": "Polygon", "coordinates": [[[73.19454560210701, 19.197032486574688], [73.1975656282008, 19.197032486574688], [73.1975656282008, 19.19988455457469], [73.19454560210701, 19.19988455457469], [73.19454560210701, 19.197032486574688]]]}}, {"type": "Feature", "properties": {"pocket_id": "NS-0866", "city": "Mumbai", "ward": "M Ward"}, "geometry": {"type": "Polygon", "coordinates": [[[NaN, 18.98989626905995], [NaN, 18.98989626905995], [NaN, 18.99281783705995], [NaN, 18.99281783705995], [NaN, 18.98989626905995]]]}}, {"type": "Feature", "properties": {"pocket_id": "NS-0867", "city": "Thane", "ward": "Thane East"}, "geometry": {"type": "Polygon", "coordinates": [[[72.99924965248294, 19.24897814621941], [73.00268384541556, 19.24897814621941], [73.00268384541556, 19.25222031821941], [72.99924965248294, 19.25222031821941], [72.99924965248294, 19.24897814621941]]]}}, {"type": "Feature", "properties": {"pocket_id": "NS-0868", "city": "Mumbai", "ward": "M Ward"}, "geometry": {"type": "Polygon", "coordinates": [[[72.86027164115909, 19.01910080799137], [72.86339861921978, 19.01910080799137], [72.86339861921978, 19.02205705799137], [72.86027164115909, 19.02205705799137], [72.86027164115909, 19.01910080799137]]]}}, {"type": "Feature", "properties": {"pocket_id": "NS-0869", "city": "Mumbai", "ward": "S Ward"}, "geometry": {"type": "Polygon", "coordinates": [[[72.94588059763973, 19.156125511578878], [72.94865108609949, 19.156125511578878], [72.94865108609949, 19.158742571578877], [72.94588059763973, 19.158742571578877], [72.94588059763973, 19.156125511578878]]]}}, {"type": "Feature", "properties": {"pocket_id": "NS-0870", "city": "Thane", "ward": "Thane East"}, "geometry": {"type": "Polygon", "coordinates": [[[73.04640630038277, 19.16541415886071], [73.04983623958044, 19.16541415886071], [73.04983623958044, 19.168653960860713], [73.04640630038277, 19.168653960860713], [73.04640630038277, 19.16541415886071]]]}}, {"type": "Feature", "properties": {"pocket_id": "NS-0871", "city": "Mumbai", "ward": "M Ward"}, "geometry": {"type": "Polygon", "coordinates": [[[72.8759499105737, 18.97119489904796], [72.87922935801669, 18.97119489904796], [72.87922935801669, 18.97429618504796], [72.8759499105737, 18.97429618504796], [72.8759499105737, 18.97119489904796]]]}}, {"type": "Feature", "properties": {"pocket_id": "NS-0872", "city": "Mumbai", "ward": "M Ward"}, "geometry": {"type": "Polygon", "coordinates": [[[72.85430175724797, 18.960640917157264], [72.85747981118313, 18.960640917157264], [72.85747981118313, 18.963646509157265], [72.85430175724797, 18.963646509157265], [72.85430175724797, 18.960640917157264]]]}}, {"type": "Feature", "properties": {"pocket_id": "NS-0873", "city": "Mumbai", "ward": "M Ward"}, "geometry": {"type": "Polygon", "coordinates": [[[72.88386350753557, 18.974383716582228], [72.8865169962907, 18.974383716582228], [72.8865169962907, 18.976893006582227], [72.88386350753557, 18.976893006582227], [72.88386350753557, 18.974383716582228]]]}}, {"type": "Feature", "properties": {"pocket_id": "NS-0874", "city": "Mumbai", "ward": "M Ward"}, "geometry": {"type": "Polygon", "coordinates": [[[72.87851770203847, 19.01301909026325], [72.88169561349926, 19.01301909026325], [72.88169561349926, 19.016023602263246], [72.87851770203847, 19.016023602263246], [72.87851770203847, 19.01301909026325]]]}}, {"type": "Feature", "properties": {"pocket_id": "NS-0875", "city": "Mumbai", "ward": "M Ward"}, "geometry": {"type": "Polygon", "coordinates": [[[72.88435155854243, 19.00850564307392], [72.88727625663243, 19.00850564307392], [72.88727625663243, 19.01127083507392], [72.88435155854243, 19.01127083507392], [72.88435155854243, 19.00850564307392]]]}}, {"type": "Feature", "properties": {"pocket_id": "NS-0876", "city": "Mumbai", "ward": "S Ward"}, "geometry": {"type": "Polygon", "coordinates": [[[NaN, 19.17806576245342], [NaN, 19.17806576245342], [NaN, 19.18104910045342], [NaN, 19.18104910045342], [NaN, 19.17806576245342]]]}}, {"type": "Feature", "properties": {"pocket_id": "NS-0877", "city": "Mumbai", "ward": "M Ward"}, "geometry": {"type": "Polygon", "coordinates": [[[72.86501371827134, 19.003495705187774], [72.86770034636018, 19.003495705187774], [72.86770034636018, 19.00603588918777], [72.86501371827134, 19.00603588918777], [72.86501371827134, 19.003495705187774]]]}}, {"type": "Feature", "properties": {"pocket_id": "NS-0878", "city": "Thane", "ward": "Thane West"}, "geometry": {"type": "Polygon", "coordinates": [[[72.99585370016938, 19.23586579049439], [72.9987557664566, 19.23586579049439], [72.9987557664566, 19.238605812494388], [72.99585370016938, 19.238605812494388], [72.99585370016938, 19.23586579049439]]]}}, {"type": "Feature", "properties": {"pocket_id": "NS-0879", "city": "Mumbai", "ward": "L Ward"}, "geometry": {"type": "Polygon", "coordinates": [[[72.8932701661466, 19.071368087856538], [72.89699098457893, 19.071368087856538], [72.89699098457893, 19.07488464185654], [72.8932701661466, 19.07488464185654], [72.8932701661466, 19.071368087856538]]]}}, {"type": "Feature", "properties": {"pocket_id": "NS-0880", "city": "Mumbai", "ward": "M Ward"}, "geometry": {"type": "Polygon", "coordinates": [[[NaN, 19.00315925220308], [NaN, 19.00315925220308], [NaN, 19.00575743220308], [NaN, 19.00575743220308], [NaN, 19.00315925220308]]]}}, {"type": "Feature", "properties": {"pocket_id": "NS-0881", "city": "Mumbai", "ward": "S Ward"}, "geometry": {"type": "Polygon", "coordinates": [[[72.9588796774374, 19.132417389763937], [72.96169455868737, 19.132417389763937], [72.96169455868737, 19.135076765763934], [72.9588796774374, 19.135076765763934], [72.9588796774374, 19.132417389763937]]]}}, {"type": "Feature", "properties": {"pocket_id": "NS-0882", "city": "Thane", "ward": "Thane West"}, "geometry": {"type": "Polygon", "coordinates": [[[72.98146803928972, 19.242109913031978], [72.98437244661713, 19.242109913031978], [72.98437244661713, 19.24485204103198], [72.98146803928972, 19.24485204103198], [72.98146803928972, 19.242109913031978]]]}}, {"type": "Feature", "properties": {"pocket_id": "NS-0883", "city": "Mumbai", "ward": "S Ward"}, "geometry": {"type": "Polygon", "coordinates": [[[72.93610133354413, 19.118855371860935], [72.93892406352454, 19.118855371860935], [72.93892406352454, 19.121522381860938], [72.93610133354413, 19.121522381860938], [72.93610133354413, 19.118855371860935]]]}}, {"type": "Feature", "properties": {"pocket_id": "NS-0884", "city": "Ambarnath", "ward": "Ambarnath"}, "geometry": {"type": "Polygon", "coordinates": [[[73.2109744060128, 19.193512097397303], [73.2141262993221, 19.193512097397303], [73.2141262993221, 19.196488761397305], [73.2109744060128, 19.196488761397305], [73.2109744060128, 19.193512097397303]]]}}, {"type": "Feature", "properties": {"pocket_id": "NS-0885", "city": "Mumbai", "ward": "M Ward"}, "geometry": {"type": "Polygon", "coordinates": [[[72.86318396800736, 18.99189637787849], [72.86626850766827, 18.99189637787849], [72.86626850766827, 18.99481298387849], [72.86318396800736, 18.99481298387849], [72.86318396800736, 18.99189637787849]]]}}, {"type": "Feature", "properties": {"pocket_id": "NS-0886", "city": "Kalyan", "ward": "Kalyan West"}, "geometry": {"type": "Polygon", "coordinates": [[[73.15062015097041, 19.257437621484204], [73.15350410363732, 19.257437621484204], [73.15350410363732, 19.260160183484206], [73.15062015097041, 19.260160183484206], [73.15062015097041, 19.257437621484204]]]}}, {"type": "Feature", "properties": {"pocket_id": "NS-0887", "city": "Thane", "ward": "Thane East"}, "geometry": {"type": "Polygon", "coordinates": [[[NaN, NaN], [NaN, NaN], [NaN, NaN], [NaN, NaN], [NaN, NaN]]]}}, {"type": "Feature", "properties": {"pocket_id": "NS-0888", "city": "Mumbai", "ward": "S Ward"}, "geometry": {"type": "Polygon", "coordinates": [[[72.93725849905599, 19.143610807831653], [72.94012620250689, 19.143610807831653], [72.94012620250689, 19.14631990383165], [72.93725849905599, 19.14631990383165], [72.93725849905599, 19.143610807831653]]]}}, {"type": "Feature", "properties": {"pocket_id": "NS-0889", "city": "Mumbai", "ward": "M Ward"}, "geometry": {"type": "Polygon", "coordinates": [[[NaN, 18.99146141096939], [NaN, 18.99146141096939], [NaN, 18.99417966896939], [NaN, 18.99417966896939], [NaN, 18.99146141096939]]]}}, {"type": "Feature", "properties": {"pocket_id": "NS-0890", "city": "Mumbai", "ward": "L Ward"}, "geometry": {"type": "Polygon", "coordinates": [[[NaN, 19.05058514370265], [NaN, 19.05058514370265], [NaN, 19.05333838570265], [NaN, 19.05333838570265], [NaN, 19.05058514370265]]]}}, {"type": "Feature", "properties": {"pocket_id": "NS-0891", "city": "Thane", "ward": "Thane East"}, "geometry": {"type": "Polygon", "coordinates": [[[73.02089338328027, 19.21008986401109], [73.02382714504505, 19.21008986401109], [73.02382714504505, 19.21286024601109], [73.02089338328027, 19.21286024601109], [73.02089338328027, 19.21008986401109]]]}}, {"type": "Feature", "properties": {"pocket_id": "NS-0892", "city": "Mumbai", "ward": "S Ward"}, "geometry": {"type": "Polygon", "coordinates": [[[72.92861741151077, 19.121132768940015], [72.9324828026133, 19.121132768940015], [72.9324828026133, 19.124784858940018], [72.92861741151077, 19.124784858940018], [72.92861741151077, 19.121132768940015]]]}}, {"type": "Feature", "properties": {"pocket_id": "NS-0893", "city": "Mumbai", "ward": "M Ward"}, "geometry": {"type": "Polygon", "coordinates": [[[72.88033703457728, 18.99819826532404], [72.88342703840144, 18.99819826532404], [72.88342703840144, 19.001119927324037], [72.88033703457728, 19.001119927324037], [72.88033703457728, 18.99819826532404]]]}}, {"type": "Feature", "properties": {"pocket_id": "NS-0894", "city": "Mumbai", "ward": "L Ward"}, "geometry": {"type": "Polygon", "coordinates": [[[72.89320334032497, 19.039974999087807], [72.89608429419623, 19.039974999087807], [72.89608429419623, 19.042698317087808], [72.89320334032497, 19.042698317087808], [72.89320334032497, 19.039974999087807]]]}}, {"type": "Feature", "properties": {"pocket_id": "NS-0895", "city": "Kalyan", "ward": "Kalyan West"}, "geometry": {"type": "Polygon", "coordinates": [[[73.08389204120458, 19.25162071114788], [73.08674381326249, 19.25162071114788], [73.08674381326249, 19.254312989147877], [73.08389204120458, 19.254312989147877], [73.08389204120458, 19.25162071114788]]]}}, {"type": "Feature", "properties": {"pocket_id": "NS-0896", "city": "Mumbai", "ward": "S Ward"}, "geometry": {"type": "Polygon", "coordinates": [[[72.9513135082928, 19.134514579699783], [72.95462673218955, 19.134514579699783], [72.95462673218955, 19.13764472369978], [72.9513135082928, 19.13764472369978], [72.9513135082928, 19.134514579699783]]]}}, {"type": "Feature", "properties": {"pocket_id": "NS-0897", "city": "Mumbai", "ward": "S Ward"}, "geometry": {"type": "Polygon", "coordinates": [[[72.94210654389951, 19.13453424376311], [72.9454899827073, 19.13453424376311], [72.9454899827073, 19.13773072176311], [72.94210654389951, 19.13773072176311], [72.94210654389951, 19.13453424376311]]]}}, {"type": "Feature", "properties": {"pocket_id": "NS-0898", "city": "Mumbai", "ward": "M Ward"}, "geometry": {"type": "Polygon", "coordinates": [[[72.90000923895207, 19.002168385274622], [72.90264916725954, 19.002168385274622], [72.90264916725954, 19.00466443527462], [72.90000923895207, 19.00466443527462], [72.90000923895207, 19.002168385274622]]]}}, {"type": "Feature", "properties": {"pocket_id": "NS-0899", "city": "Thane", "ward": "Thane West"}, "geometry": {"type": "Polygon", "coordinates": [[[73.00024518083593, 19.205673461411592], [73.00334567671256, 19.205673461411592], [73.00334567671256, 19.20860136941159], [73.00024518083593, 19.20860136941159], [73.00024518083593, 19.205673461411592]]]}}, {"type": "Feature", "properties": {"pocket_id": "NS-0900", "city": "Mumbai", "ward": "M Ward"}, "geometry": {"type": "Polygon", "coordinates": [[[72.87401001513862, 18.999953496409866], [72.87731680633487, 18.999953496409866], [72.87731680633487, 19.003080100409868], [72.87401001513862, 19.003080100409868], [72.87401001513862, 18.999953496409866]]]}}, {"type": "Feature", "properties": {"pocket_id": "NS-0901", "city": "Mumbai", "ward": "L Ward"}, "geometry": {"type": "Polygon", "coordinates": [[[NaN, NaN], [NaN, NaN], [NaN, NaN], [NaN, NaN], [NaN, NaN]]]}}, {"type": "Feature", "properties": {"pocket_id": "NS-0902", "city": "Mumbai", "ward": "M Ward"}, "geometry": {"type": "Polygon", "coordinates": [[[72.89503435056221, 19.0108548416524], [72.89789675505875, 19.0108548416524], [72.89789675505875, 19.013561099652403], [72.89503435056221, 19.013561099652403], [72.89503435056221, 19.0108548416524]]]}}, {"type": "Feature", "properties": {"pocket_id": "NS-0903", "city": "Ambarnath", "ward": "Ambarnath"}, "geometry": {"type": "Polygon", "coordinates": [[[73.18731344801823, 19.19336387755402], [73.19008160637442, 19.19336387755402], [73.19008160637442, 19.195978145554022], [73.18731344801823, 19.195978145554022], [73.18731344801823, 19.19336387755402]]]}}, {"type": "Feature", "properties": {"pocket_id": "NS-0904", "city": "Mumbai", "ward": "M Ward"}, "geometry": {"type": "Polygon", "coordinates": [[[72.85343500808716, 19.03349025868888], [72.85651552530257, 19.03349025868888], [72.85651552530257, 19.03640233268888], [72.85343500808716, 19.03640233268888], [72.85343500808716, 19.03349025868888]]]}}, {"type": "Feature", "properties": {"pocket_id": "NS-0905", "city": "Mumbai", "ward": "M Ward"}, "geometry": {"type": "Polygon", "coordinates": [[[72.89510420107695, 19.012166305728545], [72.89807901466239, 19.012166305728545], [72.89807901466239, 19.014978817728544], [72.89510420107695, 19.014978817728544], [72.89510420107695, 19.012166305728545]]]}}, {"type": "Feature", "properties": {"pocket_id": "NS-0906", "city": "Mumbai", "ward": "M Ward"}, "geometry": {"type": "Polygon", "coordinates": [[[72.87923172963043, 19.01112885947365], [72.88220452769995, 19.01112885947365], [72.88220452769995, 19.01393948347365], [72.87923172963043, 19.01393948347365], [72.87923172963043, 19.01112885947365]]]}}, {"type": "Feature", "properties": {"pocket_id": "NS-0907", "city": "Thane", "ward": "Thane East"}, "geometry": {"type": "Polygon", "coordinates": [[[73.02799009222197, 19.219900836658294], [73.0309270325471, 19.219900836658294], [73.0309270325471, 19.222674054658295], [73.02799009222197, 19.222674054658295], [73.02799009222197, 19.219900836658294]]]}}, {"type": "Feature", "properties": {"pocket_id": "NS-0908", "city": "Mumbai", "ward": "S Ward"}, "geometry": {"type": "Polygon", "coordinates": [[[72.92348852765313, 19.130737004752497], [72.92619339869638, 19.130737004752497], [72.92619339869638, 19.133292474752494], [72.92348852765313, 19.133292474752494], [72.92348852765313, 19.130737004752497]]]}}, {"type": "Feature", "properties": {"pocket_id": "NS-0909", "city": "Mumbai", "ward": "M Ward"}, "geometry": {"type": "Polygon", "coordinates": [[[72.8411594135138, 19.003974297966245], [72.84442143749047, 19.003974297966245], [72.84442143749047, 19.00705849996624], [72.8411594135138, 19.00705849996624], [72.8411594135138, 19.003974297966245]]]}}, {"type": "Feature", "properties": {"pocket_id": "NS-0910", "city": "Mumbai", "ward": "L Ward"}, "geometry": {"type": "Polygon", "coordinates": [[[72.86114095974898, 19.042096974275488], [72.86399795079481, 19.042096974275488], [72.86399795079481, 19.044797606275488], [72.86114095974898, 19.044797606275488], [72.86114095974898, 19.042096974275488]]]}}, {"type": "Feature", "properties": {"pocket_id": "NS-0911", "city": "Thane", "ward": "Thane West"}, "geometry": {"type": "Polygon", "coordinates": [[[72.98492830432151, 19.20353872890479], [72.98784018376021, 19.20353872890479], [72.98784018376021, 19.206288556904788], [72.98492830432151, 19.206288556904788], [72.98492830432151, 19.20353872890479]]]}}, {"type": "Feature", "properties": {"pocket_id": "NS-0912", "city": "Mumbai", "ward": "M Ward"}, "geometry": {"type": "Polygon", "coordinates": [[[72.85193982917703, 19.011412169379643], [72.85540079628707, 19.011412169379643], [72.85540079628707, 19.014684321379644], [72.85193982917703, 19.014684321379644], [72.85193982917703, 19.011412169379643]]]}}, {"type": "Feature", "properties": {"pocket_id": "NS-0913", "city": "Ambarnath", "ward": "Ambarnath"}, "geometry": {"type": "Polygon", "coordinates": [[[73.1473692886974, 19.169871832835437], [73.15031612258895, 19.169871832835437], [73.15031612258895, 19.172655238835436], [73.1473692886974, 19.172655238835436], [73.1473692886974, 19.169871832835437]]]}}, {"type": "Feature", "properties": {"pocket_id": "NS-0914", "city": "Ambarnath", "ward": "Ambarnath"}, "geometry": {"type": "Polygon", "coordinates": [[[73.20335591546515, 19.215341405463164], [73.20689154327701, 19.215341405463164], [73.20689154327701, 19.218680023463165], [73.20335591546515, 19.218680023463165], [73.20335591546515, 19.215341405463164]]]}}, {"type": "Feature", "properties": {"pocket_id": "NS-0915", "city": "Mumbai", "ward": "M Ward"}, "geometry": {"type": "Polygon", "coordinates": [[[72.89204998765202, 19.0039659765905], [72.89513588274845, 19.0039659765905], [72.89513588274845, 19.006883652590503], [72.89204998765202, 19.006883652590503], [72.89204998765202, 19.0039659765905]]]}}, {"type": "Feature", "properties": {"pocket_id": "NS-0916", "city": "Mumbai", "ward": "M Ward"}, "geometry": {"type": "Polygon", "coordinates": [[[72.87879610482275, 18.971054140495514], [72.8817242648959, 18.971054140495514], [72.8817242648959, 18.973823228495515], [72.87879610482275, 18.973823228495515], [72.87879610482275, 18.971054140495514]]]}}, {"type": "Feature", "properties": {"pocket_id": "NS-0917", "city": "Ulhasnagar", "ward": "Ulhasnagar"}, "geometry": {"type": "Polygon", "coordinates": [[[NaN, 19.225585970280708], [NaN, 19.225585970280708], [NaN, 19.228192302280707], [NaN, 19.228192302280707], [NaN, 19.225585970280708]]]}}, {"type": "Feature", "properties": {"pocket_id": "NS-0918", "city": "Thane", "ward": "Thane West"}, "geometry": {"type": "Polygon", "coordinates": [[[72.98661261049844, 19.231087306159395], [72.98952533390991, 19.231087306159395], [72.98952533390991, 19.233837470159393], [72.98661261049844, 19.233837470159393], [72.98661261049844, 19.231087306159395]]]}}, {"type": "Feature", "properties": {"pocket_id": "NS-0919", "city": "Kalyan", "ward": "Kalyan East"}, "geometry": {"type": "Polygon", "coordinates": [[[73.1337781196455, 19.238063829452102], [73.13763959167288, 19.238063829452102], [73.13763959167288, 19.241709627452103], [73.1337781196455, 19.241709627452103], [73.1337781196455, 19.238063829452102]]]}}, {"type": "Feature", "properties": {"pocket_id": "NS-0920", "city": "Mumbai", "ward": "M Ward"}, "geometry": {"type": "Polygon", "coordinates": [[[72.87912777872809, 18.999246877812162], [72.8827387046921, 18.999246877812162], [72.8827387046921, 19.002661055812162], [72.87912777872809, 19.002661055812162], [72.87912777872809, 18.999246877812162]]]}}, {"type": "Feature", "properties": {"pocket_id": "NS-0921", "city": "Ulhasnagar", "ward": "Ulhasnagar"}, "geometry": {"type": "Polygon", "coordinates": [[[73.15410875768406, 19.19725518492667], [73.1567191547894, 19.19725518492667], [73.1567191547894, 19.19972040492667], [73.15410875768406, 19.19972040492667], [73.15410875768406, 19.19725518492667]]]}}, {"type": "Feature", "properties": {"pocket_id": "NS-0922", "city": "Ambarnath", "ward": "Ambarnath"}, "geometry": {"type": "Polygon", "coordinates": [[[73.19164998503558, 19.187716733321928], [73.19442938434253, 19.187716733321928], [73.19442938434253, 19.190341707321927], [73.19164998503558, 19.190341707321927], [73.19164998503558, 19.187716733321928]]]}}, {"type": "Feature", "properties": {"pocket_id": "NS-0923", "city": "Thane", "ward": "Thane East"}, "geometry": {"type": "Polygon", "coordinates": [[[73.04694073875444, 19.22804263497594], [73.04970307348114, 19.22804263497594], [73.04970307348114, 19.230650852975938], [73.04694073875444, 19.230650852975938], [73.04694073875444, 19.22804263497594]]]}}, {"type": "Feature", "properties": {"pocket_id": "NS-0924", "city": "Mumbai", "ward": "M Ward"}, "geometry": {"type": "Polygon", "coordinates": [[[72.84196707195575, 19.011501704175537], [72.84471341018705, 19.011501704175537], [72.84471341018705, 19.014098218175533], [72.84196707195575, 19.014098218175533], [72.84196707195575, 19.011501704175537]]]}}, {"type": "Feature", "properties": {"pocket_id": "NS-0925", "city": "Mumbai", "ward": "M Ward"}, "geometry": {"type": "Polygon", "coordinates": [[[NaN, NaN], [NaN, NaN], [NaN, NaN], [NaN, NaN], [NaN, NaN]]]}}, {"type": "Feature", "properties": {"pocket_id": "NS-0926", "city": "Thane", "ward": "Thane West"}, "geometry": {"type": "Polygon", "coordinates": [[[NaN, NaN], [NaN, NaN], [NaN, NaN], [NaN, NaN], [NaN, NaN]]]}}, {"type": "Feature", "properties": {"pocket_id": "NS-0927", "city": "Ulhasnagar", "ward": "Ulhasnagar"}, "geometry": {"type": "Polygon", "coordinates": [[[73.11844040716608, 19.191142674710896], [73.12128797018988, 19.191142674710896], [73.12128797018988, 19.193831968710896], [73.11844040716608, 19.193831968710896], [73.11844040716608, 19.191142674710896]]]}}, {"type": "Feature", "properties": {"pocket_id": "NS-0928", "city": "Thane", "ward": "Thane East"}, "geometry": {"type": "Polygon", "coordinates": [[[73.00055091266954, 19.183160035742127], [73.00346922489432, 19.183160035742127], [73.00346922489432, 19.185916279742123], [73.00055091266954, 19.185916279742123], [73.00055091266954, 19.183160035742127]]]}}, {"type": "Feature", "properties": {"pocket_id": "NS-0929", "city": "Kalyan", "ward": "Kalyan West"}, "geometry": {"type": "Polygon", "coordinates": [[[73.12340539056575, 19.23857769252734], [73.12615828953315, 19.23857769252734], [73.12615828953315, 19.24117683452734], [73.12340539056575, 19.24117683452734], [73.12340539056575, 19.23857769252734]]]}}, {"type": "Feature", "properties": {"pocket_id": "NS-0930", "city": "Kalyan", "ward": "Kalyan East"}, "geometry": {"type": "Polygon", "coordinates": [[[73.15535826635212, 19.223500649900533], [73.15882176894897, 19.223500649900533], [73.15882176894897, 19.226770999900534], [73.15535826635212, 19.226770999900534], [73.15535826635212, 19.223500649900533]]]}}, {"type": "Feature", "properties": {"pocket_id": "NS-0931", "city": "Mumbai", "ward": "M Ward"}, "geometry": {"type": "Polygon", "coordinates": [[[NaN, 19.010924482757442], [NaN, 19.010924482757442], [NaN, 19.01372754075744], [NaN, 19.01372754075744], [NaN, 19.010924482757442]]]}}, {"type": "Feature", "properties": {"pocket_id": "NS-0932", "city": "Thane", "ward": "Thane West"}, "geometry": {"type": "Polygon", "coordinates": [[[73.00312461871131, 19.236942681750723], [73.00598010966836, 19.236942681750723], [73.00598010966836, 19.239638711750725], [73.00312461871131, 19.239638711750725], [73.00312461871131, 19.236942681750723]]]}}, {"type": "Feature", "properties": {"pocket_id": "NS-0933", "city": "Mumbai", "ward": "S Ward"}, "geometry": {"type": "Polygon", "coordinates": [[[72.93164179064571, 19.134422256045006], [72.93562307697199, 19.134422256045006], [72.93562307697199, 19.138183542045006], [72.93164179064571, 19.138183542045006], [72.93164179064571, 19.134422256045006]]]}}, {"type": "Feature", "properties": {"pocket_id": "NS-0934", "city": "Mumbai", "ward": "L Ward"}, "geometry": {"type": "Polygon", "coordinates": [[[72.86386794193805, 19.039350040699752], [72.86718614042516, 19.039350040699752], [72.86718614042516, 19.042486686699753], [72.86386794193805, 19.042486686699753], [72.86386794193805, 19.039350040699752]]]}}, {"type": "Feature", "properties": {"pocket_id": "NS-0935", "city": "Ambarnath", "ward": "Ambarnath"}, "geometry": {"type": "Polygon", "coordinates": [[[73.15624407956143, 19.207788524666412], [73.15895834626617, 19.207788524666412], [73.15895834626617, 19.210351672666413], [73.15624407956143, 19.210351672666413], [73.15624407956143, 19.207788524666412]]]}}, {"type": "Feature", "properties": {"pocket_id": "NS-0936", "city": "Mumbai", "ward": "L Ward"}, "geometry": {"type": "Polygon", "coordinates": [[[72.88474247275362, 19.04716155085242], [72.88765470976905, 19.04716155085242], [72.88765470976905, 19.04991432085242], [72.88474247275362, 19.04991432085242], [72.88474247275362, 19.04716155085242]]]}}, {"type": "Feature", "properties": {"pocket_id": "NS-0937", "city": "Mumbai", "ward": "L Ward"}, "geometry": {"type": "Polygon", "coordinates": [[[72.89729093426332, 19.050960449705794], [72.89999543517077, 19.050960449705794], [72.89999543517077, 19.053516801705793], [72.89729093426332, 19.053516801705793], [72.89729093426332, 19.050960449705794]]]}}, {"type": "Feature", "properties": {"pocket_id": "NS-0938", "city": "Thane", "ward": "Thane West"}, "geometry": {"type": "Polygon", "coordinates": [[[72.96824866967393, 19.23625573752576], [72.97138329446773, 19.23625573752576], [72.97138329446773, 19.239215323525762], [72.96824866967393, 19.239215323525762], [72.96824866967393, 19.23625573752576]]]}}, {"type": "Feature", "properties": {"pocket_id": "NS-0939", "city": "Mumbai", "ward": "L Ward"}, "geometry": {"type": "Polygon", "coordinates": [[[72.88236520606097, 19.09789242048796], [72.88506281768193, 19.09789242048796], [72.88506281768193, 19.100441538487956], [72.88236520606097, 19.100441538487956], [72.88236520606097, 19.09789242048796]]]}}, {"type": "Feature", "properties": {"pocket_id": "NS-0940", "city": "Thane", "ward": "Thane West"}, "geometry": {"type": "Polygon", "coordinates": [[[73.00533919483203, 19.247162275092407], [73.00818658683721, 19.247162275092407], [73.00818658683721, 19.24985049109241], [73.00533919483203, 19.24985049109241], [73.00533919483203, 19.247162275092407]]]}}, {"type": "Feature", "properties": {"pocket_id": "NS-0941", "city": "Mumbai", "ward": "L Ward"}, "geometry": {"type": "Polygon", "coordinates": [[[NaN, NaN], [NaN, NaN], [NaN, NaN], [NaN, NaN], [NaN, NaN]]]}}, {"type": "Feature", "properties": {"pocket_id": "NS-0942", "city": "Thane", "ward": "Thane West"}, "geometry": {"type": "Polygon", "coordinates": [[[73.01797497187518, 19.209847385801496], [73.02061357458992, 19.209847385801496], [73.02061357458992, 19.212339051801493], [73.01797497187518, 19.212339051801493], [73.01797497187518, 19.209847385801496]]]}}, {"type": "Feature", "properties": {"pocket_id": "NS-0943", "city": "Kalyan", "ward": "Kalyan East"}, "geometry": {"type": "Polygon", "coordinates": [[[73.13303269220322, 19.23927165068755], [73.13607668618133, 19.23927165068755], [73.13607668618133, 19.24214561468755], [73.13303269220322, 19.24214561468755], [73.13303269220322, 19.23927165068755]]]}}, {"type": "Feature", "properties": {"pocket_id": "NS-0944", "city": "Mumbai", "ward": "L Ward"}, "geometry": {"type": "Polygon", "coordinates": [[[72.90566019179988, 19.02958328055665], [72.90879446939772, 19.02958328055665], [72.90879446939772, 19.03254624455665], [72.90566019179988, 19.03254624455665], [72.90566019179988, 19.02958328055665]]]}}, {"type": "Feature", "properties": {"pocket_id": "NS-0945", "city": "Mumbai", "ward": "M Ward"}, "geometry": {"type": "Polygon", "coordinates": [[[NaN, 18.97561198540868], [NaN, 18.97561198540868], [NaN, 18.978456667408683], [NaN, 18.978456667408683], [NaN, 18.97561198540868]]]}}, {"type": "Feature", "properties": {"pocket_id": "NS-0946", "city": "Thane", "ward": "Thane West"}, "geometry": {"type": "Polygon", "coordinates": [[[72.9825393331923, 19.249922759567127], [72.98546331373248, 19.249922759567127], [72.98546331373248, 19.252683235567126], [72.9825393331923, 19.252683235567126], [72.9825393331923, 19.249922759567127]]]}}, {"type": "Feature", "properties": {"pocket_id": "NS-0947", "city": "Mumbai", "ward": "M Ward"}, "geometry": {"type": "Polygon", "coordinates": [[[72.853589200428, 19.009594555744776], [72.85703335666197, 19.009594555744776], [72.85703335666197, 19.01285084974478], [72.853589200428, 19.01285084974478], [72.853589200428, 19.009594555744776]]]}}, {"type": "Feature", "properties": {"pocket_id": "NS-0948", "city": "Ambarnath", "ward": "Ambarnath"}, "geometry": {"type": "Polygon", "coordinates": [[[73.2004529390968, 19.200128929516165], [73.20341269965587, 19.200128929516165], [73.20341269965587, 19.202924031516165], [73.2004529390968, 19.202924031516165], [73.2004529390968, 19.200128929516165]]]}}, {"type": "Feature", "properties": {"pocket_id": "NS-0949", "city": "Mumbai", "ward": "M Ward"}, "geometry": {"type": "Polygon", "coordinates": [[[72.92311446330562, 18.973870357007208], [72.92614187859861, 18.973870357007208], [72.92614187859861, 18.976733259007204], [72.92311446330562, 18.976733259007204], [72.92311446330562, 18.973870357007208]]]}}, {"type": "Feature", "properties": {"pocket_id": "NS-0950", "city": "Mumbai", "ward": "L Ward"}, "geometry": {"type": "Polygon", "coordinates": [[[72.88165794234695, 19.033652607752316], [72.88529885704838, 19.033652607752316], [72.88529885704838, 19.037094427752315], [72.88165794234695, 19.037094427752315], [72.88165794234695, 19.033652607752316]]]}}, {"type": "Feature", "properties": {"pocket_id": "NS-0951", "city": "Mumbai", "ward": "M Ward"}, "geometry": {"type": "Polygon", "coordinates": [[[72.88029645497302, 18.95956193050096], [72.88303471694262, 18.95956193050096], [72.88303471694262, 18.96215161650096], [72.88029645497302, 18.96215161650096], [72.88029645497302, 18.95956193050096]]]}}, {"type": "Feature", "properties": {"pocket_id": "NS-0952", "city": "Mumbai", "ward": "M Ward"}, "geometry": {"type": "Polygon", "coordinates": [[[72.9117395224594, 19.009343133498948], [72.9145420966244, 19.009343133498948], [72.9145420966244, 19.01199284949895], [72.9117395224594, 19.01199284949895], [72.9117395224594, 19.009343133498948]]]}}, {"type": "Feature", "properties": {"pocket_id": "NS-0953", "city": "Mumbai", "ward": "M Ward"}, "geometry": {"type": "Polygon", "coordinates": [[[NaN, NaN], [NaN, NaN], [NaN, NaN], [NaN, NaN], [NaN, NaN]]]}}, {"type": "Feature", "properties": {"pocket_id": "NS-0954", "city": "Mumbai", "ward": "L Ward"}, "geometry": {"type": "Polygon", "coordinates": [[[NaN, NaN], [NaN, NaN], [NaN, NaN], [NaN, NaN], [NaN, NaN]]]}}, {"type": "Feature", "properties": {"pocket_id": "NS-0955", "city": "Mumbai", "ward": "M Ward"}, "geometry": {"type": "Polygon", "coordinates": [[[NaN, NaN], [NaN, NaN], [NaN, NaN], [NaN, NaN], [NaN, NaN]]]}}, {"type": "Feature", "properties": {"pocket_id": "NS-0956", "city": "Mumbai", "ward": "M Ward"}, "geometry": {"type": "Polygon", "coordinates": [[[72.87036566707548, 19.054779420617084], [72.87305496562652, 19.054779420617084], [72.87305496562652, 19.057321344617083], [72.87036566707548, 19.057321344617083], [72.87036566707548, 19.054779420617084]]]}}, {"type": "Feature", "properties": {"pocket_id": "NS-0957", "city": "Mumbai", "ward": "M Ward"}, "geometry": {"type": "Polygon", "coordinates": [[[72.8727539367628, 19.00211026030945], [72.8755779270672, 19.00211026030945], [72.8755779270672, 19.004780340309452], [72.8727539367628, 19.004780340309452], [72.8727539367628, 19.00211026030945]]]}}, {"type": "Feature", "properties": {"pocket_id": "NS-0958", "city": "Mumbai", "ward": "L Ward"}, "geometry": {"type": "Polygon", "coordinates": [[[72.86964531427216, 19.04424917593194], [72.87280609459785, 19.04424917593194], [72.87280609459785, 19.047236929931945], [72.86964531427216, 19.047236929931945], [72.86964531427216, 19.04424917593194]]]}}, {"type": "Feature", "properties": {"pocket_id": "NS-0959", "city": "Mumbai", "ward": "S Ward"}, "geometry": {"type": "Polygon", "coordinates": [[[72.92548146139423, 19.115871712103488], [72.92816632498413, 19.115871712103488], [72.92816632498413, 19.11840850810349], [72.92548146139423, 19.11840850810349], [72.92548146139423, 19.115871712103488]]]}}, {"type": "Feature", "properties": {"pocket_id": "NS-0960", "city": "Kalyan", "ward": "Kalyan West"}, "geometry": {"type": "Polygon", "coordinates": [[[73.13167483686406, 19.23023409648655], [73.1344502927099, 19.23023409648655], [73.1344502927099, 19.23285466848655], [73.13167483686406, 19.23285466848655], [73.13167483686406, 19.23023409648655]]]}}, {"type": "Feature", "properties": {"pocket_id": "NS-0961", "city": "Thane", "ward": "Thane West"}, "geometry": {"type": "Polygon", "coordinates": [[[72.9973393644232, 19.225824040184666], [73.0000629968448, 19.225824040184666], [73.0000629968448, 19.228395750184664], [72.9973393644232, 19.228395750184664], [72.9973393644232, 19.225824040184666]]]}}, {"type": "Feature", "properties": {"pocket_id": "NS-0962", "city": "Mumbai", "ward": "L Ward"}, "geometry": {"type": "Polygon", "coordinates": [[[72.89028816712563, 19.068651509837572], [72.89314105318327, 19.068651509837572], [72.89314105318327, 19.07134782983757], [72.89028816712563, 19.07134782983757], [72.89028816712563, 19.068651509837572]]]}}, {"type": "Feature", "properties": {"pocket_id": "NS-0963", "city": "Thane", "ward": "Thane West"}, "geometry": {"type": "Polygon", "coordinates": [[[NaN, NaN], [NaN, NaN], [NaN, NaN], [NaN, NaN], [NaN, NaN]]]}}, {"type": "Feature", "properties": {"pocket_id": "NS-0964", "city": "Thane", "ward": "Thane West"}, "geometry": {"type": "Polygon", "coordinates": [[[72.95137761695631, 19.21835122652455], [72.95417119972933, 19.21835122652455], [72.95417119972933, 19.220989104524552], [72.95137761695631, 19.220989104524552], [72.95137761695631, 19.21835122652455]]]}}, {"type": "Feature", "properties": {"pocket_id": "NS-0965", "city": "Thane", "ward": "Thane East"}, "geometry": {"type": "Polygon", "coordinates": [[[73.01226384224343, 19.19511889685925], [73.01553310170094, 19.19511889685925], [73.01553310170094, 19.198206370859246], [73.01226384224343, 19.198206370859246], [73.01226384224343, 19.19511889685925]]]}}, {"type": "Feature", "properties": {"pocket_id": "NS-0966", "city": "Mumbai", "ward": "L Ward"}, "geometry": {"type": "Polygon", "coordinates": [[[72.87177698397, 19.042567608915473], [72.8753384269645, 19.042567608915473], [72.8753384269645, 19.045934122915472], [72.87177698397, 19.045934122915472], [72.87177698397, 19.042567608915473]]]}}, {"type": "Feature", "properties": {"pocket_id": "NS-0967", "city": "Mumbai", "ward": "M Ward"}, "geometry": {"type": "Polygon", "coordinates": [[[72.8746414983498, 18.969651524813326], [72.87782210965833, 18.969651524813326], [72.87782210965833, 18.97265937281333], [72.8746414983498, 18.97265937281333], [72.8746414983498, 18.969651524813326]]]}}, {"type": "Feature", "properties": {"pocket_id": "NS-0968", "city": "Ambarnath", "ward": "Ambarnath"}, "geometry": {"type": "Polygon", "coordinates": [[[73.1920434818453, 19.19942949358323], [73.19492746029323, 19.19942949358323], [73.19492746029323, 19.20215304158323], [73.1920434818453, 19.20215304158323], [73.1920434818453, 19.19942949358323]]]}}, {"type": "Feature", "properties": {"pocket_id": "NS-0969", "city": "Mumbai", "ward": "M Ward"}, "geometry": {"type": "Polygon", "coordinates": [[[72.87944707697946, 19.029399150629104], [72.88236237690583, 19.029399150629104], [72.88236237690583, 19.032155110629105], [72.87944707697946, 19.032155110629105], [72.87944707697946, 19.029399150629104]]]}}, {"type": "Feature", "properties": {"pocket_id": "NS-0970", "city": "Mumbai", "ward": "M Ward"}, "geometry": {"type": "Polygon", "coordinates": [[[72.8754152332121, 19.00656716838992], [72.87856486589644, 19.00656716838992], [72.87856486589644, 19.009545060389918], [72.8754152332121, 19.009545060389918], [72.8754152332121, 19.00656716838992]]]}}, {"type": "Feature", "properties": {"pocket_id": "NS-0971", "city": "Mumbai", "ward": "M Ward"}, "geometry": {"type": "Polygon", "coordinates": [[[NaN, NaN], [NaN, NaN], [NaN, NaN], [NaN, NaN], [NaN, NaN]]]}}, {"type": "Feature", "properties": {"pocket_id": "NS-0972", "city": "Kalyan", "ward": "Kalyan West"}, "geometry": {"type": "Polygon", "coordinates": [[[NaN, 19.25306940219341], [NaN, 19.25306940219341], [NaN, 19.255818502193414], [NaN, 19.255818502193414], [NaN, 19.25306940219341]]]}}, {"type": "Feature", "properties": {"pocket_id": "NS-0973", "city": "Mumbai", "ward": "L Ward"}, "geometry": {"type": "Polygon", "coordinates": [[[NaN, NaN], [NaN, NaN], [NaN, NaN], [NaN, NaN], [NaN, NaN]]]}}, {"type": "Feature", "properties": {"pocket_id": "NS-0974", "city": "Mumbai", "ward": "S Ward"}, "geometry": {"type": "Polygon", "coordinates": [[[NaN, NaN], [NaN, NaN], [NaN, NaN], [NaN, NaN], [NaN, NaN]]]}}, {"type": "Feature", "properties": {"pocket_id": "NS-0975", "city": "Mumbai", "ward": "M Ward"}, "geometry": {"type": "Polygon", "coordinates": [[[72.84693986164004, 19.029070340028223], [72.8495937932729, 19.029070340028223], [72.8495937932729, 19.031579224028224], [72.84693986164004, 19.031579224028224], [72.84693986164004, 19.029070340028223]]]}}, {"type": "Feature", "properties": {"pocket_id": "NS-0976", "city": "Thane", "ward": "Thane West"}, "geometry": {"type": "Polygon", "coordinates": [[[72.98447993942949, 19.230139247303985], [72.98765795160256, 19.230139247303985], [72.98765795160256, 19.233139909303983], [72.98447993942949, 19.233139909303983], [72.98447993942949, 19.230139247303985]]]}}, {"type": "Feature", "properties": {"pocket_id": "NS-0977", "city": "Thane", "ward": "Thane West"}, "geometry": {"type": "Polygon", "coordinates": [[[72.99178197666546, 19.244646254944996], [72.99458847148307, 19.244646254944996], [72.99458847148307, 19.247295900944998], [72.99178197666546, 19.247295900944998], [72.99178197666546, 19.244646254944996]]]}}, {"type": "Feature", "properties": {"pocket_id": "NS-0978", "city": "Mumbai", "ward": "L Ward"}, "geometry": {"type": "Polygon", "coordinates": [[[72.85759321732995, 19.03805405590207], [72.86055198305591, 19.03805405590207], [72.86055198305591, 19.04085095990207], [72.85759321732995, 19.04085095990207], [72.85759321732995, 19.03805405590207]]]}}, {"type": "Feature", "properties": {"pocket_id": "NS-0979", "city": "Mumbai", "ward": "S Ward"}, "geometry": {"type": "Polygon", "coordinates": [[[72.94557058289419, 19.139848437629855], [72.94831114228305, 19.139848437629855], [72.94831114228305, 19.14243748162985], [72.94557058289419, 19.14243748162985], [72.94557058289419, 19.139848437629855]]]}}, {"type": "Feature", "properties": {"pocket_id": "NS-0980", "city": "Mumbai", "ward": "M Ward"}, "geometry": {"type": "Polygon", "coordinates": [[[72.90506764804891, 18.9858795746804], [72.90783464669923, 18.9858795746804], [72.90783464669923, 18.988496024680398], [72.90506764804891, 18.988496024680398], [72.90506764804891, 18.9858795746804]]]}}, {"type": "Feature", "properties": {"pocket_id": "NS-0981", "city": "Mumbai", "ward": "M Ward"}, "geometry": {"type": "Polygon", "coordinates": [[[72.89316817437403, 19.033340200826736], [72.89640493775265, 19.033340200826736], [72.89640493775265, 19.036399978826736], [72.89316817437403, 19.036399978826736], [72.89316817437403, 19.033340200826736]]]}}, {"type": "Feature", "properties": {"pocket_id": "NS-0982", "city": "Mumbai", "ward": "M Ward"}, "geometry": {"type": "Polygon", "coordinates": [[[72.89193334845204, 18.97983043999461], [72.89468460816026, 18.97983043999461], [72.89468460816026, 18.982432101994608], [72.89193334845204, 18.982432101994608], [72.89193334845204, 18.97983043999461]]]}}, {"type": "Feature", "properties": {"pocket_id": "NS-0983", "city": "Mumbai", "ward": "S Ward"}, "geometry": {"type": "Polygon", "coordinates": [[[72.95613390276267, 19.160858154718603], [72.9588481455288, 19.160858154718603], [72.9588481455288, 19.163422010718605], [72.95613390276267, 19.163422010718605], [72.95613390276267, 19.160858154718603]]]}}, {"type": "Feature", "properties": {"pocket_id": "NS-0984", "city": "Mumbai", "ward": "L Ward"}, "geometry": {"type": "Polygon", "coordinates": [[[72.9081706734005, 19.057146603438433], [72.91091675727218, 19.057146603438433], [72.91091675727218, 19.059742163438436], [72.9081706734005, 19.059742163438436], [72.9081706734005, 19.057146603438433]]]}}, {"type": "Feature", "properties": {"pocket_id": "NS-0985", "city": "Ulhasnagar", "ward": "Ulhasnagar"}, "geometry": {"type": "Polygon", "coordinates": [[[73.16555794219157, 19.196193370007702], [73.16851422655522, 19.196193370007702], [73.16851422655522, 19.1989852560077], [73.16555794219157, 19.1989852560077], [73.16555794219157, 19.196193370007702]]]}}, {"type": "Feature", "properties": {"pocket_id": "NS-0986", "city": "Mumbai", "ward": "L Ward"}, "geometry": {"type": "Polygon", "coordinates": [[[72.88405226877806, 19.047026777595697], [72.88685292701994, 19.047026777595697], [72.88685292701994, 19.049674081595697], [72.88405226877806, 19.049674081595697], [72.88405226877806, 19.047026777595697]]]}}, {"type": "Feature", "properties": {"pocket_id": "NS-0987", "city": "Mumbai", "ward": "S Ward"}, "geometry": {"type": "Polygon", "coordinates": [[[72.96161584964317, 19.1548936336684], [72.96569462407497, 19.1548936336684], [72.96569462407497, 19.1587465416684], [72.96161584964317, 19.1587465416684], [72.96161584964317, 19.1548936336684]]]}}, {"type": "Feature", "properties": {"pocket_id": "NS-0988", "city": "Thane", "ward": "Thane East"}, "geometry": {"type": "Polygon", "coordinates": [[[73.03066019814744, 19.216481086192882], [73.03336208436565, 19.216481086192882], [73.03336208436565, 19.219032408192884], [73.03066019814744, 19.219032408192884], [73.03066019814744, 19.216481086192882]]]}}, {"type": "Feature", "properties": {"pocket_id": "NS-0989", "city": "Mumbai", "ward": "M Ward"}, "geometry": {"type": "Polygon", "coordinates": [[[72.86975232380564, 18.996304907475473], [72.87261082706956, 18.996304907475473], [72.87261082706956, 18.999007713475475], [72.86975232380564, 18.999007713475475], [72.86975232380564, 18.996304907475473]]]}}, {"type": "Feature", "properties": {"pocket_id": "NS-0990", "city": "Kalyan", "ward": "Kalyan West"}, "geometry": {"type": "Polygon", "coordinates": [[[NaN, NaN], [NaN, NaN], [NaN, NaN], [NaN, NaN], [NaN, NaN]]]}}, {"type": "Feature", "properties": {"pocket_id": "NS-0991", "city": "Mumbai", "ward": "M Ward"}, "geometry": {"type": "Polygon", "coordinates": [[[72.87327911939146, 19.021238636443584], [72.87598498311645, 19.021238636443584], [72.87598498311645, 19.023796734443586], [72.87327911939146, 19.023796734443586], [72.87327911939146, 19.021238636443584]]]}}, {"type": "Feature", "properties": {"pocket_id": "NS-0992", "city": "Mumbai", "ward": "L Ward"}, "geometry": {"type": "Polygon", "coordinates": [[[72.90964210242109, 19.06157776719163], [72.91266537048352, 19.06157776719163], [72.91266537048352, 19.06443523919163], [72.90964210242109, 19.06443523919163], [72.90964210242109, 19.06157776719163]]]}}, {"type": "Feature", "properties": {"pocket_id": "NS-0993", "city": "Mumbai", "ward": "L Ward"}, "geometry": {"type": "Polygon", "coordinates": [[[72.93768797745696, 19.05604220190354], [72.94065021463919, 19.05604220190354], [72.94065021463919, 19.05884208390354], [72.93768797745696, 19.05884208390354], [72.93768797745696, 19.05604220190354]]]}}, {"type": "Feature", "properties": {"pocket_id": "NS-0994", "city": "Mumbai", "ward": "M Ward"}, "geometry": {"type": "Polygon", "coordinates": [[[72.89056531727513, 19.01191834170019], [72.89343479079884, 19.01191834170019], [72.89343479079884, 19.014631265700192], [72.89056531727513, 19.014631265700192], [72.89056531727513, 19.01191834170019]]]}}, {"type": "Feature", "properties": {"pocket_id": "NS-0995", "city": "Thane", "ward": "Thane East"}, "geometry": {"type": "Polygon", "coordinates": [[[72.97260857593966, 19.200846829417713], [72.97540342642509, 19.200846829417713], [72.97540342642509, 19.203486185417717], [72.97260857593966, 19.203486185417717], [72.97260857593966, 19.200846829417713]]]}}, {"type": "Feature", "properties": {"pocket_id": "NS-0996", "city": "Mumbai", "ward": "L Ward"}, "geometry": {"type": "Polygon", "coordinates": [[[72.91270123794325, 19.06505351335073], [72.91583075775958, 19.06505351335073], [72.91583075775958, 19.06801134735073], [72.91270123794325, 19.06801134735073], [72.91270123794325, 19.06505351335073]]]}}, {"type": "Feature", "properties": {"pocket_id": "NS-0997", "city": "Thane", "ward": "Thane West"}, "geometry": {"type": "Polygon", "coordinates": [[[72.98516107687803, 19.22759361407776], [72.98818808889385, 19.22759361407776], [72.98818808889385, 19.230451748077762], [72.98516107687803, 19.230451748077762], [72.98516107687803, 19.22759361407776]]]}}, {"type": "Feature", "properties": {"pocket_id": "NS-0998", "city": "Mumbai", "ward": "M Ward"}, "geometry": {"type": "Polygon", "coordinates": [[[72.85079971044986, 19.00562326622811], [72.85373398057258, 19.00562326622811], [72.85373398057258, 19.008397556228108], [72.85079971044986, 19.008397556228108], [72.85079971044986, 19.00562326622811]]]}}, {"type": "Feature", "properties": {"pocket_id": "NS-0999", "city": "Mumbai", "ward": "M Ward"}, "geometry": {"type": "Polygon", "coordinates": [[[NaN, NaN], [NaN, NaN], [NaN, NaN], [NaN, NaN], [NaN, NaN]]]}}, {"type": "Feature", "properties": {"pocket_id": "NS-1000", "city": "Mumbai", "ward": "M Ward"}, "geometry": {"type": "Polygon", "coordinates": [[[72.89586478616025, 19.002437224291892], [72.89876246026375, 19.002437224291892], [72.89876246026375, 19.005176966291895], [72.89586478616025, 19.005176966291895], [72.89586478616025, 19.002437224291892]]]}}, {"type": "Feature", "properties": {"pocket_id": "NS-1001", "city": "Mumbai", "ward": "M Ward"}, "geometry": {"type": "Polygon", "coordinates": [[[NaN, NaN], [NaN, NaN], [NaN, NaN], [NaN, NaN], [NaN, NaN]]]}}, {"type": "Feature", "properties": {"pocket_id": "NS-1002", "city": "Kalyan", "ward": "Kalyan West"}, "geometry": {"type": "Polygon", "coordinates": [[[73.11439514413847, 19.241623464106222], [73.11735149169137, 19.241623464106222], [73.11735149169137, 19.244414638106225], [73.11439514413847, 19.244414638106225], [73.11439514413847, 19.241623464106222]]]}}, {"type": "Feature", "properties": {"pocket_id": "NS-1003", "city": "Mumbai", "ward": "M Ward"}, "geometry": {"type": "Polygon", "coordinates": [[[NaN, NaN], [NaN, NaN], [NaN, NaN], [NaN, NaN], [NaN, NaN]]]}}, {"type": "Feature", "properties": {"pocket_id": "NS-1004", "city": "Mumbai", "ward": "M Ward"}, "geometry": {"type": "Polygon", "coordinates": [[[72.89921316959139, 19.02884603797577], [72.90243514164139, 19.02884603797577], [72.90243514164139, 19.031891915975773], [72.89921316959139, 19.031891915975773], [72.89921316959139, 19.02884603797577]]]}}, {"type": "Feature", "properties": {"pocket_id": "NS-1005", "city": "Mumbai", "ward": "M Ward"}, "geometry": {"type": "Polygon", "coordinates": [[[72.91061631126777, 18.98961975821183], [72.91333536468738, 18.98961975821183], [72.91333536468738, 18.99219081421183], [72.91061631126777, 18.99219081421183], [72.91061631126777, 18.98961975821183]]]}}, {"type": "Feature", "properties": {"pocket_id": "NS-1006", "city": "Thane", "ward": "Thane West"}, "geometry": {"type": "Polygon", "coordinates": [[[72.99340847240808, 19.220058018298474], [72.99665097202106, 19.220058018298474], [72.99665097202106, 19.223119756298473], [72.99340847240808, 19.223119756298473], [72.99340847240808, 19.220058018298474]]]}}, {"type": "Feature", "properties": {"pocket_id": "NS-1007", "city": "Mumbai", "ward": "L Ward"}, "geometry": {"type": "Polygon", "coordinates": [[[NaN, NaN], [NaN, NaN], [NaN, NaN], [NaN, NaN], [NaN, NaN]]]}}, {"type": "Feature", "properties": {"pocket_id": "NS-1008", "city": "Kalyan", "ward": "Kalyan West"}, "geometry": {"type": "Polygon", "coordinates": [[[73.12224362369669, 19.23864774736816], [73.12575579475045, 19.23864774736816], [73.12575579475045, 19.241963745368157], [73.12224362369669, 19.241963745368157], [73.12224362369669, 19.23864774736816]]]}}, {"type": "Feature", "properties": {"pocket_id": "NS-1009", "city": "Mumbai", "ward": "M Ward"}, "geometry": {"type": "Polygon", "coordinates": [[[72.88529116743715, 19.043363988407453], [72.88833447479422, 19.043363988407453], [72.88833447479422, 19.04624071640745], [72.88529116743715, 19.04624071640745], [72.88529116743715, 19.043363988407453]]]}}, {"type": "Feature", "properties": {"pocket_id": "NS-1010", "city": "Mumbai", "ward": "M Ward"}, "geometry": {"type": "Polygon", "coordinates": [[[72.87942921405963, 19.03579346083153], [72.88236493937592, 19.03579346083153], [72.88236493937592, 19.03856862283153], [72.87942921405963, 19.03856862283153], [72.87942921405963, 19.03579346083153]]]}}, {"type": "Feature", "properties": {"pocket_id": "NS-1011", "city": "Mumbai", "ward": "M Ward"}, "geometry": {"type": "Polygon", "coordinates": [[[72.87056702187417, 19.00014294121956], [72.8734716872035, 19.00014294121956], [72.8734716872035, 19.00288933121956], [72.87056702187417, 19.00288933121956], [72.87056702187417, 19.00014294121956]]]}}, {"type": "Feature", "properties": {"pocket_id": "NS-1012", "city": "Mumbai", "ward": "M Ward"}, "geometry": {"type": "Polygon", "coordinates": [[[72.87401289845779, 18.99388764524916], [72.87670994105714, 18.99388764524916], [72.87670994105714, 18.99643782324916], [72.87401289845779, 18.99643782324916], [72.87401289845779, 18.99388764524916]]]}}, {"type": "Feature", "properties": {"pocket_id": "NS-1013", "city": "Mumbai", "ward": "L Ward"}, "geometry": {"type": "Polygon", "coordinates": [[[72.87781691828336, 19.052468182280183], [72.8819179647203, 19.052468182280183], [72.8819179647203, 19.05634452828018], [72.87781691828336, 19.05634452828018], [72.87781691828336, 19.052468182280183]]]}}, {"type": "Feature", "properties": {"pocket_id": "NS-1014", "city": "Mumbai", "ward": "M Ward"}, "geometry": {"type": "Polygon", "coordinates": [[[72.8891663468091, 19.043910424183547], [72.89200779441066, 19.043910424183547], [72.89200779441066, 19.046596334183544], [72.8891663468091, 19.046596334183544], [72.8891663468091, 19.043910424183547]]]}}, {"type": "Feature", "properties": {"pocket_id": "NS-1015", "city": "Thane", "ward": "Thane West"}, "geometry": {"type": "Polygon", "coordinates": [[[72.95856711342516, 19.227750518480278], [72.96140613235586, 19.227750518480278], [72.96140613235586, 19.230431146480278], [72.95856711342516, 19.230431146480278], [72.95856711342516, 19.227750518480278]]]}}, {"type": "Feature", "properties": {"pocket_id": "NS-1016", "city": "Thane", "ward": "Thane East"}, "geometry": {"type": "Polygon", "coordinates": [[[72.9844280935603, 19.21345793368322], [72.98731916554402, 19.21345793368322], [72.98731916554402, 19.21618794768322], [72.9844280935603, 19.21618794768322], [72.9844280935603, 19.21345793368322]]]}}, {"type": "Feature", "properties": {"pocket_id": "NS-1017", "city": "Mumbai", "ward": "S Ward"}, "geometry": {"type": "Polygon", "coordinates": [[[72.93593666824307, 19.134148962092755], [72.93895277977367, 19.134148962092755], [72.93895277977367, 19.136998420092755], [72.93593666824307, 19.136998420092755], [72.93593666824307, 19.134148962092755]]]}}, {"type": "Feature", "properties": {"pocket_id": "NS-1018", "city": "Thane", "ward": "Thane West"}, "geometry": {"type": "Polygon", "coordinates": [[[72.96714852604165, 19.207702691768688], [72.97006591170583, 19.207702691768688], [72.97006591170583, 19.210457649768685], [72.96714852604165, 19.210457649768685], [72.96714852604165, 19.207702691768688]]]}}, {"type": "Feature", "properties": {"pocket_id": "NS-1019", "city": "Mumbai", "ward": "S Ward"}, "geometry": {"type": "Polygon", "coordinates": [[[72.96113276857777, 19.146782739867486], [72.96431685302336, 19.146782739867486], [72.96431685302336, 19.149790657867488], [72.96113276857777, 19.149790657867488], [72.96113276857777, 19.146782739867486]]]}}, {"type": "Feature", "properties": {"pocket_id": "NS-1020", "city": "Mumbai", "ward": "L Ward"}, "geometry": {"type": "Polygon", "coordinates": [[[72.8767910206174, 19.067819582837576], [72.87992394885985, 19.067819582837576], [72.87992394885985, 19.070780588837575], [72.8767910206174, 19.070780588837575], [72.8767910206174, 19.067819582837576]]]}}, {"type": "Feature", "properties": {"pocket_id": "NS-1021", "city": "Ulhasnagar", "ward": "Ulhasnagar"}, "geometry": {"type": "Polygon", "coordinates": [[[73.14647378282683, 19.23937047473161], [73.14918383258984, 19.23937047473161], [73.14918383258984, 19.24192914873161], [73.14647378282683, 19.24192914873161], [73.14647378282683, 19.23937047473161]]]}}, {"type": "Feature", "properties": {"pocket_id": "NS-1022", "city": "Thane", "ward": "Thane East"}, "geometry": {"type": "Polygon", "coordinates": [[[73.00227996027674, 19.18988487410979], [73.00521945016219, 19.18988487410979], [73.00521945016219, 19.19266100610979], [73.00227996027674, 19.19266100610979], [73.00227996027674, 19.18988487410979]]]}}, {"type": "Feature", "properties": {"pocket_id": "NS-1023", "city": "Thane", "ward": "Thane East"}, "geometry": {"type": "Polygon", "coordinates": [[[72.99314465213384, 19.180709846116144], [72.99699587085631, 19.180709846116144], [72.99699587085631, 19.184347232116146], [72.99314465213384, 19.184347232116146], [72.99314465213384, 19.180709846116144]]]}}, {"type": "Feature", "properties": {"pocket_id": "NS-1024", "city": "Mumbai", "ward": "S Ward"}, "geometry": {"type": "Polygon", "coordinates": [[[72.90531217572546, 19.13637110032754], [72.90809412432536, 19.13637110032754], [72.90809412432536, 19.138999300327537], [72.90531217572546, 19.138999300327537], [72.90531217572546, 19.13637110032754]]]}}, {"type": "Feature", "properties": {"pocket_id": "NS-1025", "city": "Thane", "ward": "Thane West"}, "geometry": {"type": "Polygon", "coordinates": [[[72.99135648850482, 19.2558034279569], [72.99415908750474, 19.2558034279569], [72.99415908750474, 19.2584492159569], [72.99135648850482, 19.2584492159569], [72.99135648850482, 19.2558034279569]]]}}, {"type": "Feature", "properties": {"pocket_id": "NS-1026", "city": "Mumbai", "ward": "M Ward"}, "geometry": {"type": "Polygon", "coordinates": [[[72.91768471050365, 19.01209333469168], [72.92062379104333, 19.01209333469168], [72.92062379104333, 19.014872064691684], [72.91768471050365, 19.014872064691684], [72.91768471050365, 19.01209333469168]]]}}, {"type": "Feature", "properties": {"pocket_id": "NS-1027", "city": "Mumbai", "ward": "M Ward"}, "geometry": {"type": "Polygon", "coordinates": [[[72.8918540683746, 18.979459390742193], [72.89509244829638, 18.979459390742193], [72.89509244829638, 18.982521688742196], [72.8918540683746, 18.982521688742196], [72.8918540683746, 18.979459390742193]]]}}, {"type": "Feature", "properties": {"pocket_id": "NS-1028", "city": "Thane", "ward": "Thane West"}, "geometry": {"type": "Polygon", "coordinates": [[[72.98414605586797, 19.203649686004383], [72.98700456876819, 19.203649686004383], [72.98700456876819, 19.206349116004382], [72.98414605586797, 19.206349116004382], [72.98414605586797, 19.203649686004383]]]}}, {"type": "Feature", "properties": {"pocket_id": "NS-1029", "city": "Ulhasnagar", "ward": "Ulhasnagar"}, "geometry": {"type": "Polygon", "coordinates": [[[73.17968362954664, 19.19314975965684], [73.18245088637755, 19.19314975965684], [73.18245088637755, 19.195763179656844], [73.17968362954664, 19.195763179656844], [73.17968362954664, 19.19314975965684]]]}}, {"type": "Feature", "properties": {"pocket_id": "NS-1030", "city": "Mumbai", "ward": "M Ward"}, "geometry": {"type": "Polygon", "coordinates": [[[NaN, 19.007118341692244], [NaN, 19.007118341692244], [NaN, 19.010080419692247], [NaN, 19.010080419692247], [NaN, 19.007118341692244]]]}}, {"type": "Feature", "properties": {"pocket_id": "NS-1031", "city": "Mumbai", "ward": "L Ward"}, "geometry": {"type": "Polygon", "coordinates": [[[72.88604498036165, 19.06196547378631], [72.88877026060322, 19.06196547378631], [72.88877026060322, 19.064541295786306], [72.88604498036165, 19.064541295786306], [72.88604498036165, 19.06196547378631]]]}}, {"type": "Feature", "properties": {"pocket_id": "NS-1032", "city": "Thane", "ward": "Thane West"}, "geometry": {"type": "Polygon", "coordinates": [[[72.97176601913954, 19.2259279738143], [72.97463372681823, 19.2259279738143], [72.97463372681823, 19.2286357198143], [72.97176601913954, 19.2286357198143], [72.97176601913954, 19.2259279738143]]]}}, {"type": "Feature", "properties": {"pocket_id": "NS-1033", "city": "Kalyan", "ward": "Kalyan West"}, "geometry": {"type": "Polygon", "coordinates": [[[73.13797541282305, 19.254242647133104], [73.14075698413386, 19.254242647133104], [73.14075698413386, 19.256868609133107], [73.13797541282305, 19.256868609133107], [73.13797541282305, 19.254242647133104]]]}}, {"type": "Feature", "properties": {"pocket_id": "NS-1034", "city": "Mumbai", "ward": "M Ward"}, "geometry": {"type": "Polygon", "coordinates": [[[72.86492886795162, 19.030238259416542], [72.86790407275302, 19.030238259416542], [72.86790407275302, 19.03305083541654], [72.86492886795162, 19.03305083541654], [72.86492886795162, 19.030238259416542]]]}}, {"type": "Feature", "properties": {"pocket_id": "NS-1035", "city": "Mumbai", "ward": "S Ward"}, "geometry": {"type": "Polygon", "coordinates": [[[72.91836080723253, 19.137857195401274], [72.92165057152543, 19.137857195401274], [72.92165057152543, 19.140965113401272], [72.91836080723253, 19.140965113401272], [72.91836080723253, 19.137857195401274]]]}}, {"type": "Feature", "properties": {"pocket_id": "NS-1036", "city": "Thane", "ward": "Thane East"}, "geometry": {"type": "Polygon", "coordinates": [[[73.01238850421201, 19.169513832319023], [73.01526934158996, 19.169513832319023], [73.01526934158996, 19.172234908319023], [73.01238850421201, 19.172234908319023], [73.01238850421201, 19.169513832319023]]]}}, {"type": "Feature", "properties": {"pocket_id": "NS-1037", "city": "Kalyan", "ward": "Kalyan West"}, "geometry": {"type": "Polygon", "coordinates": [[[73.12071783017497, 19.27078443202269], [73.12393134133545, 19.27078443202269], [73.12393134133545, 19.273817860022692], [73.12071783017497, 19.273817860022692], [73.12071783017497, 19.27078443202269]]]}}, {"type": "Feature", "properties": {"pocket_id": "NS-1038", "city": "Mumbai", "ward": "M Ward"}, "geometry": {"type": "Polygon", "coordinates": [[[NaN, NaN], [NaN, NaN], [NaN, NaN], [NaN, NaN], [NaN, NaN]]]}}, {"type": "Feature", "properties": {"pocket_id": "NS-1039", "city": "Mumbai", "ward": "M Ward"}, "geometry": {"type": "Polygon", "coordinates": [[[72.8491838586346, 18.985822709577025], [72.85275659284056, 18.985822709577025], [72.85275659284056, 18.989201049577023], [72.8491838586346, 18.989201049577023], [72.8491838586346, 18.985822709577025]]]}}, {"type": "Feature", "properties": {"pocket_id": "NS-1040", "city": "Thane", "ward": "Thane West"}, "geometry": {"type": "Polygon", "coordinates": [[[72.99621360033245, 19.213575407828063], [72.9989327789184, 19.213575407828063], [72.9989327789184, 19.216143103828063], [72.99621360033245, 19.216143103828063], [72.99621360033245, 19.213575407828063]]]}}, {"type": "Feature", "properties": {"pocket_id": "NS-1041", "city": "Mumbai", "ward": "M Ward"}, "geometry": {"type": "Polygon", "coordinates": [[[72.8722924047337, 18.960605032941096], [72.8754597360542, 18.960605032941096], [72.8754597360542, 18.963600484941097], [72.8722924047337, 18.963600484941097], [72.8722924047337, 18.960605032941096]]]}}, {"type": "Feature", "properties": {"pocket_id": "NS-1042", "city": "Mumbai", "ward": "M Ward"}, "geometry": {"type": "Polygon", "coordinates": [[[72.88331071764787, 19.035269197033653], [72.88611197727221, 19.035269197033653], [72.88611197727221, 19.03791725703365], [72.88331071764787, 19.03791725703365], [72.88331071764787, 19.035269197033653]]]}}, {"type": "Feature", "properties": {"pocket_id": "NS-1043", "city": "Mumbai", "ward": "L Ward"}, "geometry": {"type": "Polygon", "coordinates": [[[72.91919426069398, 19.065022161024373], [72.9221582707757, 19.065022161024373], [72.9221582707757, 19.067823567024377], [72.91919426069398, 19.067823567024377], [72.91919426069398, 19.065022161024373]]]}}, {"type": "Feature", "properties": {"pocket_id": "NS-1044", "city": "Mumbai", "ward": "M Ward"}, "geometry": {"type": "Polygon", "coordinates": [[[72.8868677660263, 19.016405040688753], [72.88962579291196, 19.016405040688753], [72.88962579291196, 19.019012528688755], [72.8868677660263, 19.019012528688755], [72.8868677660263, 19.016405040688753]]]}}, {"type": "Feature", "properties": {"pocket_id": "NS-1045", "city": "Mumbai", "ward": "L Ward"}, "geometry": {"type": "Polygon", "coordinates": [[[72.88704257382042, 19.061136855279212], [72.8899085029986, 19.061136855279212], [72.8899085029986, 19.06384562527921], [72.88704257382042, 19.06384562527921], [72.88704257382042, 19.061136855279212]]]}}, {"type": "Feature", "properties": {"pocket_id": "NS-1046", "city": "Kalyan", "ward": "Kalyan East"}, "geometry": {"type": "Polygon", "coordinates": [[[NaN, NaN], [NaN, NaN], [NaN, NaN], [NaN, NaN], [NaN, NaN]]]}}, {"type": "Feature", "properties": {"pocket_id": "NS-1047", "city": "Mumbai", "ward": "L Ward"}, "geometry": {"type": "Polygon", "coordinates": [[[72.89311806076856, 19.06281774450479], [72.89644525435338, 19.06281774450479], [72.89644525435338, 19.06596244850479], [72.89311806076856, 19.06596244850479], [72.89311806076856, 19.06281774450479]]]}}, {"type": "Feature", "properties": {"pocket_id": "NS-1048", "city": "Mumbai", "ward": "L Ward"}, "geometry": {"type": "Polygon", "coordinates": [[[72.8801240669668, 19.062389372492465], [72.88306146058383, 19.062389372492465], [72.88306146058383, 19.065165666492465], [72.8801240669668, 19.065165666492465], [72.8801240669668, 19.062389372492465]]]}}, {"type": "Feature", "properties": {"pocket_id": "NS-1049", "city": "Thane", "ward": "Thane East"}, "geometry": {"type": "Polygon", "coordinates": [[[73.02468476827019, 19.17182791153247], [73.02757642192006, 19.17182791153247], [73.02757642192006, 19.174559165532468], [73.02468476827019, 19.174559165532468], [73.02468476827019, 19.17182791153247]]]}}, {"type": "Feature", "properties": {"pocket_id": "NS-1050", "city": "Mumbai", "ward": "M Ward"}, "geometry": {"type": "Polygon", "coordinates": [[[72.84852568102183, 18.98616242498417], [72.85130886699362, 18.98616242498417], [72.85130886699362, 18.988794176984168], [72.84852568102183, 18.988794176984168], [72.84852568102183, 18.98616242498417]]]}}, {"type": "Feature", "properties": {"pocket_id": "NS-1051", "city": "Mumbai", "ward": "M Ward"}, "geometry": {"type": "Polygon", "coordinates": [[[72.89558650590169, 18.99748641130477], [72.89831772144493, 18.99748641130477], [72.89831772144493, 19.000068845304767], [72.89558650590169, 19.000068845304767], [72.89558650590169, 18.99748641130477]]]}}, {"type": "Feature", "properties": {"pocket_id": "NS-1052", "city": "Ulhasnagar", "ward": "Ulhasnagar"}, "geometry": {"type": "Polygon", "coordinates": [[[73.1694087661391, 19.227748383574752], [73.17221811764176, 19.227748383574752], [73.17221811764176, 19.23040099957475], [73.1694087661391, 19.23040099957475], [73.1694087661391, 19.227748383574752]]]}}, {"type": "Feature", "properties": {"pocket_id": "NS-1053", "city": "Ulhasnagar", "ward": "Ulhasnagar"}, "geometry": {"type": "Polygon", "coordinates": [[[73.18247003464948, 19.212696531621834], [73.18588680664796, 19.212696531621834], [73.18588680664796, 19.215922969621833], [73.18247003464948, 19.215922969621833], [73.18247003464948, 19.212696531621834]]]}}, {"type": "Feature", "properties": {"pocket_id": "NS-1054", "city": "Mumbai", "ward": "M Ward"}, "geometry": {"type": "Polygon", "coordinates": [[[72.89622863118014, 19.021444166661254], [72.89886702924905, 19.021444166661254], [72.89886702924905, 19.023938480661258], [72.89622863118014, 19.023938480661258], [72.89622863118014, 19.021444166661254]]]}}, {"type": "Feature", "properties": {"pocket_id": "NS-1055", "city": "Mumbai", "ward": "M Ward"}, "geometry": {"type": "Polygon", "coordinates": [[[72.87438068061616, 18.994997085027784], [72.87751085639414, 18.994997085027784], [72.87751085639414, 18.997956787027782], [72.87438068061616, 18.997956787027782], [72.87438068061616, 18.994997085027784]]]}}, {"type": "Feature", "properties": {"pocket_id": "NS-1056", "city": "Mumbai", "ward": "L Ward"}, "geometry": {"type": "Polygon", "coordinates": [[[72.88327679469263, 19.06763141210959], [72.88655627488059, 19.06763141210959], [72.88655627488059, 19.07073093010959], [72.88327679469263, 19.07073093010959], [72.88327679469263, 19.06763141210959]]]}}, {"type": "Feature", "properties": {"pocket_id": "NS-1057", "city": "Thane", "ward": "Thane West"}, "geometry": {"type": "Polygon", "coordinates": [[[73.00701367897489, 19.16532707141799], [73.00982016519006, 19.16532707141799], [73.00982016519006, 19.16797798741799], [73.00701367897489, 19.16797798741799], [73.00701367897489, 19.16532707141799]]]}}, {"type": "Feature", "properties": {"pocket_id": "NS-1058", "city": "Mumbai", "ward": "M Ward"}, "geometry": {"type": "Polygon", "coordinates": [[[72.87042706565975, 19.019252145506524], [72.87318912331025, 19.019252145506524], [72.87318912331025, 19.021863399506525], [72.87042706565975, 19.021863399506525], [72.87042706565975, 19.019252145506524]]]}}, {"type": "Feature", "properties": {"pocket_id": "NS-1059", "city": "Ulhasnagar", "ward": "Ulhasnagar"}, "geometry": {"type": "Polygon", "coordinates": [[[73.15139055786608, 19.214403547771564], [73.15425921240984, 19.214403547771564], [73.15425921240984, 19.217112377771567], [73.15139055786608, 19.217112377771567], [73.15139055786608, 19.214403547771564]]]}}, {"type": "Feature", "properties": {"pocket_id": "NS-1060", "city": "Mumbai", "ward": "L Ward"}, "geometry": {"type": "Polygon", "coordinates": [[[72.89617956273764, 19.071444722350368], [72.8989262072356, 19.071444722350368], [72.8989262072356, 19.074040588350368], [72.89617956273764, 19.074040588350368], [72.89617956273764, 19.071444722350368]]]}}, {"type": "Feature", "properties": {"pocket_id": "NS-1061", "city": "Mumbai", "ward": "S Ward"}, "geometry": {"type": "Polygon", "coordinates": [[[72.94591781679505, 19.135806015700968], [72.9501924735978, 19.135806015700968], [72.9501924735978, 19.139844423700968], [72.94591781679505, 19.139844423700968], [72.94591781679505, 19.135806015700968]]]}}, {"type": "Feature", "properties": {"pocket_id": "NS-1062", "city": "Thane", "ward": "Thane West"}, "geometry": {"type": "Polygon", "coordinates": [[[72.97343977413391, 19.240407061916816], [72.97629371328398, 19.240407061916816], [72.97629371328398, 19.243101569916814], [72.97343977413391, 19.243101569916814], [72.97343977413391, 19.240407061916816]]]}}, {"type": "Feature", "properties": {"pocket_id": "NS-1063", "city": "Mumbai", "ward": "M Ward"}, "geometry": {"type": "Polygon", "coordinates": [[[NaN, 19.024122314352446], [NaN, 19.024122314352446], [NaN, 19.02679155435245], [NaN, 19.02679155435245], [NaN, 19.024122314352446]]]}}, {"type": "Feature", "properties": {"pocket_id": "NS-1064", "city": "Thane", "ward": "Thane West"}, "geometry": {"type": "Polygon", "coordinates": [[[72.95861385297404, 19.25750061145319], [72.96164549276794, 19.25750061145319], [72.96164549276794, 19.260362593453188], [72.95861385297404, 19.260362593453188], [72.95861385297404, 19.25750061145319]]]}}, {"type": "Feature", "properties": {"pocket_id": "NS-1065", "city": "Mumbai", "ward": "S Ward"}, "geometry": {"type": "Polygon", "coordinates": [[[NaN, NaN], [NaN, NaN], [NaN, NaN], [NaN, NaN], [NaN, NaN]]]}}, {"type": "Feature", "properties": {"pocket_id": "NS-1066", "city": "Thane", "ward": "Thane East"}, "geometry": {"type": "Polygon", "coordinates": [[[72.98687116695781, 19.190357012774285], [72.98981615438227, 19.190357012774285], [72.98981615438227, 19.193138328774282], [72.98687116695781, 19.193138328774282], [72.98687116695781, 19.190357012774285]]]}}, {"type": "Feature", "properties": {"pocket_id": "NS-1067", "city": "Kalyan", "ward": "Kalyan West"}, "geometry": {"type": "Polygon", "coordinates": [[[NaN, 19.265137446690375], [NaN, 19.265137446690375], [NaN, 19.268131834690372], [NaN, 19.268131834690372], [NaN, 19.265137446690375]]]}}, {"type": "Feature", "properties": {"pocket_id": "NS-1068", "city": "Thane", "ward": "Thane East"}, "geometry": {"type": "Polygon", "coordinates": [[[73.00532303356134, 19.170469755357963], [73.00836006272452, 19.170469755357963], [73.00836006272452, 19.173338343357962], [73.00532303356134, 19.173338343357962], [73.00532303356134, 19.170469755357963]]]}}, {"type": "Feature", "properties": {"pocket_id": "NS-1069", "city": "Mumbai", "ward": "L Ward"}, "geometry": {"type": "Polygon", "coordinates": [[[72.9262052881065, 19.050732262641127], [72.92882870749455, 19.050732262641127], [72.92882870749455, 19.05321197864113], [72.9262052881065, 19.05321197864113], [72.9262052881065, 19.050732262641127]]]}}, {"type": "Feature", "properties": {"pocket_id": "NS-1070", "city": "Mumbai", "ward": "M Ward"}, "geometry": {"type": "Polygon", "coordinates": [[[NaN, 19.0182176342114], [NaN, 19.0182176342114], [NaN, 19.0209039222114], [NaN, 19.0209039222114], [NaN, 19.0182176342114]]]}}, {"type": "Feature", "properties": {"pocket_id": "NS-1071", "city": "Thane", "ward": "Thane East"}, "geometry": {"type": "Polygon", "coordinates": [[[73.04383120100901, 19.229151162933242], [73.04652060963336, 19.229151162933242], [73.04652060963336, 19.23169050693324], [73.04383120100901, 19.23169050693324], [73.04383120100901, 19.229151162933242]]]}}, {"type": "Feature", "properties": {"pocket_id": "NS-1072", "city": "Mumbai", "ward": "M Ward"}, "geometry": {"type": "Polygon", "coordinates": [[[72.89030165495427, 19.0060572629728], [72.89321767088603, 19.0060572629728], [72.89321767088603, 19.008814286972797], [72.89030165495427, 19.008814286972797], [72.89030165495427, 19.0060572629728]]]}}, {"type": "Feature", "properties": {"pocket_id": "NS-1073", "city": "Mumbai", "ward": "M Ward"}, "geometry": {"type": "Polygon", "coordinates": [[[72.86830026062741, 18.977799443044006], [72.87115695514937, 18.977799443044006], [72.87115695514937, 18.980500839044005], [72.86830026062741, 18.980500839044005], [72.86830026062741, 18.977799443044006]]]}}, {"type": "Feature", "properties": {"pocket_id": "NS-1074", "city": "Ambarnath", "ward": "Ambarnath"}, "geometry": {"type": "Polygon", "coordinates": [[[73.21264189444882, 19.195498294147132], [73.21543836948236, 19.195498294147132], [73.21543836948236, 19.198139270147134], [73.21264189444882, 19.198139270147134], [73.21264189444882, 19.195498294147132]]]}}, {"type": "Feature", "properties": {"pocket_id": "NS-1075", "city": "Mumbai", "ward": "M Ward"}, "geometry": {"type": "Polygon", "coordinates": [[[72.86326617299675, 18.996708736036197], [72.86611580344542, 18.996708736036197], [72.86611580344542, 18.999403146036194], [72.86326617299675, 18.999403146036194], [72.86326617299675, 18.996708736036197]]]}}, {"type": "Feature", "properties": {"pocket_id": "NS-1076", "city": "Mumbai", "ward": "M Ward"}, "geometry": {"type": "Polygon", "coordinates": [[[NaN, 19.016565204859436], [NaN, 19.016565204859436], [NaN, 19.019312014859434], [NaN, 19.019312014859434], [NaN, 19.016565204859436]]]}}, {"type": "Feature", "properties": {"pocket_id": "NS-1077", "city": "Thane", "ward": "Thane East"}, "geometry": {"type": "Polygon", "coordinates": [[[NaN, 19.17910934525897], [NaN, 19.17910934525897], [NaN, 19.181818035258967], [NaN, 19.181818035258967], [NaN, 19.17910934525897]]]}}, {"type": "Feature", "properties": {"pocket_id": "NS-1078", "city": "Mumbai", "ward": "S Ward"}, "geometry": {"type": "Polygon", "coordinates": [[[72.92236630969046, 19.151528739392315], [72.92500020962595, 19.151528739392315], [72.92500020962595, 19.154016845392317], [72.92236630969046, 19.154016845392317], [72.92236630969046, 19.151528739392315]]]}}, {"type": "Feature", "properties": {"pocket_id": "NS-1079", "city": "Ulhasnagar", "ward": "Ulhasnagar"}, "geometry": {"type": "Polygon", "coordinates": [[[73.13233187830203, 19.20969086698175], [73.1356414505591, 19.20969086698175], [73.1356414505591, 19.212816134981747], [73.13233187830203, 19.212816134981747], [73.13233187830203, 19.20969086698175]]]}}, {"type": "Feature", "properties": {"pocket_id": "NS-1080", "city": "Thane", "ward": "Thane East"}, "geometry": {"type": "Polygon", "coordinates": [[[NaN, NaN], [NaN, NaN], [NaN, NaN], [NaN, NaN], [NaN, NaN]]]}}, {"type": "Feature", "properties": {"pocket_id": "NS-1081", "city": "Mumbai", "ward": "S Ward"}, "geometry": {"type": "Polygon", "coordinates": [[[72.91703608724177, 19.123012333023002], [72.92000766441285, 19.123012333023002], [72.92000766441285, 19.125819907023004], [72.91703608724177, 19.125819907023004], [72.91703608724177, 19.123012333023002]]]}}, {"type": "Feature", "properties": {"pocket_id": "NS-1082", "city": "Mumbai", "ward": "S Ward"}, "geometry": {"type": "Polygon", "coordinates": [[[72.95409282574384, 19.10616775109331], [72.95711164391822, 19.10616775109331], [72.95711164391822, 19.109020249093312], [72.95409282574384, 19.109020249093312], [72.95409282574384, 19.10616775109331]]]}}, {"type": "Feature", "properties": {"pocket_id": "NS-1083", "city": "Thane", "ward": "Thane East"}, "geometry": {"type": "Polygon", "coordinates": [[[NaN, NaN], [NaN, NaN], [NaN, NaN], [NaN, NaN], [NaN, NaN]]]}}, {"type": "Feature", "properties": {"pocket_id": "NS-1084", "city": "Mumbai", "ward": "M Ward"}, "geometry": {"type": "Polygon", "coordinates": [[[NaN, NaN], [NaN, NaN], [NaN, NaN], [NaN, NaN], [NaN, NaN]]]}}, {"type": "Feature", "properties": {"pocket_id": "NS-1085", "city": "Thane", "ward": "Thane West"}, "geometry": {"type": "Polygon", "coordinates": [[[72.96847062812918, 19.241374282682763], [72.97120923689366, 19.241374282682763], [72.97120923689366, 19.24395988868276], [72.96847062812918, 19.24395988868276], [72.96847062812918, 19.241374282682763]]]}}, {"type": "Feature", "properties": {"pocket_id": "NS-1086", "city": "Mumbai", "ward": "S Ward"}, "geometry": {"type": "Polygon", "coordinates": [[[72.92278572166768, 19.16013634587418], [72.92584964738089, 19.16013634587418], [72.92584964738089, 19.163030519874177], [72.92278572166768, 19.163030519874177], [72.92278572166768, 19.16013634587418]]]}}, {"type": "Feature", "properties": {"pocket_id": "NS-1087", "city": "Mumbai", "ward": "S Ward"}, "geometry": {"type": "Polygon", "coordinates": [[[72.92780801854693, 19.13617279020509], [72.93113735660145, 19.13617279020509], [72.93113735660145, 19.139318126205094], [72.92780801854693, 19.139318126205094], [72.92780801854693, 19.13617279020509]]]}}, {"type": "Feature", "properties": {"pocket_id": "NS-1088", "city": "Mumbai", "ward": "L Ward"}, "geometry": {"type": "Polygon", "coordinates": [[[72.87343593654171, 19.05169423229175], [72.87644604741132, 19.05169423229175], [72.87644604741132, 19.054539438291755], [72.87343593654171, 19.054539438291755], [72.87343593654171, 19.05169423229175]]]}}, {"type": "Feature", "properties": {"pocket_id": "NS-1089", "city": "Mumbai", "ward": "M Ward"}, "geometry": {"type": "Polygon", "coordinates": [[[72.87263702669789, 19.00644269229432], [72.87556935880049, 19.00644269229432], [72.87556935880049, 19.009215136294323], [72.87263702669789, 19.009215136294323], [72.87263702669789, 19.00644269229432]]]}}, {"type": "Feature", "properties": {"pocket_id": "NS-1090", "city": "Kalyan", "ward": "Kalyan West"}, "geometry": {"type": "Polygon", "coordinates": [[[73.1404515844101, 19.248795569326735], [73.14350396198293, 19.248795569326735], [73.14350396198293, 19.25167728132673], [73.1404515844101, 19.25167728132673], [73.1404515844101, 19.248795569326735]]]}}, {"type": "Feature", "properties": {"pocket_id": "NS-1091", "city": "Thane", "ward": "Thane West"}, "geometry": {"type": "Polygon", "coordinates": [[[73.00318475938114, 19.210968005637373], [73.00619256223116, 19.210968005637373], [73.00619256223116, 19.213808289637374], [73.00318475938114, 19.213808289637374], [73.00318475938114, 19.210968005637373]]]}}, {"type": "Feature", "properties": {"pocket_id": "NS-1092", "city": "Mumbai", "ward": "L Ward"}, "geometry": {"type": "Polygon", "coordinates": [[[72.90592696518982, 19.066959395683448], [72.90912308816786, 19.066959395683448], [72.90912308816786, 19.069980143683445], [72.90592696518982, 19.069980143683445], [72.90592696518982, 19.066959395683448]]]}}, {"type": "Feature", "properties": {"pocket_id": "NS-1093", "city": "Mumbai", "ward": "L Ward"}, "geometry": {"type": "Polygon", "coordinates": [[[72.88191342667358, 19.05610670956807], [72.88480251307902, 19.05610670956807], [72.88480251307902, 19.058837449568067], [72.88191342667358, 19.058837449568067], [72.88191342667358, 19.05610670956807]]]}}, {"type": "Feature", "properties": {"pocket_id": "NS-1094", "city": "Mumbai", "ward": "L Ward"}, "geometry": {"type": "Polygon", "coordinates": [[[72.8852602495731, 19.06650297086212], [72.88791359492711, 19.06650297086212], [72.88791359492711, 19.069010734862122], [72.8852602495731, 19.069010734862122], [72.8852602495731, 19.06650297086212]]]}}, {"type": "Feature", "properties": {"pocket_id": "NS-1095", "city": "Mumbai", "ward": "L Ward"}, "geometry": {"type": "Polygon", "coordinates": [[[72.87279492912356, 19.068026609761265], [72.87553066540292, 19.068026609761265], [72.87553066540292, 19.070612219761262], [72.87279492912356, 19.070612219761262], [72.87279492912356, 19.068026609761265]]]}}, {"type": "Feature", "properties": {"pocket_id": "NS-1096", "city": "Mumbai", "ward": "S Ward"}, "geometry": {"type": "Polygon", "coordinates": [[[NaN, 19.145731340499985], [NaN, 19.145731340499985], [NaN, 19.148362444499988], [NaN, 19.148362444499988], [NaN, 19.145731340499985]]]}}, {"type": "Feature", "properties": {"pocket_id": "NS-1097", "city": "Mumbai", "ward": "M Ward"}, "geometry": {"type": "Polygon", "coordinates": [[[72.89111537309475, 18.988445620461466], [72.89459105976303, 18.988445620461466], [72.89459105976303, 18.99173214246147], [72.89111537309475, 18.99173214246147], [72.89111537309475, 18.988445620461466]]]}}, {"type": "Feature", "properties": {"pocket_id": "NS-1098", "city": "Mumbai", "ward": "S Ward"}, "geometry": {"type": "Polygon", "coordinates": [[[72.94357783346184, 19.12559158588058], [72.94638822280463, 19.12559158588058], [72.94638822280463, 19.128246827880584], [72.94357783346184, 19.128246827880584], [72.94357783346184, 19.12559158588058]]]}}, {"type": "Feature", "properties": {"pocket_id": "NS-1099", "city": "Ulhasnagar", "ward": "Ulhasnagar"}, "geometry": {"type": "Polygon", "coordinates": [[[73.15500877388754, 19.225736121218336], [73.15842912135307, 19.225736121218336], [73.15842912135307, 19.228965679218337], [73.15500877388754, 19.228965679218337], [73.15500877388754, 19.225736121218336]]]}}, {"type": "Feature", "properties": {"pocket_id": "NS-1100", "city": "Mumbai", "ward": "S Ward"}, "geometry": {"type": "Polygon", "coordinates": [[[72.91923224401368, 19.1532329346588], [72.92236310704818, 19.1532329346588], [72.92236310704818, 19.156190460658802], [72.91923224401368, 19.156190460658802], [72.91923224401368, 19.1532329346588]]]}}, {"type": "Feature", "properties": {"pocket_id": "NS-1101", "city": "Ulhasnagar", "ward": "Ulhasnagar"}, "geometry": {"type": "Polygon", "coordinates": [[[73.15283119313793, 19.223706342137014], [73.15571579444966, 19.223706342137014], [73.15571579444966, 19.226430076137014], [73.15283119313793, 19.226430076137014], [73.15283119313793, 19.223706342137014]]]}}, {"type": "Feature", "properties": {"pocket_id": "NS-1102", "city": "Mumbai", "ward": "L Ward"}, "geometry": {"type": "Polygon", "coordinates": [[[72.88139581138788, 19.0580606189064], [72.8846189367479, 19.0580606189064], [72.8846189367479, 19.061107050906397], [72.88139581138788, 19.061107050906397], [72.88139581138788, 19.0580606189064]]]}}, {"type": "Feature", "properties": {"pocket_id": "NS-1103", "city": "Mumbai", "ward": "L Ward"}, "geometry": {"type": "Polygon", "coordinates": [[[72.88244645691675, 19.03785230079718], [72.88527243407846, 19.03785230079718], [72.88527243407846, 19.040523684797183], [72.88244645691675, 19.040523684797183], [72.88244645691675, 19.03785230079718]]]}}, {"type": "Feature", "properties": {"pocket_id": "NS-1104", "city": "Kalyan", "ward": "Kalyan East"}, "geometry": {"type": "Polygon", "coordinates": [[[73.14757226117385, 19.21639837590256], [73.1504594347177, 19.21639837590256], [73.1504594347177, 19.21912465990256], [73.14757226117385, 19.21912465990256], [73.14757226117385, 19.21639837590256]]]}}, {"type": "Feature", "properties": {"pocket_id": "NS-1105", "city": "Kalyan", "ward": "Kalyan West"}, "geometry": {"type": "Polygon", "coordinates": [[[73.11687342807473, 19.2297885007182], [73.11980914713912, 19.2297885007182], [73.11980914713912, 19.2325603987182], [73.11687342807473, 19.2325603987182], [73.11687342807473, 19.2297885007182]]]}}, {"type": "Feature", "properties": {"pocket_id": "NS-1106", "city": "Mumbai", "ward": "M Ward"}, "geometry": {"type": "Polygon", "coordinates": [[[72.87949454906772, 19.02080578535211], [72.88230095097583, 19.02080578535211], [72.88230095097583, 19.02345893735211], [72.87949454906772, 19.02345893735211], [72.87949454906772, 19.02080578535211]]]}}, {"type": "Feature", "properties": {"pocket_id": "NS-1107", "city": "Mumbai", "ward": "L Ward"}, "geometry": {"type": "Polygon", "coordinates": [[[72.88420343399322, 19.057923692442014], [72.88712782388906, 19.057923692442014], [72.88712782388906, 19.060687770442012], [72.88420343399322, 19.060687770442012], [72.88420343399322, 19.057923692442014]]]}}, {"type": "Feature", "properties": {"pocket_id": "NS-1108", "city": "Mumbai", "ward": "M Ward"}, "geometry": {"type": "Polygon", "coordinates": [[[72.89241641738572, 18.997376072695985], [72.89639175883225, 18.997376072695985], [72.89639175883225, 19.001134848695983], [72.89241641738572, 19.001134848695983], [72.89241641738572, 18.997376072695985]]]}}, {"type": "Feature", "properties": {"pocket_id": "NS-1109", "city": "Kalyan", "ward": "Kalyan East"}, "geometry": {"type": "Polygon", "coordinates": [[[73.13966203777596, 19.20779015228226], [73.14278743391372, 19.20779015228226], [73.14278743391372, 19.21074153628226], [73.13966203777596, 19.21074153628226], [73.13966203777596, 19.20779015228226]]]}}, {"type": "Feature", "properties": {"pocket_id": "NS-1110", "city": "Thane", "ward": "Thane West"}, "geometry": {"type": "Polygon", "coordinates": [[[72.98203392719877, 19.24910948019443], [72.98502728369199, 19.24910948019443], [72.98502728369199, 19.25193546619443], [72.98203392719877, 19.25193546619443], [72.98203392719877, 19.24910948019443]]]}}, {"type": "Feature", "properties": {"pocket_id": "NS-1111", "city": "Mumbai", "ward": "L Ward"}, "geometry": {"type": "Polygon", "coordinates": [[[NaN, 19.07862385872974], [NaN, 19.07862385872974], [NaN, 19.082065084729738], [NaN, 19.082065084729738], [NaN, 19.07862385872974]]]}}, {"type": "Feature", "properties": {"pocket_id": "NS-1112", "city": "Mumbai", "ward": "L Ward"}, "geometry": {"type": "Polygon", "coordinates": [[[72.87503624672247, 19.06952407256438], [72.87790425930977, 19.06952407256438], [72.87790425930977, 19.07223467456438], [72.87503624672247, 19.07223467456438], [72.87503624672247, 19.06952407256438]]]}}, {"type": "Feature", "properties": {"pocket_id": "NS-1113", "city": "Mumbai", "ward": "M Ward"}, "geometry": {"type": "Polygon", "coordinates": [[[72.8675037975299, 18.98452482471719], [72.87048560438527, 18.98452482471719], [72.87048560438527, 18.987344416717193], [72.8675037975299, 18.987344416717193], [72.8675037975299, 18.98452482471719]]]}}, {"type": "Feature", "properties": {"pocket_id": "NS-1114", "city": "Mumbai", "ward": "S Ward"}, "geometry": {"type": "Polygon", "coordinates": [[[72.93745291620333, 19.126584933230838], [72.9402724271926, 19.126584933230838], [72.9402724271926, 19.129248777230835], [72.93745291620333, 19.129248777230835], [72.93745291620333, 19.126584933230838]]]}}, {"type": "Feature", "properties": {"pocket_id": "NS-1115", "city": "Thane", "ward": "Thane West"}, "geometry": {"type": "Polygon", "coordinates": [[[72.9958508043991, 19.236832530497736], [72.99868370802982, 19.236832530497736], [72.99868370802982, 19.239507236497737], [72.9958508043991, 19.239507236497737], [72.9958508043991, 19.236832530497736]]]}}, {"type": "Feature", "properties": {"pocket_id": "NS-1116", "city": "Ulhasnagar", "ward": "Ulhasnagar"}, "geometry": {"type": "Polygon", "coordinates": [[[73.14246436227016, 19.211686409087655], [73.14606710270228, 19.211686409087655], [73.14606710270228, 19.215088475087654], [73.14246436227016, 19.215088475087654], [73.14246436227016, 19.211686409087655]]]}}, {"type": "Feature", "properties": {"pocket_id": "NS-1117", "city": "Ambarnath", "ward": "Ambarnath"}, "geometry": {"type": "Polygon", "coordinates": [[[73.20095724597272, 19.18277888313285], [73.20399099318664, 19.18277888313285], [73.20399099318664, 19.185644157132852], [73.20095724597272, 19.185644157132852], [73.20095724597272, 19.18277888313285]]]}}, {"type": "Feature", "properties": {"pocket_id": "NS-1118", "city": "Thane", "ward": "Thane East"}, "geometry": {"type": "Polygon", "coordinates": [[[73.02990044464718, 19.206216958785053], [73.03274066102787, 19.206216958785053], [73.03274066102787, 19.208899068785055], [73.02990044464718, 19.208899068785055], [73.02990044464718, 19.206216958785053]]]}}, {"type": "Feature", "properties": {"pocket_id": "NS-1119", "city": "Mumbai", "ward": "M Ward"}, "geometry": {"type": "Polygon", "coordinates": [[[72.85828469872645, 18.99638486273499], [72.86118353445424, 18.99638486273499], [72.86118353445424, 18.99912580273499], [72.85828469872645, 18.99912580273499], [72.85828469872645, 18.99638486273499]]]}}, {"type": "Feature", "properties": {"pocket_id": "NS-1120", "city": "Mumbai", "ward": "L Ward"}, "geometry": {"type": "Polygon", "coordinates": [[[72.88607640211984, 19.06669261131391], [72.88880594788071, 19.06669261131391], [72.88880594788071, 19.06927239131391], [72.88607640211984, 19.06927239131391], [72.88607640211984, 19.06669261131391]]]}}, {"type": "Feature", "properties": {"pocket_id": "NS-1121", "city": "Mumbai", "ward": "M Ward"}, "geometry": {"type": "Polygon", "coordinates": [[[72.88414119997495, 19.019713705075873], [72.88700112106386, 19.019713705075873], [72.88700112106386, 19.022417471075876], [72.88414119997495, 19.022417471075876], [72.88414119997495, 19.019713705075873]]]}}, {"type": "Feature", "properties": {"pocket_id": "NS-1122", "city": "Thane", "ward": "Thane West"}, "geometry": {"type": "Polygon", "coordinates": [[[72.97223251371939, 19.207563303584074], [72.97530744151364, 19.207563303584074], [72.97530744151364, 19.210467033584074], [72.97223251371939, 19.210467033584074], [72.97223251371939, 19.207563303584074]]]}}, {"type": "Feature", "properties": {"pocket_id": "NS-1123", "city": "Mumbai", "ward": "M Ward"}, "geometry": {"type": "Polygon", "coordinates": [[[72.89660242880282, 19.00555031744603], [72.89936803262503, 19.00555031744603], [72.89936803262503, 19.008165139446028], [72.89660242880282, 19.008165139446028], [72.89660242880282, 19.00555031744603]]]}}, {"type": "Feature", "properties": {"pocket_id": "NS-1124", "city": "Mumbai", "ward": "S Ward"}, "geometry": {"type": "Polygon", "coordinates": [[[NaN, NaN], [NaN, NaN], [NaN, NaN], [NaN, NaN], [NaN, NaN]]]}}, {"type": "Feature", "properties": {"pocket_id": "NS-1125", "city": "Ambarnath", "ward": "Ambarnath"}, "geometry": {"type": "Polygon", "coordinates": [[[73.16814404360406, 19.18594667868834], [73.1709994028943, 19.18594667868834], [73.1709994028943, 19.188643420688337], [73.16814404360406, 19.188643420688337], [73.16814404360406, 19.18594667868834]]]}}, {"type": "Feature", "properties": {"pocket_id": "NS-1126", "city": "Mumbai", "ward": "L Ward"}, "geometry": {"type": "Polygon", "coordinates": [[[72.88852596353853, 19.070956664969593], [72.89131087950453, 19.070956664969593], [72.89131087950453, 19.073588708969595], [72.88852596353853, 19.073588708969595], [72.88852596353853, 19.070956664969593]]]}}, {"type": "Feature", "properties": {"pocket_id": "NS-1127", "city": "Thane", "ward": "Thane West"}, "geometry": {"type": "Polygon", "coordinates": [[[72.99214829454881, 19.23077849720239], [72.99486724310755, 19.23077849720239], [72.99486724310755, 19.233345707202393], [72.99214829454881, 19.233345707202393], [72.99214829454881, 19.23077849720239]]]}}, {"type": "Feature", "properties": {"pocket_id": "NS-1128", "city": "Mumbai", "ward": "L Ward"}, "geometry": {"type": "Polygon", "coordinates": [[[72.88805383769541, 19.07195969862463], [72.89083227169307, 19.07195969862463], [72.89083227169307, 19.07458560062463], [72.88805383769541, 19.07458560062463], [72.88805383769541, 19.07195969862463]]]}}, {"type": "Feature", "properties": {"pocket_id": "NS-1129", "city": "Mumbai", "ward": "L Ward"}, "geometry": {"type": "Polygon", "coordinates": [[[72.86416081906141, 19.05812030797546], [72.86686987610743, 19.05812030797546], [72.86686987610743, 19.06068085597546], [72.86416081906141, 19.06068085597546], [72.86416081906141, 19.05812030797546]]]}}, {"type": "Feature", "properties": {"pocket_id": "NS-1130", "city": "Mumbai", "ward": "S Ward"}, "geometry": {"type": "Polygon", "coordinates": [[[72.94768964219988, 19.148484798362457], [72.95039666505433, 19.148484798362457], [72.95039666505433, 19.151042026362457], [72.94768964219988, 19.151042026362457], [72.94768964219988, 19.148484798362457]]]}}, {"type": "Feature", "properties": {"pocket_id": "NS-1131", "city": "Mumbai", "ward": "M Ward"}, "geometry": {"type": "Polygon", "coordinates": [[[72.88696587994342, 19.02594281595962], [72.89015428865575, 19.02594281595962], [72.89015428865575, 19.028957017959623], [72.88696587994342, 19.028957017959623], [72.88696587994342, 19.02594281595962]]]}}, {"type": "Feature", "properties": {"pocket_id": "NS-1132", "city": "Mumbai", "ward": "S Ward"}, "geometry": {"type": "Polygon", "coordinates": [[[72.92426215165557, 19.14750672187758], [72.92708847517454, 19.14750672187758], [72.92708847517454, 19.150176663877577], [72.92426215165557, 19.150176663877577], [72.92426215165557, 19.14750672187758]]]}}, {"type": "Feature", "properties": {"pocket_id": "NS-1133", "city": "Mumbai", "ward": "S Ward"}, "geometry": {"type": "Polygon", "coordinates": [[[72.94760674936713, 19.151429297771173], [72.95214445945028, 19.151429297771173], [72.95214445945028, 19.155715811771174], [72.94760674936713, 19.155715811771174], [72.94760674936713, 19.151429297771173]]]}}, {"type": "Feature", "properties": {"pocket_id": "NS-1134", "city": "Mumbai", "ward": "M Ward"}, "geometry": {"type": "Polygon", "coordinates": [[[72.88718045927288, 18.985205178859356], [72.88999966398325, 18.985205178859356], [72.88999966398325, 18.987871004859354], [72.88718045927288, 18.987871004859354], [72.88718045927288, 18.985205178859356]]]}}, {"type": "Feature", "properties": {"pocket_id": "NS-1135", "city": "Mumbai", "ward": "S Ward"}, "geometry": {"type": "Polygon", "coordinates": [[[72.94549323760234, 19.154578550153534], [72.94833298919687, 19.154578550153534], [72.94833298919687, 19.157261062153534], [72.94549323760234, 19.157261062153534], [72.94549323760234, 19.154578550153534]]]}}, {"type": "Feature", "properties": {"pocket_id": "NS-1136", "city": "Mumbai", "ward": "L Ward"}, "geometry": {"type": "Polygon", "coordinates": [[[72.87549025734748, 19.102990258494568], [72.87866241120065, 19.102990258494568], [72.87866241120065, 19.10598770049457], [72.87549025734748, 19.10598770049457], [72.87549025734748, 19.102990258494568]]]}}, {"type": "Feature", "properties": {"pocket_id": "NS-1137", "city": "Thane", "ward": "Thane West"}, "geometry": {"type": "Polygon", "coordinates": [[[72.97459600974292, 19.260594641106078], [72.97767038419022, 19.260594641106078], [72.97767038419022, 19.263496911106078], [72.97459600974292, 19.263496911106078], [72.97459600974292, 19.260594641106078]]]}}, {"type": "Feature", "properties": {"pocket_id": "NS-1138", "city": "Thane", "ward": "Thane West"}, "geometry": {"type": "Polygon", "coordinates": [[[73.00316845371748, 19.22859056174243], [73.00600468690357, 19.22859056174243], [73.00600468690357, 19.23126854574243], [73.00316845371748, 19.23126854574243], [73.00316845371748, 19.22859056174243]]]}}, {"type": "Feature", "properties": {"pocket_id": "NS-1139", "city": "Thane", "ward": "Thane West"}, "geometry": {"type": "Polygon", "coordinates": [[[72.96441594798061, 19.202064060833923], [72.96718270031782, 19.202064060833923], [72.96718270031782, 19.204676862833924], [72.96441594798061, 19.204676862833924], [72.96441594798061, 19.202064060833923]]]}}, {"type": "Feature", "properties": {"pocket_id": "NS-1140", "city": "Thane", "ward": "Thane West"}, "geometry": {"type": "Polygon", "coordinates": [[[72.94893527104811, 19.17853755191915], [72.95280302590622, 19.17853755191915], [72.95280302590622, 19.182190603919146], [72.94893527104811, 19.182190603919146], [72.94893527104811, 19.17853755191915]]]}}, {"type": "Feature", "properties": {"pocket_id": "NS-1141", "city": "Thane", "ward": "Thane East"}, "geometry": {"type": "Polygon", "coordinates": [[[73.0259803513078, 19.195713129299726], [73.02897433201127, 19.195713129299726], [73.02897433201127, 19.198540623299728], [73.0259803513078, 19.198540623299728], [73.0259803513078, 19.195713129299726]]]}}, {"type": "Feature", "properties": {"pocket_id": "NS-1142", "city": "Kalyan", "ward": "Kalyan West"}, "geometry": {"type": "Polygon", "coordinates": [[[73.13238359224677, 19.245964639633186], [73.13521943075413, 19.245964639633186], [73.13521943075413, 19.248641967633183], [73.13238359224677, 19.248641967633183], [73.13238359224677, 19.245964639633186]]]}}, {"type": "Feature", "properties": {"pocket_id": "NS-1143", "city": "Mumbai", "ward": "S Ward"}, "geometry": {"type": "Polygon", "coordinates": [[[72.9370347033417, 19.16158912446242], [72.9404336856813, 19.16158912446242], [72.9404336856813, 19.16479976046242], [72.9370347033417, 19.16479976046242], [72.9370347033417, 19.16158912446242]]]}}, {"type": "Feature", "properties": {"pocket_id": "NS-1144", "city": "Mumbai", "ward": "M Ward"}, "geometry": {"type": "Polygon", "coordinates": [[[72.8880056230094, 19.021617589381968], [72.89089274476669, 19.021617589381968], [72.89089274476669, 19.024347039381965], [72.8880056230094, 19.024347039381965], [72.8880056230094, 19.021617589381968]]]}}, {"type": "Feature", "properties": {"pocket_id": "NS-1145", "city": "Mumbai", "ward": "S Ward"}, "geometry": {"type": "Polygon", "coordinates": [[[72.92729066881901, 19.156219693129138], [72.93017926025169, 19.156219693129138], [72.93017926025169, 19.158948313129137], [72.92729066881901, 19.158948313129137], [72.92729066881901, 19.156219693129138]]]}}, {"type": "Feature", "properties": {"pocket_id": "NS-1146", "city": "Thane", "ward": "Thane East"}, "geometry": {"type": "Polygon", "coordinates": [[[73.03123176364838, 19.203645893888567], [73.03421479312823, 19.203645893888567], [73.03421479312823, 19.206462909888568], [73.03123176364838, 19.206462909888568], [73.03123176364838, 19.203645893888567]]]}}, {"type": "Feature", "properties": {"pocket_id": "NS-1147", "city": "Mumbai", "ward": "L Ward"}, "geometry": {"type": "Polygon", "coordinates": [[[72.8915645029034, 19.05618478676136], [72.89455327083286, 19.05618478676136], [72.89455327083286, 19.059009742761358], [72.8915645029034, 19.059009742761358], [72.8915645029034, 19.05618478676136]]]}}, {"type": "Feature", "properties": {"pocket_id": "NS-1148", "city": "Mumbai", "ward": "M Ward"}, "geometry": {"type": "Polygon", "coordinates": [[[72.88851972585864, 19.025029051970375], [72.89174663361966, 19.025029051970375], [72.89174663361966, 19.028079665970377], [72.88851972585864, 19.028079665970377], [72.88851972585864, 19.025029051970375]]]}}, {"type": "Feature", "properties": {"pocket_id": "NS-1149", "city": "Mumbai", "ward": "S Ward"}, "geometry": {"type": "Polygon", "coordinates": [[[72.93900476880671, 19.13019471061692], [72.94194594468269, 19.13019471061692], [72.94194594468269, 19.132973440616922], [72.93900476880671, 19.132973440616922], [72.93900476880671, 19.13019471061692]]]}}, {"type": "Feature", "properties": {"pocket_id": "NS-1150", "city": "Mumbai", "ward": "S Ward"}, "geometry": {"type": "Polygon", "coordinates": [[[72.97582683181489, 19.109729810777594], [72.97859813164956, 19.109729810777594], [72.97859813164956, 19.112348372777596], [72.97582683181489, 19.112348372777596], [72.97582683181489, 19.109729810777594]]]}}, {"type": "Feature", "properties": {"pocket_id": "NS-1151", "city": "Thane", "ward": "Thane West"}, "geometry": {"type": "Polygon", "coordinates": [[[72.960348778634, 19.20717125190853], [72.96327672968269, 19.20717125190853], [72.96327672968269, 19.20993619590853], [72.960348778634, 19.20993619590853], [72.960348778634, 19.20717125190853]]]}}, {"type": "Feature", "properties": {"pocket_id": "NS-1152", "city": "Mumbai", "ward": "M Ward"}, "geometry": {"type": "Polygon", "coordinates": [[[72.83957263712365, 18.980903498534722], [72.84228596454425, 18.980903498534722], [72.84228596454425, 18.98346927453472], [72.83957263712365, 18.98346927453472], [72.83957263712365, 18.980903498534722]]]}}, {"type": "Feature", "properties": {"pocket_id": "NS-1153", "city": "Thane", "ward": "Thane East"}, "geometry": {"type": "Polygon", "coordinates": [[[72.99517559876979, 19.178935224497415], [72.99838132323588, 19.178935224497415], [72.99838132323588, 19.181962994497418], [72.99517559876979, 19.181962994497418], [72.99517559876979, 19.178935224497415]]]}}, {"type": "Feature", "properties": {"pocket_id": "NS-1154", "city": "Mumbai", "ward": "S Ward"}, "geometry": {"type": "Polygon", "coordinates": [[[72.95884015780251, 19.12560083882361], [72.96150773428343, 19.12560083882361], [72.96150773428343, 19.12812115282361], [72.95884015780251, 19.12812115282361], [72.95884015780251, 19.12560083882361]]]}}, {"type": "Feature", "properties": {"pocket_id": "NS-1155", "city": "Kalyan", "ward": "Kalyan East"}, "geometry": {"type": "Polygon", "coordinates": [[[73.17726925357343, 19.222432167359546], [73.18002621348754, 19.222432167359546], [73.18002621348754, 19.225035399359545], [73.17726925357343, 19.225035399359545], [73.17726925357343, 19.222432167359546]]]}}, {"type": "Feature", "properties": {"pocket_id": "NS-1156", "city": "Mumbai", "ward": "M Ward"}, "geometry": {"type": "Polygon", "coordinates": [[[NaN, NaN], [NaN, NaN], [NaN, NaN], [NaN, NaN], [NaN, NaN]]]}}, {"type": "Feature", "properties": {"pocket_id": "NS-1157", "city": "Ulhasnagar", "ward": "Ulhasnagar"}, "geometry": {"type": "Polygon", "coordinates": [[[73.14553506290395, 19.239951554105637], [73.14847824445269, 19.239951554105637], [73.14847824445269, 19.242730326105637], [73.14553506290395, 19.242730326105637], [73.14553506290395, 19.239951554105637]]]}}, {"type": "Feature", "properties": {"pocket_id": "NS-1158", "city": "Mumbai", "ward": "L Ward"}, "geometry": {"type": "Polygon", "coordinates": [[[72.909537450385, 19.084710633334517], [72.91237564402404, 19.084710633334517], [72.91237564402404, 19.087392807334517], [72.909537450385, 19.087392807334517], [72.909537450385, 19.084710633334517]]]}}, {"type": "Feature", "properties": {"pocket_id": "NS-1159", "city": "Thane", "ward": "Thane East"}, "geometry": {"type": "Polygon", "coordinates": [[[NaN, NaN], [NaN, NaN], [NaN, NaN], [NaN, NaN], [NaN, NaN]]]}}, {"type": "Feature", "properties": {"pocket_id": "NS-1160", "city": "Kalyan", "ward": "Kalyan West"}, "geometry": {"type": "Polygon", "coordinates": [[[73.13407507635101, 19.23258350214633], [73.13755644101313, 19.23258350214633], [73.13755644101313, 19.235870536146333], [73.13407507635101, 19.235870536146333], [73.13407507635101, 19.23258350214633]]]}}, {"type": "Feature", "properties": {"pocket_id": "NS-1161", "city": "Mumbai", "ward": "S Ward"}, "geometry": {"type": "Polygon", "coordinates": [[[72.93265670366442, 19.12180408066417], [72.93555053330128, 19.12180408066417], [72.93555053330128, 19.12453821866417], [72.93265670366442, 19.12453821866417], [72.93265670366442, 19.12180408066417]]]}}, {"type": "Feature", "properties": {"pocket_id": "NS-1162", "city": "Mumbai", "ward": "M Ward"}, "geometry": {"type": "Polygon", "coordinates": [[[72.90060636395505, 19.017441222034574], [72.90338976014341, 19.017441222034574], [72.90338976014341, 19.020072678034577], [72.90060636395505, 19.020072678034577], [72.90060636395505, 19.017441222034574]]]}}, {"type": "Feature", "properties": {"pocket_id": "NS-1163", "city": "Ambarnath", "ward": "Ambarnath"}, "geometry": {"type": "Polygon", "coordinates": [[[NaN, NaN], [NaN, NaN], [NaN, NaN], [NaN, NaN], [NaN, NaN]]]}}, {"type": "Feature", "properties": {"pocket_id": "NS-1164", "city": "Ulhasnagar", "ward": "Ulhasnagar"}, "geometry": {"type": "Polygon", "coordinates": [[[73.16714660459216, 19.21963714916924], [73.17043159966, 19.21963714916924], [73.17043159966, 19.222739021169243], [73.16714660459216, 19.222739021169243], [73.16714660459216, 19.21963714916924]]]}}, {"type": "Feature", "properties": {"pocket_id": "NS-1165", "city": "Mumbai", "ward": "M Ward"}, "geometry": {"type": "Polygon", "coordinates": [[[72.87148953503134, 19.032346671651343], [72.8744292573056, 19.032346671651343], [72.8744292573056, 19.03512566965134], [72.87148953503134, 19.03512566965134], [72.87148953503134, 19.032346671651343]]]}}, {"type": "Feature", "properties": {"pocket_id": "NS-1166", "city": "Thane", "ward": "Thane West"}, "geometry": {"type": "Polygon", "coordinates": [[[72.98169887461513, 19.20928948978334], [72.98487741551004, 19.20928948978334], [72.98487741551004, 19.21229103178334], [72.98169887461513, 19.21229103178334], [72.98169887461513, 19.20928948978334]]]}}, {"type": "Feature", "properties": {"pocket_id": "NS-1167", "city": "Ambarnath", "ward": "Ambarnath"}, "geometry": {"type": "Polygon", "coordinates": [[[73.17202249829565, 19.18278907612459], [73.17531606879756, 19.18278907612459], [73.17531606879756, 19.185899742124587], [73.17202249829565, 19.185899742124587], [73.17202249829565, 19.18278907612459]]]}}, {"type": "Feature", "properties": {"pocket_id": "NS-1168", "city": "Thane", "ward": "Thane West"}, "geometry": {"type": "Polygon", "coordinates": [[[72.98689870163692, 19.230161192955023], [72.98996549252526, 19.230161192955023], [72.98996549252526, 19.233056840955022], [72.98689870163692, 19.233056840955022], [72.98689870163692, 19.230161192955023]]]}}, {"type": "Feature", "properties": {"pocket_id": "NS-1169", "city": "Mumbai", "ward": "M Ward"}, "geometry": {"type": "Polygon", "coordinates": [[[72.8985443713797, 18.986729388646665], [72.90148492022155, 18.986729388646665], [72.90148492022155, 18.98950993064667], [72.8985443713797, 18.98950993064667], [72.8985443713797, 18.986729388646665]]]}}, {"type": "Feature", "properties": {"pocket_id": "NS-1170", "city": "Thane", "ward": "Thane West"}, "geometry": {"type": "Polygon", "coordinates": [[[72.9463405009065, 19.198294087298326], [72.94944822346136, 19.198294087298326], [72.94944822346136, 19.201228951298322], [72.9463405009065, 19.201228951298322], [72.9463405009065, 19.198294087298326]]]}}, {"type": "Feature", "properties": {"pocket_id": "NS-1171", "city": "Mumbai", "ward": "M Ward"}, "geometry": {"type": "Polygon", "coordinates": [[[72.88631195664077, 18.99825887935865], [72.88945465051928, 18.99825887935865], [72.88945465051928, 19.00123035935865], [72.88631195664077, 19.00123035935865], [72.88631195664077, 18.99825887935865]]]}}, {"type": "Feature", "properties": {"pocket_id": "NS-1172", "city": "Mumbai", "ward": "M Ward"}, "geometry": {"type": "Polygon", "coordinates": [[[72.87161894810981, 18.988526771799165], [72.87456755984701, 18.988526771799165], [72.87456755984701, 18.991314907799165], [72.87161894810981, 18.991314907799165], [72.87161894810981, 18.988526771799165]]]}}, {"type": "Feature", "properties": {"pocket_id": "NS-1173", "city": "Kalyan", "ward": "Kalyan West"}, "geometry": {"type": "Polygon", "coordinates": [[[73.14665235358171, 19.23255975726108], [73.14948951320625, 19.23255975726108], [73.14948951320625, 19.235238551261077], [73.14665235358171, 19.235238551261077], [73.14665235358171, 19.23255975726108]]]}}, {"type": "Feature", "properties": {"pocket_id": "NS-1174", "city": "Mumbai", "ward": "M Ward"}, "geometry": {"type": "Polygon", "coordinates": [[[NaN, NaN], [NaN, NaN], [NaN, NaN], [NaN, NaN], [NaN, NaN]]]}}, {"type": "Feature", "properties": {"pocket_id": "NS-1175", "city": "Mumbai", "ward": "M Ward"}, "geometry": {"type": "Polygon", "coordinates": [[[72.90049825137272, 18.99722087773432], [72.90330194969339, 18.99722087773432], [72.90330194969339, 18.99987184973432], [72.90049825137272, 18.99987184973432], [72.90049825137272, 18.99722087773432]]]}}, {"type": "Feature", "properties": {"pocket_id": "NS-1176", "city": "Kalyan", "ward": "Kalyan East"}, "geometry": {"type": "Polygon", "coordinates": [[[73.17923151945008, 19.250041921882048], [73.18190527373513, 19.250041921882048], [73.18190527373513, 19.252566163882047], [73.17923151945008, 19.252566163882047], [73.17923151945008, 19.250041921882048]]]}}, {"type": "Feature", "properties": {"pocket_id": "NS-1177", "city": "Mumbai", "ward": "M Ward"}, "geometry": {"type": "Polygon", "coordinates": [[[NaN, 19.019450325091597], [NaN, 19.019450325091597], [NaN, 19.0220523070916], [NaN, 19.0220523070916], [NaN, 19.019450325091597]]]}}, {"type": "Feature", "properties": {"pocket_id": "NS-1178", "city": "Mumbai", "ward": "S Ward"}, "geometry": {"type": "Polygon", "coordinates": [[[72.95004309043225, 19.11348734962067], [72.95324708226164, 19.11348734962067], [72.95324708226164, 19.11651468362067], [72.95004309043225, 19.11651468362067], [72.95004309043225, 19.11348734962067]]]}}, {"type": "Feature", "properties": {"pocket_id": "NS-1179", "city": "Mumbai", "ward": "M Ward"}, "geometry": {"type": "Polygon", "coordinates": [[[72.86359420657361, 19.011088762466393], [72.86719310534342, 19.011088762466393], [72.86719310534342, 19.01449132646639], [72.86359420657361, 19.01449132646639], [72.86359420657361, 19.011088762466393]]]}}, {"type": "Feature", "properties": {"pocket_id": "NS-1180", "city": "Mumbai", "ward": "L Ward"}, "geometry": {"type": "Polygon", "coordinates": [[[72.90465819373077, 19.05706353431467], [72.90752768357399, 19.05706353431467], [72.90752768357399, 19.059775736314666], [72.90465819373077, 19.059775736314666], [72.90465819373077, 19.05706353431467]]]}}, {"type": "Feature", "properties": {"pocket_id": "NS-1181", "city": "Thane", "ward": "Thane West"}, "geometry": {"type": "Polygon", "coordinates": [[[72.99517621314057, 19.221996473460234], [72.99904155003198, 19.221996473460234], [72.99904155003198, 19.225646277460232], [72.99517621314057, 19.225646277460232], [72.99517621314057, 19.221996473460234]]]}}, {"type": "Feature", "properties": {"pocket_id": "NS-1182", "city": "Thane", "ward": "Thane East"}, "geometry": {"type": "Polygon", "coordinates": [[[NaN, 19.18962170403942], [NaN, 19.18962170403942], [NaN, 19.19233442003942], [NaN, 19.19233442003942], [NaN, 19.18962170403942]]]}}, {"type": "Feature", "properties": {"pocket_id": "NS-1183", "city": "Mumbai", "ward": "S Ward"}, "geometry": {"type": "Polygon", "coordinates": [[[72.94733972075628, 19.15844587747518], [72.95029756575155, 19.15844587747518], [72.95029756575155, 19.161239877475182], [72.94733972075628, 19.161239877475182], [72.94733972075628, 19.15844587747518]]]}}, {"type": "Feature", "properties": {"pocket_id": "NS-1184", "city": "Kalyan", "ward": "Kalyan West"}, "geometry": {"type": "Polygon", "coordinates": [[[73.15068033970608, 19.2381550374534], [73.15422524966833, 19.2381550374534], [73.15422524966833, 19.241501955453398], [73.15068033970608, 19.241501955453398], [73.15068033970608, 19.2381550374534]]]}}, {"type": "Feature", "properties": {"pocket_id": "NS-1185", "city": "Thane", "ward": "Thane West"}, "geometry": {"type": "Polygon", "coordinates": [[[72.96435408331486, 19.214902137604355], [72.96727618649471, 19.214902137604355], [72.96727618649471, 19.217661429604355], [72.96435408331486, 19.217661429604355], [72.96435408331486, 19.214902137604355]]]}}, {"type": "Feature", "properties": {"pocket_id": "NS-1186", "city": "Mumbai", "ward": "M Ward"}, "geometry": {"type": "Polygon", "coordinates": [[[72.85190304526154, 18.973855216185466], [72.85497086843515, 18.973855216185466], [72.85497086843515, 18.976756330185463], [72.85190304526154, 18.976756330185463], [72.85190304526154, 18.973855216185466]]]}}, {"type": "Feature", "properties": {"pocket_id": "NS-1187", "city": "Ulhasnagar", "ward": "Ulhasnagar"}, "geometry": {"type": "Polygon", "coordinates": [[[NaN, NaN], [NaN, NaN], [NaN, NaN], [NaN, NaN], [NaN, NaN]]]}}, {"type": "Feature", "properties": {"pocket_id": "NS-1188", "city": "Ambarnath", "ward": "Ambarnath"}, "geometry": {"type": "Polygon", "coordinates": [[[73.16934385696543, 19.19983563102491], [73.17205596990881, 19.19983563102491], [73.17205596990881, 19.20239686902491], [73.16934385696543, 19.20239686902491], [73.16934385696543, 19.19983563102491]]]}}, {"type": "Feature", "properties": {"pocket_id": "NS-1189", "city": "Thane", "ward": "Thane West"}, "geometry": {"type": "Polygon", "coordinates": [[[72.99707866595229, 19.246996863433477], [72.99991144632385, 19.246996863433477], [72.99991144632385, 19.249671287433475], [72.99707866595229, 19.249671287433475], [72.99707866595229, 19.246996863433477]]]}}, {"type": "Feature", "properties": {"pocket_id": "NS-1190", "city": "Thane", "ward": "Thane East"}, "geometry": {"type": "Polygon", "coordinates": [[[73.04517573616306, 19.178831483521147], [73.04799804823583, 19.178831483521147], [73.04799804823583, 19.181497129521144], [73.04517573616306, 19.181497129521144], [73.04517573616306, 19.178831483521147]]]}}, {"type": "Feature", "properties": {"pocket_id": "NS-1191", "city": "Mumbai", "ward": "M Ward"}, "geometry": {"type": "Polygon", "coordinates": [[[72.89750096559726, 19.00331221732763], [72.90043499611389, 19.00331221732763], [72.90043499611389, 19.006086319327625], [72.89750096559726, 19.006086319327625], [72.89750096559726, 19.00331221732763]]]}}, {"type": "Feature", "properties": {"pocket_id": "NS-1192", "city": "Mumbai", "ward": "M Ward"}, "geometry": {"type": "Polygon", "coordinates": [[[72.85509469060035, 18.9974788893013], [72.85785846594543, 18.9974788893013], [72.85785846594543, 19.0000921093013], [72.85509469060035, 19.0000921093013], [72.85509469060035, 18.9974788893013]]]}}, {"type": "Feature", "properties": {"pocket_id": "NS-1193", "city": "Mumbai", "ward": "S Ward"}, "geometry": {"type": "Polygon", "coordinates": [[[72.92434202914696, 19.112280120777015], [72.9273108225198, 19.112280120777015], [72.9273108225198, 19.115085246777014], [72.92434202914696, 19.115085246777014], [72.92434202914696, 19.112280120777015]]]}}, {"type": "Feature", "properties": {"pocket_id": "NS-1194", "city": "Mumbai", "ward": "M Ward"}, "geometry": {"type": "Polygon", "coordinates": [[[72.90051507760934, 19.014814993685185], [72.90320066583313, 19.014814993685185], [72.90320066583313, 19.017354021685186], [72.90051507760934, 19.017354021685186], [72.90051507760934, 19.014814993685185]]]}}, {"type": "Feature", "properties": {"pocket_id": "NS-1195", "city": "Mumbai", "ward": "M Ward"}, "geometry": {"type": "Polygon", "coordinates": [[[72.878017555388, 18.973471314727597], [72.88103709585178, 18.973471314727597], [72.88103709585178, 18.976326776727596], [72.878017555388, 18.976326776727596], [72.878017555388, 18.973471314727597]]]}}, {"type": "Feature", "properties": {"pocket_id": "NS-1196", "city": "Mumbai", "ward": "M Ward"}, "geometry": {"type": "Polygon", "coordinates": [[[NaN, NaN], [NaN, NaN], [NaN, NaN], [NaN, NaN], [NaN, NaN]]]}}, {"type": "Feature", "properties": {"pocket_id": "NS-1197", "city": "Mumbai", "ward": "L Ward"}, "geometry": {"type": "Polygon", "coordinates": [[[72.91000818971055, 19.06547767495977], [72.91318364566071, 19.06547767495977], [72.91318364566071, 19.068478916959773], [72.91000818971055, 19.068478916959773], [72.91000818971055, 19.06547767495977]]]}}, {"type": "Feature", "properties": {"pocket_id": "NS-1198", "city": "Kalyan", "ward": "Kalyan West"}, "geometry": {"type": "Polygon", "coordinates": [[[73.15906204543958, 19.249529661923983], [73.16261904765838, 19.249529661923983], [73.16261904765838, 19.252887763923983], [73.15906204543958, 19.252887763923983], [73.15906204543958, 19.249529661923983]]]}}, {"type": "Feature", "properties": {"pocket_id": "NS-1199", "city": "Mumbai", "ward": "S Ward"}, "geometry": {"type": "Polygon", "coordinates": [[[NaN, NaN], [NaN, NaN], [NaN, NaN], [NaN, NaN], [NaN, NaN]]]}}, {"type": "Feature", "properties": {"pocket_id": "NS-1200", "city": "Mumbai", "ward": "L Ward"}, "geometry": {"type": "Polygon", "coordinates": [[[72.88308570205285, 19.068114843446455], [72.88592330031761, 19.068114843446455], [72.88592330031761, 19.070796723446453], [72.88308570205285, 19.070796723446453], [72.88308570205285, 19.068114843446455]]]}}, {"type": "Feature", "properties": {"pocket_id": "NS-1201", "city": "Mumbai", "ward": "L Ward"}, "geometry": {"type": "Polygon", "coordinates": [[[72.90182756626419, 19.04319153211628], [72.90639366161955, 19.04319153211628], [72.90639366161955, 19.04750768211628], [72.90182756626419, 19.04750768211628], [72.90182756626419, 19.04319153211628]]]}}, {"type": "Feature", "properties": {"pocket_id": "NS-1202", "city": "Thane", "ward": "Thane East"}, "geometry": {"type": "Polygon", "coordinates": [[[73.06114192698293, 19.167503470440234], [73.06415026975061, 19.167503470440234], [73.06415026975061, 19.170345014440233], [73.06114192698293, 19.170345014440233], [73.06114192698293, 19.167503470440234]]]}}, {"type": "Feature", "properties": {"pocket_id": "NS-1203", "city": "Mumbai", "ward": "M Ward"}, "geometry": {"type": "Polygon", "coordinates": [[[72.87137586037868, 19.031623150613203], [72.87463702008345, 19.031623150613203], [72.87463702008345, 19.034706022613204], [72.87137586037868, 19.034706022613204], [72.87137586037868, 19.031623150613203]]]}}, {"type": "Feature", "properties": {"pocket_id": "NS-1204", "city": "Ambarnath", "ward": "Ambarnath"}, "geometry": {"type": "Polygon", "coordinates": [[[73.19481883636082, 19.20256947615995], [73.19756674818869, 19.20256947615995], [73.19756674818869, 19.20516447815995], [73.19481883636082, 19.20516447815995], [73.19481883636082, 19.20256947615995]]]}}, {"type": "Feature", "properties": {"pocket_id": "NS-1205", "city": "Mumbai", "ward": "L Ward"}, "geometry": {"type": "Polygon", "coordinates": [[[72.88691732990229, 19.047315170208993], [72.88969904321384, 19.047315170208993], [72.88969904321384, 19.049944562208996], [72.88691732990229, 19.049944562208996], [72.88691732990229, 19.047315170208993]]]}}, {"type": "Feature", "properties": {"pocket_id": "NS-1206", "city": "Mumbai", "ward": "S Ward"}, "geometry": {"type": "Polygon", "coordinates": [[[72.92968518997941, 19.119215625628687], [72.93257204812846, 19.119215625628687], [72.93257204812846, 19.121943219628687], [72.92968518997941, 19.121943219628687], [72.92968518997941, 19.119215625628687]]]}}, {"type": "Feature", "properties": {"pocket_id": "NS-1207", "city": "Mumbai", "ward": "L Ward"}, "geometry": {"type": "Polygon", "coordinates": [[[72.87660639893026, 19.066664901158795], [72.87935400746598, 19.066664901158795], [72.87935400746598, 19.0692617531588], [72.87660639893026, 19.0692617531588], [72.87660639893026, 19.066664901158795]]]}}, {"type": "Feature", "properties": {"pocket_id": "NS-1208", "city": "Kalyan", "ward": "Kalyan East"}, "geometry": {"type": "Polygon", "coordinates": [[[73.11931360122043, 19.22324054203779], [73.12229603523585, 19.22324054203779], [73.12229603523585, 19.226056660037788], [73.11931360122043, 19.226056660037788], [73.11931360122043, 19.22324054203779]]]}}, {"type": "Feature", "properties": {"pocket_id": "NS-1209", "city": "Mumbai", "ward": "M Ward"}, "geometry": {"type": "Polygon", "coordinates": [[[72.87780937932044, 19.001979166119874], [72.88124410012676, 19.001979166119874], [72.88124410012676, 19.005226688119876], [72.87780937932044, 19.005226688119876], [72.87780937932044, 19.001979166119874]]]}}, {"type": "Feature", "properties": {"pocket_id": "NS-1210", "city": "Mumbai", "ward": "S Ward"}, "geometry": {"type": "Polygon", "coordinates": [[[72.94170283363816, 19.138153342172878], [72.94475384154121, 19.138153342172878], [72.94475384154121, 19.141035698172878], [72.94170283363816, 19.141035698172878], [72.94170283363816, 19.138153342172878]]]}}, {"type": "Feature", "properties": {"pocket_id": "NS-1211", "city": "Thane", "ward": "Thane West"}, "geometry": {"type": "Polygon", "coordinates": [[[72.98775692880389, 19.22216514903614], [72.99059454857337, 19.22216514903614], [72.99059454857337, 19.224844547036138], [72.98775692880389, 19.224844547036138], [72.98775692880389, 19.22216514903614]]]}}, {"type": "Feature", "properties": {"pocket_id": "NS-1212", "city": "Mumbai", "ward": "L Ward"}, "geometry": {"type": "Polygon", "coordinates": [[[72.90592880653816, 19.077144656181456], [72.90892852948505, 19.077144656181456], [72.90892852948505, 19.079979608181457], [72.90592880653816, 19.079979608181457], [72.90592880653816, 19.077144656181456]]]}}, {"type": "Feature", "properties": {"pocket_id": "NS-1213", "city": "Mumbai", "ward": "M Ward"}, "geometry": {"type": "Polygon", "coordinates": [[[72.85303619662037, 19.0030144445092], [72.8559372948956, 19.0030144445092], [72.8559372948956, 19.0057574145092], [72.85303619662037, 19.0057574145092], [72.85303619662037, 19.0030144445092]]]}}, {"type": "Feature", "properties": {"pocket_id": "NS-1214", "city": "Thane", "ward": "Thane East"}, "geometry": {"type": "Polygon", "coordinates": [[[73.0152640897353, 19.20090653956009], [73.0181631096078, 19.20090653956009], [73.0181631096078, 19.20364426756009], [73.0152640897353, 19.20364426756009], [73.0152640897353, 19.20090653956009]]]}}, {"type": "Feature", "properties": {"pocket_id": "NS-1215", "city": "Mumbai", "ward": "L Ward"}, "geometry": {"type": "Polygon", "coordinates": [[[72.8898961652571, 19.061173305544173], [72.89296811007374, 19.061173305544173], [72.89296811007374, 19.064076791544174], [72.8898961652571, 19.064076791544174], [72.8898961652571, 19.061173305544173]]]}}, {"type": "Feature", "properties": {"pocket_id": "NS-1216", "city": "Mumbai", "ward": "S Ward"}, "geometry": {"type": "Polygon", "coordinates": [[[72.95350984370833, 19.165218912478938], [72.95661594912286, 19.165218912478938], [72.95661594912286, 19.168152838478935], [72.95350984370833, 19.168152838478935], [72.95350984370833, 19.165218912478938]]]}}, {"type": "Feature", "properties": {"pocket_id": "NS-1217", "city": "Mumbai", "ward": "S Ward"}, "geometry": {"type": "Polygon", "coordinates": [[[72.96700263646966, 19.128684007555403], [72.97000302532757, 19.128684007555403], [72.97000302532757, 19.131518705555404], [72.96700263646966, 19.131518705555404], [72.96700263646966, 19.128684007555403]]]}}, {"type": "Feature", "properties": {"pocket_id": "NS-1218", "city": "Mumbai", "ward": "L Ward"}, "geometry": {"type": "Polygon", "coordinates": [[[72.91771162969322, 19.044578065897415], [72.92083156774673, 19.044578065897415], [72.92083156774673, 19.047527207897414], [72.91771162969322, 19.047527207897414], [72.91771162969322, 19.044578065897415]]]}}, {"type": "Feature", "properties": {"pocket_id": "NS-1219", "city": "Thane", "ward": "Thane East"}, "geometry": {"type": "Polygon", "coordinates": [[[NaN, NaN], [NaN, NaN], [NaN, NaN], [NaN, NaN], [NaN, NaN]]]}}, {"type": "Feature", "properties": {"pocket_id": "NS-1220", "city": "Mumbai", "ward": "M Ward"}, "geometry": {"type": "Polygon", "coordinates": [[[NaN, NaN], [NaN, NaN], [NaN, NaN], [NaN, NaN], [NaN, NaN]]]}}, {"type": "Feature", "properties": {"pocket_id": "NS-1221", "city": "Ulhasnagar", "ward": "Ulhasnagar"}, "geometry": {"type": "Polygon", "coordinates": [[[73.19057059897455, 19.21104111520642], [73.19351214645445, 19.21104111520642], [73.19351214645445, 19.213818833206417], [73.19057059897455, 19.213818833206417], [73.19057059897455, 19.21104111520642]]]}}, {"type": "Feature", "properties": {"pocket_id": "NS-1222", "city": "Mumbai", "ward": "M Ward"}, "geometry": {"type": "Polygon", "coordinates": [[[NaN, NaN], [NaN, NaN], [NaN, NaN], [NaN, NaN], [NaN, NaN]]]}}, {"type": "Feature", "properties": {"pocket_id": "NS-1223", "city": "Mumbai", "ward": "M Ward"}, "geometry": {"type": "Polygon", "coordinates": [[[NaN, NaN], [NaN, NaN], [NaN, NaN], [NaN, NaN], [NaN, NaN]]]}}, {"type": "Feature", "properties": {"pocket_id": "NS-1224", "city": "Kalyan", "ward": "Kalyan West"}, "geometry": {"type": "Polygon", "coordinates": [[[73.12875318472616, 19.2322615478228], [73.13341332100417, 19.2322615478228], [73.13341332100417, 19.2366615478228], [73.12875318472616, 19.2366615478228], [73.12875318472616, 19.2322615478228]]]}}, {"type": "Feature", "properties": {"pocket_id": "NS-1225", "city": "Mumbai", "ward": "M Ward"}, "geometry": {"type": "Polygon", "coordinates": [[[72.89080149822752, 19.021106390124203], [72.89369037758354, 19.021106390124203], [72.89369037758354, 19.023837510124203], [72.89080149822752, 19.023837510124203], [72.89080149822752, 19.021106390124203]]]}}, {"type": "Feature", "properties": {"pocket_id": "NS-1226", "city": "Thane", "ward": "Thane West"}, "geometry": {"type": "Polygon", "coordinates": [[[72.98877428966006, 19.19379960961578], [72.99157963463045, 19.19379960961578], [72.99157963463045, 19.19644898961578], [72.98877428966006, 19.19644898961578], [72.98877428966006, 19.19379960961578]]]}}, {"type": "Feature", "properties": {"pocket_id": "NS-1227", "city": "Mumbai", "ward": "M Ward"}, "geometry": {"type": "Polygon", "coordinates": [[[NaN, NaN], [NaN, NaN], [NaN, NaN], [NaN, NaN], [NaN, NaN]]]}}, {"type": "Feature", "properties": {"pocket_id": "NS-1228", "city": "Mumbai", "ward": "M Ward"}, "geometry": {"type": "Polygon", "coordinates": [[[72.90336364244902, 19.008971861736907], [72.90621921778643, 19.008971861736907], [72.90621921778643, 19.011671693736904], [72.90336364244902, 19.011671693736904], [72.90336364244902, 19.008971861736907]]]}}, {"type": "Feature", "properties": {"pocket_id": "NS-1229", "city": "Mumbai", "ward": "M Ward"}, "geometry": {"type": "Polygon", "coordinates": [[[72.89195537426075, 19.04260356831534], [72.89494187483534, 19.04260356831534], [72.89494187483534, 19.045426612315342], [72.89195537426075, 19.045426612315342], [72.89195537426075, 19.04260356831534]]]}}, {"type": "Feature", "properties": {"pocket_id": "NS-1230", "city": "Mumbai", "ward": "L Ward"}, "geometry": {"type": "Polygon", "coordinates": [[[NaN, NaN], [NaN, NaN], [NaN, NaN], [NaN, NaN], [NaN, NaN]]]}}, {"type": "Feature", "properties": {"pocket_id": "NS-1231", "city": "Mumbai", "ward": "L Ward"}, "geometry": {"type": "Polygon", "coordinates": [[[72.89164227756078, 19.066347650789247], [72.89469487319892, 19.066347650789247], [72.89469487319892, 19.069232758789248], [72.89164227756078, 19.069232758789248], [72.89164227756078, 19.066347650789247]]]}}, {"type": "Feature", "properties": {"pocket_id": "NS-1232", "city": "Mumbai", "ward": "S Ward"}, "geometry": {"type": "Polygon", "coordinates": [[[72.93384976305997, 19.17585071222411], [72.93665152220332, 19.17585071222411], [72.93665152220332, 19.178496994224112], [72.93384976305997, 19.178496994224112], [72.93384976305997, 19.17585071222411]]]}}, {"type": "Feature", "properties": {"pocket_id": "NS-1233", "city": "Mumbai", "ward": "L Ward"}, "geometry": {"type": "Polygon", "coordinates": [[[72.85646775933013, 19.04426408731726], [72.85919354221882, 19.04426408731726], [72.85919354221882, 19.04684065931726], [72.85646775933013, 19.04684065931726], [72.85646775933013, 19.04426408731726]]]}}, {"type": "Feature", "properties": {"pocket_id": "NS-1234", "city": "Mumbai", "ward": "S Ward"}, "geometry": {"type": "Polygon", "coordinates": [[[72.93166069454364, 19.129410369667], [72.93496641735899, 19.129410369667], [72.93496641735899, 19.132533523667], [72.93166069454364, 19.132533523667], [72.93166069454364, 19.129410369667]]]}}, {"type": "Feature", "properties": {"pocket_id": "NS-1235", "city": "Mumbai", "ward": "L Ward"}, "geometry": {"type": "Polygon", "coordinates": [[[72.8731398673433, 19.04725744452516], [72.8764006528682, 19.04725744452516], [72.8764006528682, 19.05033967252516], [72.8731398673433, 19.05033967252516], [72.8731398673433, 19.04725744452516]]]}}, {"type": "Feature", "properties": {"pocket_id": "NS-1236", "city": "Mumbai", "ward": "M Ward"}, "geometry": {"type": "Polygon", "coordinates": [[[72.91130990547177, 18.992069866836953], [72.91416922860674, 18.992069866836953], [72.91416922860674, 18.994773516836954], [72.91130990547177, 18.994773516836954], [72.91130990547177, 18.992069866836953]]]}}, {"type": "Feature", "properties": {"pocket_id": "NS-1237", "city": "Kalyan", "ward": "Kalyan East"}, "geometry": {"type": "Polygon", "coordinates": [[[73.11558079744891, 19.263772774937372], [73.11839795648059, 19.263772774937372], [73.11839795648059, 19.26643217893737], [73.11558079744891, 19.26643217893737], [73.11558079744891, 19.263772774937372]]]}}, {"type": "Feature", "properties": {"pocket_id": "NS-1238", "city": "Thane", "ward": "Thane East"}, "geometry": {"type": "Polygon", "coordinates": [[[73.01900757891532, 19.185234570587347], [73.02197231281316, 19.185234570587347], [73.02197231281316, 19.188034622587345], [73.01900757891532, 19.188034622587345], [73.01900757891532, 19.185234570587347]]]}}, {"type": "Feature", "properties": {"pocket_id": "NS-1239", "city": "Mumbai", "ward": "M Ward"}, "geometry": {"type": "Polygon", "coordinates": [[[72.91162011900927, 19.00828281370777], [72.91506971212395, 19.00828281370777], [72.91506971212395, 19.011544273707766], [72.91162011900927, 19.011544273707766], [72.91162011900927, 19.00828281370777]]]}}, {"type": "Feature", "properties": {"pocket_id": "NS-1240", "city": "Thane", "ward": "Thane East"}, "geometry": {"type": "Polygon", "coordinates": [[[73.00928731934243, 19.191151747336626], [73.01276426382267, 19.191151747336626], [73.01276426382267, 19.19443543533663], [73.00928731934243, 19.19443543533663], [73.00928731934243, 19.191151747336626]]]}}, {"type": "Feature", "properties": {"pocket_id": "NS-1241", "city": "Mumbai", "ward": "M Ward"}, "geometry": {"type": "Polygon", "coordinates": [[[72.90924919032267, 18.996136982539895], [72.91235097788984, 18.996136982539895], [72.91235097788984, 18.999069822539894], [72.90924919032267, 18.999069822539894], [72.90924919032267, 18.996136982539895]]]}}, {"type": "Feature", "properties": {"pocket_id": "NS-1242", "city": "Thane", "ward": "Thane West"}, "geometry": {"type": "Polygon", "coordinates": [[[72.98681035564447, 19.260102250790656], [72.99002686708933, 19.260102250790656], [72.99002686708933, 19.263138708790652], [72.98681035564447, 19.263138708790652], [72.98681035564447, 19.260102250790656]]]}}, {"type": "Feature", "properties": {"pocket_id": "NS-1243", "city": "Mumbai", "ward": "M Ward"}, "geometry": {"type": "Polygon", "coordinates": [[[72.88759239513094, 19.011794444788222], [72.89068532332301, 19.011794444788222], [72.89068532332301, 19.014718632788224], [72.88759239513094, 19.014718632788224], [72.88759239513094, 19.011794444788222]]]}}, {"type": "Feature", "properties": {"pocket_id": "NS-1244", "city": "Thane", "ward": "Thane West"}, "geometry": {"type": "Polygon", "coordinates": [[[72.9979486095709, 19.187291865792798], [73.00133445049462, 19.187291865792798], [73.00133445049462, 19.1904895897928], [72.9979486095709, 19.1904895897928], [72.9979486095709, 19.187291865792798]]]}}, {"type": "Feature", "properties": {"pocket_id": "NS-1245", "city": "Mumbai", "ward": "M Ward"}, "geometry": {"type": "Polygon", "coordinates": [[[72.86681372047269, 19.004927175792297], [72.87095946056473, 19.004927175792297], [72.87095946056473, 19.008846887792295], [72.86681372047269, 19.008846887792295], [72.86681372047269, 19.004927175792297]]]}}, {"type": "Feature", "properties": {"pocket_id": "NS-1246", "city": "Mumbai", "ward": "S Ward"}, "geometry": {"type": "Polygon", "coordinates": [[[72.9361024686415, 19.14092954265952], [72.93893333709023, 19.14092954265952], [72.93893333709023, 19.14360388465952], [72.9361024686415, 19.14360388465952], [72.9361024686415, 19.14092954265952]]]}}, {"type": "Feature", "properties": {"pocket_id": "NS-1247", "city": "Kalyan", "ward": "Kalyan West"}, "geometry": {"type": "Polygon", "coordinates": [[[73.14011812040839, 19.24191308364513], [73.14325107591362, 19.24191308364513], [73.14325107591362, 19.24487099164513], [73.14011812040839, 19.24487099164513], [73.14011812040839, 19.24191308364513]]]}}, {"type": "Feature", "properties": {"pocket_id": "NS-1248", "city": "Mumbai", "ward": "L Ward"}, "geometry": {"type": "Polygon", "coordinates": [[[72.86833381672619, 19.057863841120135], [72.87098425397397, 19.057863841120135], [72.87098425397397, 19.060368987120132], [72.86833381672619, 19.060368987120132], [72.86833381672619, 19.057863841120135]]]}}, {"type": "Feature", "properties": {"pocket_id": "NS-1249", "city": "Mumbai", "ward": "L Ward"}, "geometry": {"type": "Polygon", "coordinates": [[[72.87865971770051, 19.032655807582636], [72.88154610462041, 19.032655807582636], [72.88154610462041, 19.035384381582638], [72.87865971770051, 19.035384381582638], [72.87865971770051, 19.032655807582636]]]}}, {"type": "Feature", "properties": {"pocket_id": "NS-1250", "city": "Mumbai", "ward": "L Ward"}, "geometry": {"type": "Polygon", "coordinates": [[[72.8853095453144, 19.069345051143994], [72.8880976825018, 19.069345051143994], [72.8880976825018, 19.071980165143994], [72.8853095453144, 19.071980165143994], [72.8853095453144, 19.069345051143994]]]}}, {"type": "Feature", "properties": {"pocket_id": "NS-1251", "city": "Thane", "ward": "Thane West"}, "geometry": {"type": "Polygon", "coordinates": [[[72.95359294885183, 19.220867326811533], [72.95714565102834, 19.220867326811533], [72.95714565102834, 19.22422195481153], [72.95359294885183, 19.22422195481153], [72.95359294885183, 19.220867326811533]]]}}, {"type": "Feature", "properties": {"pocket_id": "NS-1252", "city": "Mumbai", "ward": "S Ward"}, "geometry": {"type": "Polygon", "coordinates": [[[72.93497554093122, 19.15248202571542], [72.93776017899151, 19.15248202571542], [72.93776017899151, 19.15511250971542], [72.93497554093122, 19.15511250971542], [72.93497554093122, 19.15248202571542]]]}}, {"type": "Feature", "properties": {"pocket_id": "NS-1253", "city": "Thane", "ward": "Thane West"}, "geometry": {"type": "Polygon", "coordinates": [[[72.96944428474148, 19.208793955066966], [72.97277172717963, 19.208793955066966], [72.97277172717963, 19.21193611506697], [72.96944428474148, 19.21193611506697], [72.96944428474148, 19.208793955066966]]]}}, {"type": "Feature", "properties": {"pocket_id": "NS-1254", "city": "Kalyan", "ward": "Kalyan West"}, "geometry": {"type": "Polygon", "coordinates": [[[73.13021011596233, 19.25233171401367], [73.13347769008139, 19.25233171401367], [73.13347769008139, 19.255416522013668], [73.13021011596233, 19.255416522013668], [73.13021011596233, 19.25233171401367]]]}}, {"type": "Feature", "properties": {"pocket_id": "NS-1255", "city": "Mumbai", "ward": "L Ward"}, "geometry": {"type": "Polygon", "coordinates": [[[72.87843913724289, 19.071430582110896], [72.88121634979514, 19.071430582110896], [72.88121634979514, 19.0740553381109], [72.87843913724289, 19.0740553381109], [72.87843913724289, 19.071430582110896]]]}}, {"type": "Feature", "properties": {"pocket_id": "NS-1256", "city": "Mumbai", "ward": "M Ward"}, "geometry": {"type": "Polygon", "coordinates": [[[72.84485544296894, 19.0057520790191], [72.84817554924038, 19.0057520790191], [72.84817554924038, 19.008891163019097], [72.84485544296894, 19.008891163019097], [72.84485544296894, 19.0057520790191]]]}}, {"type": "Feature", "properties": {"pocket_id": "NS-1257", "city": "Thane", "ward": "Thane East"}, "geometry": {"type": "Polygon", "coordinates": [[[72.99684589294489, 19.22897555526547], [72.9996808216084, 19.22897555526547], [72.9996808216084, 19.23165230126547], [72.99684589294489, 19.23165230126547], [72.99684589294489, 19.22897555526547]]]}}, {"type": "Feature", "properties": {"pocket_id": "NS-1258", "city": "Mumbai", "ward": "S Ward"}, "geometry": {"type": "Polygon", "coordinates": [[[72.92550237130087, 19.135237053140425], [72.92881814375292, 19.135237053140425], [72.92881814375292, 19.138369591140428], [72.92550237130087, 19.138369591140428], [72.92550237130087, 19.135237053140425]]]}}, {"type": "Feature", "properties": {"pocket_id": "NS-1259", "city": "Mumbai", "ward": "L Ward"}, "geometry": {"type": "Polygon", "coordinates": [[[72.87043043411336, 19.035212325408377], [72.87330520782803, 19.035212325408377], [72.87330520782803, 19.037929879408377], [72.87043043411336, 19.037929879408377], [72.87043043411336, 19.035212325408377]]]}}, {"type": "Feature", "properties": {"pocket_id": "NS-1260", "city": "Kalyan", "ward": "Kalyan East"}, "geometry": {"type": "Polygon", "coordinates": [[[73.1579674350659, 19.225391921095852], [73.16073755394078, 19.225391921095852], [73.16073755394078, 19.22800753109585], [73.1579674350659, 19.22800753109585], [73.1579674350659, 19.225391921095852]]]}}, {"type": "Feature", "properties": {"pocket_id": "NS-1261", "city": "Kalyan", "ward": "Kalyan East"}, "geometry": {"type": "Polygon", "coordinates": [[[73.1345126216774, 19.238199451305366], [73.13763758163148, 19.238199451305366], [73.13763758163148, 19.241149877305364], [73.1345126216774, 19.241149877305364], [73.1345126216774, 19.238199451305366]]]}}, {"type": "Feature", "properties": {"pocket_id": "NS-1262", "city": "Mumbai", "ward": "M Ward"}, "geometry": {"type": "Polygon", "coordinates": [[[72.91183310821542, 19.000218402510306], [72.91464182583043, 19.000218402510306], [72.91464182583043, 19.00287407251031], [72.91183310821542, 19.00287407251031], [72.91183310821542, 19.000218402510306]]]}}, {"type": "Feature", "properties": {"pocket_id": "NS-1263", "city": "Thane", "ward": "Thane West"}, "geometry": {"type": "Polygon", "coordinates": [[[73.00401245160968, 19.226968677305567], [73.00728194409932, 19.226968677305567], [73.00728194409932, 19.23005577330557], [73.00401245160968, 19.23005577330557], [73.00401245160968, 19.226968677305567]]]}}, {"type": "Feature", "properties": {"pocket_id": "NS-1264", "city": "Ulhasnagar", "ward": "Ulhasnagar"}, "geometry": {"type": "Polygon", "coordinates": [[[NaN, 19.239570939994632], [NaN, 19.239570939994632], [NaN, 19.24261815199463], [NaN, 19.24261815199463], [NaN, 19.239570939994632]]]}}, {"type": "Feature", "properties": {"pocket_id": "NS-1265", "city": "Mumbai", "ward": "S Ward"}, "geometry": {"type": "Polygon", "coordinates": [[[72.94293904633297, 19.107981401769432], [72.94603601913975, 19.107981401769432], [72.94603601913975, 19.110907715769432], [72.94293904633297, 19.110907715769432], [72.94293904633297, 19.107981401769432]]]}}, {"type": "Feature", "properties": {"pocket_id": "NS-1266", "city": "Mumbai", "ward": "L Ward"}, "geometry": {"type": "Polygon", "coordinates": [[[72.91017074569928, 19.07696017007457], [72.9131951345297, 19.07696017007457], [72.9131951345297, 19.079818436074568], [72.91017074569928, 19.079818436074568], [72.91017074569928, 19.07696017007457]]]}}, {"type": "Feature", "properties": {"pocket_id": "NS-1267", "city": "Mumbai", "ward": "S Ward"}, "geometry": {"type": "Polygon", "coordinates": [[[72.87912464671847, 19.13092007576643], [72.88210645551563, 19.13092007576643], [72.88210645551563, 19.13373718176643], [72.87912464671847, 19.13373718176643], [72.87912464671847, 19.13092007576643]]]}}, {"type": "Feature", "properties": {"pocket_id": "NS-1268", "city": "Mumbai", "ward": "M Ward"}, "geometry": {"type": "Polygon", "coordinates": [[[72.88093902661498, 19.026249810297216], [72.88376513005207, 19.026249810297216], [72.88376513005207, 19.028921500297216], [72.88093902661498, 19.028921500297216], [72.88093902661498, 19.026249810297216]]]}}, {"type": "Feature", "properties": {"pocket_id": "NS-1269", "city": "Thane", "ward": "Thane East"}, "geometry": {"type": "Polygon", "coordinates": [[[73.00675499922822, 19.185309903175153], [73.00976104130423, 19.185309903175153], [73.00976104130423, 19.188148967175152], [73.00675499922822, 19.188148967175152], [73.00675499922822, 19.185309903175153]]]}}, {"type": "Feature", "properties": {"pocket_id": "NS-1270", "city": "Mumbai", "ward": "L Ward"}, "geometry": {"type": "Polygon", "coordinates": [[[72.89493100870423, 19.063511223706087], [72.89765155316702, 19.063511223706087], [72.89765155316702, 19.066082545706088], [72.89493100870423, 19.066082545706088], [72.89493100870423, 19.063511223706087]]]}}, {"type": "Feature", "properties": {"pocket_id": "NS-1271", "city": "Mumbai", "ward": "M Ward"}, "geometry": {"type": "Polygon", "coordinates": [[[72.8806526543626, 18.991468835143777], [72.88366870960088, 18.991468835143777], [72.88366870960088, 18.994320693143777], [72.8806526543626, 18.994320693143777], [72.8806526543626, 18.991468835143777]]]}}, {"type": "Feature", "properties": {"pocket_id": "NS-1272", "city": "Kalyan", "ward": "Kalyan East"}, "geometry": {"type": "Polygon", "coordinates": [[[73.1489117667687, 19.197010307602852], [73.15173261579132, 19.197010307602852], [73.15173261579132, 19.199674277602853], [73.1489117667687, 19.199674277602853], [73.1489117667687, 19.197010307602852]]]}}, {"type": "Feature", "properties": {"pocket_id": "NS-1273", "city": "Mumbai", "ward": "M Ward"}, "geometry": {"type": "Polygon", "coordinates": [[[NaN, NaN], [NaN, NaN], [NaN, NaN], [NaN, NaN], [NaN, NaN]]]}}, {"type": "Feature", "properties": {"pocket_id": "NS-1274", "city": "Mumbai", "ward": "M Ward"}, "geometry": {"type": "Polygon", "coordinates": [[[72.8547881793603, 19.01125637100223], [72.85758047945319, 19.01125637100223], [72.85758047945319, 19.013896343002227], [72.8547881793603, 19.013896343002227], [72.8547881793603, 19.01125637100223]]]}}, {"type": "Feature", "properties": {"pocket_id": "NS-1275", "city": "Mumbai", "ward": "M Ward"}, "geometry": {"type": "Polygon", "coordinates": [[[72.86457799910586, 19.001557642342803], [72.86751086911012, 19.001557642342803], [72.86751086911012, 19.004330676342803], [72.86457799910586, 19.004330676342803], [72.86457799910586, 19.001557642342803]]]}}, {"type": "Feature", "properties": {"pocket_id": "NS-1276", "city": "Mumbai", "ward": "M Ward"}, "geometry": {"type": "Polygon", "coordinates": [[[72.8770974329602, 19.035091400065383], [72.88007286857362, 19.035091400065383], [72.88007286857362, 19.037904112065384], [72.8770974329602, 19.037904112065384], [72.8770974329602, 19.035091400065383]]]}}, {"type": "Feature", "properties": {"pocket_id": "NS-1277", "city": "Mumbai", "ward": "M Ward"}, "geometry": {"type": "Polygon", "coordinates": [[[72.87646827385876, 19.04034610526103], [72.87920102528761, 19.04034610526103], [72.87920102528761, 19.042929325261028], [72.87646827385876, 19.042929325261028], [72.87646827385876, 19.04034610526103]]]}}, {"type": "Feature", "properties": {"pocket_id": "NS-1278", "city": "Mumbai", "ward": "M Ward"}, "geometry": {"type": "Polygon", "coordinates": [[[72.8929971887829, 19.01198043818071], [72.89572043023192, 19.01198043818071], [72.89572043023192, 19.014555108180712], [72.8929971887829, 19.014555108180712], [72.8929971887829, 19.01198043818071]]]}}, {"type": "Feature", "properties": {"pocket_id": "NS-1279", "city": "Thane", "ward": "Thane West"}, "geometry": {"type": "Polygon", "coordinates": [[[72.95600093218152, 19.243634127192976], [72.95866251991652, 19.243634127192976], [72.95866251991652, 19.24614698119298], [72.95600093218152, 19.24614698119298], [72.95600093218152, 19.243634127192976]]]}}, {"type": "Feature", "properties": {"pocket_id": "NS-1280", "city": "Ulhasnagar", "ward": "Ulhasnagar"}, "geometry": {"type": "Polygon", "coordinates": [[[73.14192892040441, 19.226067811243507], [73.14490991031559, 19.226067811243507], [73.14490991031559, 19.22888251724351], [73.14192892040441, 19.22888251724351], [73.14192892040441, 19.226067811243507]]]}}, {"type": "Feature", "properties": {"pocket_id": "NS-1281", "city": "Thane", "ward": "Thane West"}, "geometry": {"type": "Polygon", "coordinates": [[[73.00056987053856, 19.212240159191552], [73.00340653742242, 19.212240159191552], [73.00340653742242, 19.214918819191553], [73.00056987053856, 19.214918819191553], [73.00056987053856, 19.212240159191552]]]}}, {"type": "Feature", "properties": {"pocket_id": "NS-1282", "city": "Kalyan", "ward": "Kalyan East"}, "geometry": {"type": "Polygon", "coordinates": [[[73.14809550516752, 19.211103522360865], [73.15091164830456, 19.211103522360865], [73.15091164830456, 19.213762820360863], [73.14809550516752, 19.213762820360863], [73.14809550516752, 19.211103522360865]]]}}, {"type": "Feature", "properties": {"pocket_id": "NS-1283", "city": "Mumbai", "ward": "M Ward"}, "geometry": {"type": "Polygon", "coordinates": [[[72.90430655169553, 19.033459449401267], [72.90745636612974, 19.033459449401267], [72.90745636612974, 19.036437031401267], [72.90430655169553, 19.036437031401267], [72.90430655169553, 19.033459449401267]]]}}, {"type": "Feature", "properties": {"pocket_id": "NS-1284", "city": "Thane", "ward": "Thane West"}, "geometry": {"type": "Polygon", "coordinates": [[[72.9912779344517, 19.201362616933785], [72.99397221273857, 19.201362616933785], [72.99397221273857, 19.203906988933788], [72.9912779344517, 19.203906988933788], [72.9912779344517, 19.201362616933785]]]}}, {"type": "Feature", "properties": {"pocket_id": "NS-1285", "city": "Mumbai", "ward": "M Ward"}, "geometry": {"type": "Polygon", "coordinates": [[[72.8643952282305, 18.999094821206484], [72.86744227282941, 18.999094821206484], [72.86744227282941, 19.00197584920648], [72.8643952282305, 19.00197584920648], [72.8643952282305, 18.999094821206484]]]}}, {"type": "Feature", "properties": {"pocket_id": "NS-1286", "city": "Kalyan", "ward": "Kalyan East"}, "geometry": {"type": "Polygon", "coordinates": [[[73.16561782630345, 19.23351891494057], [73.1685779043456, 19.23351891494057], [73.1685779043456, 19.23631374894057], [73.16561782630345, 19.23631374894057], [73.16561782630345, 19.23351891494057]]]}}, {"type": "Feature", "properties": {"pocket_id": "NS-1287", "city": "Mumbai", "ward": "S Ward"}, "geometry": {"type": "Polygon", "coordinates": [[[72.93639063827898, 19.1288296417615], [72.93901769405464, 19.1288296417615], [72.93901769405464, 19.131311623761498], [72.93639063827898, 19.131311623761498], [72.93639063827898, 19.1288296417615]]]}}, {"type": "Feature", "properties": {"pocket_id": "NS-1288", "city": "Mumbai", "ward": "L Ward"}, "geometry": {"type": "Polygon", "coordinates": [[[NaN, 19.042884736960513], [NaN, 19.042884736960513], [NaN, 19.045630730960514], [NaN, 19.045630730960514], [NaN, 19.042884736960513]]]}}, {"type": "Feature", "properties": {"pocket_id": "NS-1289", "city": "Mumbai", "ward": "L Ward"}, "geometry": {"type": "Polygon", "coordinates": [[[72.89541338210863, 19.086262210007366], [72.89822567886519, 19.086262210007366], [72.89822567886519, 19.088919886007364], [72.89541338210863, 19.088919886007364], [72.89541338210863, 19.086262210007366]]]}}, {"type": "Feature", "properties": {"pocket_id": "NS-1290", "city": "Ambarnath", "ward": "Ambarnath"}, "geometry": {"type": "Polygon", "coordinates": [[[73.19189129585259, 19.189689032885163], [73.19464805000244, 19.189689032885163], [73.19464805000244, 19.19229258888516], [73.19189129585259, 19.19229258888516], [73.19189129585259, 19.189689032885163]]]}}, {"type": "Feature", "properties": {"pocket_id": "NS-1291", "city": "Mumbai", "ward": "L Ward"}, "geometry": {"type": "Polygon", "coordinates": [[[72.8809785139479, 19.05094169126643], [72.88407492828009, 19.05094169126643], [72.88407492828009, 19.053868485266428], [72.8809785139479, 19.053868485266428], [72.8809785139479, 19.05094169126643]]]}}, {"type": "Feature", "properties": {"pocket_id": "NS-1292", "city": "Mumbai", "ward": "S Ward"}, "geometry": {"type": "Polygon", "coordinates": [[[72.91466356196278, 19.109794768762487], [72.9173222071083, 19.109794768762487], [72.9173222071083, 19.112306884762486], [72.91466356196278, 19.112306884762486], [72.91466356196278, 19.109794768762487]]]}}, {"type": "Feature", "properties": {"pocket_id": "NS-1293", "city": "Thane", "ward": "Thane West"}, "geometry": {"type": "Polygon", "coordinates": [[[72.99675095222418, 19.247162569675712], [72.99983148744727, 19.247162569675712], [72.99983148744727, 19.250070893675716], [72.99675095222418, 19.250070893675716], [72.99675095222418, 19.247162569675712]]]}}, {"type": "Feature", "properties": {"pocket_id": "NS-1294", "city": "Mumbai", "ward": "S Ward"}, "geometry": {"type": "Polygon", "coordinates": [[[72.95617768576797, 19.162792494624693], [72.9595416907999, 19.162792494624693], [72.9595416907999, 19.16597006862469], [72.95617768576797, 19.16597006862469], [72.95617768576797, 19.162792494624693]]]}}, {"type": "Feature", "properties": {"pocket_id": "NS-1295", "city": "Mumbai", "ward": "M Ward"}, "geometry": {"type": "Polygon", "coordinates": [[[72.8683987710948, 18.98021695298457], [72.87144168430481, 18.98021695298457], [72.87144168430481, 18.98309440098457], [72.8683987710948, 18.98309440098457], [72.8683987710948, 18.98021695298457]]]}}, {"type": "Feature", "properties": {"pocket_id": "NS-1296", "city": "Mumbai", "ward": "M Ward"}, "geometry": {"type": "Polygon", "coordinates": [[[72.88425196428037, 19.008074702475984], [72.88708107986997, 19.008074702475984], [72.88708107986997, 19.01074953247598], [72.88425196428037, 19.01074953247598], [72.88425196428037, 19.008074702475984]]]}}, {"type": "Feature", "properties": {"pocket_id": "NS-1297", "city": "Mumbai", "ward": "S Ward"}, "geometry": {"type": "Polygon", "coordinates": [[[72.94468058767937, 19.139760038034332], [72.9480103368078, 19.139760038034332], [72.9480103368078, 19.142905694034333], [72.94468058767937, 19.142905694034333], [72.94468058767937, 19.139760038034332]]]}}, {"type": "Feature", "properties": {"pocket_id": "NS-1298", "city": "Mumbai", "ward": "M Ward"}, "geometry": {"type": "Polygon", "coordinates": [[[72.85167963512194, 19.025639735817762], [72.85436664858926, 19.025639735817762], [72.85436664858926, 19.02817994581776], [72.85167963512194, 19.02817994581776], [72.85167963512194, 19.025639735817762]]]}}, {"type": "Feature", "properties": {"pocket_id": "NS-1299", "city": "Mumbai", "ward": "M Ward"}, "geometry": {"type": "Polygon", "coordinates": [[[72.88196971577527, 18.998795396831415], [72.88491990761624, 18.998795396831415], [72.88491990761624, 19.001584854831417], [72.88196971577527, 19.001584854831417], [72.88196971577527, 18.998795396831415]]]}}, {"type": "Feature", "properties": {"pocket_id": "NS-1300", "city": "Mumbai", "ward": "S Ward"}, "geometry": {"type": "Polygon", "coordinates": [[[72.93943447442349, 19.132212250780334], [72.94244224149226, 19.132212250780334], [72.94244224149226, 19.13505385878033], [72.93943447442349, 19.13505385878033], [72.93943447442349, 19.132212250780334]]]}}, {"type": "Feature", "properties": {"pocket_id": "NS-1301", "city": "Mumbai", "ward": "L Ward"}, "geometry": {"type": "Polygon", "coordinates": [[[72.9032857544486, 19.06925019878199], [72.90598759740246, 19.06925019878199], [72.90598759740246, 19.071803756781993], [72.9032857544486, 19.071803756781993], [72.9032857544486, 19.06925019878199]]]}}, {"type": "Feature", "properties": {"pocket_id": "NS-1302", "city": "Mumbai", "ward": "M Ward"}, "geometry": {"type": "Polygon", "coordinates": [[[72.8630787002928, 18.9995615929123], [72.8659168513751, 18.9995615929123], [72.8659168513751, 19.002245102912298], [72.8630787002928, 19.002245102912298], [72.8630787002928, 18.9995615929123]]]}}, {"type": "Feature", "properties": {"pocket_id": "NS-1303", "city": "Mumbai", "ward": "M Ward"}, "geometry": {"type": "Polygon", "coordinates": [[[72.87176760293046, 18.998061026347113], [72.87441354740965, 18.998061026347113], [72.87441354740965, 19.00056282634711], [72.87176760293046, 19.00056282634711], [72.87176760293046, 18.998061026347113]]]}}, {"type": "Feature", "properties": {"pocket_id": "NS-1304", "city": "Ambarnath", "ward": "Ambarnath"}, "geometry": {"type": "Polygon", "coordinates": [[[73.21063380904909, 19.17937638425679], [73.21355039405412, 19.17937638425679], [73.21355039405412, 19.182131060256793], [73.21063380904909, 19.182131060256793], [73.21063380904909, 19.17937638425679]]]}}, {"type": "Feature", "properties": {"pocket_id": "NS-1305", "city": "Mumbai", "ward": "L Ward"}, "geometry": {"type": "Polygon", "coordinates": [[[72.88152789921223, 19.092381784199357], [72.88443434031457, 19.092381784199357], [72.88443434031457, 19.095128326199355], [72.88152789921223, 19.095128326199355], [72.88152789921223, 19.092381784199357]]]}}, {"type": "Feature", "properties": {"pocket_id": "NS-1306", "city": "Ulhasnagar", "ward": "Ulhasnagar"}, "geometry": {"type": "Polygon", "coordinates": [[[NaN, NaN], [NaN, NaN], [NaN, NaN], [NaN, NaN], [NaN, NaN]]]}}, {"type": "Feature", "properties": {"pocket_id": "NS-1307", "city": "Mumbai", "ward": "L Ward"}, "geometry": {"type": "Polygon", "coordinates": [[[72.86446402160568, 19.049973735714325], [72.86882914833227, 19.049973735714325], [72.86882914833227, 19.054099751714325], [72.86446402160568, 19.054099751714325], [72.86446402160568, 19.049973735714325]]]}}, {"type": "Feature", "properties": {"pocket_id": "NS-1308", "city": "Thane", "ward": "Thane West"}, "geometry": {"type": "Polygon", "coordinates": [[[72.9678336231982, 19.21360039690254], [72.97063659061106, 19.21360039690254], [72.97063659061106, 19.21624721290254], [72.9678336231982, 19.21624721290254], [72.9678336231982, 19.21360039690254]]]}}, {"type": "Feature", "properties": {"pocket_id": "NS-1309", "city": "Thane", "ward": "Thane East"}, "geometry": {"type": "Polygon", "coordinates": [[[73.03466403800782, 19.194892159048152], [73.0373473758492, 19.194892159048152], [73.0373473758492, 19.197426299048153], [73.03466403800782, 19.197426299048153], [73.03466403800782, 19.194892159048152]]]}}, {"type": "Feature", "properties": {"pocket_id": "NS-1310", "city": "Mumbai", "ward": "M Ward"}, "geometry": {"type": "Polygon", "coordinates": [[[NaN, NaN], [NaN, NaN], [NaN, NaN], [NaN, NaN], [NaN, NaN]]]}}, {"type": "Feature", "properties": {"pocket_id": "NS-1311", "city": "Mumbai", "ward": "M Ward"}, "geometry": {"type": "Polygon", "coordinates": [[[NaN, NaN], [NaN, NaN], [NaN, NaN], [NaN, NaN], [NaN, NaN]]]}}, {"type": "Feature", "properties": {"pocket_id": "NS-1312", "city": "Mumbai", "ward": "L Ward"}, "geometry": {"type": "Polygon", "coordinates": [[[72.92025591453506, 19.030817659681933], [72.92302731048261, 19.030817659681933], [72.92302731048261, 19.033437559681932], [72.92025591453506, 19.033437559681932], [72.92025591453506, 19.030817659681933]]]}}, {"type": "Feature", "properties": {"pocket_id": "NS-1313", "city": "Mumbai", "ward": "M Ward"}, "geometry": {"type": "Polygon", "coordinates": [[[72.86380163329024, 19.023885321730045], [72.86664129968428, 19.023885321730045], [72.86664129968428, 19.026569871730043], [72.86380163329024, 19.026569871730043], [72.86380163329024, 19.023885321730045]]]}}, {"type": "Feature", "properties": {"pocket_id": "NS-1314", "city": "Mumbai", "ward": "M Ward"}, "geometry": {"type": "Polygon", "coordinates": [[[72.87074400090427, 19.003885302287372], [72.87380680570206, 19.003885302287372], [72.87380680570206, 19.006781148287374], [72.87074400090427, 19.006781148287374], [72.87074400090427, 19.003885302287372]]]}}, {"type": "Feature", "properties": {"pocket_id": "NS-1315", "city": "Mumbai", "ward": "M Ward"}, "geometry": {"type": "Polygon", "coordinates": [[[NaN, 18.994134851182604], [NaN, 18.994134851182604], [NaN, 18.997032121182603], [NaN, 18.997032121182603], [NaN, 18.994134851182604]]]}}, {"type": "Feature", "properties": {"pocket_id": "NS-1316", "city": "Mumbai", "ward": "S Ward"}, "geometry": {"type": "Polygon", "coordinates": [[[72.92227466038526, 19.14936047270475], [72.92510758104353, 19.14936047270475], [72.92510758104353, 19.15203661670475], [72.92227466038526, 19.15203661670475], [72.92227466038526, 19.14936047270475]]]}}, {"type": "Feature", "properties": {"pocket_id": "NS-1317", "city": "Mumbai", "ward": "S Ward"}, "geometry": {"type": "Polygon", "coordinates": [[[72.93026817458198, 19.152931610554752], [72.93313065803781, 19.152931610554752], [72.93313065803781, 19.155635622554755], [72.93026817458198, 19.155635622554755], [72.93026817458198, 19.152931610554752]]]}}, {"type": "Feature", "properties": {"pocket_id": "NS-1318", "city": "Ambarnath", "ward": "Ambarnath"}, "geometry": {"type": "Polygon", "coordinates": [[[73.1790711131373, 19.180247956394528], [73.18201217587395, 19.180247956394528], [73.18201217587395, 19.18302573639453], [73.1790711131373, 19.18302573639453], [73.1790711131373, 19.180247956394528]]]}}, {"type": "Feature", "properties": {"pocket_id": "NS-1319", "city": "Mumbai", "ward": "M Ward"}, "geometry": {"type": "Polygon", "coordinates": [[[72.88487621721313, 19.018248384146226], [72.88792122224069, 19.018248384146226], [72.88792122224069, 19.021127152146228], [72.88487621721313, 19.021127152146228], [72.88487621721313, 19.018248384146226]]]}}, {"type": "Feature", "properties": {"pocket_id": "NS-1320", "city": "Mumbai", "ward": "L Ward"}, "geometry": {"type": "Polygon", "coordinates": [[[72.86459689928255, 19.061943842253463], [72.8683105210052, 19.061943842253463], [72.8683105210052, 19.065453794253465], [72.86459689928255, 19.065453794253465], [72.86459689928255, 19.061943842253463]]]}}, {"type": "Feature", "properties": {"pocket_id": "NS-1321", "city": "Mumbai", "ward": "S Ward"}, "geometry": {"type": "Polygon", "coordinates": [[[72.9802325735413, 19.131082982673902], [72.98311050654279, 19.131082982673902], [72.98311050654279, 19.133801948673906], [72.9802325735413, 19.133801948673906], [72.9802325735413, 19.131082982673902]]]}}, {"type": "Feature", "properties": {"pocket_id": "NS-1322", "city": "Thane", "ward": "Thane West"}, "geometry": {"type": "Polygon", "coordinates": [[[NaN, NaN], [NaN, NaN], [NaN, NaN], [NaN, NaN], [NaN, NaN]]]}}, {"type": "Feature", "properties": {"pocket_id": "NS-1323", "city": "Thane", "ward": "Thane West"}, "geometry": {"type": "Polygon", "coordinates": [[[72.97694169071508, 19.208251806298104], [72.9810303307327, 19.208251806298104], [72.9810303307327, 19.212112782298103], [72.97694169071508, 19.212112782298103], [72.97694169071508, 19.208251806298104]]]}}, {"type": "Feature", "properties": {"pocket_id": "NS-1324", "city": "Mumbai", "ward": "S Ward"}, "geometry": {"type": "Polygon", "coordinates": [[[72.96037717184615, 19.120068115503354], [72.96337339077246, 19.120068115503354], [72.96337339077246, 19.122899021503354], [72.96037717184615, 19.122899021503354], [72.96037717184615, 19.120068115503354]]]}}, {"type": "Feature", "properties": {"pocket_id": "NS-1325", "city": "Mumbai", "ward": "L Ward"}, "geometry": {"type": "Polygon", "coordinates": [[[72.88703121237022, 19.085713668937426], [72.89018241528389, 19.085713668937426], [72.89018241528389, 19.08869162493743], [72.88703121237022, 19.08869162493743], [72.88703121237022, 19.085713668937426]]]}}, {"type": "Feature", "properties": {"pocket_id": "NS-1326", "city": "Mumbai", "ward": "S Ward"}, "geometry": {"type": "Polygon", "coordinates": [[[72.9585711916682, 19.155029627747375], [72.96129477722519, 19.155029627747375], [72.96129477722519, 19.157602399747375], [72.9585711916682, 19.157602399747375], [72.9585711916682, 19.155029627747375]]]}}, {"type": "Feature", "properties": {"pocket_id": "NS-1327", "city": "Mumbai", "ward": "M Ward"}, "geometry": {"type": "Polygon", "coordinates": [[[NaN, NaN], [NaN, NaN], [NaN, NaN], [NaN, NaN], [NaN, NaN]]]}}, {"type": "Feature", "properties": {"pocket_id": "NS-1328", "city": "Mumbai", "ward": "M Ward"}, "geometry": {"type": "Polygon", "coordinates": [[[NaN, NaN], [NaN, NaN], [NaN, NaN], [NaN, NaN], [NaN, NaN]]]}}, {"type": "Feature", "properties": {"pocket_id": "NS-1329", "city": "Mumbai", "ward": "M Ward"}, "geometry": {"type": "Polygon", "coordinates": [[[72.86882662912564, 19.01438078413861], [72.87199727673121, 19.01438078413861], [72.87199727673121, 19.01737840413861], [72.86882662912564, 19.01737840413861], [72.86882662912564, 19.01438078413861]]]}}, {"type": "Feature", "properties": {"pocket_id": "NS-1330", "city": "Thane", "ward": "Thane East"}, "geometry": {"type": "Polygon", "coordinates": [[[73.02065223130711, 19.203083335690263], [73.02375173802119, 19.203083335690263], [73.02375173802119, 19.206010355690264], [73.02065223130711, 19.206010355690264], [73.02065223130711, 19.203083335690263]]]}}, {"type": "Feature", "properties": {"pocket_id": "NS-1331", "city": "Mumbai", "ward": "M Ward"}, "geometry": {"type": "Polygon", "coordinates": [[[72.86178084528423, 19.003482855310956], [72.8650447909156, 19.003482855310956], [72.8650447909156, 19.006568883310955], [72.86178084528423, 19.006568883310955], [72.86178084528423, 19.003482855310956]]]}}, {"type": "Feature", "properties": {"pocket_id": "NS-1332", "city": "Thane", "ward": "Thane East"}, "geometry": {"type": "Polygon", "coordinates": [[[73.01862484650748, 19.173757400589956], [73.02132665390515, 19.173757400589956], [73.02132665390515, 19.176309310589957], [73.01862484650748, 19.176309310589957], [73.01862484650748, 19.173757400589956]]]}}, {"type": "Feature", "properties": {"pocket_id": "NS-1333", "city": "Mumbai", "ward": "M Ward"}, "geometry": {"type": "Polygon", "coordinates": [[[72.899205122352, 19.01510423628884], [72.90206480335864, 19.01510423628884], [72.90206480335864, 19.017807850288836], [72.899205122352, 19.017807850288836], [72.899205122352, 19.01510423628884]]]}}, {"type": "Feature", "properties": {"pocket_id": "NS-1334", "city": "Mumbai", "ward": "M Ward"}, "geometry": {"type": "Polygon", "coordinates": [[[72.85066004887865, 19.021725497154602], [72.85359757555544, 19.021725497154602], [72.85359757555544, 19.024502597154605], [72.85066004887865, 19.024502597154605], [72.85066004887865, 19.021725497154602]]]}}, {"type": "Feature", "properties": {"pocket_id": "NS-1335", "city": "Thane", "ward": "Thane East"}, "geometry": {"type": "Polygon", "coordinates": [[[73.0428759569111, 19.19947888917027], [73.04573260989162, 19.19947888917027], [73.04573260989162, 19.20217663117027], [73.0428759569111, 19.20217663117027], [73.0428759569111, 19.19947888917027]]]}}, {"type": "Feature", "properties": {"pocket_id": "NS-1336", "city": "Mumbai", "ward": "L Ward"}, "geometry": {"type": "Polygon", "coordinates": [[[72.89335654848836, 19.046731237812928], [72.89710706280056, 19.046731237812928], [72.89710706280056, 19.05027638381293], [72.89335654848836, 19.05027638381293], [72.89335654848836, 19.046731237812928]]]}}, {"type": "Feature", "properties": {"pocket_id": "NS-1337", "city": "Thane", "ward": "Thane West"}, "geometry": {"type": "Polygon", "coordinates": [[[NaN, NaN], [NaN, NaN], [NaN, NaN], [NaN, NaN], [NaN, NaN]]]}}, {"type": "Feature", "properties": {"pocket_id": "NS-1338", "city": "Mumbai", "ward": "M Ward"}, "geometry": {"type": "Polygon", "coordinates": [[[72.8591595902716, 19.008463158073813], [72.86196077037756, 19.008463158073813], [72.86196077037756, 19.011111570073812], [72.8591595902716, 19.011111570073812], [72.8591595902716, 19.008463158073813]]]}}, {"type": "Feature", "properties": {"pocket_id": "NS-1339", "city": "Mumbai", "ward": "S Ward"}, "geometry": {"type": "Polygon", "coordinates": [[[72.93062091523218, 19.115926867720518], [72.93388518673588, 19.115926867720518], [72.93388518673588, 19.119011111720518], [72.93062091523218, 19.119011111720518], [72.93062091523218, 19.115926867720518]]]}}, {"type": "Feature", "properties": {"pocket_id": "NS-1340", "city": "Mumbai", "ward": "L Ward"}, "geometry": {"type": "Polygon", "coordinates": [[[NaN, NaN], [NaN, NaN], [NaN, NaN], [NaN, NaN], [NaN, NaN]]]}}, {"type": "Feature", "properties": {"pocket_id": "NS-1341", "city": "Mumbai", "ward": "M Ward"}, "geometry": {"type": "Polygon", "coordinates": [[[NaN, 19.009887515776242], [NaN, 19.009887515776242], [NaN, 19.01298188177624], [NaN, 19.01298188177624], [NaN, 19.009887515776242]]]}}, {"type": "Feature", "properties": {"pocket_id": "NS-1342", "city": "Ambarnath", "ward": "Ambarnath"}, "geometry": {"type": "Polygon", "coordinates": [[[73.18924413674627, 19.195544189525496], [73.19208631206153, 19.195544189525496], [73.19208631206153, 19.198228323525495], [73.18924413674627, 19.198228323525495], [73.18924413674627, 19.195544189525496]]]}}, {"type": "Feature", "properties": {"pocket_id": "NS-1343", "city": "Thane", "ward": "Thane West"}, "geometry": {"type": "Polygon", "coordinates": [[[72.98109234822275, 19.254404847621913], [72.98453461413257, 19.254404847621913], [72.98453461413257, 19.25765453362191], [72.98109234822275, 19.25765453362191], [72.98109234822275, 19.254404847621913]]]}}, {"type": "Feature", "properties": {"pocket_id": "NS-1344", "city": "Mumbai", "ward": "M Ward"}, "geometry": {"type": "Polygon", "coordinates": [[[72.88441870334826, 18.987263817415744], [72.88741930763378, 18.987263817415744], [72.88741930763378, 18.990101137415742], [72.88441870334826, 18.990101137415742], [72.88441870334826, 18.987263817415744]]]}}, {"type": "Feature", "properties": {"pocket_id": "NS-1345", "city": "Mumbai", "ward": "M Ward"}, "geometry": {"type": "Polygon", "coordinates": [[[72.91938389408377, 19.000213730808124], [72.9225033948605, 19.000213730808124], [72.9225033948605, 19.003163246808125], [72.91938389408377, 19.003163246808125], [72.91938389408377, 19.000213730808124]]]}}, {"type": "Feature", "properties": {"pocket_id": "NS-1346", "city": "Mumbai", "ward": "S Ward"}, "geometry": {"type": "Polygon", "coordinates": [[[72.92717801942369, 19.142219648041028], [72.93011173928546, 19.142219648041028], [72.93011173928546, 19.144991132041028], [72.92717801942369, 19.144991132041028], [72.92717801942369, 19.142219648041028]]]}}, {"type": "Feature", "properties": {"pocket_id": "NS-1347", "city": "Thane", "ward": "Thane West"}, "geometry": {"type": "Polygon", "coordinates": [[[72.99089222615464, 19.21120075058238], [72.99370359491627, 19.21120075058238], [72.99370359491627, 19.21385553858238], [72.99089222615464, 19.21385553858238], [72.99089222615464, 19.21120075058238]]]}}, {"type": "Feature", "properties": {"pocket_id": "NS-1348", "city": "Mumbai", "ward": "M Ward"}, "geometry": {"type": "Polygon", "coordinates": [[[72.86445491237988, 19.003254881625722], [72.86711468477235, 19.003254881625722], [72.86711468477235, 19.00576967762572], [72.86445491237988, 19.00576967762572], [72.86445491237988, 19.003254881625722]]]}}, {"type": "Feature", "properties": {"pocket_id": "NS-1349", "city": "Mumbai", "ward": "M Ward"}, "geometry": {"type": "Polygon", "coordinates": [[[NaN, 19.035271684419182], [NaN, 19.035271684419182], [NaN, 19.037994316419184], [NaN, 19.037994316419184], [NaN, 19.035271684419182]]]}}, {"type": "Feature", "properties": {"pocket_id": "NS-1350", "city": "Mumbai", "ward": "M Ward"}, "geometry": {"type": "Polygon", "coordinates": [[[72.85328010539035, 18.997611121162723], [72.85598068367631, 18.997611121162723], [72.85598068367631, 19.000164585162725], [72.85328010539035, 19.000164585162725], [72.85328010539035, 18.997611121162723]]]}}, {"type": "Feature", "properties": {"pocket_id": "NS-1351", "city": "Thane", "ward": "Thane West"}, "geometry": {"type": "Polygon", "coordinates": [[[72.99447547062107, 19.23572570386813], [72.99732952327315, 19.23572570386813], [72.99732952327315, 19.23842039586813], [72.99447547062107, 19.23842039586813], [72.99447547062107, 19.23572570386813]]]}}, {"type": "Feature", "properties": {"pocket_id": "NS-1352", "city": "Mumbai", "ward": "M Ward"}, "geometry": {"type": "Polygon", "coordinates": [[[72.90172256741474, 18.997934571220334], [72.90451458466487, 18.997934571220334], [72.90451458466487, 19.000574487220334], [72.90172256741474, 19.000574487220334], [72.90172256741474, 18.997934571220334]]]}}, {"type": "Feature", "properties": {"pocket_id": "NS-1353", "city": "Mumbai", "ward": "M Ward"}, "geometry": {"type": "Polygon", "coordinates": [[[72.87264331204243, 18.995021173027258], [72.87562719578627, 18.995021173027258], [72.87562719578627, 18.997842551027258], [72.87264331204243, 18.997842551027258], [72.87264331204243, 18.995021173027258]]]}}, {"type": "Feature", "properties": {"pocket_id": "NS-1354", "city": "Thane", "ward": "Thane East"}, "geometry": {"type": "Polygon", "coordinates": [[[72.96548277503139, 19.19143593025893], [72.96836343045304, 19.19143593025893], [72.96836343045304, 19.19415647225893], [72.96548277503139, 19.19415647225893], [72.96548277503139, 19.19143593025893]]]}}, {"type": "Feature", "properties": {"pocket_id": "NS-1355", "city": "Ambarnath", "ward": "Ambarnath"}, "geometry": {"type": "Polygon", "coordinates": [[[NaN, 19.211411622811696], [NaN, 19.211411622811696], [NaN, 19.214052968811693], [NaN, 19.214052968811693], [NaN, 19.211411622811696]]]}}, {"type": "Feature", "properties": {"pocket_id": "NS-1356", "city": "Mumbai", "ward": "M Ward"}, "geometry": {"type": "Polygon", "coordinates": [[[72.88203997701676, 19.016161617564347], [72.88544330497977, 19.016161617564347], [72.88544330497977, 19.019379183564343], [72.88203997701676, 19.019379183564343], [72.88203997701676, 19.016161617564347]]]}}, {"type": "Feature", "properties": {"pocket_id": "NS-1357", "city": "Ambarnath", "ward": "Ambarnath"}, "geometry": {"type": "Polygon", "coordinates": [[[73.20207341794374, 19.21617061808093], [73.20494118833143, 19.21617061808093], [73.20494118833143, 19.218878584080933], [73.20207341794374, 19.218878584080933], [73.20207341794374, 19.21617061808093]]]}}, {"type": "Feature", "properties": {"pocket_id": "NS-1358", "city": "Mumbai", "ward": "S Ward"}, "geometry": {"type": "Polygon", "coordinates": [[[NaN, 19.11772956916677], [NaN, 19.11772956916677], [NaN, 19.12032121516677], [NaN, 19.12032121516677], [NaN, 19.11772956916677]]]}}, {"type": "Feature", "properties": {"pocket_id": "NS-1359", "city": "Mumbai", "ward": "L Ward"}, "geometry": {"type": "Polygon", "coordinates": [[[NaN, 19.03946895515091], [NaN, 19.03946895515091], [NaN, 19.042495711150906], [NaN, 19.042495711150906], [NaN, 19.03946895515091]]]}}, {"type": "Feature", "properties": {"pocket_id": "NS-1360", "city": "Mumbai", "ward": "L Ward"}, "geometry": {"type": "Polygon", "coordinates": [[[72.89483460835147, 19.044643292478646], [72.897856414663, 19.044643292478646], [72.897856414663, 19.047499674478644], [72.89483460835147, 19.047499674478644], [72.89483460835147, 19.044643292478646]]]}}, {"type": "Feature", "properties": {"pocket_id": "NS-1361", "city": "Mumbai", "ward": "M Ward"}, "geometry": {"type": "Polygon", "coordinates": [[[72.89237503847465, 19.026105014566184], [72.89529272623676, 19.026105014566184], [72.89529272623676, 19.028863286566185], [72.89237503847465, 19.028863286566185], [72.89237503847465, 19.026105014566184]]]}}, {"type": "Feature", "properties": {"pocket_id": "NS-1362", "city": "Ambarnath", "ward": "Ambarnath"}, "geometry": {"type": "Polygon", "coordinates": [[[NaN, NaN], [NaN, NaN], [NaN, NaN], [NaN, NaN], [NaN, NaN]]]}}, {"type": "Feature", "properties": {"pocket_id": "NS-1363", "city": "Mumbai", "ward": "M Ward"}, "geometry": {"type": "Polygon", "coordinates": [[[72.87892758341144, 19.008063424237513], [72.88171165184235, 19.008063424237513], [72.88171165184235, 19.01069566423751], [72.87892758341144, 19.01069566423751], [72.87892758341144, 19.008063424237513]]]}}, {"type": "Feature", "properties": {"pocket_id": "NS-1364", "city": "Thane", "ward": "Thane East"}, "geometry": {"type": "Polygon", "coordinates": [[[73.02221363132251, 19.20591295227221], [73.02568161763288, 19.20591295227221], [73.02568161763288, 19.209187886272208], [73.02221363132251, 19.209187886272208], [73.02221363132251, 19.20591295227221]]]}}, {"type": "Feature", "properties": {"pocket_id": "NS-1365", "city": "Mumbai", "ward": "M Ward"}, "geometry": {"type": "Polygon", "coordinates": [[[72.89151000317845, 19.01498609327681], [72.89432297477738, 19.01498609327681], [72.89432297477738, 19.017645549276814], [72.89151000317845, 19.017645549276814], [72.89151000317845, 19.01498609327681]]]}}, {"type": "Feature", "properties": {"pocket_id": "NS-1366", "city": "Kalyan", "ward": "Kalyan West"}, "geometry": {"type": "Polygon", "coordinates": [[[73.14559261370118, 19.26557718060768], [73.14905256156527, 19.26557718060768], [73.14905256156527, 19.26884333660768], [73.14559261370118, 19.26884333660768], [73.14559261370118, 19.26557718060768]]]}}, {"type": "Feature", "properties": {"pocket_id": "NS-1367", "city": "Mumbai", "ward": "S Ward"}, "geometry": {"type": "Polygon", "coordinates": [[[72.92998906165133, 19.13839138290368], [72.93331290624695, 19.13839138290368], [72.93331290624695, 19.141531486903684], [72.92998906165133, 19.141531486903684], [72.92998906165133, 19.13839138290368]]]}}, {"type": "Feature", "properties": {"pocket_id": "NS-1368", "city": "Thane", "ward": "Thane West"}, "geometry": {"type": "Polygon", "coordinates": [[[72.97485668859558, 19.228633195598896], [72.97768744272643, 19.228633195598896], [72.97768744272643, 19.231306005598896], [72.97485668859558, 19.231306005598896], [72.97485668859558, 19.228633195598896]]]}}, {"type": "Feature", "properties": {"pocket_id": "NS-1369", "city": "Thane", "ward": "Thane West"}, "geometry": {"type": "Polygon", "coordinates": [[[NaN, NaN], [NaN, NaN], [NaN, NaN], [NaN, NaN], [NaN, NaN]]]}}, {"type": "Feature", "properties": {"pocket_id": "NS-1370", "city": "Mumbai", "ward": "M Ward"}, "geometry": {"type": "Polygon", "coordinates": [[[72.87929215701999, 18.996641547492427], [72.8819185447773, 18.996641547492427], [72.8819185447773, 18.999124877492424], [72.87929215701999, 18.999124877492424], [72.87929215701999, 18.996641547492427]]]}}, {"type": "Feature", "properties": {"pocket_id": "NS-1371", "city": "Mumbai", "ward": "M Ward"}, "geometry": {"type": "Polygon", "coordinates": [[[72.89355032092249, 19.008391880351397], [72.89694541118075, 19.008391880351397], [72.89694541118075, 19.011601808351394], [72.89355032092249, 19.011601808351394], [72.89355032092249, 19.008391880351397]]]}}, {"type": "Feature", "properties": {"pocket_id": "NS-1372", "city": "Thane", "ward": "Thane West"}, "geometry": {"type": "Polygon", "coordinates": [[[72.98563235163736, 19.227708650610268], [72.98869951825422, 19.227708650610268], [72.98869951825422, 19.230604696610264], [72.98563235163736, 19.230604696610264], [72.98563235163736, 19.227708650610268]]]}}, {"type": "Feature", "properties": {"pocket_id": "NS-1373", "city": "Mumbai", "ward": "L Ward"}, "geometry": {"type": "Polygon", "coordinates": [[[72.90498320153381, 19.071269433746284], [72.9077357895994, 19.071269433746284], [72.9077357895994, 19.073870919746287], [72.90498320153381, 19.073870919746287], [72.90498320153381, 19.071269433746284]]]}}, {"type": "Feature", "properties": {"pocket_id": "NS-1374", "city": "Ambarnath", "ward": "Ambarnath"}, "geometry": {"type": "Polygon", "coordinates": [[[NaN, 19.164150628955973], [NaN, 19.164150628955973], [NaN, 19.16668231895597], [NaN, 19.16668231895597], [NaN, 19.164150628955973]]]}}, {"type": "Feature", "properties": {"pocket_id": "NS-1375", "city": "Mumbai", "ward": "M Ward"}, "geometry": {"type": "Polygon", "coordinates": [[[72.9212780173594, 18.9846352717503], [72.92433979534404, 18.9846352717503], [72.92433979534404, 18.987530481750298], [72.9212780173594, 18.987530481750298], [72.9212780173594, 18.9846352717503]]]}}, {"type": "Feature", "properties": {"pocket_id": "NS-1376", "city": "Thane", "ward": "Thane East"}, "geometry": {"type": "Polygon", "coordinates": [[[73.00877790159262, 19.214073459503645], [73.01162420954654, 19.214073459503645], [73.01162420954654, 19.216761193503643], [73.00877790159262, 19.216761193503643], [73.00877790159262, 19.214073459503645]]]}}, {"type": "Feature", "properties": {"pocket_id": "NS-1377", "city": "Kalyan", "ward": "Kalyan West"}, "geometry": {"type": "Polygon", "coordinates": [[[73.1507579169121, 19.246905606098235], [73.15369631898405, 19.246905606098235], [73.15369631898405, 19.249679748098234], [73.1507579169121, 19.249679748098234], [73.1507579169121, 19.246905606098235]]]}}, {"type": "Feature", "properties": {"pocket_id": "NS-1378", "city": "Mumbai", "ward": "L Ward"}, "geometry": {"type": "Polygon", "coordinates": [[[72.87659296758385, 19.05105382542098], [72.87946891918646, 19.05105382542098], [72.87946891918646, 19.05377223342098], [72.87659296758385, 19.05377223342098], [72.87659296758385, 19.05105382542098]]]}}, {"type": "Feature", "properties": {"pocket_id": "NS-1379", "city": "Mumbai", "ward": "S Ward"}, "geometry": {"type": "Polygon", "coordinates": [[[72.92715514580632, 19.137443734420923], [72.93024750742583, 19.137443734420923], [72.93024750742583, 19.140365170420925], [72.92715514580632, 19.140365170420925], [72.92715514580632, 19.137443734420923]]]}}, {"type": "Feature", "properties": {"pocket_id": "NS-1380", "city": "Mumbai", "ward": "L Ward"}, "geometry": {"type": "Polygon", "coordinates": [[[72.88147289175032, 19.051169769699207], [72.88429230144033, 19.051169769699207], [72.88429230144033, 19.053834731699204], [72.88147289175032, 19.053834731699204], [72.88147289175032, 19.051169769699207]]]}}, {"type": "Feature", "properties": {"pocket_id": "NS-1381", "city": "Mumbai", "ward": "M Ward"}, "geometry": {"type": "Polygon", "coordinates": [[[NaN, 19.024297366926376], [NaN, 19.024297366926376], [NaN, 19.027474424926375], [NaN, 19.027474424926375], [NaN, 19.024297366926376]]]}}, {"type": "Feature", "properties": {"pocket_id": "NS-1382", "city": "Mumbai", "ward": "M Ward"}, "geometry": {"type": "Polygon", "coordinates": [[[NaN, 19.013053076056206], [NaN, 19.013053076056206], [NaN, 19.016123376056203], [NaN, 19.016123376056203], [NaN, 19.013053076056206]]]}}, {"type": "Feature", "properties": {"pocket_id": "NS-1383", "city": "Mumbai", "ward": "S Ward"}, "geometry": {"type": "Polygon", "coordinates": [[[72.96842578450652, 19.135222050086746], [72.9712155191305, 19.135222050086746], [72.9712155191305, 19.13785762408675], [72.96842578450652, 19.13785762408675], [72.96842578450652, 19.135222050086746]]]}}, {"type": "Feature", "properties": {"pocket_id": "NS-1384", "city": "Mumbai", "ward": "M Ward"}, "geometry": {"type": "Polygon", "coordinates": [[[72.86430629062963, 19.016325716877624], [72.86731093293835, 19.016325716877624], [72.86731093293835, 19.019166358877627], [72.86430629062963, 19.019166358877627], [72.86430629062963, 19.016325716877624]]]}}, {"type": "Feature", "properties": {"pocket_id": "NS-1385", "city": "Thane", "ward": "Thane East"}, "geometry": {"type": "Polygon", "coordinates": [[[72.99557568050507, 19.193169407687403], [72.99851012739505, 19.193169407687403], [72.99851012739505, 19.195940721687403], [72.99557568050507, 19.195940721687403], [72.99557568050507, 19.193169407687403]]]}}, {"type": "Feature", "properties": {"pocket_id": "NS-1386", "city": "Mumbai", "ward": "M Ward"}, "geometry": {"type": "Polygon", "coordinates": [[[72.87907363854345, 19.01211107236239], [72.88215711241108, 19.01211107236239], [72.88215711241108, 19.01502631636239], [72.87907363854345, 19.01502631636239], [72.87907363854345, 19.01211107236239]]]}}, {"type": "Feature", "properties": {"pocket_id": "NS-1387", "city": "Thane", "ward": "Thane East"}, "geometry": {"type": "Polygon", "coordinates": [[[73.02118787364726, 19.205838823132872], [73.02437869740042, 19.205838823132872], [73.02437869740042, 19.20885202713287], [73.02118787364726, 19.20885202713287], [73.02118787364726, 19.205838823132872]]]}}, {"type": "Feature", "properties": {"pocket_id": "NS-1388", "city": "Mumbai", "ward": "L Ward"}, "geometry": {"type": "Polygon", "coordinates": [[[NaN, 19.1077599064833], [NaN, 19.1077599064833], [NaN, 19.1103389564833], [NaN, 19.1103389564833], [NaN, 19.1077599064833]]]}}, {"type": "Feature", "properties": {"pocket_id": "NS-1389", "city": "Mumbai", "ward": "S Ward"}, "geometry": {"type": "Polygon", "coordinates": [[[72.93034488854697, 19.156871847152075], [72.9334307860483, 19.156871847152075], [72.9334307860483, 19.159786833152076], [72.93034488854697, 19.159786833152076], [72.93034488854697, 19.156871847152075]]]}}, {"type": "Feature", "properties": {"pocket_id": "NS-1390", "city": "Mumbai", "ward": "S Ward"}, "geometry": {"type": "Polygon", "coordinates": [[[72.93055859892047, 19.13452278139061], [72.9335756974478, 19.13452278139061], [72.9335756974478, 19.13737316539061], [72.93055859892047, 19.13737316539061], [72.93055859892047, 19.13452278139061]]]}}, {"type": "Feature", "properties": {"pocket_id": "NS-1391", "city": "Mumbai", "ward": "M Ward"}, "geometry": {"type": "Polygon", "coordinates": [[[72.85513525734115, 19.02138252718665], [72.85815256377751, 19.02138252718665], [72.85815256377751, 19.024235055186647], [72.85513525734115, 19.024235055186647], [72.85513525734115, 19.02138252718665]]]}}, {"type": "Feature", "properties": {"pocket_id": "NS-1392", "city": "Mumbai", "ward": "S Ward"}, "geometry": {"type": "Polygon", "coordinates": [[[72.97339908774478, 19.17198241154222], [72.97626058280198, 19.17198241154222], [72.97626058280198, 19.17468517754222], [72.97339908774478, 19.17468517754222], [72.97339908774478, 19.17198241154222]]]}}, {"type": "Feature", "properties": {"pocket_id": "NS-1393", "city": "Mumbai", "ward": "M Ward"}, "geometry": {"type": "Polygon", "coordinates": [[[72.87336057065856, 19.020020209580366], [72.87640437056088, 19.020020209580366], [72.87640437056088, 19.022897807580364], [72.87336057065856, 19.022897807580364], [72.87336057065856, 19.020020209580366]]]}}, {"type": "Feature", "properties": {"pocket_id": "NS-1394", "city": "Thane", "ward": "Thane West"}, "geometry": {"type": "Polygon", "coordinates": [[[72.98567068897832, 19.220290556326724], [72.98846767248888, 19.220290556326724], [72.98846767248888, 19.222931614326725], [72.98567068897832, 19.222931614326725], [72.98567068897832, 19.220290556326724]]]}}, {"type": "Feature", "properties": {"pocket_id": "NS-1395", "city": "Mumbai", "ward": "L Ward"}, "geometry": {"type": "Polygon", "coordinates": [[[72.91069683160113, 19.072379646697065], [72.91380112285084, 19.072379646697065], [72.91380112285084, 19.075313506697064], [72.91069683160113, 19.075313506697064], [72.91069683160113, 19.072379646697065]]]}}, {"type": "Feature", "properties": {"pocket_id": "NS-1396", "city": "Thane", "ward": "Thane East"}, "geometry": {"type": "Polygon", "coordinates": [[[73.03882721317524, 19.159586119771422], [73.0420384791912, 19.159586119771422], [73.0420384791912, 19.162619479771426], [73.03882721317524, 19.162619479771426], [73.03882721317524, 19.159586119771422]]]}}, {"type": "Feature", "properties": {"pocket_id": "NS-1397", "city": "Kalyan", "ward": "Kalyan West"}, "geometry": {"type": "Polygon", "coordinates": [[[73.12567500065686, 19.201703105174218], [73.12842456688207, 19.201703105174218], [73.12842456688207, 19.20429968317422], [73.12567500065686, 19.20429968317422], [73.12567500065686, 19.201703105174218]]]}}, {"type": "Feature", "properties": {"pocket_id": "NS-1398", "city": "Mumbai", "ward": "S Ward"}, "geometry": {"type": "Polygon", "coordinates": [[[72.93432034645441, 19.14966102817908], [72.93732542931117, 19.14966102817908], [72.93732542931117, 19.152499800179076], [72.93432034645441, 19.152499800179076], [72.93432034645441, 19.14966102817908]]]}}, {"type": "Feature", "properties": {"pocket_id": "NS-1399", "city": "Kalyan", "ward": "Kalyan East"}, "geometry": {"type": "Polygon", "coordinates": [[[73.15868857620988, 19.229993747809637], [73.16181371680189, 19.229993747809637], [73.16181371680189, 19.23294449180964], [73.15868857620988, 19.23294449180964], [73.15868857620988, 19.229993747809637]]]}}, {"type": "Feature", "properties": {"pocket_id": "NS-1400", "city": "Thane", "ward": "Thane East"}, "geometry": {"type": "Polygon", "coordinates": [[[NaN, NaN], [NaN, NaN], [NaN, NaN], [NaN, NaN], [NaN, NaN]]]}}, {"type": "Feature", "properties": {"pocket_id": "NS-1401", "city": "Mumbai", "ward": "M Ward"}, "geometry": {"type": "Polygon", "coordinates": [[[72.91012830857841, 18.986127293476873], [72.91292035834113, 18.986127293476873], [72.91292035834113, 18.988767427476876], [72.91012830857841, 18.988767427476876], [72.91012830857841, 18.986127293476873]]]}}, {"type": "Feature", "properties": {"pocket_id": "NS-1402", "city": "Thane", "ward": "Thane East"}, "geometry": {"type": "Polygon", "coordinates": [[[NaN, NaN], [NaN, NaN], [NaN, NaN], [NaN, NaN], [NaN, NaN]]]}}, {"type": "Feature", "properties": {"pocket_id": "NS-1403", "city": "Kalyan", "ward": "Kalyan East"}, "geometry": {"type": "Polygon", "coordinates": [[[73.15559622544129, 19.199814108883583], [73.15898039888134, 19.199814108883583], [73.15898039888134, 19.203010014883585], [73.15559622544129, 19.203010014883585], [73.15559622544129, 19.199814108883583]]]}}, {"type": "Feature", "properties": {"pocket_id": "NS-1404", "city": "Thane", "ward": "Thane East"}, "geometry": {"type": "Polygon", "coordinates": [[[NaN, 19.18296866810666], [NaN, 19.18296866810666], [NaN, 19.185758460106662], [NaN, 19.185758460106662], [NaN, 19.18296866810666]]]}}, {"type": "Feature", "properties": {"pocket_id": "NS-1405", "city": "Kalyan", "ward": "Kalyan West"}, "geometry": {"type": "Polygon", "coordinates": [[[73.12585481849563, 19.216735211188034], [73.12859976034231, 19.216735211188034], [73.12859976034231, 19.219327185188032], [73.12585481849563, 19.219327185188032], [73.12585481849563, 19.216735211188034]]]}}, {"type": "Feature", "properties": {"pocket_id": "NS-1406", "city": "Mumbai", "ward": "M Ward"}, "geometry": {"type": "Polygon", "coordinates": [[[72.89428825479612, 18.993536194850396], [72.89758455823412, 18.993536194850396], [72.89758455823412, 18.996653002850397], [72.89428825479612, 18.996653002850397], [72.89428825479612, 18.993536194850396]]]}}, {"type": "Feature", "properties": {"pocket_id": "NS-1407", "city": "Mumbai", "ward": "L Ward"}, "geometry": {"type": "Polygon", "coordinates": [[[72.88718340263338, 19.06543486868399], [72.88982989798191, 19.06543486868399], [72.88982989798191, 19.06793617468399], [72.88718340263338, 19.06793617468399], [72.88718340263338, 19.06543486868399]]]}}, {"type": "Feature", "properties": {"pocket_id": "NS-1408", "city": "Ambarnath", "ward": "Ambarnath"}, "geometry": {"type": "Polygon", "coordinates": [[[NaN, NaN], [NaN, NaN], [NaN, NaN], [NaN, NaN], [NaN, NaN]]]}}, {"type": "Feature", "properties": {"pocket_id": "NS-1409", "city": "Thane", "ward": "Thane West"}, "geometry": {"type": "Polygon", "coordinates": [[[72.97051893229116, 19.20870471351517], [72.97371622904211, 19.20870471351517], [72.97371622904211, 19.211723977515174], [72.97051893229116, 19.211723977515174], [72.97051893229116, 19.20870471351517]]]}}, {"type": "Feature", "properties": {"pocket_id": "NS-1410", "city": "Kalyan", "ward": "Kalyan West"}, "geometry": {"type": "Polygon", "coordinates": [[[73.14421693815845, 19.260277817420942], [73.14731535929766, 19.260277817420942], [73.14731535929766, 19.263202793420945], [73.14421693815845, 19.263202793420945], [73.14421693815845, 19.260277817420942]]]}}, {"type": "Feature", "properties": {"pocket_id": "NS-1411", "city": "Mumbai", "ward": "M Ward"}, "geometry": {"type": "Polygon", "coordinates": [[[72.9114790453318, 18.97606333229082], [72.91447034499917, 18.97606333229082], [72.91447034499917, 18.978892044290824], [72.9114790453318, 18.978892044290824], [72.9114790453318, 18.97606333229082]]]}}, {"type": "Feature", "properties": {"pocket_id": "NS-1412", "city": "Mumbai", "ward": "L Ward"}, "geometry": {"type": "Polygon", "coordinates": [[[72.89295141699884, 19.059798295663086], [72.89621265642555, 19.059798295663086], [72.89621265642555, 19.062880719663085], [72.89295141699884, 19.062880719663085], [72.89295141699884, 19.059798295663086]]]}}, {"type": "Feature", "properties": {"pocket_id": "NS-1413", "city": "Mumbai", "ward": "M Ward"}, "geometry": {"type": "Polygon", "coordinates": [[[72.88385380838095, 19.022069152557727], [72.8881342703984, 19.022069152557727], [72.8881342703984, 19.026115822557728], [72.88385380838095, 19.026115822557728], [72.88385380838095, 19.022069152557727]]]}}, {"type": "Feature", "properties": {"pocket_id": "NS-1414", "city": "Mumbai", "ward": "M Ward"}, "geometry": {"type": "Polygon", "coordinates": [[[72.9078632632932, 19.014982381021145], [72.91123168720125, 19.014982381021145], [72.91123168720125, 19.01816697102114], [72.9078632632932, 19.01816697102114], [72.9078632632932, 19.014982381021145]]]}}, {"type": "Feature", "properties": {"pocket_id": "NS-1415", "city": "Ambarnath", "ward": "Ambarnath"}, "geometry": {"type": "Polygon", "coordinates": [[[73.18557305445918, 19.205651470327922], [73.1884970539669, 19.205651470327922], [73.1884970539669, 19.20841270832792], [73.18557305445918, 19.20841270832792], [73.18557305445918, 19.205651470327922]]]}}, {"type": "Feature", "properties": {"pocket_id": "NS-1416", "city": "Mumbai", "ward": "L Ward"}, "geometry": {"type": "Polygon", "coordinates": [[[72.8983806572165, 19.075656354136626], [72.90158632712996, 19.075656354136626], [72.90158632712996, 19.078685966136625], [72.8983806572165, 19.078685966136625], [72.8983806572165, 19.075656354136626]]]}}, {"type": "Feature", "properties": {"pocket_id": "NS-1417", "city": "Mumbai", "ward": "S Ward"}, "geometry": {"type": "Polygon", "coordinates": [[[72.9235713459259, 19.168943623098833], [72.9268701661531, 19.168943623098833], [72.9268701661531, 19.172059509098837], [72.9235713459259, 19.172059509098837], [72.9235713459259, 19.168943623098833]]]}}, {"type": "Feature", "properties": {"pocket_id": "NS-1418", "city": "Mumbai", "ward": "M Ward"}, "geometry": {"type": "Polygon", "coordinates": [[[72.87020613838749, 19.000638258826516], [72.87323222761464, 19.000638258826516], [72.87323222761464, 19.003499446826513], [72.87020613838749, 19.003499446826513], [72.87020613838749, 19.000638258826516]]]}}, {"type": "Feature", "properties": {"pocket_id": "NS-1419", "city": "Mumbai", "ward": "S Ward"}, "geometry": {"type": "Polygon", "coordinates": [[[72.93817664309691, 19.112060946111157], [72.94110362122998, 19.112060946111157], [72.94110362122998, 19.114826566111155], [72.93817664309691, 19.114826566111155], [72.93817664309691, 19.112060946111157]]]}}, {"type": "Feature", "properties": {"pocket_id": "NS-1420", "city": "Mumbai", "ward": "M Ward"}, "geometry": {"type": "Polygon", "coordinates": [[[72.86757871805182, 19.008537964657364], [72.87034830193562, 19.008537964657364], [72.87034830193562, 19.011156502657364], [72.86757871805182, 19.011156502657364], [72.86757871805182, 19.008537964657364]]]}}, {"type": "Feature", "properties": {"pocket_id": "NS-1421", "city": "Mumbai", "ward": "M Ward"}, "geometry": {"type": "Polygon", "coordinates": [[[72.85321587183205, 19.000053336760303], [72.85617673005365, 19.000053336760303], [72.85617673005365, 19.0028528587603], [72.85321587183205, 19.0028528587603], [72.85321587183205, 19.000053336760303]]]}}, {"type": "Feature", "properties": {"pocket_id": "NS-1422", "city": "Mumbai", "ward": "S Ward"}, "geometry": {"type": "Polygon", "coordinates": [[[72.92383250333347, 19.143031534592357], [72.92680952392521, 19.143031534592357], [72.92680952392521, 19.145843910592358], [72.92383250333347, 19.145843910592358], [72.92383250333347, 19.143031534592357]]]}}, {"type": "Feature", "properties": {"pocket_id": "NS-1423", "city": "Ambarnath", "ward": "Ambarnath"}, "geometry": {"type": "Polygon", "coordinates": [[[73.18798571820024, 19.184106309635297], [73.1907778385703, 19.184106309635297], [73.1907778385703, 19.186743355635294], [73.18798571820024, 19.186743355635294], [73.18798571820024, 19.184106309635297]]]}}, {"type": "Feature", "properties": {"pocket_id": "NS-1424", "city": "Kalyan", "ward": "Kalyan West"}, "geometry": {"type": "Polygon", "coordinates": [[[73.11099218980165, 19.25843157885283], [73.11378819830101, 19.25843157885283], [73.11378819830101, 19.26107110285283], [73.11099218980165, 19.26107110285283], [73.11099218980165, 19.25843157885283]]]}}, {"type": "Feature", "properties": {"pocket_id": "NS-1425", "city": "Kalyan", "ward": "Kalyan East"}, "geometry": {"type": "Polygon", "coordinates": [[[73.13867954299894, 19.200048021481486], [73.14176410835842, 19.200048021481486], [73.14176410835842, 19.202960985481482], [73.13867954299894, 19.202960985481482], [73.13867954299894, 19.200048021481486]]]}}, {"type": "Feature", "properties": {"pocket_id": "NS-1426", "city": "Mumbai", "ward": "M Ward"}, "geometry": {"type": "Polygon", "coordinates": [[[72.84888421214153, 18.981818426333838], [72.85175968315862, 18.981818426333838], [72.85175968315862, 18.984537512333837], [72.84888421214153, 18.984537512333837], [72.84888421214153, 18.981818426333838]]]}}, {"type": "Feature", "properties": {"pocket_id": "NS-1427", "city": "Mumbai", "ward": "L Ward"}, "geometry": {"type": "Polygon", "coordinates": [[[72.93164335809341, 19.04187743403068], [72.93513935675695, 19.04187743403068], [72.93513935675695, 19.04518210003068], [72.93164335809341, 19.04518210003068], [72.93164335809341, 19.04187743403068]]]}}, {"type": "Feature", "properties": {"pocket_id": "NS-1428", "city": "Thane", "ward": "Thane West"}, "geometry": {"type": "Polygon", "coordinates": [[[72.95304835438519, 19.22701422404071], [72.9558221290611, 19.22701422404071], [72.9558221290611, 19.229633260040707], [72.95304835438519, 19.229633260040707], [72.95304835438519, 19.22701422404071]]]}}, {"type": "Feature", "properties": {"pocket_id": "NS-1429", "city": "Thane", "ward": "Thane West"}, "geometry": {"type": "Polygon", "coordinates": [[[72.9746166964712, 19.214727033449424], [72.97837884748625, 19.214727033449424], [72.97837884748625, 19.218279563449425], [72.9746166964712, 19.218279563449425], [72.9746166964712, 19.214727033449424]]]}}, {"type": "Feature", "properties": {"pocket_id": "NS-1430", "city": "Mumbai", "ward": "S Ward"}, "geometry": {"type": "Polygon", "coordinates": [[[72.93135324003016, 19.106803947691358], [72.93489222431059, 19.106803947691358], [72.93489222431059, 19.110147935691355], [72.93135324003016, 19.110147935691355], [72.93135324003016, 19.106803947691358]]]}}, {"type": "Feature", "properties": {"pocket_id": "NS-1431", "city": "Ambarnath", "ward": "Ambarnath"}, "geometry": {"type": "Polygon", "coordinates": [[[73.20682139894721, 19.19857550898917], [73.21008752493721, 19.19857550898917], [73.21008752493721, 19.201659958989172], [73.20682139894721, 19.201659958989172], [73.20682139894721, 19.19857550898917]]]}}, {"type": "Feature", "properties": {"pocket_id": "NS-1432", "city": "Kalyan", "ward": "Kalyan East"}, "geometry": {"type": "Polygon", "coordinates": [[[73.16224286617297, 19.255898215366788], [73.16498921705745, 19.255898215366788], [73.16498921705745, 19.258490901366788], [73.16224286617297, 19.258490901366788], [73.16224286617297, 19.255898215366788]]]}}, {"type": "Feature", "properties": {"pocket_id": "NS-1433", "city": "Mumbai", "ward": "M Ward"}, "geometry": {"type": "Polygon", "coordinates": [[[72.87625631935065, 19.04077219387555], [72.8789664980497, 19.04077219387555], [72.8789664980497, 19.043334069875552], [72.87625631935065, 19.043334069875552], [72.87625631935065, 19.04077219387555]]]}}, {"type": "Feature", "properties": {"pocket_id": "NS-1434", "city": "Thane", "ward": "Thane West"}, "geometry": {"type": "Polygon", "coordinates": [[[NaN, NaN], [NaN, NaN], [NaN, NaN], [NaN, NaN], [NaN, NaN]]]}}, {"type": "Feature", "properties": {"pocket_id": "NS-1435", "city": "Thane", "ward": "Thane West"}, "geometry": {"type": "Polygon", "coordinates": [[[72.96698745203246, 19.179428557049317], [72.96992188272888, 19.179428557049317], [72.96992188272888, 19.182200087049313], [72.96698745203246, 19.182200087049313], [72.96698745203246, 19.179428557049317]]]}}, {"type": "Feature", "properties": {"pocket_id": "NS-1436", "city": "Mumbai", "ward": "M Ward"}, "geometry": {"type": "Polygon", "coordinates": [[[72.86596162002544, 19.01605014674295], [72.86899594179417, 19.01605014674295], [72.86899594179417, 19.01891885274295], [72.86596162002544, 19.01891885274295], [72.86596162002544, 19.01605014674295]]]}}, {"type": "Feature", "properties": {"pocket_id": "NS-1437", "city": "Thane", "ward": "Thane West"}, "geometry": {"type": "Polygon", "coordinates": [[[72.98422860663571, 19.22515928975049], [72.98710600418168, 19.22515928975049], [72.98710600418168, 19.227876197750486], [72.98422860663571, 19.227876197750486], [72.98422860663571, 19.22515928975049]]]}}, {"type": "Feature", "properties": {"pocket_id": "NS-1438", "city": "Mumbai", "ward": "M Ward"}, "geometry": {"type": "Polygon", "coordinates": [[[NaN, 18.986424762382057], [NaN, 18.986424762382057], [NaN, 18.989238386382056], [NaN, 18.989238386382056], [NaN, 18.986424762382057]]]}}, {"type": "Feature", "properties": {"pocket_id": "NS-1439", "city": "Mumbai", "ward": "M Ward"}, "geometry": {"type": "Polygon", "coordinates": [[[72.87458272704451, 19.019777064446867], [72.87748012790998, 19.019777064446867], [72.87748012790998, 19.022516262446867], [72.87458272704451, 19.022516262446867], [72.87458272704451, 19.019777064446867]]]}}, {"type": "Feature", "properties": {"pocket_id": "NS-1440", "city": "Thane", "ward": "Thane West"}, "geometry": {"type": "Polygon", "coordinates": [[[72.96964865736506, 19.229751292062524], [72.97258964377453, 19.229751292062524], [72.97258964377453, 19.232528164062522], [72.96964865736506, 19.232528164062522], [72.96964865736506, 19.229751292062524]]]}}, {"type": "Feature", "properties": {"pocket_id": "NS-1441", "city": "Thane", "ward": "Thane East"}, "geometry": {"type": "Polygon", "coordinates": [[[73.04438133974027, 19.183010505981322], [73.04712984407708, 19.183010505981322], [73.04712984407708, 19.185606375981322], [73.04438133974027, 19.185606375981322], [73.04438133974027, 19.183010505981322]]]}}, {"type": "Feature", "properties": {"pocket_id": "NS-1442", "city": "Thane", "ward": "Thane East"}, "geometry": {"type": "Polygon", "coordinates": [[[72.99327720479968, 19.21853162881351], [72.99619969445351, 19.21853162881351], [72.99619969445351, 19.221291224813505], [72.99327720479968, 19.221291224813505], [72.99327720479968, 19.21853162881351]]]}}, {"type": "Feature", "properties": {"pocket_id": "NS-1443", "city": "Mumbai", "ward": "M Ward"}, "geometry": {"type": "Polygon", "coordinates": [[[72.88521816190978, 18.99834333205899], [72.8885862975029, 18.99834333205899], [72.8885862975029, 19.00152796805899], [72.88521816190978, 19.00152796805899], [72.88521816190978, 18.99834333205899]]]}}, {"type": "Feature", "properties": {"pocket_id": "NS-1444", "city": "Ambarnath", "ward": "Ambarnath"}, "geometry": {"type": "Polygon", "coordinates": [[[73.18010629087061, 19.17785551873272], [73.18317252805176, 19.17785551873272], [73.18317252805176, 19.180751564732716], [73.18010629087061, 19.180751564732716], [73.18010629087061, 19.17785551873272]]]}}, {"type": "Feature", "properties": {"pocket_id": "NS-1445", "city": "Mumbai", "ward": "M Ward"}, "geometry": {"type": "Polygon", "coordinates": [[[72.88756247996623, 19.00897712140413], [72.89036514315553, 19.00897712140413], [72.89036514315553, 19.01162692740413], [72.88756247996623, 19.01162692740413], [72.88756247996623, 19.00897712140413]]]}}, {"type": "Feature", "properties": {"pocket_id": "NS-1446", "city": "Thane", "ward": "Thane West"}, "geometry": {"type": "Polygon", "coordinates": [[[72.98748867559013, 19.22655520095589], [72.99066796134633, 19.22655520095589], [72.99066796134633, 19.229557130955893], [72.98748867559013, 19.229557130955893], [72.98748867559013, 19.22655520095589]]]}}, {"type": "Feature", "properties": {"pocket_id": "NS-1447", "city": "Kalyan", "ward": "Kalyan West"}, "geometry": {"type": "Polygon", "coordinates": [[[NaN, 19.23987741616715], [NaN, 19.23987741616715], [NaN, 19.24262724016715], [NaN, 19.24262724016715], [NaN, 19.23987741616715]]]}}, {"type": "Feature", "properties": {"pocket_id": "NS-1448", "city": "Mumbai", "ward": "M Ward"}, "geometry": {"type": "Polygon", "coordinates": [[[72.89455887109435, 19.01911152047532], [72.89771701946165, 19.01911152047532], [72.89771701946165, 19.022097238475318], [72.89455887109435, 19.022097238475318], [72.89455887109435, 19.01911152047532]]]}}, {"type": "Feature", "properties": {"pocket_id": "NS-1449", "city": "Mumbai", "ward": "M Ward"}, "geometry": {"type": "Polygon", "coordinates": [[[72.87012973102918, 19.02549399411102], [72.87412358575853, 19.02549399411102], [72.87412358575853, 19.02926963611102], [72.87012973102918, 19.02926963611102], [72.87012973102918, 19.02549399411102]]]}}, {"type": "Feature", "properties": {"pocket_id": "NS-1450", "city": "Thane", "ward": "Thane East"}, "geometry": {"type": "Polygon", "coordinates": [[[73.02365294999254, 19.193991305859416], [73.02755538001051, 19.193991305859416], [73.02755538001051, 19.197676761859416], [73.02365294999254, 19.197676761859416], [73.02365294999254, 19.193991305859416]]]}}, {"type": "Feature", "properties": {"pocket_id": "NS-1451", "city": "Thane", "ward": "Thane East"}, "geometry": {"type": "Polygon", "coordinates": [[[NaN, 19.192588699084215], [NaN, 19.192588699084215], [NaN, 19.195383765084213], [NaN, 19.195383765084213], [NaN, 19.192588699084215]]]}}, {"type": "Feature", "properties": {"pocket_id": "NS-1452", "city": "Mumbai", "ward": "L Ward"}, "geometry": {"type": "Polygon", "coordinates": [[[72.89542951646409, 19.088832987502638], [72.89837338321193, 19.088832987502638], [72.89837338321193, 19.09161495550264], [72.89542951646409, 19.09161495550264], [72.89542951646409, 19.088832987502638]]]}}, {"type": "Feature", "properties": {"pocket_id": "NS-1453", "city": "Mumbai", "ward": "S Ward"}, "geometry": {"type": "Polygon", "coordinates": [[[NaN, NaN], [NaN, NaN], [NaN, NaN], [NaN, NaN], [NaN, NaN]]]}}, {"type": "Feature", "properties": {"pocket_id": "NS-1454", "city": "Mumbai", "ward": "L Ward"}, "geometry": {"type": "Polygon", "coordinates": [[[72.87655137394796, 19.00989703582838], [72.87932598127296, 19.00989703582838], [72.87932598127296, 19.01252030182838], [72.87655137394796, 19.01252030182838], [72.87655137394796, 19.00989703582838]]]}}, {"type": "Feature", "properties": {"pocket_id": "NS-1455", "city": "Mumbai", "ward": "L Ward"}, "geometry": {"type": "Polygon", "coordinates": [[[NaN, NaN], [NaN, NaN], [NaN, NaN], [NaN, NaN], [NaN, NaN]]]}}, {"type": "Feature", "properties": {"pocket_id": "NS-1456", "city": "Mumbai", "ward": "M Ward"}, "geometry": {"type": "Polygon", "coordinates": [[[NaN, 18.981268130903814], [NaN, 18.981268130903814], [NaN, 18.983942318903814], [NaN, 18.983942318903814], [NaN, 18.981268130903814]]]}}, {"type": "Feature", "properties": {"pocket_id": "NS-1457", "city": "Mumbai", "ward": "S Ward"}, "geometry": {"type": "Polygon", "coordinates": [[[NaN, NaN], [NaN, NaN], [NaN, NaN], [NaN, NaN], [NaN, NaN]]]}}, {"type": "Feature", "properties": {"pocket_id": "NS-1458", "city": "Thane", "ward": "Thane West"}, "geometry": {"type": "Polygon", "coordinates": [[[72.97367476822005, 19.247993949708786], [72.97665086225776, 19.247993949708786], [72.97665086225776, 19.250803657708786], [72.97367476822005, 19.250803657708786], [72.97367476822005, 19.247993949708786]]]}}, {"type": "Feature", "properties": {"pocket_id": "NS-1459", "city": "Mumbai", "ward": "L Ward"}, "geometry": {"type": "Polygon", "coordinates": [[[72.88392301553623, 19.0380994256667], [72.88688757714263, 19.0380994256667], [72.88688757714263, 19.0409018076667], [72.88392301553623, 19.0409018076667], [72.88392301553623, 19.0380994256667]]]}}, {"type": "Feature", "properties": {"pocket_id": "NS-1460", "city": "Mumbai", "ward": "M Ward"}, "geometry": {"type": "Polygon", "coordinates": [[[72.88843938810264, 19.01749650982859], [72.89118745641399, 19.01749650982859], [72.89118745641399, 19.020094565828586], [72.88843938810264, 19.020094565828586], [72.88843938810264, 19.01749650982859]]]}}, {"type": "Feature", "properties": {"pocket_id": "NS-1461", "city": "Mumbai", "ward": "M Ward"}, "geometry": {"type": "Polygon", "coordinates": [[[72.91200668348958, 19.008993807475733], [72.91472537236604, 19.008993807475733], [72.91472537236604, 19.01156421947573], [72.91200668348958, 19.01156421947573], [72.91200668348958, 19.008993807475733]]]}}, {"type": "Feature", "properties": {"pocket_id": "NS-1462", "city": "Mumbai", "ward": "M Ward"}, "geometry": {"type": "Polygon", "coordinates": [[[72.88536114065589, 19.00545770420993], [72.88878849570919, 19.00545770420993], [72.88878849570919, 19.008698194209934], [72.88536114065589, 19.008698194209934], [72.88536114065589, 19.00545770420993]]]}}, {"type": "Feature", "properties": {"pocket_id": "NS-1463", "city": "Mumbai", "ward": "M Ward"}, "geometry": {"type": "Polygon", "coordinates": [[[72.89077910107962, 18.972904181573572], [72.89367250091054, 18.972904181573572], [72.89367250091054, 18.975640367573572], [72.89077910107962, 18.975640367573572], [72.89077910107962, 18.972904181573572]]]}}, {"type": "Feature", "properties": {"pocket_id": "NS-1464", "city": "Mumbai", "ward": "L Ward"}, "geometry": {"type": "Polygon", "coordinates": [[[72.89749891936657, 19.03479864091957], [72.90031390206292, 19.03479864091957], [72.90031390206292, 19.037459680919568], [72.89749891936657, 19.037459680919568], [72.89749891936657, 19.03479864091957]]]}}, {"type": "Feature", "properties": {"pocket_id": "NS-1465", "city": "Thane", "ward": "Thane West"}, "geometry": {"type": "Polygon", "coordinates": [[[72.9761967737288, 19.207120280252557], [72.97889411777872, 19.207120280252557], [72.97889411777872, 19.209667458252557], [72.9761967737288, 19.209667458252557], [72.9761967737288, 19.207120280252557]]]}}, {"type": "Feature", "properties": {"pocket_id": "NS-1466", "city": "Thane", "ward": "Thane West"}, "geometry": {"type": "Polygon", "coordinates": [[[NaN, NaN], [NaN, NaN], [NaN, NaN], [NaN, NaN], [NaN, NaN]]]}}, {"type": "Feature", "properties": {"pocket_id": "NS-1467", "city": "Thane", "ward": "Thane East"}, "geometry": {"type": "Polygon", "coordinates": [[[NaN, NaN], [NaN, NaN], [NaN, NaN], [NaN, NaN], [NaN, NaN]]]}}, {"type": "Feature", "properties": {"pocket_id": "NS-1468", "city": "Mumbai", "ward": "S Ward"}, "geometry": {"type": "Polygon", "coordinates": [[[72.93513559455396, 19.132361344499493], [72.93822718991392, 19.132361344499493], [72.93822718991392, 19.13528214649949], [72.93513559455396, 19.13528214649949], [72.93513559455396, 19.132361344499493]]]}}, {"type": "Feature", "properties": {"pocket_id": "NS-1469", "city": "Ambarnath", "ward": "Ambarnath"}, "geometry": {"type": "Polygon", "coordinates": [[[73.18150286370164, 19.20765876026952], [73.18418940454578, 19.20765876026952], [73.18418940454578, 19.21019572826952], [73.18150286370164, 19.21019572826952], [73.18150286370164, 19.20765876026952]]]}}, {"type": "Feature", "properties": {"pocket_id": "NS-1470", "city": "Mumbai", "ward": "S Ward"}, "geometry": {"type": "Polygon", "coordinates": [[[72.9365986123975, 19.124997993747144], [72.93929204516705, 19.124997993747144], [72.93929204516705, 19.127542745747142], [72.9365986123975, 19.127542745747142], [72.9365986123975, 19.124997993747144]]]}}, {"type": "Feature", "properties": {"pocket_id": "NS-1471", "city": "Mumbai", "ward": "L Ward"}, "geometry": {"type": "Polygon", "coordinates": [[[72.88904410658499, 19.052919206175734], [72.89216347147841, 19.052919206175734], [72.89216347147841, 19.055867658175732], [72.88904410658499, 19.055867658175732], [72.88904410658499, 19.052919206175734]]]}}, {"type": "Feature", "properties": {"pocket_id": "NS-1472", "city": "Ambarnath", "ward": "Ambarnath"}, "geometry": {"type": "Polygon", "coordinates": [[[73.20034169958349, 19.185956121733284], [73.20313446544064, 19.185956121733284], [73.20313446544064, 19.188593747733286], [73.20034169958349, 19.188593747733286], [73.20034169958349, 19.185956121733284]]]}}, {"type": "Feature", "properties": {"pocket_id": "NS-1473", "city": "Mumbai", "ward": "S Ward"}, "geometry": {"type": "Polygon", "coordinates": [[[72.9262855972955, 19.15265619738918], [72.92953687741993, 19.15265619738918], [72.92953687741993, 19.15572748338918], [72.9262855972955, 19.15572748338918], [72.9262855972955, 19.15265619738918]]]}}, {"type": "Feature", "properties": {"pocket_id": "NS-1474", "city": "Mumbai", "ward": "L Ward"}, "geometry": {"type": "Polygon", "coordinates": [[[72.87556329492024, 19.055921367961528], [72.8787261850823, 19.055921367961528], [72.8787261850823, 19.05891090596153], [72.87556329492024, 19.05891090596153], [72.87556329492024, 19.055921367961528]]]}}, {"type": "Feature", "properties": {"pocket_id": "NS-1475", "city": "Mumbai", "ward": "M Ward"}, "geometry": {"type": "Polygon", "coordinates": [[[NaN, NaN], [NaN, NaN], [NaN, NaN], [NaN, NaN], [NaN, NaN]]]}}, {"type": "Feature", "properties": {"pocket_id": "NS-1476", "city": "Thane", "ward": "Thane West"}, "geometry": {"type": "Polygon", "coordinates": [[[72.98067890244405, 19.223664836536322], [72.98336000287901, 19.223664836536322], [72.98336000287901, 19.226196420536326], [72.98067890244405, 19.226196420536326], [72.98067890244405, 19.223664836536322]]]}}, {"type": "Feature", "properties": {"pocket_id": "NS-1477", "city": "Thane", "ward": "Thane East"}, "geometry": {"type": "Polygon", "coordinates": [[[73.02748550660527, 19.23647445771233], [73.03021789478709, 19.23647445771233], [73.03021789478709, 19.23905426771233], [73.02748550660527, 19.23905426771233], [73.02748550660527, 19.23647445771233]]]}}, {"type": "Feature", "properties": {"pocket_id": "NS-1478", "city": "Thane", "ward": "Thane West"}, "geometry": {"type": "Polygon", "coordinates": [[[72.97556533888925, 19.227137643401505], [72.9789282151342, 19.227137643401505], [72.9789282151342, 19.230312909401505], [72.97556533888925, 19.230312909401505], [72.97556533888925, 19.227137643401505]]]}}, {"type": "Feature", "properties": {"pocket_id": "NS-1479", "city": "Thane", "ward": "Thane East"}, "geometry": {"type": "Polygon", "coordinates": [[[73.02554432566399, 19.199358237798563], [73.02843714478874, 19.199358237798563], [73.02843714478874, 19.202090135798564], [73.02554432566399, 19.202090135798564], [73.02554432566399, 19.199358237798563]]]}}, {"type": "Feature", "properties": {"pocket_id": "NS-1480", "city": "Ulhasnagar", "ward": "Ulhasnagar"}, "geometry": {"type": "Polygon", "coordinates": [[[73.15043952213543, 19.21140616463786], [73.15319787288686, 19.21140616463786], [73.15319787288686, 19.21401088463786], [73.15043952213543, 19.21401088463786], [73.15043952213543, 19.21140616463786]]]}}, {"type": "Feature", "properties": {"pocket_id": "NS-1481", "city": "Thane", "ward": "Thane West"}, "geometry": {"type": "Polygon", "coordinates": [[[72.95625317250027, 19.183873506393198], [72.95913657769235, 19.183873506393198], [72.95913657769235, 19.186596770393194], [72.95625317250027, 19.186596770393194], [72.95625317250027, 19.183873506393198]]]}}, {"type": "Feature", "properties": {"pocket_id": "NS-1482", "city": "Mumbai", "ward": "M Ward"}, "geometry": {"type": "Polygon", "coordinates": [[[72.87016852934747, 19.001195312760778], [72.87301678977346, 19.001195312760778], [72.87301678977346, 19.003888354760775], [72.87016852934747, 19.003888354760775], [72.87016852934747, 19.001195312760778]]]}}, {"type": "Feature", "properties": {"pocket_id": "NS-1483", "city": "Mumbai", "ward": "M Ward"}, "geometry": {"type": "Polygon", "coordinates": [[[72.84489294689057, 19.023692922881], [72.84771520937703, 19.023692922881], [72.84771520937703, 19.026361022881], [72.84489294689057, 19.026361022881], [72.84489294689057, 19.023692922881]]]}}, {"type": "Feature", "properties": {"pocket_id": "NS-1484", "city": "Kalyan", "ward": "Kalyan East"}, "geometry": {"type": "Polygon", "coordinates": [[[73.16061765704112, 19.228522433894636], [73.16332472539551, 19.228522433894636], [73.16332472539551, 19.231078461894636], [73.16061765704112, 19.231078461894636], [73.16061765704112, 19.228522433894636]]]}}, {"type": "Feature", "properties": {"pocket_id": "NS-1485", "city": "Thane", "ward": "Thane West"}, "geometry": {"type": "Polygon", "coordinates": [[[72.98102618370974, 19.221056574876442], [72.98391810527635, 19.221056574876442], [72.98391810527635, 19.223787264876442], [72.98102618370974, 19.223787264876442], [72.98102618370974, 19.221056574876442]]]}}, {"type": "Feature", "properties": {"pocket_id": "NS-1486", "city": "Mumbai", "ward": "S Ward"}, "geometry": {"type": "Polygon", "coordinates": [[[72.94363144622238, 19.14397382958512], [72.94636030507775, 19.14397382958512], [72.94636030507775, 19.146551755585122], [72.94363144622238, 19.146551755585122], [72.94363144622238, 19.14397382958512]]]}}, {"type": "Feature", "properties": {"pocket_id": "NS-1487", "city": "Mumbai", "ward": "M Ward"}, "geometry": {"type": "Polygon", "coordinates": [[[72.8759589356423, 19.027791780455026], [72.87871138854655, 19.027791780455026], [72.87871138854655, 19.030393820455025], [72.8759589356423, 19.030393820455025], [72.8759589356423, 19.027791780455026]]]}}, {"type": "Feature", "properties": {"pocket_id": "NS-1488", "city": "Thane", "ward": "Thane East"}, "geometry": {"type": "Polygon", "coordinates": [[[NaN, NaN], [NaN, NaN], [NaN, NaN], [NaN, NaN], [NaN, NaN]]]}}, {"type": "Feature", "properties": {"pocket_id": "NS-1489", "city": "Mumbai", "ward": "L Ward"}, "geometry": {"type": "Polygon", "coordinates": [[[72.87805785221988, 19.045278704251583], [72.88099637952115, 19.045278704251583], [72.88099637952115, 19.048056356251582], [72.87805785221988, 19.048056356251582], [72.87805785221988, 19.045278704251583]]]}}, {"type": "Feature", "properties": {"pocket_id": "NS-1490", "city": "Mumbai", "ward": "M Ward"}, "geometry": {"type": "Polygon", "coordinates": [[[72.90115784067798, 19.047641336786743], [72.90466235872809, 19.047641336786743], [72.90466235872809, 19.050953940786744], [72.90115784067798, 19.050953940786744], [72.90115784067798, 19.047641336786743]]]}}, {"type": "Feature", "properties": {"pocket_id": "NS-1491", "city": "Mumbai", "ward": "M Ward"}, "geometry": {"type": "Polygon", "coordinates": [[[72.8930757024068, 18.99677817460003], [72.89606210940107, 18.99677817460003], [72.89606210940107, 18.999601908600035], [72.8930757024068, 18.999601908600035], [72.8930757024068, 18.99677817460003]]]}}, {"type": "Feature", "properties": {"pocket_id": "NS-1492", "city": "Mumbai", "ward": "M Ward"}, "geometry": {"type": "Polygon", "coordinates": [[[72.88909398759368, 18.98151636942922], [72.89233208601995, 18.98151636942922], [72.89233208601995, 18.98457836342922], [72.88909398759368, 18.98457836342922], [72.88909398759368, 18.98151636942922]]]}}, {"type": "Feature", "properties": {"pocket_id": "NS-1493", "city": "Thane", "ward": "Thane East"}, "geometry": {"type": "Polygon", "coordinates": [[[73.00365260867697, 19.184569286495986], [73.00657601126413, 19.184569286495986], [73.00657601126413, 19.187330314495988], [73.00365260867697, 19.187330314495988], [73.00365260867697, 19.184569286495986]]]}}, {"type": "Feature", "properties": {"pocket_id": "NS-1494", "city": "Mumbai", "ward": "S Ward"}, "geometry": {"type": "Polygon", "coordinates": [[[NaN, NaN], [NaN, NaN], [NaN, NaN], [NaN, NaN], [NaN, NaN]]]}}, {"type": "Feature", "properties": {"pocket_id": "NS-1495", "city": "Kalyan", "ward": "Kalyan East"}, "geometry": {"type": "Polygon", "coordinates": [[[73.11470933397196, 19.201720598113585], [73.11781397411464, 19.201720598113585], [73.11781397411464, 19.204652490113585], [73.11470933397196, 19.204652490113585], [73.11470933397196, 19.201720598113585]]]}}, {"type": "Feature", "properties": {"pocket_id": "NS-1496", "city": "Thane", "ward": "Thane West"}, "geometry": {"type": "Polygon", "coordinates": [[[73.00541760017427, 19.21523454915356], [73.00907770923322, 19.21523454915356], [73.00907770923322, 19.21869071315356], [73.00541760017427, 19.21869071315356], [73.00541760017427, 19.21523454915356]]]}}, {"type": "Feature", "properties": {"pocket_id": "NS-1497", "city": "Mumbai", "ward": "M Ward"}, "geometry": {"type": "Polygon", "coordinates": [[[72.89731730480095, 19.01141716451035], [72.90049171846313, 19.01141716451035], [72.90049171846313, 19.01441839851035], [72.89731730480095, 19.01441839851035], [72.89731730480095, 19.01141716451035]]]}}, {"type": "Feature", "properties": {"pocket_id": "NS-1498", "city": "Mumbai", "ward": "M Ward"}, "geometry": {"type": "Polygon", "coordinates": [[[72.88986491581755, 18.99845732712966], [72.89310063200622, 18.99845732712966], [72.89310063200622, 19.00151675712966], [72.88986491581755, 19.00151675712966], [72.88986491581755, 18.99845732712966]]]}}, {"type": "Feature", "properties": {"pocket_id": "NS-1499", "city": "Thane", "ward": "Thane East"}, "geometry": {"type": "Polygon", "coordinates": [[[NaN, 19.200956043444926], [NaN, 19.200956043444926], [NaN, 19.203618005444923], [NaN, 19.203618005444923], [NaN, 19.200956043444926]]]}}, {"type": "Feature", "properties": {"pocket_id": "NS-1500", "city": "Mumbai", "ward": "M Ward"}, "geometry": {"type": "Polygon", "coordinates": [[[72.87139589627469, 19.00252560597604], [72.87432884045651, 19.00252560597604], [72.87432884045651, 19.005298693976037], [72.87139589627469, 19.005298693976037], [72.87139589627469, 19.00252560597604]]]}}]}