pocket_id,ward,city,lat,lon,area_sqm,households,population,density_per_ha,avg_household_income_inr,pct_below_poverty,pct_kutcha_houses,pct_women_headed,pct_migrants,land_ownership,flood_risk_score,fire_risk_score,structural_risk_score,distance_to_transit_km,distance_to_hospital_km,distance_to_school_km,tenure_security_score,years_since_settlement
NS-0001,M Ward,Mumbai,19.007350310210278,72.87095726770275,24273.1,747.0,3466.0,1427.9,21800.0,0.353,0.408,0.229,0.336,state,58.0,99.0,53.2,1.77,0.9,1.31,58.3,5.0
NS-0002,Ulhasnagar,Ulhasnagar,19.195966722821545,73.15564119519337,19528.3,562.0,2885.0,1477.3,25500.0,0.213,0.03,0.242,0.125,state,8.5,99.0,12.4,3.34,2.42,0.79,84.0,49.0
NS-0003,Ulhasnagar,Ulhasnagar,19.21452653420101,73.15875008435914,10731.5,325.0,1599.0,1490.0,17600.0,0.238,0.266,0.173,0.19,state,24.5,99.0,33.1,4.0,1.88,0.9,86.8,52.0
NS-0004,L Ward,Mumbai,19.060718312577638,,26457.5,917.0,4396.0,1661.5,5500.0,0.294,0.319,0.212,0.569,railway,30.8,99.0,41.3,0.21,3.82,0.91,62.9,10.0
NS-0005,Thane East,Thane,19.17852838295541,73.0273991665721,35192.8,1176.0,5657.0,1607.4,13500.0,0.33,,0.161,0.186,private,16.9,99.0,45.7,1.52,1.67,1.62,73.2,30.0
NS-0006,M Ward,Mumbai,19.015362172496744,72.88995577787438,20261.9,592.0,2272.0,1121.3,22400.0,0.32,0.287,0.152,0.341,CRZ,19.7,99.0,45.1,1.67,1.83,1.25,77.8,7.0
NS-0007,L Ward,Mumbai,19.063535181063276,72.9183082455836,33587.4,1057.0,4423.0,1316.9,,0.339,0.273,0.357,0.443,state,61.7,99.0,38.4,,2.24,0.54,82.4,39.0
NS-0008,M Ward,Mumbai,19.003368205151432,72.86144673848885,24835.0,702.0,2730.0,,11100.0,0.553,0.528,0.217,0.392,private,52.6,99.0,65.4,0.49,2.79,2.17,69.4,53.0
NS-0009,Ambarnath,Ambarnath,19.19501721641206,73.1718250016888,14991.7,366.0,1558.0,1039.2,17400.0,0.379,0.294,0.133,0.245,private,31.7,99.0,41.2,5.99,1.38,1.72,69.6,56.0
NS-0010,Thane East,Thane,19.225440700369884,73.01511277926862,36109.7,1484.0,7544.0,2089.2,12600.0,0.321,0.154,,0.275,state,20.9,99.0,46.3,1.21,2.24,1.48,70.9,7.0
NS-0011,Ambarnath,Ambarnath,19.216890724447,73.18730147160085,15942.5,487.0,2125.0,1332.9,7800.0,0.34,0.22,0.083,0.121,private,41.4,99.0,31.6,2.94,0.42,0.53,78.4,14.0
NS-0012,S Ward,Mumbai,19.119154860203928,72.93186662214771,21648.7,558.0,2429.0,1122.0,15100.0,0.457,0.35,0.135,0.066,private,,99.0,32.4,0.67,2.13,1.54,82.6,26.0
NS-0013,L Ward,Mumbai,19.09084078979713,72.90819057904412,10325.0,375.0,1707.0,1653.3,22700.0,0.322,0.31,0.201,0.457,private,38.5,99.0,52.5,0.39,2.97,2.78,71.5,41.0
NS-0014,M Ward,Mumbai,19.001368281603654,72.86872736239427,12802.0,,1791.0,1399.0,21200.0,0.335,0.167,0.229,0.212,state,26.4,99.0,27.1,1.03,1.16,1.11,93.7,7.0
NS-0015,L Ward,Mumbai,19.064262939764493,72.87519995982481,10632.0,371.0,1690.0,1589.5,7600.0,0.458,0.497,0.304,0.234,private,54.5,99.0,73.0,1.27,0.39,0.51,72.9,47.0
NS-0016,M Ward,Mumbai,19.02614875287697,72.8885646272857,22196.2,736.0,2921.0,1316.0,11100.0,0.371,0.247,0.134,0.3,forest,54.6,99.0,44.7,0.93,2.12,0.8,67.1,49.0
NS-0017,S Ward,Mumbai,19.12936228618429,72.97885996729603,9243.0,245.0,1096.0,1185.8,12600.0,0.494,0.521,0.206,0.353,private,85.5,99.0,69.7,0.45,6.42,0.47,75.1,33.0
NS-0018,M Ward,Mumbai,18.9848568297149,72.87934261594964,13231.5,428.0,2062.0,1558.4,15000.0,0.295,0.294,0.105,0.339,state,19.4,99.0,45.8,4.43,1.45,0.47,94.2,52.0
NS-0019,Thane West,Thane,,72.98849409802288,7594.0,220.0,974.0,1282.6,13000.0,0.376,0.269,0.174,0.128,state,44.7,99.0,56.6,3.37,1.72,0.46,86.7,
NS-0020,S Ward,Mumbai,19.14392858092336,,28599.6,865.0,3997.0,1397.6,15200.0,0.196,0.301,0.181,0.259,private,59.6,99.0,51.8,1.54,1.63,1.76,52.7,14.0
NS-0021,L Ward,Mumbai,19.031315132737554,72.92523785001163,18551.1,790.0,4096.0,,13700.0,0.396,0.238,0.235,0.33,CRZ,50.1,99.0,38.4,2.99,1.53,0.82,76.2,38.0
NS-0022,Kalyan West,Kalyan,19.242461413426675,73.1358747664271,18388.0,522.0,2320.0,1261.7,16200.0,0.29,0.214,0.216,0.03,railway,41.6,99.0,51.8,,1.61,4.04,69.0,33.0
NS-0023,M Ward,Mumbai,19.02017315906529,72.87531669441785,36127.4,978.0,3843.0,1063.7,18700.0,0.5,0.589,0.05,0.191,railway,50.3,99.0,59.9,1.72,0.95,2.32,37.5,29.0
NS-0024,M Ward,Mumbai,19.023690889673716,72.86960318242528,37670.7,1154.0,5438.0,1443.6,11200.0,0.363,,0.191,0.363,forest,50.2,99.0,63.1,1.07,0.96,1.02,34.0,35.0
NS-0025,S Ward,Mumbai,19.119949644795224,,15071.0,582.0,2485.0,1648.9,9800.0,0.456,0.439,0.21,0.14,forest,68.1,,66.2,0.81,2.96,0.82,53.2,35.0
NS-0026,M Ward,Mumbai,19.015705934967084,72.86318685721085,20558.1,492.0,2043.0,993.8,9700.0,0.42,0.3,0.289,0.418,state,82.7,99.0,39.4,0.54,2.42,1.15,97.4,15.0
NS-0027,M Ward,Mumbai,19.034459648856668,72.93277099119152,45732.5,1308.0,4920.0,,14400.0,0.468,0.388,0.229,0.147,railway,32.1,99.0,45.1,1.18,,1.36,56.3,29.0
NS-0028,Thane East,Thane,19.160093681375947,73.02398202780739,10691.5,267.0,1230.0,1150.4,16700.0,0.392,0.352,0.105,0.24,railway,36.8,99.0,45.7,2.4,0.47,0.65,47.0,13.0
NS-0029,Ulhasnagar,Ulhasnagar,19.212711967325138,73.17342511530256,17520.7,411.0,2056.0,1173.5,18400.0,0.442,0.301,0.05,0.03,state,74.8,99.0,56.9,2.2,1.23,1.6,78.7,39.0
NS-0030,Thane West,Thane,19.227851702628946,72.97499506808379,35458.5,886.0,3698.0,1042.9,19500.0,0.501,0.441,0.248,,private,73.4,99.0,60.8,0.73,3.19,0.12,84.1,22.0
NS-0031,Thane West,Thane,19.217518970513733,72.97565971415429,21209.7,667.0,2809.0,1324.4,,0.381,0.468,0.161,0.204,railway,59.0,,53.2,0.98,2.05,0.69,46.8,3.0
NS-0032,M Ward,Mumbai,19.015079039666094,72.88521446161892,21270.9,791.0,3407.0,1601.7,9300.0,0.447,0.489,0.22,0.405,private,,99.0,50.8,1.3,,0.37,72.8,22.0
NS-0033,Thane West,Thane,19.202656116292793,72.94012653868391,26726.3,935.0,4116.0,1540.1,16000.0,,0.426,0.285,0.305,railway,63.0,99.0,54.1,0.53,1.41,0.31,55.0,
NS-0034,M Ward,Mumbai,18.975418700806127,72.85561373813583,18073.1,469.0,1950.0,1079.0,17400.0,0.385,0.297,0.066,0.356,private,28.1,99.0,36.4,0.05,1.73,0.21,53.9,47.0
NS-0035,Thane East,Thane,19.19611812716412,73.0325573858816,8793.9,214.0,883.0,1004.1,11100.0,0.438,0.341,0.255,0.141,state,54.5,99.0,48.0,2.17,3.04,0.31,84.0,51.0
NS-0036,Ambarnath,Ambarnath,,73.17238074801755,36218.0,1097.0,4840.0,1336.4,23600.0,0.082,0.037,0.204,0.066,railway,3.2,99.0,27.0,0.69,1.16,1.06,32.2,25.0
NS-0037,Thane East,Thane,19.19179202397292,73.01474224547746,29607.2,1190.0,5269.0,1779.6,14100.0,,0.277,0.067,0.403,state,44.2,99.0,27.7,1.11,0.61,0.5,88.0,18.0
NS-0038,Thane West,Thane,19.25685490879686,72.98267198110827,77679.9,2044.0,8472.0,1090.6,5000.0,0.443,0.543,0.31,0.103,state,49.2,99.0,70.2,0.8,2.21,1.05,71.3,26.0
NS-0039,Thane East,Thane,19.22902760473277,73.03723489714378,5802.3,,737.0,1270.2,13600.0,0.242,0.258,0.151,0.34,CRZ,3.0,99.0,25.8,1.21,1.88,0.47,63.2,41.0
NS-0040,S Ward,Mumbai,19.145719326339584,72.93648196030385,18942.2,520.0,2593.0,1368.9,13500.0,0.356,0.327,0.099,0.222,private,54.2,99.0,29.1,3.95,2.45,0.57,60.8,28.0
NS-0041,Thane West,Thane,19.21168736291423,72.95735954643719,31762.0,748.0,3014.0,948.9,6800.0,0.434,0.43,0.156,0.258,state,43.5,99.0,60.1,1.72,2.2,1.61,97.1,19.0
NS-0042,S Ward,Mumbai,19.13722334697554,72.9203142248931,22331.5,870.0,4788.0,2144.1,19600.0,0.293,0.198,0.153,0.266,state,43.4,99.0,41.0,1.35,2.13,0.61,,24.0
NS-0043,M Ward,Mumbai,19.017156188414976,72.8556361985993,,1073.0,4267.0,1476.8,17000.0,0.264,0.212,0.282,0.263,state,37.7,99.0,31.9,0.44,2.65,0.6,75.7,33.0
NS-0044,S Ward,Mumbai,19.168892296824268,,25473.4,669.0,3474.0,1363.8,,0.261,0.137,0.113,0.178,forest,17.7,99.0,30.4,,1.88,1.11,67.9,15.0
NS-0045,S Ward,Mumbai,19.125981789092762,72.97010131358574,8097.5,189.0,853.0,1053.4,10500.0,0.424,0.301,0.284,0.425,state,51.4,99.0,44.6,1.79,4.32,1.62,85.2,27.0
NS-0046,Thane East,Thane,19.22377166804654,73.03223603340038,15737.2,433.0,1665.0,1058.0,22400.0,0.389,0.324,0.129,0.309,state,19.3,99.0,45.3,1.83,0.92,0.8,88.6,24.0
NS-0047,M Ward,Mumbai,19.016450679569154,72.86754584086422,35231.6,1379.0,5151.0,1462.0,18300.0,,0.215,0.255,0.385,forest,14.2,99.0,57.1,0.39,1.79,1.05,58.6,8.0
NS-0048,Thane West,Thane,19.182247632947263,72.97089702990394,36004.4,1262.0,5981.0,1661.2,12200.0,0.564,0.426,0.12,0.185,private,43.4,99.0,51.0,2.65,2.17,0.47,49.8,5.0
NS-0049,Ulhasnagar,Ulhasnagar,19.22097998647751,73.19750701799381,9798.5,244.0,1052.0,1073.6,11400.0,0.289,0.321,0.13,0.233,forest,53.3,99.0,39.5,1.64,3.86,0.39,56.8,38.0
NS-0050,M Ward,Mumbai,19.000365092378786,72.88981910565603,11493.9,,1326.0,1153.7,14100.0,0.342,0.352,0.209,0.03,state,,99.0,33.8,1.27,2.95,1.27,88.9,30.0
NS-0051,Thane West,Thane,19.231738331244866,72.99308489999409,14088.0,548.0,2615.0,1856.2,11200.0,0.334,0.228,0.134,0.334,forest,27.9,99.0,21.8,1.65,2.49,1.2,55.3,6.0
NS-0052,M Ward,Mumbai,19.01704873555911,72.86835426282575,8535.9,268.0,1100.0,1288.7,9400.0,0.416,0.514,0.21,0.323,private,51.5,99.0,65.2,5.22,2.78,0.48,61.3,50.0
NS-0053,M Ward,Mumbai,18.993394713267588,72.8697457726826,6457.2,260.0,1177.0,1822.8,9400.0,0.338,0.242,0.177,0.051,railway,51.5,99.0,37.4,5.07,3.11,1.22,50.8,19.0
NS-0054,L Ward,Mumbai,19.059294309846184,72.91322310368305,10212.3,414.0,1689.0,1653.9,5000.0,0.541,0.503,0.169,0.335,CRZ,68.6,99.0,51.5,8.0,3.91,0.46,93.9,38.0
NS-0055,M Ward,Mumbai,18.98769146464909,72.88748685841814,41330.4,1488.0,7016.0,1697.5,16400.0,0.32,0.306,,0.479,state,68.9,99.0,34.2,0.88,3.15,1.06,91.6,24.0
NS-0056,Thane East,Thane,19.234315226156955,,,407.0,1747.0,1417.8,12200.0,0.476,,0.068,0.084,private,55.8,99.0,65.2,2.62,4.08,0.55,68.5,57.0
NS-0057,L Ward,Mumbai,19.057013799611834,72.86530389534661,5201.3,,486.0,934.4,17600.0,0.19,0.125,0.085,0.314,state,23.9,99.0,53.3,1.44,0.25,0.12,91.5,18.0
NS-0058,M Ward,Mumbai,19.012649312956658,72.88434568748356,23113.9,918.0,4378.0,1894.1,12500.0,0.353,0.404,0.274,0.196,private,73.2,99.0,,0.71,3.97,3.08,88.1,8.0
NS-0059,L Ward,Mumbai,19.09214321654671,72.87883688412015,31389.4,1310.0,6508.0,2073.3,15700.0,0.334,0.251,,0.356,forest,22.4,99.0,31.6,4.92,5.73,0.46,43.3,43.0
NS-0060,M Ward,Mumbai,18.996608137287236,72.90253663109203,15884.3,675.0,3561.0,2241.8,21400.0,0.346,0.201,0.169,0.322,state,39.7,99.0,43.2,,2.53,1.17,76.8,26.0
NS-0061,M Ward,Mumbai,19.008116019382236,72.90012546616991,69256.8,1761.0,7754.0,1119.6,7400.0,0.262,0.312,0.185,0.471,state,27.7,99.0,26.6,1.94,1.99,0.79,66.1,
NS-0062,S Ward,Mumbai,19.146330361327678,72.92213425626375,15563.6,407.0,1553.0,997.8,12600.0,0.568,0.503,0.109,0.074,state,81.5,99.0,60.7,1.78,2.51,1.72,78.2,56.0
NS-0063,Ulhasnagar,Ulhasnagar,19.23553256512177,73.14895697396271,29138.0,927.0,4473.0,1535.1,22600.0,0.211,0.156,0.155,0.266,private,34.7,99.0,42.4,1.13,0.93,1.26,65.2,4.0
NS-0064,M Ward,Mumbai,19.028281514472262,72.88607920764817,17394.7,462.0,2151.0,1236.6,11000.0,,0.463,0.26,0.45,private,80.3,99.0,67.6,2.81,4.2,0.58,73.3,17.0
NS-0065,M Ward,Mumbai,18.985707324688505,72.87079071963572,33396.6,933.0,3594.0,1076.2,14300.0,0.409,0.352,0.205,0.327,state,42.9,99.0,55.4,0.52,1.36,1.87,63.8,48.0
NS-0066,Thane West,Thane,19.237011224908045,72.96797902954027,20266.5,737.0,3132.0,1545.4,18300.0,0.441,0.299,0.328,0.453,state,25.1,,27.4,0.76,1.46,0.62,68.6,37.0
NS-0067,L Ward,Mumbai,19.0620836431832,72.87591127576235,25951.3,869.0,4106.0,1582.2,17300.0,0.187,0.14,0.245,0.178,state,28.0,99.0,30.9,0.22,1.5,2.07,62.7,51.0
NS-0068,S Ward,Mumbai,19.120735158376025,,11438.0,,1550.0,1355.1,24500.0,0.253,0.139,0.207,0.328,state,16.4,99.0,31.0,0.28,4.3,1.01,78.7,39.0
NS-0069,Ulhasnagar,Ulhasnagar,19.224589194132204,73.16164597020503,8251.1,214.0,957.0,1159.9,11100.0,0.432,0.56,0.363,0.21,state,61.2,99.0,63.9,2.75,4.84,0.84,77.7,
NS-0070,M Ward,Mumbai,19.01248221753403,72.88113241031377,3646.2,108.0,540.0,1481.0,20300.0,,0.212,0.113,0.469,state,10.6,99.0,40.5,0.98,1.91,1.77,86.7,30.0
NS-0071,S Ward,Mumbai,19.145219106681242,72.94649912479149,23571.3,795.0,3851.0,1633.8,20300.0,0.394,0.237,0.195,0.464,state,27.5,99.0,33.9,2.21,0.85,1.18,87.2,44.0
NS-0072,M Ward,Mumbai,19.006703129666995,72.86704615113636,22036.5,806.0,4319.0,1959.9,20200.0,0.318,0.261,0.115,0.257,railway,40.0,99.0,48.9,4.26,0.61,1.26,34.2,18.0
NS-0073,M Ward,Mumbai,18.97778846344246,72.88941202654107,15684.4,383.0,1514.0,965.3,14500.0,0.428,,0.162,0.316,state,93.1,99.0,47.5,0.92,6.43,0.74,73.9,18.0
NS-0074,Thane East,Thane,19.205545536743177,73.00078913878004,24061.9,644.0,3193.0,1327.0,16100.0,0.452,0.366,0.139,0.269,private,61.8,99.0,36.9,1.18,1.98,0.42,72.9,6.0
NS-0075,M Ward,Mumbai,19.0250688644296,72.87374377385542,23674.4,858.0,3431.0,,15400.0,0.312,0.357,0.05,0.303,state,54.1,99.0,28.6,1.23,0.74,0.5,98.0,52.0
NS-0076,M Ward,Mumbai,19.021416591017953,72.82793337103011,53913.0,2144.0,8793.0,1631.0,19300.0,0.512,0.41,0.193,0.204,private,58.7,99.0,52.2,1.88,4.15,1.27,83.7,46.0
NS-0077,S Ward,Mumbai,19.141453284774673,72.93447493963986,11526.4,275.0,1191.0,1033.3,10200.0,0.423,0.381,0.159,0.154,state,46.7,99.0,37.0,1.8,1.8,0.98,,3.0
NS-0078,M Ward,Mumbai,18.987180740559022,72.87115504924687,3701.0,,407.0,1099.7,23400.0,0.346,0.334,0.276,0.423,state,51.9,99.0,41.6,1.72,4.3,0.85,,7.0
NS-0079,Ulhasnagar,Ulhasnagar,19.23160730379445,73.17990382511927,27058.3,838.0,2945.0,1088.4,,0.273,0.162,0.124,0.246,state,17.5,99.0,46.6,0.29,2.74,0.92,75.1,36.0
NS-0080,Kalyan West,Kalyan,19.254309102411668,73.09589418093911,51214.7,1570.0,6903.0,1347.9,11500.0,0.289,0.344,0.05,0.085,state,36.7,99.0,43.9,4.42,1.22,0.76,82.2,6.0
NS-0081,M Ward,Mumbai,19.014528522085346,72.86979480136459,27054.8,638.0,2222.0,,5000.0,0.554,0.456,0.222,0.069,state,58.5,99.0,48.2,3.02,2.36,0.39,63.6,31.0
NS-0082,Kalyan West,Kalyan,19.250337310278585,73.13475065713958,43239.6,1119.0,4954.0,1145.7,16800.0,0.249,0.262,0.175,0.184,state,44.9,,50.3,4.32,0.64,1.9,70.3,36.0
NS-0083,M Ward,Mumbai,19.037765143168805,72.84963971725954,,853.0,3929.0,1521.4,13500.0,0.443,0.366,0.221,0.356,railway,46.1,99.0,21.6,2.0,2.07,1.55,64.4,35.0
NS-0084,S Ward,Mumbai,19.149052493374107,72.93671764200936,12236.7,364.0,1403.0,1146.6,11600.0,0.475,0.464,0.168,0.196,private,56.8,99.0,50.6,0.47,,1.98,83.0,27.0
NS-0085,Thane West,Thane,19.226269309333052,73.01595958753883,23183.4,592.0,2693.0,1161.6,12900.0,0.399,0.309,0.204,0.181,railway,,99.0,36.2,1.2,1.94,1.76,32.5,15.0
NS-0086,M Ward,Mumbai,19.015206348128157,72.8759737361169,25017.7,639.0,3099.0,1238.7,13400.0,0.421,0.295,0.232,0.501,railway,23.7,99.0,44.5,1.14,2.47,0.99,62.9,26.0
NS-0087,L Ward,Mumbai,19.06522981863517,72.87494893935674,54483.8,1615.0,7370.0,1352.7,10700.0,0.425,0.432,0.21,0.037,private,59.0,99.0,53.5,0.88,0.91,1.08,75.6,22.0
NS-0088,M Ward,Mumbai,19.006863656530687,72.87019396102933,23567.1,568.0,2371.0,,21700.0,0.204,0.216,0.215,0.129,state,37.6,99.0,53.8,0.18,2.63,0.7,94.6,55.0
NS-0089,M Ward,Mumbai,18.97817024504336,72.91480012881024,11400.1,342.0,1259.0,,22800.0,0.126,0.135,,0.29,state,28.8,99.0,16.1,4.82,,1.12,79.9,12.0
NS-0090,Thane East,Thane,19.20062727864841,73.01769223795151,12586.0,422.0,2182.0,1733.7,20500.0,0.186,0.083,0.05,0.108,private,3.0,99.0,5.2,0.16,0.55,0.49,73.3,42.0
NS-0091,M Ward,Mumbai,19.002534074482643,72.87999101458011,26333.3,843.0,3806.0,1445.3,5000.0,0.237,0.233,0.158,0.392,state,29.1,99.0,18.1,4.4,4.45,1.88,67.7,43.0
NS-0092,M Ward,Mumbai,19.026561296185207,72.89944390350948,34330.7,1184.0,4591.0,1337.3,15100.0,0.533,0.494,0.286,0.25,private,75.7,99.0,,1.27,4.66,1.88,53.2,57.0
NS-0093,M Ward,Mumbai,18.986355303339316,72.89732680527155,45507.9,1168.0,4435.0,974.6,13800.0,0.287,0.164,0.233,0.415,railway,30.2,99.0,23.0,4.19,1.97,1.88,62.2,8.0
NS-0094,Thane East,Thane,19.194050579783433,73.0333148174081,48862.4,1365.0,,1117.6,11000.0,0.445,0.342,0.239,0.03,railway,78.2,99.0,36.1,0.42,0.81,1.08,45.2,6.0
NS-0095,Thane East,Thane,19.19336813999477,73.02004449320364,9588.4,315.0,1187.0,1238.0,13400.0,0.394,0.36,0.05,0.352,state,54.9,99.0,63.2,0.61,2.16,0.71,98.0,47.0
NS-0096,L Ward,Mumbai,19.05419195321342,,12609.8,341.0,1474.0,,16900.0,0.496,0.449,0.158,0.392,private,46.8,99.0,53.2,0.7,1.32,0.53,92.8,40.0
NS-0097,M Ward,Mumbai,19.031353411017598,72.8968712394344,22775.8,877.0,,1743.1,17400.0,0.477,0.479,0.11,0.493,state,66.9,99.0,75.8,1.01,1.38,0.97,79.7,4.0
NS-0098,Thane East,Thane,19.18791009740055,73.0446532948774,42221.4,1080.0,4729.0,1120.0,5000.0,0.506,0.532,0.245,0.302,forest,71.9,99.0,67.2,0.06,3.09,0.94,68.7,35.0
NS-0099,Thane East,Thane,19.218797394229526,73.058537863817,8516.3,330.0,1195.0,1403.2,22500.0,0.269,0.094,0.088,0.131,state,3.3,99.0,35.0,0.83,1.16,0.29,86.8,30.0
NS-0100,Thane West,Thane,19.2472654396361,73.00995780505481,13872.6,389.0,1853.0,1335.7,17200.0,0.445,0.475,0.094,0.39,state,57.9,99.0,,1.83,2.01,1.47,,15.0
NS-0101,S Ward,Mumbai,19.122583675038772,72.9237153432105,20540.8,870.0,3349.0,1630.4,5000.0,0.301,0.256,0.082,0.648,state,18.6,99.0,47.7,2.75,1.05,2.42,90.9,12.0
NS-0102,Ambarnath,Ambarnath,19.20340543491241,73.2105296981703,37794.7,974.0,4577.0,1211.0,10500.0,0.171,0.172,0.316,0.059,railway,26.0,99.0,27.7,0.99,0.63,,31.5,19.0
NS-0103,L Ward,Mumbai,,72.89372332991915,16833.5,520.0,2061.0,1224.3,15000.0,0.341,0.208,0.196,0.372,railway,3.0,99.0,29.4,1.97,1.1,3.71,42.7,39.0
NS-0104,Thane East,Thane,19.227240197384763,73.04603041259581,13043.9,400.0,1770.0,1357.0,9400.0,0.42,0.224,0.279,0.03,private,21.8,99.0,,0.79,0.54,0.31,62.8,14.0
NS-0105,S Ward,Mumbai,19.148230060334956,72.94834049586888,5577.1,226.0,784.0,1405.7,8500.0,0.389,0.383,0.136,0.091,private,49.4,99.0,70.2,0.47,1.58,0.27,84.8,35.0
NS-0106,M Ward,Mumbai,19.02554177234795,72.871519434396,16161.0,621.0,2950.0,1825.4,15100.0,0.469,0.36,0.206,0.363,state,40.5,99.0,56.8,0.9,,0.44,90.1,15.0
NS-0107,M Ward,Mumbai,18.998121558590384,72.88354404814338,16537.6,549.0,2607.0,1576.4,,,0.115,0.15,0.135,state,31.9,99.0,14.3,1.73,1.16,2.25,66.6,10.0
NS-0108,Kalyan West,Kalyan,19.249079188734314,73.13764460188237,11358.3,288.0,1475.0,1298.6,5900.0,0.392,0.393,0.284,,state,49.3,99.0,53.5,2.76,2.54,0.99,65.7,8.0
NS-0109,M Ward,Mumbai,18.9950667165616,72.86113541399176,5655.7,244.0,1008.0,1782.3,,0.557,0.486,0.2,0.445,state,57.1,,72.1,4.73,2.16,0.27,74.9,17.0
NS-0110,M Ward,Mumbai,19.009893091860896,72.87770635697407,18813.1,641.0,2769.0,1471.8,,0.474,0.498,0.177,0.219,private,76.1,99.0,53.5,4.25,2.23,0.5,67.0,32.0
NS-0111,Kalyan East,Kalyan,19.273389610360947,73.15074846196673,10106.4,266.0,1122.0,1110.2,20900.0,0.232,0.23,0.202,0.184,CRZ,15.6,99.0,38.6,2.58,0.75,1.09,74.3,19.0
NS-0112,L Ward,Mumbai,19.084073940251745,72.89017218919554,20057.8,581.0,3165.0,1577.9,17300.0,0.387,0.306,0.106,0.27,railway,49.6,99.0,44.0,2.35,1.33,1.33,47.7,28.0
NS-0113,L Ward,Mumbai,19.07344699837269,72.87840479031985,16114.3,578.0,2966.0,1840.6,20900.0,0.405,0.333,0.211,0.396,railway,48.5,99.0,47.9,1.98,,1.74,53.7,23.0
NS-0114,L Ward,Mumbai,19.030031115056037,,10121.6,249.0,1257.0,1241.9,5000.0,0.518,0.48,0.28,0.156,private,65.7,99.0,74.2,2.2,,1.07,75.1,15.0
NS-0115,Thane West,Thane,19.254998059502498,72.97381081945252,25018.5,757.0,3489.0,1394.6,10400.0,0.38,0.377,0.131,0.15,forest,63.6,99.0,55.1,1.7,0.39,0.73,44.3,3.0
NS-0116,Thane West,Thane,,72.97354006266127,15697.6,617.0,2943.0,1874.8,5200.0,0.415,0.373,0.104,0.077,private,53.1,99.0,50.6,2.85,1.39,0.68,71.3,16.0
NS-0117,M Ward,Mumbai,19.004314025748194,72.8806445952361,16258.8,548.0,2800.0,1722.1,12900.0,0.325,0.35,0.196,0.319,state,37.9,99.0,50.3,0.69,3.35,,78.1,49.0
NS-0118,M Ward,Mumbai,19.01866619246859,72.8728666474787,13490.0,403.0,2111.0,1564.9,5000.0,0.327,0.323,0.349,0.309,state,65.7,99.0,,1.17,1.95,0.69,73.5,35.0
NS-0119,L Ward,Mumbai,19.08499308277418,72.88037842876366,26319.1,634.0,2815.0,1069.6,18200.0,0.302,0.25,0.276,0.379,private,45.0,,60.1,2.42,0.61,,73.8,20.0
NS-0120,L Ward,Mumbai,19.07123845880639,72.90390445370619,54380.3,1353.0,6843.0,1258.4,13500.0,0.232,0.229,0.129,0.331,private,3.0,99.0,37.0,0.95,0.77,1.8,76.3,50.0
NS-0121,S Ward,Mumbai,19.15696672700904,72.94689560057313,29229.4,1089.0,4606.0,1575.8,5000.0,0.466,0.552,0.204,0.196,private,86.1,99.0,66.8,2.09,2.83,0.26,61.5,4.0
NS-0122,M Ward,Mumbai,19.012394950487653,72.8946788683792,23213.5,840.0,3803.0,1638.3,5600.0,0.371,0.411,0.265,0.03,state,61.6,99.0,46.8,0.51,2.05,0.75,,39.0
NS-0123,Kalyan West,Kalyan,19.232884271350834,73.11816025826633,88124.9,2402.0,10577.0,1200.2,17100.0,0.449,,0.06,0.03,state,72.2,99.0,51.9,0.23,2.05,3.74,82.2,55.0
NS-0124,S Ward,Mumbai,19.142813733438857,72.9250028044342,40443.7,1609.0,8027.0,1984.7,15100.0,0.479,0.394,0.233,0.237,state,47.3,99.0,66.8,1.36,1.53,1.78,56.1,36.0
NS-0125,Thane West,Thane,19.22004913298651,73.01327883962392,11693.7,454.0,1954.0,1671.0,15600.0,0.353,0.258,0.159,0.275,state,57.3,99.0,37.8,0.35,3.21,2.85,85.5,10.0
NS-0126,Kalyan West,Kalyan,19.22628175298812,73.14027389204362,,214.0,,1372.6,9500.0,0.596,,0.097,0.383,forest,66.8,99.0,63.3,1.31,1.38,1.15,,52.0
NS-0127,L Ward,Mumbai,19.069840239407124,72.90600514783084,63705.3,1680.0,7786.0,1222.2,16500.0,0.327,0.352,0.142,0.34,private,68.7,99.0,27.2,1.68,0.86,0.19,64.0,7.0
NS-0128,M Ward,Mumbai,19.002815309085193,72.8847362357727,38152.8,1243.0,4988.0,1307.4,18400.0,0.171,0.03,0.262,0.609,CRZ,3.0,99.0,14.0,1.35,2.82,0.87,80.0,
NS-0129,M Ward,Mumbai,19.041074351840727,72.88481596500367,37920.0,1471.0,6105.0,1610.0,,0.516,0.513,0.308,0.33,forest,64.0,,37.4,7.03,0.73,0.16,75.8,27.0
NS-0130,M Ward,Mumbai,19.025861988538455,72.82161394743164,65252.9,1606.0,4620.0,708.0,15200.0,0.277,0.268,0.142,0.435,railway,3.0,87.0,33.5,0.78,0.81,1.48,64.0,9.0
NS-0131,M Ward,Mumbai,19.04583638149295,72.86366078071552,6040.2,201.0,835.0,1382.4,13100.0,0.369,0.375,0.146,,state,55.0,99.0,48.2,0.45,2.57,0.19,87.1,23.0
NS-0132,Ulhasnagar,Ulhasnagar,,73.16255798383371,18779.8,675.0,2622.0,1396.2,7600.0,0.457,0.377,0.141,0.153,state,69.1,99.0,37.1,1.06,0.87,1.88,73.4,48.0
NS-0133,Thane West,Thane,19.188615895367537,72.95319332462878,22645.9,751.0,3507.0,1548.6,11100.0,0.284,0.272,0.13,0.343,forest,38.2,99.0,61.9,5.01,2.44,1.39,55.5,30.0
NS-0134,Thane West,Thane,,72.96198264450373,23347.1,932.0,3741.0,1602.3,8500.0,0.643,0.505,0.209,0.03,private,70.1,99.0,43.3,2.45,0.64,0.15,86.2,33.0
NS-0135,Kalyan West,Kalyan,19.238139767411386,73.13990574971739,29433.4,1173.0,5505.0,1870.3,7700.0,0.596,0.536,0.253,0.244,state,61.4,,43.9,1.6,3.11,0.85,73.5,50.0
NS-0136,Thane West,Thane,19.227212205542656,73.00728147009028,14771.4,365.0,2095.0,1418.3,20500.0,0.356,0.382,0.053,0.147,private,64.9,99.0,67.0,1.1,0.66,,71.8,29.0
NS-0137,S Ward,Mumbai,19.161362649460486,72.94472113084132,6568.0,172.0,749.0,1140.4,,0.386,0.324,0.17,0.41,private,45.8,99.0,27.4,0.38,3.93,1.4,63.9,12.0
NS-0138,L Ward,Mumbai,19.06045257132173,,9467.3,387.0,1773.0,1872.8,5000.0,0.569,0.528,0.167,0.214,state,64.8,99.0,69.8,1.81,1.35,0.76,70.2,30.0
NS-0139,M Ward,Mumbai,19.0031298920511,72.83771922851967,8389.3,364.0,1593.0,1898.8,9700.0,0.442,0.391,0.216,0.333,private,53.3,99.0,34.4,2.25,0.68,0.86,79.9,24.0
NS-0140,S Ward,Mumbai,19.09969898837075,72.96148189406827,5347.6,124.0,491.0,918.2,5000.0,0.471,0.478,0.163,0.168,state,68.6,99.0,51.7,2.83,,0.62,79.3,38.0
NS-0141,M Ward,Mumbai,19.012335692532645,72.88660609608333,10592.0,,1037.0,979.0,13100.0,0.403,0.246,0.278,0.439,forest,41.6,99.0,36.1,1.83,5.07,1.35,80.6,32.0
NS-0142,L Ward,Mumbai,19.051711203300187,72.92563420765318,17745.6,526.0,2251.0,1268.5,20600.0,0.327,0.292,0.124,,private,55.6,99.0,27.2,0.23,1.53,0.68,59.7,11.0
NS-0143,S Ward,Mumbai,19.131321179231996,72.91989984304313,23841.7,589.0,2584.0,1083.8,5900.0,0.57,0.477,0.206,0.49,state,78.9,99.0,66.5,3.94,1.68,1.18,86.3,25.0
NS-0144,M Ward,Mumbai,19.01354207057343,72.87488695892837,7895.5,192.0,694.0,879.0,24400.0,0.172,0.03,0.148,0.128,private,3.0,88.1,20.8,0.56,1.0,0.92,86.4,4.0
NS-0145,L Ward,Mumbai,19.06740343097666,72.89211237123058,9899.6,308.0,1342.0,1355.6,12700.0,0.237,0.19,0.171,0.396,private,32.6,99.0,21.0,0.24,,0.86,81.2,35.0
NS-0146,M Ward,Mumbai,18.995893285833777,72.8908524637275,20367.7,486.0,2387.0,1172.0,13000.0,,0.483,0.277,0.627,state,66.0,99.0,66.7,1.8,1.5,1.14,98.0,8.0
NS-0147,M Ward,Mumbai,19.012146991080744,72.88221056221549,14806.5,,2129.0,1437.9,18000.0,0.393,0.313,0.222,,forest,29.4,99.0,43.4,0.36,0.69,0.71,83.5,39.0
NS-0148,L Ward,Mumbai,,72.92046971172732,11139.0,294.0,1261.0,1132.1,22500.0,0.321,0.281,0.124,0.272,private,40.5,99.0,36.6,3.13,2.82,0.41,65.3,32.0
NS-0149,M Ward,Mumbai,19.015168268257007,72.88884869326154,15575.4,539.0,2175.0,1396.4,23400.0,,,0.164,0.296,private,3.0,99.0,21.5,0.81,2.73,1.2,81.7,56.0
NS-0150,Thane East,Thane,19.19363300829315,73.02869875717994,2830.1,75.0,321.0,1134.2,16400.0,,0.199,0.248,0.341,private,75.2,99.0,34.4,1.18,0.15,0.49,63.3,20.0
NS-0151,L Ward,Mumbai,19.060488871350735,72.89266240548564,22824.7,727.0,3446.0,1509.8,23300.0,0.383,0.292,0.217,0.218,CRZ,22.5,99.0,51.1,1.8,3.27,0.95,89.5,42.0
NS-0152,M Ward,Mumbai,18.98936858887919,72.8711714905639,9463.9,277.0,1346.0,1422.2,5000.0,0.542,0.411,0.184,0.196,private,56.0,99.0,29.0,0.18,5.63,1.57,64.5,9.0
NS-0153,L Ward,Mumbai,19.04395383557649,72.89171553795629,8612.7,339.0,1425.0,1654.5,18300.0,0.389,0.23,0.225,0.352,private,32.5,99.0,37.9,3.15,2.1,0.4,90.9,8.0
NS-0154,Thane West,Thane,19.207485784144012,72.96452007544451,13329.1,354.0,,1266.4,25200.0,0.188,0.123,0.226,0.136,private,50.1,99.0,25.0,1.0,7.39,1.32,72.5,35.0
NS-0155,L Ward,Mumbai,19.07724714996912,72.87472701351959,19965.7,618.0,2416.0,1210.1,14200.0,0.287,0.167,0.162,0.468,private,15.9,99.0,33.4,1.3,2.4,1.04,84.6,35.0
NS-0156,Ulhasnagar,Ulhasnagar,19.212506267358215,73.16666352762346,15893.8,439.0,1793.0,1128.1,5000.0,0.465,0.548,0.112,0.233,private,74.2,99.0,39.8,4.75,1.35,2.94,83.6,47.0
NS-0157,Thane West,Thane,19.22825918224939,72.96053859481474,28740.7,905.0,4061.0,1413.0,11900.0,0.516,0.536,0.199,0.363,railway,75.3,,60.7,1.14,3.2,0.56,31.8,
NS-0158,Kalyan West,Kalyan,19.240170454211164,73.12266079087591,23413.4,571.0,2902.0,1239.5,5000.0,0.467,0.443,0.099,0.095,CRZ,86.2,99.0,62.6,0.48,1.47,1.1,89.0,35.0
NS-0159,M Ward,Mumbai,19.012922447663197,72.87569964192039,22187.9,635.0,2813.0,1267.8,9700.0,0.691,0.557,0.143,0.188,private,72.3,99.0,69.2,0.45,3.47,0.43,69.0,43.0
NS-0160,Thane West,Thane,19.203640665336692,72.95915548602925,,517.0,2203.0,1325.4,13000.0,,0.321,0.225,0.439,private,48.7,99.0,60.4,2.38,0.66,0.07,80.6,28.0
NS-0161,Kalyan West,Kalyan,19.223472026618005,,19345.9,526.0,2011.0,1039.5,14700.0,0.36,0.4,0.281,0.306,state,57.4,99.0,48.9,1.63,0.97,1.39,73.7,19.0
NS-0162,M Ward,Mumbai,18.989918979013527,72.86271730326683,66181.0,1551.0,6732.0,,13700.0,,0.204,0.171,0.367,state,3.0,99.0,30.2,0.85,,1.18,76.8,25.0
NS-0163,Thane East,Thane,19.223114594100633,73.03422150819186,22356.5,624.0,2811.0,1257.4,23600.0,0.285,0.21,0.05,0.08,private,17.1,99.0,12.2,3.64,3.85,2.35,61.7,19.0
NS-0164,M Ward,Mumbai,19.01332582002146,72.87944123700407,11622.1,408.0,1942.0,1671.0,11300.0,0.338,0.31,0.075,0.4,railway,49.7,99.0,29.3,0.46,1.67,0.8,55.9,41.0
NS-0165,S Ward,Mumbai,19.14669835787815,72.93626886661825,78922.2,1987.0,10269.0,1301.2,5000.0,0.503,0.515,0.24,0.176,state,56.8,99.0,73.5,0.67,1.26,0.59,66.9,43.0
NS-0166,S Ward,Mumbai,19.143979234231413,72.93695345590578,26763.8,726.0,3561.0,1330.5,20900.0,0.316,0.154,0.253,0.512,state,,99.0,39.2,1.72,,1.67,50.1,46.0
NS-0167,M Ward,Mumbai,18.986833762186517,72.8784043377459,19501.7,496.0,2536.0,1300.4,18000.0,0.338,0.335,0.161,0.293,state,48.3,99.0,36.5,3.82,2.33,1.8,65.7,55.0
NS-0168,Thane West,Thane,19.22563765640217,72.96985335202075,8789.8,298.0,1352.0,1538.1,8100.0,0.36,0.365,0.186,0.344,private,46.9,99.0,50.6,0.66,1.87,0.87,61.7,31.0
NS-0169,M Ward,Mumbai,18.976884805427677,72.8682197544422,10054.2,365.0,1727.0,1717.7,24200.0,0.423,0.325,0.141,0.224,private,40.2,99.0,45.2,1.87,2.06,1.12,83.7,28.0
NS-0170,M Ward,Mumbai,19.00478769100325,72.89981629493948,15886.6,628.0,2193.0,1380.4,7600.0,,0.367,0.157,0.334,state,87.8,99.0,57.0,0.79,2.57,,80.9,47.0
NS-0171,Thane West,Thane,19.221437452228926,72.98472561659135,30346.8,878.0,3918.0,1291.1,5000.0,0.468,0.406,0.24,0.145,state,57.7,99.0,39.7,5.55,0.35,1.04,56.8,13.0
NS-0172,L Ward,Mumbai,,72.9051575292205,10861.7,438.0,2134.0,1964.7,27800.0,0.271,0.232,0.05,0.39,private,15.3,,24.4,2.94,1.68,0.55,84.8,21.0
NS-0173,M Ward,Mumbai,18.99044143350383,72.92016484239724,32507.0,870.0,4757.0,1463.4,14700.0,0.237,0.269,0.168,0.478,private,32.1,99.0,45.4,5.3,1.32,1.34,54.3,24.0
NS-0174,Thane East,Thane,19.22539072714693,73.03019134293157,19574.3,757.0,2830.0,1445.8,18900.0,0.3,0.228,,0.063,state,19.8,99.0,44.1,1.4,3.21,1.28,89.3,25.0
NS-0175,L Ward,Mumbai,19.059827707732282,,9428.3,296.0,1289.0,,18800.0,0.326,0.237,0.347,0.521,state,44.5,99.0,36.7,0.37,1.26,0.05,64.5,10.0
NS-0176,Thane West,Thane,19.22237507018214,72.97129876344943,39171.3,1246.0,5715.0,1459.0,9600.0,0.495,0.389,,0.229,private,53.9,99.0,79.7,1.48,2.38,1.42,60.9,9.0
NS-0177,Ambarnath,Ambarnath,19.169807703310752,73.21083874915746,13472.2,377.0,2057.0,1526.9,11500.0,0.327,0.391,0.181,0.03,CRZ,66.6,99.0,47.4,0.17,1.14,0.63,96.3,50.0
NS-0178,Thane West,Thane,19.232943598412547,72.98441431155283,17429.9,668.0,2535.0,1454.4,12400.0,0.308,0.264,0.16,0.03,CRZ,,99.0,,1.48,,1.1,75.9,52.0
NS-0179,M Ward,Mumbai,19.01239293442874,72.87515872305393,57452.6,1945.0,,1514.1,21300.0,0.384,0.358,0.113,0.369,forest,45.5,99.0,47.6,2.24,1.54,,67.9,26.0
NS-0180,M Ward,Mumbai,19.00987327459417,72.89794877264967,29687.3,1014.0,4600.0,1549.5,12700.0,0.499,0.499,0.174,0.03,private,67.0,99.0,68.6,1.98,1.6,1.14,71.7,55.0
NS-0181,M Ward,Mumbai,19.022622588102955,72.9119786836887,29753.5,855.0,3157.0,1061.1,14300.0,0.408,,0.247,0.131,private,57.9,99.0,46.7,0.71,2.77,0.46,80.7,28.0
NS-0182,M Ward,Mumbai,19.02001892624154,72.86482498310669,13210.3,571.0,,1688.8,13900.0,0.401,0.349,0.092,0.287,forest,49.5,99.0,46.8,,0.91,1.89,54.5,
NS-0183,Thane West,Thane,19.216478163884876,72.96706669624209,18988.4,688.0,2519.0,1326.6,17500.0,0.371,0.347,0.239,0.193,state,46.8,99.0,51.6,2.8,3.0,0.69,62.6,53.0
NS-0184,Thane West,Thane,19.224557529582604,72.96803712280341,4060.3,156.0,560.0,1379.2,20200.0,0.103,0.03,0.25,0.331,private,3.0,99.0,14.4,1.09,0.84,0.5,74.7,39.0
NS-0185,M Ward,Mumbai,19.008487659995446,72.87473143878152,24527.2,650.0,2812.0,,13300.0,0.33,0.23,0.222,0.552,CRZ,25.7,,40.5,1.27,6.77,1.52,59.2,39.0
NS-0186,Thane East,Thane,19.203488259486516,73.00428360639451,10496.0,259.0,1094.0,1042.3,8500.0,0.304,0.262,0.087,0.337,state,36.0,99.0,64.1,0.05,1.16,2.95,67.6,3.0
NS-0187,L Ward,Mumbai,19.068118449802125,72.89513380732976,17031.4,683.0,3329.0,1954.6,5000.0,0.399,0.435,0.154,0.216,railway,59.1,99.0,51.5,1.06,1.71,0.39,52.3,11.0
NS-0188,Kalyan East,Kalyan,19.226700666758965,73.15196364233346,13219.4,397.0,1801.0,1362.4,20100.0,0.293,0.252,0.246,0.259,private,24.4,99.0,41.1,0.85,3.82,0.18,66.9,57.0
NS-0189,L Ward,Mumbai,19.05238077269696,72.91546637396979,,420.0,2066.0,1384.9,8700.0,0.373,0.34,0.218,0.148,state,60.9,,52.4,2.17,0.71,1.12,82.4,13.0
NS-0190,Thane West,Thane,,72.9256241945681,34016.7,1000.0,4621.0,1358.5,10900.0,0.571,0.514,0.064,0.03,private,67.3,,52.6,0.73,1.94,1.72,74.8,35.0
NS-0191,M Ward,Mumbai,19.01411445004613,72.8757530025581,42746.2,1142.0,5584.0,1306.3,26000.0,0.123,0.03,0.169,0.45,forest,3.0,99.0,24.1,1.92,1.49,0.73,40.6,6.0
NS-0192,M Ward,Mumbai,18.997859983247643,72.88496962826595,7161.7,232.0,1214.0,1695.1,5000.0,,0.379,0.224,0.234,private,56.3,99.0,53.4,0.57,1.6,1.65,70.2,42.0
NS-0193,S Ward,Mumbai,19.182002566539555,72.96748543039024,23715.7,705.0,2754.0,1161.3,22400.0,0.315,0.173,0.272,0.205,private,26.5,99.0,25.8,1.91,3.08,0.53,66.7,
NS-0194,Ambarnath,Ambarnath,19.187650869669024,73.17229239878371,10328.6,365.0,1621.0,1569.4,14700.0,0.267,0.066,0.114,0.149,private,3.0,99.0,30.4,1.99,1.88,0.48,84.0,39.0
NS-0195,L Ward,Mumbai,,72.880129799277,7056.2,194.0,732.0,1037.4,9700.0,0.652,0.561,0.24,,state,86.8,99.0,66.8,1.35,0.45,1.34,72.1,47.0
NS-0196,L Ward,Mumbai,19.074081649356096,72.88757789809267,5019.3,121.0,553.0,1101.8,5000.0,0.602,0.46,0.148,0.061,CRZ,43.9,99.0,42.9,2.98,0.36,,86.1,42.0
NS-0197,L Ward,Mumbai,19.067044255647215,72.89286199444432,10588.9,259.0,,849.9,8000.0,0.621,0.58,0.07,0.453,private,94.8,99.0,85.4,0.51,1.83,0.2,67.5,8.0
NS-0198,Kalyan West,Kalyan,19.24879727814046,73.13969412070105,11725.4,340.0,1464.0,1248.6,14200.0,0.362,0.215,0.083,0.303,state,28.2,99.0,28.7,3.61,0.4,,80.9,46.0
NS-0199,S Ward,Mumbai,19.159189826907188,72.93684849243354,20270.4,803.0,2801.0,1381.8,5000.0,0.533,,0.261,0.284,private,58.7,99.0,38.2,0.63,2.61,1.82,94.9,17.0
NS-0200,Thane West,Thane,19.210222723495136,72.981741453539,29268.5,700.0,,1190.7,5000.0,0.391,0.398,0.15,0.216,railway,61.0,99.0,60.0,1.01,1.14,0.38,51.4,50.0
NS-0201,Kalyan West,Kalyan,19.28210302990911,73.13082527037506,16981.4,404.0,1804.0,1062.3,22800.0,0.233,0.083,0.115,0.112,railway,5.0,99.0,26.7,3.64,2.19,1.55,30.3,8.0
NS-0202,M Ward,Mumbai,18.997852457076114,72.87322640023308,14974.3,424.0,1750.0,1168.7,8200.0,0.484,0.585,0.3,0.352,private,85.6,99.0,,0.14,2.08,0.67,63.0,16.0
NS-0203,Kalyan West,Kalyan,19.258848395481284,73.08913079225222,20357.8,745.0,2342.0,1150.4,,0.23,0.233,0.148,0.211,state,54.0,99.0,32.8,0.63,2.07,0.76,98.0,52.0
NS-0204,Thane West,Thane,19.216254636569868,72.96448677741493,43497.5,1346.0,,1332.0,20900.0,0.185,0.143,0.281,0.308,private,23.6,99.0,39.1,0.94,3.83,0.28,80.3,44.0
NS-0205,L Ward,Mumbai,19.060460224634703,72.8903397839252,65629.4,2779.0,12652.0,1927.8,19100.0,0.362,0.21,0.213,0.03,state,55.8,99.0,42.5,1.35,3.73,3.08,86.6,9.0
NS-0206,M Ward,Mumbai,19.018645272540574,72.87264285640755,41507.7,1345.0,6789.0,1635.6,16000.0,0.349,0.252,0.121,0.281,railway,65.3,99.0,43.2,1.27,1.11,,56.4,30.0
NS-0207,L Ward,Mumbai,19.03674491928064,72.93036308475365,15325.9,367.0,1527.0,996.4,17500.0,0.42,0.267,0.187,0.198,private,35.1,99.0,25.9,1.05,3.35,0.68,58.4,
NS-0208,M Ward,Mumbai,19.006598041587047,72.85054227783186,9626.1,374.0,1702.0,1768.1,5000.0,0.344,0.433,0.094,0.418,railway,73.7,99.0,,0.57,0.51,0.95,43.7,47.0
NS-0209,M Ward,Mumbai,19.01138303050377,72.86896143889773,16734.9,659.0,3207.0,1916.4,16800.0,0.399,0.385,0.155,0.266,private,58.5,99.0,51.3,0.66,1.13,2.07,77.5,27.0
NS-0210,M Ward,Mumbai,19.003803691102195,72.89528124321822,37073.0,1552.0,7467.0,2014.1,14100.0,0.288,0.212,0.107,0.474,private,28.6,99.0,36.1,1.34,1.25,1.6,74.6,3.0
NS-0211,Thane East,Thane,19.18513708011775,73.03812567765891,37613.3,1256.0,6400.0,,16300.0,0.47,0.317,0.194,0.38,private,22.5,99.0,48.4,,2.61,0.18,63.3,44.0
NS-0212,M Ward,Mumbai,19.035652744634355,72.89783553681055,23154.5,714.0,,1478.3,9900.0,0.57,0.484,,0.217,private,78.8,99.0,51.8,3.22,3.91,0.59,73.7,
NS-0213,S Ward,Mumbai,19.139215527780948,72.93919872268947,48458.9,1371.0,6738.0,1390.5,23400.0,0.188,0.094,0.197,0.251,private,3.0,99.0,22.0,1.04,6.62,1.21,85.5,14.0
NS-0214,Thane East,Thane,19.186209717385452,73.02635093460113,26582.3,806.0,3152.0,1185.8,10300.0,,0.556,0.268,0.342,private,,99.0,70.9,1.98,3.22,0.42,89.9,28.0
NS-0215,S Ward,Mumbai,19.144587994599597,72.91776388617482,23780.7,778.0,2889.0,1214.9,11600.0,0.428,0.437,0.208,0.307,state,63.1,99.0,43.0,1.84,2.16,1.6,61.8,37.0
NS-0216,S Ward,Mumbai,19.132629139129023,72.91978076874777,19676.9,534.0,2376.0,,15400.0,0.482,0.39,0.29,0.03,state,46.5,99.0,44.9,2.52,1.65,1.55,60.2,28.0
NS-0217,S Ward,Mumbai,19.137039880580527,72.9553141806506,5857.5,231.0,1043.0,1780.6,11400.0,0.428,0.369,0.239,0.354,private,72.4,99.0,56.4,1.2,2.34,0.37,78.1,27.0
NS-0218,Ambarnath,Ambarnath,19.224057234827946,73.19176321830697,9148.1,396.0,1593.0,,15900.0,0.434,0.323,0.132,0.122,private,50.0,99.0,30.2,0.88,5.08,1.5,67.4,19.0
NS-0219,Thane West,Thane,19.19492436787816,72.9817528708823,27000.2,871.0,4505.0,1668.5,6000.0,0.636,0.544,0.314,0.066,railway,47.4,99.0,60.0,0.34,0.37,0.37,46.3,57.0
NS-0220,S Ward,Mumbai,19.17243158458659,72.91864332037457,30630.2,767.0,3924.0,1281.1,17200.0,0.201,0.161,0.11,0.567,private,13.1,99.0,38.0,0.08,0.51,0.92,40.0,54.0
NS-0221,S Ward,Mumbai,19.166048491406958,72.96242176359704,41710.6,1804.0,8472.0,2031.1,12900.0,0.509,0.479,0.239,0.244,railway,59.9,99.0,66.1,5.51,,0.86,35.7,20.0
NS-0222,M Ward,Mumbai,18.99932818669092,72.87913328464474,8213.4,321.0,1442.0,1755.7,23900.0,0.302,0.214,0.242,0.261,private,3.0,99.0,27.5,1.31,1.83,,72.3,24.0
NS-0223,Ulhasnagar,Ulhasnagar,19.223361779056106,73.14427265964382,13434.9,463.0,1786.0,1329.4,12500.0,0.429,0.359,0.141,0.201,railway,52.6,99.0,44.9,2.07,2.98,2.08,44.0,4.0
NS-0224,Thane East,Thane,19.17203010272782,73.01460746406916,12209.3,301.0,1334.0,1092.6,10100.0,0.442,0.451,0.235,0.075,railway,63.6,99.0,58.5,2.02,1.32,0.31,37.7,21.0
NS-0225,S Ward,Mumbai,19.146114935426766,72.93964652927409,8615.6,218.0,951.0,1103.8,17500.0,0.264,0.199,0.147,0.27,private,21.5,99.0,22.2,2.11,1.73,1.22,52.6,7.0
NS-0226,Thane West,Thane,19.231094406872405,,34492.6,1022.0,4133.0,1198.2,18400.0,0.45,0.356,0.158,0.184,railway,20.1,99.0,34.7,1.15,2.52,1.98,44.5,20.0
NS-0227,Kalyan West,Kalyan,19.233723531802656,,13644.2,545.0,2288.0,1676.9,18600.0,,0.47,0.252,0.151,CRZ,54.6,99.0,67.5,2.91,2.67,2.58,73.2,44.0
NS-0228,L Ward,Mumbai,19.07315824682436,72.8749314984133,15423.1,608.0,2934.0,1902.3,5600.0,0.517,0.418,0.135,0.621,state,59.4,99.0,46.3,0.19,0.45,1.57,60.6,33.0
NS-0229,M Ward,Mumbai,19.037348097208405,,20662.9,517.0,2528.0,,5800.0,0.364,,0.214,0.37,state,61.8,99.0,36.3,1.49,0.56,1.14,77.3,28.0
NS-0230,M Ward,Mumbai,19.025466937197084,72.86999021988221,91467.5,2511.0,12512.0,1367.9,16100.0,0.405,0.365,0.119,0.419,private,52.8,99.0,55.0,1.86,2.58,1.09,70.6,39.0
NS-0231,M Ward,Mumbai,19.02566174542597,72.87926263730562,24871.0,936.0,4381.0,1761.5,13200.0,0.278,0.312,0.279,,private,29.7,99.0,48.2,2.47,1.17,,69.0,22.0
NS-0232,Kalyan West,Kalyan,19.238139072651805,73.14343571295734,21180.9,667.0,2716.0,1282.3,13300.0,0.208,0.149,0.269,0.25,state,48.8,99.0,25.5,1.32,3.36,1.65,78.3,15.0
NS-0233,Thane East,Thane,19.182945860988983,73.01405831485692,11679.4,323.0,1437.0,1230.4,13600.0,0.287,0.231,0.257,0.125,state,39.7,99.0,37.1,1.09,,0.73,94.7,25.0
NS-0234,Thane East,Thane,19.203673362326175,,7771.4,189.0,806.0,1037.1,8800.0,0.433,0.483,0.134,0.116,state,54.7,99.0,54.8,1.7,3.89,0.21,86.1,44.0
NS-0235,L Ward,Mumbai,19.09475377379959,72.88877122082914,16852.1,603.0,2561.0,1519.7,6900.0,0.497,0.515,0.264,0.326,CRZ,88.5,,61.3,3.31,1.1,0.28,76.0,32.0
NS-0236,M Ward,Mumbai,19.007648850810426,72.88480663587507,45692.5,1433.0,,1438.3,10300.0,0.34,0.307,0.206,0.237,state,38.5,99.0,39.8,2.65,5.69,1.95,75.8,20.0
NS-0237,Thane East,Thane,19.211767766714882,73.03051812120385,21039.3,552.0,2911.0,1383.6,8800.0,0.365,0.36,0.255,0.03,state,62.1,99.0,56.7,1.11,6.76,1.91,88.1,30.0
NS-0238,M Ward,Mumbai,19.0154945031405,72.88881480959718,5848.9,140.0,,1012.2,19400.0,0.26,0.151,0.132,0.427,private,23.5,99.0,20.3,1.54,1.18,1.73,66.3,14.0
NS-0239,M Ward,Mumbai,18.997843718828534,72.8849351655222,15514.9,578.0,2707.0,1744.8,13100.0,,0.205,0.194,0.377,railway,3.0,99.0,21.0,1.06,3.09,1.63,48.9,15.0
NS-0240,Thane East,Thane,19.22093355658761,73.00013793251694,10668.1,275.0,,1062.0,15700.0,0.329,0.147,0.315,0.31,state,14.5,99.0,33.5,1.4,1.03,0.66,,12.0
NS-0241,S Ward,Mumbai,19.144830296356126,72.95779089155202,10677.2,357.0,1944.0,1820.7,5900.0,0.322,0.303,,0.03,state,72.2,99.0,28.4,3.5,0.83,1.04,,38.0
NS-0242,L Ward,Mumbai,,72.8750006573592,5535.0,199.0,972.0,1756.1,14700.0,0.393,0.473,0.185,0.088,state,60.6,99.0,69.9,1.57,1.46,0.08,90.0,4.0
NS-0243,S Ward,Mumbai,19.135085747689132,72.92024406310365,7935.0,208.0,921.0,1160.7,10700.0,0.443,0.324,0.199,0.251,state,46.1,99.0,25.5,1.09,1.5,1.63,82.9,47.0
NS-0244,Thane East,Thane,19.18966826354758,,16971.5,450.0,2424.0,1428.3,13500.0,0.322,0.246,0.222,0.254,private,48.7,99.0,32.8,2.74,4.29,0.14,72.8,12.0
NS-0245,Thane East,Thane,19.21549823914981,73.04331616784205,18963.7,522.0,2389.0,1259.8,5000.0,0.257,0.29,0.254,0.031,private,12.9,99.0,57.2,3.12,3.17,0.63,51.0,10.0
NS-0246,Ambarnath,Ambarnath,19.20761459360611,73.20997058079894,31521.4,767.0,3195.0,1013.6,19600.0,0.433,0.331,0.125,0.175,railway,37.4,99.0,38.1,0.62,0.39,0.2,45.2,50.0
NS-0247,M Ward,Mumbai,19.014968990353708,72.87641300098649,20706.8,730.0,3446.0,1664.2,18400.0,0.312,0.295,0.14,0.144,private,32.3,99.0,49.2,0.92,3.79,0.31,80.3,14.0
NS-0248,Thane East,Thane,19.205408171303002,73.0259523137944,15299.9,526.0,2107.0,1377.1,5700.0,0.519,0.469,0.139,0.131,CRZ,74.9,99.0,73.2,1.02,0.33,0.65,,44.0
NS-0249,Ambarnath,Ambarnath,19.1874240347213,73.18771365734185,11219.6,284.0,1338.0,1192.6,21900.0,0.374,0.286,0.149,0.111,private,37.4,99.0,35.9,2.38,1.04,1.46,57.3,17.0
NS-0250,S Ward,Mumbai,19.139254584280696,72.954382088465,11554.7,415.0,1603.0,1387.3,10800.0,0.297,0.237,0.168,0.312,private,31.0,99.0,51.7,1.46,,0.8,67.4,53.0
NS-0251,S Ward,Mumbai,19.151808858921722,72.96422557992663,14573.8,380.0,1613.0,1106.8,7200.0,0.533,0.463,0.087,0.389,private,73.1,99.0,54.2,0.87,0.53,0.71,61.4,10.0
NS-0252,Kalyan West,Kalyan,19.24736594963244,73.10749268780394,7566.5,320.0,1453.0,,23200.0,0.376,0.428,0.103,0.03,private,50.9,99.0,58.7,0.62,0.82,0.65,91.6,46.0
NS-0253,M Ward,Mumbai,18.99994791791997,72.86690717507649,45883.6,1412.0,6631.0,1445.2,15300.0,0.233,0.247,0.256,0.383,private,51.8,99.0,54.9,0.5,3.76,2.67,57.6,36.0
NS-0254,M Ward,Mumbai,18.99177973419492,72.89626180914118,6807.1,209.0,1083.0,1591.0,18200.0,0.24,0.133,0.217,0.045,forest,,99.0,23.3,1.22,1.19,2.2,40.6,
NS-0255,M Ward,Mumbai,19.01537376363516,72.90438394790168,16331.5,667.0,3211.0,1966.1,9300.0,0.498,0.525,0.228,0.227,railway,91.3,99.0,57.2,0.85,5.49,,41.6,37.0
NS-0256,M Ward,Mumbai,,72.85327915805989,35181.7,985.0,4525.0,,11300.0,0.335,0.254,,0.388,private,41.1,99.0,,,2.18,0.83,57.8,33.0
NS-0257,M Ward,Mumbai,19.00207192921979,72.87852826910998,22087.4,604.0,2511.0,,13000.0,0.378,0.301,0.322,0.173,state,63.3,99.0,44.5,0.55,1.2,1.36,59.0,38.0
NS-0258,L Ward,Mumbai,19.051066534721073,72.92960903831445,5570.1,179.0,799.0,1434.4,9500.0,0.406,0.503,0.093,0.227,state,85.0,99.0,63.8,1.36,6.02,2.41,92.0,30.0
NS-0259,M Ward,Mumbai,19.00246373419058,72.8662529832155,25149.9,616.0,2907.0,1155.9,13900.0,0.048,0.03,0.196,0.271,forest,17.9,99.0,7.0,2.78,1.16,0.51,36.2,54.0
NS-0260,M Ward,Mumbai,18.990890407235145,72.88149084741741,12889.4,504.0,1904.0,1477.2,,0.492,0.498,0.166,,private,61.9,99.0,57.2,,1.35,1.69,53.7,33.0
NS-0261,Thane East,Thane,19.194042820111974,72.99686555877767,12246.1,343.0,1484.0,1211.8,12800.0,0.362,0.283,0.122,0.03,forest,43.1,99.0,39.6,1.71,1.82,0.44,33.0,5.0
NS-0262,L Ward,Mumbai,19.0331571209456,72.87420987724606,16290.0,412.0,,1213.6,19000.0,0.39,0.18,0.236,0.184,state,37.0,99.0,45.0,2.75,1.11,0.13,,11.0
NS-0263,L Ward,Mumbai,19.083610245556716,72.88508047069732,11430.4,272.0,1238.0,1083.1,13200.0,0.49,0.525,0.153,0.076,state,69.6,99.0,60.5,0.23,2.44,0.82,93.2,30.0
NS-0264,M Ward,Mumbai,19.03028767285037,72.87741379331264,7076.7,285.0,1380.0,1950.1,15400.0,0.485,0.411,0.342,0.099,railway,57.0,99.0,46.2,1.31,1.11,1.32,36.9,54.0
NS-0265,S Ward,Mumbai,19.119058009559176,72.96109105500992,11730.6,298.0,1264.0,1077.5,8800.0,0.309,0.285,0.107,0.324,state,45.6,99.0,39.4,3.82,1.06,0.46,84.6,41.0
NS-0266,Ambarnath,Ambarnath,19.167583191784214,73.17901750946287,12942.3,493.0,2162.0,1670.5,9500.0,0.445,0.409,0.22,0.284,state,59.6,99.0,48.0,0.58,1.64,2.58,64.8,4.0
NS-0267,Kalyan East,Kalyan,19.210887851321587,73.13251029721353,14692.8,630.0,2839.0,1932.2,24200.0,0.192,0.097,0.205,0.098,forest,20.0,99.0,13.7,0.9,0.48,1.23,57.7,
NS-0268,M Ward,Mumbai,18.99723457750505,72.8954326990526,,236.0,1009.0,1158.9,23800.0,0.152,0.053,0.123,0.187,private,3.0,96.6,25.3,1.41,0.64,0.67,71.8,24.0
NS-0269,M Ward,Mumbai,19.01253060092538,72.88236483038338,70840.1,2056.0,10161.0,1434.4,7900.0,0.469,0.445,0.147,0.149,state,73.1,99.0,,0.71,0.9,,89.1,10.0
NS-0270,Ambarnath,Ambarnath,19.195679386783432,73.17749303601997,11705.8,391.0,1535.0,1311.3,12400.0,0.479,,,0.131,state,65.7,99.0,57.5,2.45,3.57,0.38,73.1,15.0
NS-0271,L Ward,Mumbai,19.0718182155105,72.8761417532558,10977.1,294.0,1348.0,1228.0,12500.0,0.341,0.219,0.091,0.111,private,39.8,99.0,39.9,0.75,1.68,0.82,69.6,26.0
NS-0272,Kalyan East,Kalyan,19.232316072838817,73.13225102723507,,665.0,3053.0,1634.9,15900.0,0.314,0.265,0.178,0.201,state,56.3,99.0,20.6,4.42,0.76,2.2,52.6,27.0
NS-0273,L Ward,Mumbai,19.03298574634126,72.90607796778426,12989.7,366.0,1795.0,1381.9,18800.0,0.477,0.37,0.184,0.415,private,85.0,,57.4,1.39,0.76,1.18,66.4,56.0
NS-0274,Thane West,Thane,19.21222654241303,72.97237969556613,4728.4,127.0,,1019.4,5000.0,0.258,0.259,0.22,0.096,state,51.8,99.0,31.3,0.83,,0.25,83.3,23.0
NS-0275,L Ward,Mumbai,19.06844934474491,72.87487472417155,7793.4,256.0,997.0,1279.3,28000.0,0.266,0.113,0.178,0.03,state,31.3,,24.5,1.05,1.55,1.78,84.9,5.0
NS-0276,Thane West,Thane,,72.99431917995275,11829.2,357.0,1537.0,,21000.0,0.434,0.326,0.123,0.131,state,4.4,99.0,34.6,0.45,2.85,0.31,58.9,13.0
NS-0277,L Ward,Mumbai,19.072301721141788,72.89969822648055,34278.2,1314.0,5893.0,1719.2,19900.0,0.139,0.055,,,state,7.9,99.0,2.7,1.14,2.56,,84.2,24.0
NS-0278,Thane West,Thane,19.202246025764236,72.99811936601813,6288.0,155.0,822.0,1307.2,,0.462,0.375,0.106,0.248,state,,99.0,37.7,2.29,0.78,1.27,81.5,27.0
NS-0279,Thane East,Thane,19.175368156752885,73.03802197686603,77899.7,2098.0,10642.0,,16100.0,0.543,0.517,0.118,0.302,CRZ,51.5,99.0,57.8,1.09,,2.48,91.5,35.0
NS-0280,M Ward,Mumbai,19.029951908123344,72.9107957489197,18907.2,440.0,2113.0,1117.6,20800.0,0.331,0.148,0.24,0.397,state,,99.0,34.7,2.09,3.08,0.99,98.0,30.0
NS-0281,L Ward,Mumbai,19.037706323106445,72.87989519799483,7782.1,226.0,,1092.3,17600.0,0.289,0.135,0.114,0.351,private,25.2,99.0,22.7,,0.3,0.05,78.0,46.0
NS-0282,Thane East,Thane,19.172669240143797,73.0080140161447,31257.3,760.0,3513.0,1123.9,7900.0,0.433,0.369,0.086,0.43,private,52.5,99.0,51.2,2.73,1.3,0.46,74.3,48.0
NS-0283,Thane West,Thane,19.21745577847611,72.9916116570709,69881.2,,7926.0,1134.2,24000.0,0.28,0.253,0.072,0.03,private,41.9,99.0,57.7,3.82,3.48,0.28,49.2,13.0
NS-0284,Thane East,Thane,19.200837594244177,73.03359821883066,16034.5,502.0,2325.0,1450.0,14900.0,0.418,0.468,0.161,0.42,state,68.0,99.0,57.8,1.59,1.59,0.87,77.1,23.0
NS-0285,M Ward,Mumbai,19.02015030439175,72.88237225635862,15828.8,494.0,2075.0,1310.9,13700.0,0.243,0.31,0.255,0.511,private,46.2,99.0,55.0,4.52,2.79,0.25,71.8,38.0
NS-0286,Thane West,Thane,19.26479327791838,72.97214198998245,40712.7,952.0,,1089.6,12200.0,0.29,0.274,0.196,0.16,CRZ,49.5,99.0,56.6,1.51,1.11,3.01,96.4,19.0
NS-0287,Ulhasnagar,Ulhasnagar,,73.13570484306342,39706.0,1172.0,4346.0,1094.5,9800.0,0.411,0.38,0.064,0.169,railway,65.5,99.0,61.2,1.47,4.41,2.5,65.1,17.0
NS-0288,M Ward,Mumbai,18.97674505157764,72.88204477214407,,2284.0,9665.0,1517.1,21700.0,0.297,0.135,0.213,0.22,state,6.8,99.0,,0.24,1.96,2.48,73.8,23.0
NS-0289,M Ward,Mumbai,18.98844938380531,72.90990128804515,15624.8,588.0,2237.0,1431.7,,0.429,0.252,0.303,0.174,forest,50.4,99.0,30.5,1.99,2.16,1.46,62.1,52.0
NS-0290,M Ward,Mumbai,19.02533738416838,,31007.0,885.0,4545.0,1465.8,18500.0,0.337,0.174,0.168,0.03,railway,25.6,99.0,28.2,1.12,1.63,2.84,65.9,51.0
NS-0291,Ambarnath,Ambarnath,19.19293086109861,73.19178559113497,14162.9,372.0,1477.0,1042.9,9500.0,0.293,0.259,0.305,0.109,private,24.8,99.0,42.5,3.41,0.93,0.32,70.0,51.0
NS-0292,S Ward,Mumbai,19.155378520194922,72.95306583131328,7685.4,212.0,988.0,1285.6,17300.0,0.496,0.4,0.162,0.03,private,57.9,99.0,54.9,1.14,0.37,,62.3,36.0
NS-0293,M Ward,Mumbai,19.006009190245084,72.86569357695677,8657.5,375.0,1655.0,1911.6,16500.0,0.316,0.219,0.094,0.288,railway,10.6,99.0,20.4,0.05,0.88,0.48,40.0,40.0
NS-0294,Thane West,Thane,,72.97842536641397,24205.0,635.0,2617.0,1081.2,12400.0,0.375,0.334,0.22,0.417,state,36.9,99.0,68.8,,1.17,1.6,79.7,33.0
NS-0295,M Ward,Mumbai,19.007242890022745,72.87031926278537,17106.8,501.0,1688.0,986.7,15400.0,0.345,0.272,0.218,0.128,state,34.3,99.0,27.5,2.49,0.31,0.72,63.1,13.0
NS-0296,S Ward,Mumbai,19.127976553723713,72.93136767128209,26302.6,690.0,2711.0,1030.7,14600.0,0.537,0.539,0.133,0.196,state,59.6,99.0,46.4,0.53,2.97,0.3,85.4,7.0
NS-0297,M Ward,Mumbai,19.02225239115468,72.91582576395085,24738.2,887.0,3751.0,1516.3,14600.0,0.36,0.282,0.051,0.373,private,54.1,99.0,39.9,0.62,4.9,0.68,83.3,40.0
NS-0298,L Ward,Mumbai,19.025398586379204,72.8692465414968,16332.5,413.0,,1479.3,23700.0,0.434,0.306,0.222,0.223,railway,42.0,99.0,58.6,1.08,1.87,0.88,47.5,40.0
NS-0299,Kalyan East,Kalyan,19.222465683697248,73.18027389797867,26572.2,973.0,4210.0,1584.4,20000.0,0.277,0.173,0.216,0.282,state,10.1,99.0,45.8,4.59,1.64,0.32,90.3,48.0
NS-0300,Thane West,Thane,19.216340768139762,72.9699376605282,24705.7,952.0,3665.0,1483.5,16700.0,0.402,0.41,0.24,0.189,CRZ,56.2,99.0,40.9,1.89,3.06,0.48,92.7,10.0
NS-0301,M Ward,Mumbai,19.002947471779155,72.90142584276201,33934.6,852.0,4019.0,1184.3,21200.0,0.381,0.289,0.201,0.308,private,8.4,99.0,36.4,2.36,2.27,1.03,66.6,25.0
NS-0302,M Ward,Mumbai,19.00411054135863,72.87391377659395,8249.9,232.0,931.0,1128.5,20400.0,0.544,0.411,0.26,0.285,forest,38.6,99.0,40.2,0.64,3.14,2.0,84.3,44.0
NS-0303,Kalyan East,Kalyan,19.22323331992527,73.1307694407855,11626.1,282.0,1093.0,940.1,14600.0,0.376,0.303,0.226,,private,,99.0,39.9,2.93,,0.36,74.2,11.0
NS-0304,L Ward,Mumbai,19.051950146119218,72.86217397409477,7863.5,240.0,1071.0,1362.0,12100.0,0.385,0.361,0.192,0.362,railway,,99.0,49.5,1.08,5.63,1.24,58.1,11.0
NS-0305,M Ward,Mumbai,18.958975274775906,72.85259388432235,33623.0,1128.0,3756.0,1117.1,15100.0,0.426,0.298,0.196,0.255,private,34.2,99.0,32.5,2.11,4.06,0.44,74.3,5.0
NS-0306,M Ward,Mumbai,19.00322535905224,72.85670579816237,12150.7,334.0,1435.0,1181.0,21700.0,0.244,0.169,0.248,0.181,private,38.0,99.0,18.3,1.88,1.57,1.07,65.5,55.0
NS-0307,M Ward,Mumbai,19.00093863302596,,4475.5,138.0,580.0,1295.9,13300.0,0.255,0.263,0.327,0.359,state,29.9,,57.6,2.31,2.07,1.91,77.3,39.0
NS-0308,S Ward,Mumbai,19.150281588153558,72.94978481087578,6509.7,227.0,1046.0,1606.8,5000.0,0.476,,0.05,0.197,state,80.4,99.0,60.4,0.55,1.71,0.23,87.6,7.0
NS-0309,Ulhasnagar,Ulhasnagar,19.212388811507388,73.17565083761933,18751.9,647.0,2952.0,1574.2,6500.0,0.612,0.526,0.32,0.193,state,69.6,99.0,55.8,0.73,2.44,1.97,66.1,
NS-0310,M Ward,Mumbai,18.99904866772558,72.89290494809619,20481.0,761.0,4591.0,2241.6,14300.0,0.381,0.311,0.202,0.21,private,47.8,99.0,28.1,1.29,0.43,0.31,68.5,51.0
NS-0311,S Ward,Mumbai,19.128974673191408,72.92393114927837,19641.4,537.0,2228.0,,15600.0,0.294,0.439,0.139,0.068,state,69.2,99.0,54.6,1.57,1.55,0.8,69.5,52.0
NS-0312,Kalyan West,Kalyan,19.225331885281452,73.10302475659445,43731.8,1243.0,5199.0,1188.8,14200.0,0.369,0.445,0.221,0.321,CRZ,76.9,99.0,60.1,0.82,1.69,0.72,84.6,23.0
NS-0313,M Ward,Mumbai,19.002197112414823,72.86461523321839,6309.9,236.0,1036.0,1641.9,11700.0,0.432,0.468,0.109,0.297,railway,73.4,99.0,56.8,2.53,2.35,0.45,43.8,32.0
NS-0314,M Ward,Mumbai,19.024460760953758,72.89175146869307,32110.6,1247.0,5316.0,1655.5,11000.0,0.482,0.427,0.137,0.328,CRZ,61.9,99.0,74.7,0.94,3.2,0.93,72.2,16.0
NS-0315,Kalyan East,Kalyan,19.213248524615132,73.12479048389531,14170.0,336.0,1690.0,1192.7,13200.0,0.406,0.314,0.224,0.402,state,52.5,99.0,43.3,1.23,1.26,0.35,74.9,7.0
NS-0316,Thane West,Thane,19.20937527114209,72.99753673127623,9630.1,282.0,1164.0,1208.7,22100.0,0.28,0.236,0.05,0.194,private,37.6,99.0,32.0,0.4,0.99,1.9,95.4,29.0
NS-0317,M Ward,Mumbai,19.007839865634622,72.89664016905134,12655.6,335.0,1203.0,950.6,22800.0,0.351,0.088,0.065,0.221,state,14.2,99.0,22.5,0.27,2.57,1.79,85.5,31.0
NS-0318,Thane West,Thane,19.224324726215062,72.9849059876137,96253.5,2800.0,13379.0,1390.0,12300.0,0.314,0.403,0.13,0.337,private,69.2,99.0,54.0,1.94,2.59,3.02,71.4,4.0
NS-0319,L Ward,Mumbai,19.056551555075742,72.88399213404045,74952.5,2596.0,11349.0,1514.2,5300.0,0.482,0.453,0.182,0.101,state,48.8,99.0,65.1,,2.64,0.78,82.6,11.0
NS-0320,Ambarnath,Ambarnath,19.191002227951476,73.17414310006768,9358.5,399.0,1440.0,1538.7,13300.0,0.355,0.384,0.236,0.302,state,,99.0,41.6,0.66,1.51,0.34,90.1,22.0
NS-0321,Thane East,Thane,19.191638311492866,73.05048595597,,1023.0,4077.0,1049.1,18300.0,0.279,0.094,0.071,0.408,state,15.5,99.0,25.4,3.79,2.75,0.31,88.3,14.0
NS-0322,Thane West,Thane,19.249642946027368,72.98148189018585,7248.6,256.0,1158.0,1597.5,20000.0,0.169,0.03,0.196,0.313,state,3.0,99.0,30.4,2.17,2.96,3.28,85.8,10.0
NS-0323,Kalyan West,Kalyan,19.24003201184193,73.1299490309459,29045.3,989.0,4349.0,1497.3,11500.0,0.425,0.485,0.197,0.03,state,64.8,99.0,65.5,1.62,0.99,,76.5,38.0
NS-0324,Thane East,Thane,19.211080637202727,73.03597038697221,25991.9,,4862.0,1870.6,24500.0,0.232,0.18,0.196,0.369,private,23.5,99.0,21.8,0.87,1.01,0.05,98.0,31.0
NS-0325,S Ward,Mumbai,19.148745824989298,72.93491221484378,6685.3,193.0,865.0,1293.9,21300.0,0.32,0.176,0.246,0.144,forest,52.6,99.0,33.8,0.71,2.29,0.42,75.8,15.0
NS-0326,M Ward,Mumbai,19.00215541525072,72.8918297257241,25792.7,657.0,3291.0,1275.9,8900.0,0.422,,0.238,0.256,state,72.9,99.0,58.0,,2.14,1.43,89.0,29.0
NS-0327,M Ward,Mumbai,19.01515060792019,72.89281830223032,5491.8,169.0,917.0,1669.7,20500.0,0.299,0.254,0.29,0.254,state,49.6,99.0,47.4,2.71,2.89,0.26,98.0,40.0
NS-0328,L Ward,Mumbai,19.03915392708014,72.87415202657228,75318.0,1813.0,7555.0,1003.1,9600.0,0.328,0.241,0.164,0.783,private,,99.0,49.2,0.67,2.53,0.35,68.5,50.0
NS-0329,S Ward,Mumbai,19.159535594094425,72.95559259073636,18261.0,535.0,2540.0,1390.9,10200.0,0.296,0.315,0.094,0.322,private,,99.0,29.1,1.26,4.03,1.43,72.2,4.0
NS-0330,L Ward,Mumbai,19.03825617059857,,,1250.0,5422.0,1282.7,9900.0,0.464,0.461,0.158,0.344,state,70.7,99.0,65.1,1.22,2.24,0.16,66.0,
NS-0331,Thane East,Thane,19.194917867115763,,14216.6,617.0,2999.0,2109.5,6400.0,0.518,0.461,0.247,0.312,railway,53.5,99.0,63.6,0.49,1.44,2.29,41.8,31.0
NS-0332,Ambarnath,Ambarnath,19.154473446850254,73.1884838166637,11097.6,268.0,1148.0,1034.5,9800.0,0.367,0.3,0.067,0.061,private,45.9,99.0,30.3,1.15,2.61,0.72,67.9,14.0
NS-0333,M Ward,Mumbai,19.05547186672111,72.88389978084976,29771.9,697.0,3290.0,1105.1,15300.0,0.296,0.123,0.393,,state,25.0,99.0,18.3,3.07,0.86,1.58,73.6,20.0
NS-0334,M Ward,Mumbai,18.98811531628833,72.87107003991726,28087.0,1054.0,4278.0,1523.1,10500.0,0.275,0.285,0.132,0.124,railway,32.7,99.0,39.5,1.48,2.27,,,13.0
NS-0335,S Ward,Mumbai,19.143720544753116,72.91068317935503,48242.0,1554.0,7005.0,1452.1,14900.0,0.325,,0.233,0.266,forest,52.1,99.0,55.1,0.87,0.97,0.69,64.9,37.0
NS-0336,M Ward,Mumbai,19.00741891676307,72.88075218433309,6289.8,171.0,636.0,,19800.0,0.457,0.366,0.068,0.243,forest,35.8,99.0,68.6,1.06,3.76,0.72,,47.0
NS-0337,L Ward,Mumbai,19.073030339180825,72.88612651321503,21785.6,690.0,3362.0,1543.2,9900.0,0.364,0.375,0.134,0.306,private,54.5,99.0,53.5,3.07,1.49,0.05,62.2,34.0
NS-0338,M Ward,Mumbai,18.999135755006982,72.88943219061095,40671.7,1309.0,5295.0,1301.9,11500.0,0.292,0.27,0.123,0.29,railway,34.1,99.0,46.4,2.13,2.96,0.72,45.3,22.0
NS-0339,L Ward,Mumbai,19.01432228377337,72.89942423631784,15836.3,484.0,2426.0,1531.9,5000.0,0.414,0.462,0.274,0.399,state,59.2,99.0,46.3,2.02,1.01,5.04,64.2,29.0
NS-0340,Ambarnath,Ambarnath,19.180688345103647,73.19542370297874,17069.4,563.0,2130.0,1247.9,8900.0,0.238,,,0.232,state,39.0,99.0,35.4,0.54,2.26,2.14,75.2,31.0
NS-0341,M Ward,Mumbai,19.013623399090374,72.87190859467701,7764.2,278.0,1177.0,1515.9,14900.0,0.439,0.459,0.18,0.352,CRZ,60.7,99.0,65.5,1.31,4.2,0.57,79.0,48.0
NS-0342,Kalyan East,Kalyan,19.255540147390313,73.11961246366205,,,2515.0,1244.9,8900.0,0.614,0.479,0.238,,state,46.3,,,0.06,1.5,1.04,91.8,21.0
NS-0343,Thane West,Thane,19.22576911409722,72.98817066759545,29018.7,1218.0,5066.0,1745.8,24100.0,0.4,0.311,0.234,0.221,state,68.0,99.0,29.4,3.73,0.89,0.84,94.0,43.0
NS-0344,L Ward,Mumbai,19.05772665870038,72.92278062885862,25222.8,889.0,4035.0,1599.7,17800.0,0.31,0.159,0.206,0.468,private,16.8,99.0,21.6,0.84,2.77,0.94,70.8,7.0
NS-0345,M Ward,Mumbai,19.016386123512394,72.87269405566215,14005.8,587.0,1837.0,,19800.0,0.482,0.336,0.175,0.3,private,28.7,99.0,51.5,1.64,0.62,0.25,66.5,19.0
NS-0346,Thane West,Thane,19.218594850207648,73.00298984526746,25254.7,847.0,,1229.1,12100.0,0.35,0.293,0.21,0.269,forest,29.9,99.0,21.8,0.81,0.67,2.94,,36.0
NS-0347,M Ward,Mumbai,19.009178067502553,72.88166969264982,20617.3,498.0,2326.0,,20100.0,0.276,0.122,0.168,0.17,state,3.0,99.0,43.2,1.45,3.93,0.86,90.9,
NS-0348,Ulhasnagar,Ulhasnagar,19.20803407022983,73.15990632848768,21893.5,546.0,2254.0,1029.5,11300.0,0.183,0.161,0.194,0.109,state,18.4,99.0,20.1,2.89,2.32,1.68,73.4,6.0
NS-0349,Kalyan East,Kalyan,19.21861906867014,73.15665033732817,11025.3,468.0,1479.0,1341.5,6900.0,0.358,0.329,0.05,0.323,private,43.1,99.0,37.4,1.81,1.0,0.7,49.1,20.0
NS-0350,Thane West,Thane,19.20961409458192,72.99154760664142,7616.5,240.0,845.0,1109.4,24000.0,0.481,0.339,0.154,0.03,state,47.7,99.0,47.6,0.62,0.47,0.54,60.0,55.0
NS-0351,M Ward,Mumbai,19.019262279768856,72.9122710684556,9730.7,,1640.0,1685.4,,0.345,0.307,0.209,0.257,private,50.6,99.0,35.4,,1.88,0.44,72.1,53.0
NS-0352,Ulhasnagar,Ulhasnagar,19.20778139372142,73.17266063141045,4588.7,119.0,426.0,928.4,17600.0,0.485,0.475,0.082,0.47,railway,55.3,99.0,45.5,0.23,5.5,1.77,56.8,35.0
NS-0353,M Ward,Mumbai,18.98725512054468,72.86411653204979,16508.0,444.0,2480.0,1502.3,5300.0,0.271,0.264,0.126,,private,51.1,99.0,43.8,1.36,1.94,1.05,90.3,25.0
NS-0354,Kalyan West,Kalyan,19.233440362977557,73.14930248842198,11317.9,299.0,1193.0,1054.1,16400.0,0.409,0.294,0.062,0.16,CRZ,,99.0,37.2,0.45,9.38,0.58,92.5,6.0
NS-0355,S Ward,Mumbai,19.12961787304633,,15346.4,365.0,1885.0,1228.3,15500.0,0.503,0.393,0.05,0.03,railway,33.6,99.0,59.6,1.92,1.07,,37.4,55.0
NS-0356,Kalyan West,Kalyan,19.22536500924853,73.12621775177337,6279.8,157.0,672.0,1070.1,19700.0,0.263,0.274,0.284,0.269,railway,46.8,99.0,53.0,2.43,2.27,1.29,30.2,29.0
NS-0357,Ambarnath,Ambarnath,19.215859247783733,73.16565220073187,26248.3,650.0,3504.0,1334.9,18600.0,0.341,0.296,0.1,0.298,private,46.2,99.0,18.2,0.98,1.36,0.21,74.6,42.0
NS-0358,S Ward,Mumbai,19.144061344148746,72.90639852866,34076.7,1144.0,5589.0,1640.1,8500.0,0.355,,0.252,0.441,state,56.0,99.0,42.7,0.93,1.45,0.55,57.6,5.0
NS-0359,M Ward,Mumbai,18.9937777499207,72.87970752688983,26734.1,907.0,4077.0,1525.0,,0.355,0.424,0.084,0.452,CRZ,,99.0,60.7,1.47,0.55,1.22,74.1,42.0
NS-0360,M Ward,Mumbai,18.998405840806214,72.87629490107801,,245.0,1338.0,1607.6,10000.0,0.584,0.496,0.198,0.03,private,59.9,99.0,43.0,0.27,0.82,2.05,51.1,47.0
NS-0361,M Ward,Mumbai,18.993333050788937,72.8851697280106,16051.3,393.0,1840.0,1146.3,14600.0,0.346,0.328,0.13,0.344,private,36.3,99.0,35.0,1.19,2.73,1.19,79.0,26.0
NS-0362,M Ward,Mumbai,19.027003707210465,72.90004838933989,79076.0,2447.0,12886.0,1629.6,11300.0,0.412,0.334,0.216,0.305,state,74.4,99.0,43.4,1.97,3.77,1.42,87.1,31.0
NS-0363,Kalyan West,Kalyan,19.262790248120208,73.1372909638621,6718.6,194.0,864.0,1286.0,19300.0,0.404,0.287,0.193,0.122,forest,35.3,99.0,43.8,2.82,2.32,0.53,76.1,5.0
NS-0364,Thane West,Thane,19.19946682953565,72.9646426830691,15214.9,564.0,2453.0,1612.2,8000.0,0.355,0.39,0.132,0.277,state,,99.0,58.7,0.65,,0.3,98.0,
NS-0365,M Ward,Mumbai,19.00599076365296,72.86041414106984,16283.8,401.0,1744.0,1071.0,28600.0,0.116,0.152,0.221,0.425,forest,3.0,99.0,37.4,2.89,1.67,1.82,51.1,20.0
NS-0366,Thane West,Thane,19.217734021379265,72.96651779000983,17853.9,427.0,1853.0,1037.9,19400.0,0.407,0.35,0.182,0.202,railway,66.4,99.0,60.3,,3.75,1.73,61.1,9.0
NS-0367,M Ward,Mumbai,19.025369361673494,72.86052643686745,17369.6,468.0,1681.0,967.8,13900.0,0.532,0.433,0.106,0.422,state,45.6,99.0,36.9,0.59,0.63,0.86,,7.0
NS-0368,Thane East,Thane,19.204764391657537,73.0220726492484,10748.3,258.0,1201.0,1117.4,17100.0,0.185,0.185,0.343,0.326,forest,44.5,99.0,32.2,3.93,1.65,1.22,55.7,45.0
NS-0369,Thane West,Thane,19.23682783523408,73.01184170270835,8141.1,289.0,1070.0,1314.3,21400.0,0.395,0.321,0.209,0.142,state,24.4,99.0,37.8,1.36,1.78,2.95,79.8,27.0
NS-0370,M Ward,Mumbai,19.008443872029154,72.83486776380617,23321.9,777.0,3573.0,1532.0,9100.0,0.625,0.689,0.228,0.374,private,91.1,99.0,67.8,,2.31,1.99,87.7,25.0
NS-0371,M Ward,Mumbai,18.97748289417848,72.84203877678652,35247.9,1441.0,7902.0,2241.8,16100.0,0.402,0.303,0.167,0.437,state,60.9,99.0,57.5,0.67,1.89,1.22,71.7,29.0
NS-0372,Thane East,Thane,19.212053085840804,73.0300517466315,4610.5,141.0,630.0,1366.4,9000.0,0.459,0.449,0.08,0.319,private,48.9,99.0,48.7,4.11,2.82,1.78,82.6,7.0
NS-0373,L Ward,Mumbai,19.07440661757726,72.92105857702354,11896.8,416.0,1641.0,1379.4,17900.0,0.296,0.345,0.219,0.459,railway,53.8,99.0,37.8,0.66,6.08,1.06,42.7,4.0
NS-0374,M Ward,Mumbai,18.978710558591775,72.86988231152365,13665.6,349.0,1346.0,985.0,12500.0,0.357,0.333,0.096,0.444,CRZ,60.7,99.0,30.2,0.48,3.32,1.58,73.9,38.0
NS-0375,M Ward,Mumbai,19.014645009739777,72.8702090168476,6312.0,173.0,669.0,1059.9,12800.0,0.273,0.298,,0.171,state,57.1,99.0,33.3,1.51,1.67,1.31,94.9,5.0
NS-0376,Kalyan East,Kalyan,19.229526408870612,73.16985487900833,6881.2,180.0,655.0,951.9,18700.0,0.332,0.307,0.111,0.266,state,37.8,99.0,15.3,1.4,0.31,1.0,70.4,21.0
NS-0377,Thane East,Thane,19.185342695911,73.01983411113233,10093.7,,1006.0,996.7,16000.0,0.398,0.287,0.137,0.147,private,27.2,99.0,27.5,0.56,1.06,0.95,76.4,43.0
NS-0378,S Ward,Mumbai,19.15552773934368,72.94307739749779,15187.8,512.0,2217.0,1459.7,24700.0,0.235,0.208,0.059,0.218,private,39.6,99.0,48.3,,1.38,0.53,70.8,6.0
NS-0379,Kalyan West,Kalyan,19.218162255324142,73.11061247069641,6695.2,221.0,963.0,1438.4,11100.0,0.306,0.093,0.101,0.084,state,8.4,99.0,44.2,0.68,1.57,1.94,62.0,32.0
NS-0380,Thane East,Thane,19.177782338078405,73.03466598391,20754.6,485.0,2431.0,1171.3,17100.0,0.422,0.293,0.103,0.139,state,56.3,99.0,39.1,0.93,0.98,0.5,95.0,19.0
NS-0381,L Ward,Mumbai,19.06458642609164,,30136.2,1137.0,,1678.0,7900.0,,0.397,0.253,0.151,state,65.7,99.0,41.9,0.47,0.64,2.43,78.4,52.0
NS-0382,Thane West,Thane,,72.93790294428743,11672.8,486.0,2366.0,2026.9,5000.0,0.396,0.45,,0.074,private,64.9,99.0,55.6,0.61,0.53,0.61,69.8,36.0
NS-0383,Thane West,Thane,19.216260876219668,72.96282425723841,38591.2,1129.0,5902.0,1529.4,18400.0,0.329,0.289,0.203,0.402,railway,45.5,99.0,34.1,2.41,2.16,1.37,63.1,47.0
NS-0384,M Ward,Mumbai,19.019058626914624,72.86773253256901,19339.5,474.0,2061.0,1065.7,5900.0,0.41,0.342,0.209,0.137,private,63.9,,54.7,3.71,1.3,0.31,70.8,7.0
NS-0385,Thane East,Thane,19.217936529657052,73.01492611646299,,636.0,2656.0,1229.8,22300.0,0.431,0.352,0.159,0.332,private,57.6,99.0,48.0,1.05,2.28,0.37,86.7,53.0
NS-0386,Kalyan East,Kalyan,19.267911077718693,73.15090781371183,39140.3,,4165.0,1064.1,14400.0,0.374,0.264,0.114,0.146,state,49.2,99.0,38.0,1.44,0.73,1.21,62.4,57.0
NS-0387,Thane East,Thane,19.183305326093926,73.00570563901333,14320.4,338.0,1624.0,1134.1,15800.0,0.344,0.362,0.115,0.15,private,,99.0,40.2,0.53,4.84,0.79,88.4,9.0
NS-0388,Thane East,Thane,19.196791704515682,73.01984839681255,18730.0,704.0,3407.0,1819.0,8500.0,0.321,0.162,0.193,0.314,railway,53.8,,41.0,2.57,4.01,1.71,32.0,57.0
NS-0389,S Ward,Mumbai,19.120618190957373,72.92409492802736,8374.0,212.0,785.0,937.4,10500.0,0.151,0.171,0.092,0.183,state,9.6,99.0,40.5,2.71,0.87,0.46,76.3,55.0
NS-0390,Kalyan East,Kalyan,19.19463880659227,73.14823986334305,18590.5,434.0,1951.0,1049.5,15400.0,0.334,0.444,0.134,0.207,state,71.8,,55.0,1.98,1.67,0.81,61.7,53.0
NS-0391,M Ward,Mumbai,19.006384588840938,72.89216929288916,10785.5,319.0,1293.0,1198.8,11400.0,0.531,0.478,,,railway,74.1,99.0,49.0,1.5,1.1,1.9,58.1,44.0
NS-0392,L Ward,Mumbai,19.092615260577514,72.87705961421334,20816.2,534.0,2547.0,1223.6,22700.0,0.132,0.03,0.183,0.421,state,,99.0,21.7,0.42,0.92,1.37,78.7,47.0
NS-0393,M Ward,Mumbai,19.000375235157463,72.87936397160827,32685.6,911.0,4434.0,1356.6,26800.0,0.242,0.168,0.246,0.19,forest,26.3,99.0,33.3,3.16,0.49,0.53,46.3,30.0
NS-0394,M Ward,Mumbai,19.003117945958675,72.86130634614621,40196.9,1313.0,6563.0,,13800.0,0.361,0.284,0.133,0.111,state,65.9,99.0,44.5,0.81,0.43,1.09,64.3,14.0
NS-0395,M Ward,Mumbai,19.041686981702668,72.89217563803163,21533.2,682.0,2554.0,1186.1,26400.0,0.329,0.182,0.111,0.386,private,20.4,99.0,25.9,1.0,0.99,1.36,69.6,3.0
NS-0396,L Ward,Mumbai,19.08528529637259,72.89374548540081,20540.3,601.0,2631.0,1280.9,10100.0,0.284,0.26,0.323,0.059,state,22.5,99.0,58.0,1.48,1.56,0.89,66.6,36.0
NS-0397,Kalyan West,Kalyan,19.22326558451367,73.11443205481416,21853.0,574.0,2817.0,1289.1,15600.0,0.275,0.199,,0.281,private,23.2,99.0,44.7,2.79,1.26,1.42,70.2,51.0
NS-0398,Thane West,Thane,19.19634371562283,72.99566603865047,12222.9,297.0,1173.0,959.7,31000.0,0.336,0.194,0.245,0.164,state,,99.0,40.9,0.37,4.02,0.52,64.4,40.0
NS-0399,Kalyan West,Kalyan,19.253799697830033,73.11916980628601,16354.7,393.0,1693.0,1035.2,23200.0,0.469,0.248,0.222,0.19,state,70.2,99.0,34.4,1.2,0.76,1.72,88.3,55.0
NS-0400,M Ward,Mumbai,18.978471474565143,72.85584182122192,7773.9,230.0,1086.0,,8300.0,0.298,0.41,0.257,0.378,state,42.7,99.0,38.7,0.87,2.4,2.04,98.0,12.0
NS-0401,M Ward,Mumbai,19.00903065170588,72.86842360017627,21919.0,696.0,2898.0,1322.1,26600.0,0.277,0.242,0.167,0.235,CRZ,6.2,99.0,,4.74,0.95,1.69,81.1,55.0
NS-0402,Ambarnath,Ambarnath,19.123488786634834,,6820.8,,801.0,1174.3,5200.0,0.32,,0.231,,railway,,99.0,49.4,0.53,1.39,1.72,44.9,51.0
NS-0403,M Ward,Mumbai,18.996855850762078,72.8689380330658,12055.8,518.0,2247.0,1863.8,14400.0,0.203,0.158,0.183,0.541,state,3.0,99.0,27.7,,1.37,1.68,78.7,51.0
NS-0404,L Ward,Mumbai,19.069257245422484,72.88259391622742,6697.5,262.0,1289.0,1924.6,11000.0,0.452,0.336,0.126,0.434,railway,49.6,99.0,61.5,1.89,0.79,3.54,21.6,3.0
NS-0405,M Ward,Mumbai,19.015766847580114,72.89435036223512,27004.5,693.0,2617.0,969.1,11200.0,0.516,0.465,0.25,0.62,forest,48.3,99.0,50.2,1.21,0.45,,39.6,18.0
NS-0406,Kalyan East,Kalyan,19.243048553756072,73.17724990185708,,167.0,785.0,1116.3,8900.0,0.351,0.386,0.354,0.347,state,61.1,99.0,36.0,3.54,4.23,0.35,73.5,24.0
NS-0407,M Ward,Mumbai,19.005324232293603,72.87958756737399,33321.8,1297.0,6136.0,1841.4,9500.0,0.406,0.323,0.131,0.267,private,45.2,99.0,46.8,0.47,,1.12,90.2,55.0
NS-0408,S Ward,Mumbai,19.16296120956306,72.93084497762048,37321.1,1051.0,4707.0,1261.2,14500.0,0.45,0.391,0.153,0.295,CRZ,60.2,99.0,56.0,1.59,,1.18,75.9,53.0
NS-0409,S Ward,Mumbai,19.130532211047058,72.92973212316522,15703.2,487.0,1849.0,1177.5,15100.0,0.236,0.195,0.181,0.183,state,23.7,99.0,41.5,0.29,0.76,0.37,80.8,56.0
NS-0410,Thane East,Thane,19.20363073642402,73.01259301923628,53062.6,1451.0,6585.0,1241.0,19400.0,0.296,0.257,0.076,0.127,private,36.4,99.0,51.2,0.67,4.48,1.73,98.0,46.0
NS-0411,M Ward,Mumbai,19.03308471584013,72.86508935185537,,583.0,2277.0,1272.7,11000.0,0.418,0.283,0.29,0.318,forest,37.6,99.0,56.9,,4.84,0.23,29.9,55.0
NS-0412,Kalyan West,Kalyan,19.239724525143533,73.08376219507348,36277.7,909.0,4321.0,1191.1,13200.0,0.529,0.417,0.226,0.356,state,61.9,99.0,55.5,1.95,0.86,0.86,84.9,15.0
NS-0413,M Ward,Mumbai,19.046228549251275,72.8774453499694,20184.6,844.0,2849.0,1411.5,22100.0,0.445,0.187,0.128,0.205,CRZ,46.5,99.0,39.0,3.76,,0.69,84.3,16.0
NS-0414,Thane West,Thane,19.231549041619225,72.98062217573766,9339.1,285.0,1275.0,1365.2,9600.0,0.294,0.293,0.125,0.309,CRZ,46.2,99.0,29.3,2.07,1.4,0.24,83.0,37.0
NS-0415,Thane West,Thane,19.222969075871685,72.9851393801185,18438.9,664.0,2829.0,1534.3,8900.0,0.485,0.492,0.247,0.236,state,67.4,99.0,,1.36,3.54,1.12,97.0,35.0
NS-0416,Thane West,Thane,19.239600490501505,72.97347204508796,8950.9,341.0,1503.0,1679.2,16300.0,0.481,0.451,0.162,,private,56.8,99.0,35.0,0.49,1.95,1.95,81.2,45.0
NS-0417,Kalyan East,Kalyan,19.248718851014786,73.12913666860716,43317.8,1138.0,4795.0,1106.9,12800.0,0.521,0.507,0.135,0.151,private,84.6,99.0,61.0,1.94,2.68,2.21,47.3,38.0
NS-0418,Thane East,Thane,19.223392623027376,73.03428138121171,10690.6,396.0,1735.0,1622.9,19600.0,,0.314,0.19,0.132,state,32.9,99.0,41.4,2.31,1.86,0.18,67.0,51.0
NS-0419,S Ward,Mumbai,19.12428790389456,72.96146116802734,13377.4,527.0,2135.0,1596.0,10100.0,0.421,0.382,0.268,0.489,railway,73.4,99.0,55.7,1.09,1.56,1.47,57.4,23.0
NS-0420,L Ward,Mumbai,19.051635616204486,,32956.0,1125.0,5139.0,1559.4,17500.0,0.269,0.181,0.276,0.163,forest,30.1,99.0,24.8,1.06,1.36,0.34,55.8,42.0
NS-0421,M Ward,Mumbai,19.008413646327345,72.87834289809454,5347.1,185.0,861.0,1610.2,16900.0,0.391,0.205,0.116,0.369,state,44.1,99.0,55.6,2.18,1.93,0.83,81.5,18.0
NS-0422,L Ward,Mumbai,19.06447560218751,72.89324854804177,10637.3,267.0,1147.0,1078.3,20300.0,0.371,0.428,0.216,0.343,private,68.3,99.0,59.3,2.76,1.78,1.43,,5.0
NS-0423,Kalyan West,Kalyan,19.226655730579427,73.13769214808522,46164.7,1374.0,6286.0,1361.6,18500.0,0.278,0.134,0.063,0.226,private,17.7,99.0,8.0,0.95,1.54,0.6,67.3,38.0
NS-0424,Thane East,Thane,19.188196216925242,73.03414465313766,36937.6,925.0,3836.0,1038.5,12100.0,0.426,0.334,0.204,0.03,private,44.6,99.0,42.0,1.35,4.57,0.08,69.3,28.0
NS-0425,Thane East,Thane,19.184079126690154,72.99593423107231,14419.1,493.0,2278.0,1579.9,,0.33,0.21,0.247,0.419,state,17.3,99.0,,2.21,2.74,0.75,69.2,32.0
NS-0426,Thane West,Thane,19.23112927874933,72.99985177712057,22133.0,598.0,2623.0,1185.1,18500.0,0.266,,0.198,,state,3.0,99.0,32.6,1.22,2.51,1.55,73.5,33.0
NS-0427,M Ward,Mumbai,18.984612215318425,72.87184450903227,17168.2,416.0,1524.0,887.7,10800.0,0.392,0.358,0.108,0.456,railway,68.3,99.0,49.6,,4.15,0.5,53.4,24.0
NS-0428,Kalyan West,Kalyan,,73.11796284496975,,105.0,464.0,1168.6,5000.0,,0.45,0.221,0.167,private,,99.0,26.4,0.69,2.07,0.3,69.5,7.0
NS-0429,S Ward,Mumbai,19.132054826666085,72.95660531373686,15239.8,428.0,1748.0,1147.0,25300.0,0.358,0.227,0.192,0.079,private,,99.0,28.7,1.82,,0.81,86.5,33.0
NS-0430,Ulhasnagar,Ulhasnagar,19.238952231366845,73.13974856640847,4183.8,100.0,,1173.6,11200.0,0.48,,0.276,0.343,private,33.7,99.0,49.8,0.65,1.74,,64.8,46.0
NS-0431,M Ward,Mumbai,18.9879757833908,72.8889014966439,28779.3,999.0,4184.0,1453.8,20200.0,0.222,0.161,0.175,0.415,state,3.0,99.0,25.3,1.59,1.68,0.39,88.3,46.0
NS-0432,Kalyan East,Kalyan,19.21727383680567,73.14183315161993,21110.8,850.0,3505.0,1660.3,13300.0,0.201,0.156,0.05,0.172,private,30.1,99.0,49.2,2.68,1.0,0.67,77.0,5.0
NS-0433,Thane West,Thane,19.188141294028377,72.95630815285817,12468.1,,1479.0,1186.2,8600.0,0.39,0.467,0.18,0.118,private,,99.0,54.2,0.13,5.79,1.83,69.1,12.0
NS-0434,Kalyan East,Kalyan,19.214339005122607,73.16177643431314,25718.3,857.0,3605.0,1401.7,18300.0,0.206,0.132,0.374,0.223,forest,15.0,99.0,25.3,2.57,2.4,1.77,43.6,33.0
NS-0435,Kalyan West,Kalyan,19.225233457064,73.14050526459538,5686.0,183.0,713.0,1254.0,12600.0,0.352,0.326,0.195,0.411,private,79.5,99.0,43.8,0.29,6.49,0.35,86.3,
NS-0436,S Ward,Mumbai,19.133852749220292,72.95027185243329,32980.9,1290.0,5499.0,1667.3,11300.0,0.508,0.404,0.179,0.272,railway,47.8,99.0,48.9,1.13,2.14,1.44,50.7,4.0
NS-0437,M Ward,Mumbai,19.030341265872686,72.8602292579309,43286.2,1069.0,4831.0,1116.1,23700.0,0.276,0.165,0.178,0.105,railway,8.6,99.0,31.6,2.09,3.34,0.54,53.7,28.0
NS-0438,Ambarnath,Ambarnath,,73.20077659201263,11561.7,433.0,2045.0,1768.8,7200.0,0.509,0.521,0.294,0.03,state,83.3,99.0,62.3,1.41,0.74,1.32,70.1,5.0
NS-0439,Ambarnath,Ambarnath,19.21568597903383,73.19671438883022,25702.9,688.0,2776.0,1080.0,17700.0,0.357,0.268,0.189,0.179,private,9.8,99.0,52.2,0.58,0.18,0.14,,26.0
NS-0440,Thane West,Thane,19.163038216496716,72.9727668395489,6283.4,,868.0,1381.4,21000.0,0.385,0.251,0.224,0.389,state,47.3,99.0,47.7,2.2,1.67,0.22,84.2,21.0
NS-0441,Kalyan West,Kalyan,19.239651717268643,,31509.9,1024.0,5436.0,1725.2,16600.0,0.302,0.157,0.229,0.13,CRZ,32.4,99.0,41.0,1.35,0.26,0.43,92.9,33.0
NS-0442,L Ward,Mumbai,19.08975299910186,,14230.8,454.0,1665.0,1170.0,17400.0,0.49,0.426,0.178,0.521,private,33.7,99.0,59.2,0.77,,1.25,78.5,19.0
NS-0443,S Ward,Mumbai,19.16937180769839,72.94427826805213,16939.0,439.0,1930.0,1139.4,17800.0,0.186,0.09,0.145,0.256,state,11.9,99.0,23.1,2.43,1.41,0.71,86.0,32.0
NS-0444,L Ward,Mumbai,19.058260325735112,72.9407058039146,51473.4,1339.0,,1217.3,18800.0,0.314,0.329,0.242,,railway,43.4,99.0,42.4,1.5,2.37,1.78,41.9,5.0
NS-0445,L Ward,Mumbai,19.040786128607657,72.91566347131891,13484.5,328.0,1347.0,,22100.0,0.258,0.171,0.178,0.481,private,6.9,99.0,29.6,1.46,,1.85,61.5,40.0
NS-0446,Thane West,Thane,19.246966985397574,72.97506637044859,8202.3,234.0,995.0,1213.1,14900.0,0.309,0.317,0.17,0.272,railway,25.3,99.0,34.3,1.4,1.59,0.21,,24.0
NS-0447,L Ward,Mumbai,19.03532221042482,72.88625536671418,37956.2,1258.0,5473.0,1441.9,16200.0,0.377,0.285,0.141,0.211,private,51.5,99.0,,0.51,3.76,0.16,76.1,14.0
NS-0448,M Ward,Mumbai,19.01167360480793,72.89683721670501,10865.1,377.0,1915.0,1762.5,18800.0,0.254,0.079,0.191,0.4,state,4.5,99.0,33.5,2.22,4.09,0.32,90.6,41.0
NS-0449,Thane West,Thane,19.21811393834567,72.96215617121507,10258.4,258.0,1343.0,1309.2,5000.0,0.429,0.331,0.195,0.256,forest,49.2,,41.1,1.4,5.81,1.79,52.0,38.0
NS-0450,M Ward,Mumbai,19.04082691622749,72.89768968775671,31148.0,953.0,3904.0,1253.4,14200.0,0.401,0.333,0.306,0.454,state,75.1,99.0,,0.57,1.53,1.2,92.4,37.0
NS-0451,M Ward,Mumbai,19.015617274251298,72.88735338274188,16982.1,538.0,2479.0,1459.8,12700.0,0.456,0.393,0.196,0.18,state,39.8,99.0,44.3,1.01,3.57,1.23,72.6,40.0
NS-0452,S Ward,Mumbai,19.1388938183278,72.95546302017077,22560.9,623.0,2822.0,1250.8,18700.0,0.173,0.144,0.203,0.391,state,23.6,,32.4,1.39,3.55,0.53,94.0,48.0
NS-0453,Thane East,Thane,19.205523284397685,,30275.1,846.0,3573.0,1180.2,20500.0,0.285,0.12,0.138,0.208,CRZ,22.4,99.0,26.7,0.86,0.49,0.79,78.3,50.0
NS-0454,Thane East,Thane,19.19430813439117,73.02721307510588,23948.6,837.0,3624.0,1513.2,16500.0,0.334,0.291,0.273,0.392,state,55.5,99.0,68.8,0.86,2.86,0.7,91.7,26.0
NS-0455,Thane West,Thane,19.219261403594587,72.97860754073128,21110.8,589.0,2719.0,1288.0,,0.475,0.356,0.143,0.147,private,42.5,99.0,37.2,1.94,4.55,1.65,68.5,39.0
NS-0456,S Ward,Mumbai,19.128649208983923,,12524.9,510.0,1982.0,1582.5,11800.0,0.506,0.468,0.363,0.059,forest,65.4,99.0,36.2,0.68,3.86,0.55,51.7,21.0
NS-0457,S Ward,Mumbai,19.149798461004256,72.92880722678463,19280.3,455.0,2132.0,1105.8,17700.0,0.522,0.368,0.223,0.426,state,42.4,,61.0,5.41,0.45,2.81,91.5,51.0
NS-0458,M Ward,Mumbai,19.016765833114743,72.88442096810039,29127.0,684.0,2667.0,915.6,11200.0,0.342,0.37,0.218,0.47,private,45.6,99.0,50.2,1.41,2.71,0.8,67.2,19.0
NS-0459,Thane West,Thane,19.212754739738877,72.95317648171793,11620.5,442.0,2026.0,1743.5,6500.0,0.435,0.396,0.289,0.214,state,60.9,99.0,54.2,2.09,2.93,1.41,74.6,17.0
NS-0460,L Ward,Mumbai,,72.88519361570329,12259.9,329.0,1683.0,1372.8,12500.0,0.348,0.367,0.225,0.175,forest,49.0,99.0,59.1,1.79,1.25,2.59,57.3,20.0
NS-0461,Kalyan East,Kalyan,19.247010876386128,73.10743226517256,9280.1,235.0,1103.0,1188.6,15500.0,0.472,0.407,0.139,0.072,state,22.9,99.0,48.9,4.69,0.89,0.18,73.9,32.0
NS-0462,S Ward,Mumbai,19.124385763184463,72.95940873299138,62608.1,1587.0,7912.0,1263.7,18800.0,0.192,0.154,0.105,0.244,forest,3.0,99.0,31.3,2.05,1.16,2.04,64.1,52.0
NS-0463,S Ward,Mumbai,19.15007214265339,72.94633963699513,44803.2,1726.0,7070.0,1578.0,14800.0,0.435,0.473,,0.452,state,78.5,99.0,52.8,0.4,0.78,1.31,95.8,4.0
NS-0464,S Ward,Mumbai,19.144510164198813,72.88769495412407,18862.3,509.0,2399.0,1271.9,19100.0,0.439,0.356,0.145,0.392,private,55.0,99.0,,0.84,3.02,2.07,75.4,40.0
NS-0465,L Ward,Mumbai,19.049023013047645,72.88336784072244,13660.9,529.0,2777.0,2032.8,15700.0,0.402,0.52,0.218,0.444,forest,54.6,99.0,66.8,4.53,4.72,0.54,50.2,5.0
NS-0466,Ulhasnagar,Ulhasnagar,19.236919904882022,73.15011174009231,31058.7,1005.0,4663.0,1501.3,9400.0,0.484,0.575,0.18,0.089,private,77.2,99.0,60.2,0.93,3.49,0.2,68.5,49.0
NS-0467,M Ward,Mumbai,18.987506902602494,72.93013152319628,16751.6,532.0,2645.0,1579.0,12300.0,,0.484,0.158,0.044,forest,53.5,99.0,,0.62,1.6,0.11,37.3,3.0
NS-0468,Thane West,Thane,19.219925585889207,73.00101037896872,27429.7,928.0,4545.0,1657.0,11700.0,0.495,,0.235,0.29,private,59.2,99.0,,2.49,1.46,0.13,83.2,54.0
NS-0469,Thane East,Thane,19.1992286692153,73.03420400655503,30293.4,1031.0,4370.0,1442.6,,0.449,0.393,,0.281,state,54.2,99.0,57.1,,1.12,1.05,87.7,51.0
NS-0470,Thane West,Thane,19.213562319619356,73.00058379648242,8377.8,198.0,899.0,1073.1,9100.0,0.517,0.61,0.219,0.169,state,65.1,99.0,69.0,0.19,0.9,1.95,,9.0
NS-0471,Thane West,Thane,19.224382284100667,72.9670232600183,17202.8,598.0,,1194.6,16200.0,0.276,0.254,0.26,0.308,forest,44.5,99.0,32.1,0.41,2.55,1.32,54.0,10.0
NS-0472,Kalyan East,Kalyan,19.232213496707576,73.14443622394904,8277.9,265.0,,1419.4,15100.0,0.349,0.232,0.116,0.3,private,3.0,99.0,39.0,0.86,1.31,1.34,77.9,46.0
NS-0473,M Ward,Mumbai,19.033670193042756,72.90144482150022,19818.3,623.0,2743.0,1384.1,10600.0,0.374,0.41,0.197,0.287,state,70.6,99.0,63.6,3.47,1.52,2.01,86.6,46.0
NS-0474,Thane West,Thane,19.206933940431448,,19732.3,,3180.0,1611.6,17600.0,0.361,0.248,0.265,0.107,state,52.8,99.0,51.1,1.21,0.48,0.36,75.9,41.0
NS-0475,S Ward,Mumbai,19.132128123096564,72.89562854069662,8656.0,270.0,961.0,1110.2,10800.0,,0.173,0.083,0.414,private,3.0,,40.3,4.41,2.48,1.06,78.7,48.0
NS-0476,L Ward,Mumbai,19.080087156241685,72.88207564973243,8752.1,284.0,,1502.5,9600.0,0.37,0.374,0.205,0.392,railway,65.4,99.0,44.9,2.46,3.16,,40.2,15.0
NS-0477,Thane East,Thane,19.204163513487806,73.01736488888561,,265.0,1163.0,1056.2,8500.0,,0.57,0.157,0.21,CRZ,80.9,99.0,67.0,0.87,0.74,1.12,91.2,31.0
NS-0478,Kalyan West,Kalyan,19.212827944836537,73.14674419998106,29535.1,806.0,,1098.7,13100.0,0.28,0.141,0.16,0.312,state,30.3,99.0,31.3,0.6,1.67,0.58,98.0,14.0
NS-0479,L Ward,Mumbai,19.040616888402457,72.86922604866665,36130.6,1290.0,5996.0,1659.5,19600.0,0.383,0.254,0.187,0.129,railway,21.4,,47.9,1.08,2.16,1.6,36.7,47.0
NS-0480,L Ward,Mumbai,19.0778753849592,72.89243589897073,7665.0,192.0,894.0,1166.3,12500.0,0.453,0.466,0.372,0.334,state,43.8,99.0,65.8,,3.02,0.32,84.5,40.0
NS-0481,Thane West,Thane,19.198244297440294,72.95589007874128,32391.5,1256.0,6108.0,1885.7,21700.0,0.197,0.156,0.108,0.288,state,3.0,99.0,29.5,0.44,3.49,1.71,80.9,45.0
NS-0482,Thane West,Thane,19.241441117848126,72.99357901952027,9831.8,309.0,1358.0,1381.2,15200.0,0.277,0.263,0.26,,private,50.6,99.0,47.4,1.06,2.92,0.74,69.7,5.0
NS-0483,Thane West,Thane,19.212527572732558,72.96350859847134,6880.6,176.0,801.0,1164.1,23500.0,0.36,0.248,0.234,0.155,state,3.0,,33.7,0.86,3.17,0.12,86.7,51.0
NS-0484,M Ward,Mumbai,19.018613441150517,72.89748756189115,31769.3,,3911.0,1231.1,5000.0,0.372,0.335,,0.386,state,42.2,99.0,52.4,1.41,1.12,2.06,93.4,31.0
NS-0485,M Ward,Mumbai,19.014794801618834,72.86843762259518,31357.4,812.0,3392.0,1081.7,15800.0,0.19,0.149,0.303,0.16,forest,22.5,99.0,13.7,2.55,1.82,1.63,55.3,53.0
NS-0486,M Ward,Mumbai,19.02714229747183,72.85796417175283,6993.4,175.0,839.0,1199.7,13400.0,0.527,0.453,0.207,0.03,railway,67.6,99.0,35.9,0.69,1.49,0.22,27.8,25.0
NS-0487,L Ward,Mumbai,19.0469320129283,72.92188415388897,,542.0,2205.0,1087.2,18600.0,0.345,0.316,0.315,0.375,state,66.6,99.0,26.5,0.37,3.08,0.39,71.0,48.0
NS-0488,M Ward,Mumbai,18.99913366953023,72.93094286844271,20286.2,843.0,3167.0,1561.2,22000.0,0.259,0.195,0.05,0.237,state,13.3,99.0,27.1,2.24,0.47,0.21,89.5,44.0
NS-0489,Thane West,Thane,,73.01364133698374,16807.8,492.0,2165.0,,27500.0,0.168,0.078,0.141,0.23,state,3.0,99.0,35.1,0.91,,0.25,79.9,13.0
NS-0490,Ambarnath,Ambarnath,19.165630087430333,73.19989945604877,12970.6,387.0,1852.0,1427.8,13800.0,0.274,0.157,0.09,0.315,railway,6.8,99.0,36.0,2.69,0.94,0.55,32.8,29.0
NS-0491,Thane West,Thane,19.2148163449621,73.01372149359543,6290.1,170.0,828.0,1316.4,13300.0,0.28,0.289,0.239,0.369,private,72.1,99.0,42.8,0.82,1.89,0.59,58.6,11.0
NS-0492,Kalyan East,Kalyan,19.22037128882358,73.14779670447359,10932.7,414.0,,1985.8,14400.0,0.377,,0.191,0.181,state,33.6,,20.7,1.57,4.12,0.65,69.2,10.0
NS-0493,S Ward,Mumbai,19.137450331059686,72.94562291411077,22228.8,613.0,3015.0,1356.3,22400.0,0.305,0.231,0.234,0.481,state,11.3,99.0,33.5,2.64,3.09,1.16,93.9,47.0
NS-0494,M Ward,Mumbai,19.023129323498345,72.88681538154262,12681.3,302.0,1416.0,,17600.0,0.289,0.314,,0.286,private,38.5,99.0,38.7,0.3,0.8,1.85,48.5,32.0
NS-0495,M Ward,Mumbai,18.98927499052478,72.88617102455449,,336.0,,1274.4,19700.0,0.321,0.261,0.088,0.362,state,54.5,99.0,58.1,0.84,0.39,0.79,80.6,16.0
NS-0496,Thane West,Thane,19.20214515536765,72.97356000701816,36079.4,941.0,4184.0,1159.7,24300.0,0.257,0.168,0.213,0.29,railway,,99.0,27.8,0.42,1.12,0.71,20.3,47.0
NS-0497,L Ward,Mumbai,,72.85099156681362,13531.6,323.0,1339.0,989.5,16900.0,0.39,0.476,0.104,0.338,private,67.7,99.0,34.4,1.5,1.59,1.48,96.9,8.0
NS-0498,L Ward,Mumbai,19.06092981400936,72.86427238525692,12501.0,324.0,1651.0,1320.7,21500.0,0.278,0.22,0.277,0.309,private,47.9,99.0,59.4,0.97,0.36,0.93,82.0,32.0
NS-0499,Kalyan West,Kalyan,19.23873085814197,73.15110280180679,17197.0,543.0,2070.0,1203.7,15700.0,0.297,0.179,0.184,0.195,state,22.5,99.0,42.3,1.03,3.01,1.27,90.2,48.0
NS-0500,Thane East,Thane,19.214330274648837,73.03595137144174,10935.6,298.0,1203.0,1100.1,17700.0,0.35,0.243,0.178,0.425,state,3.0,99.0,42.6,1.54,2.1,0.42,85.7,12.0
NS-0501,M Ward,Mumbai,19.029530169770865,72.86199912349232,9598.1,320.0,1559.0,1624.3,9200.0,0.458,0.363,0.228,0.03,private,78.0,99.0,61.8,1.25,0.72,,54.2,38.0
NS-0502,S Ward,Mumbai,19.157186868861952,72.93530667116003,9395.9,366.0,1304.0,1387.8,12700.0,0.209,0.142,0.05,0.153,state,3.0,99.0,24.4,1.47,1.02,1.2,61.3,8.0
NS-0503,L Ward,Mumbai,19.07509756309702,72.89367592267979,24003.9,606.0,2785.0,1160.2,21900.0,0.375,0.334,0.324,0.047,private,33.7,99.0,43.8,0.52,1.8,1.05,66.8,3.0
NS-0504,Thane West,Thane,19.22190840363374,72.9950049368208,28337.0,1080.0,4654.0,1642.4,24700.0,0.42,0.253,0.152,0.075,state,32.3,99.0,25.9,0.66,6.97,0.44,79.9,3.0
NS-0505,Thane East,Thane,,73.02376514871393,39125.8,1199.0,6596.0,1685.8,13800.0,0.537,0.461,0.223,0.181,state,66.6,99.0,53.1,1.54,1.4,0.6,88.2,42.0
NS-0506,M Ward,Mumbai,,,28639.7,735.0,3865.0,1349.5,15200.0,0.164,0.172,0.086,0.041,state,18.1,99.0,41.1,2.61,4.35,2.17,60.9,40.0
NS-0507,L Ward,Mumbai,19.034873398233085,72.87307031133554,17802.6,522.0,2484.0,1395.3,19000.0,0.351,0.463,0.238,0.319,forest,68.3,99.0,64.9,0.52,0.27,2.09,48.1,
NS-0508,M Ward,Mumbai,18.982538772730422,72.86715211879435,22766.2,894.0,4549.0,1998.1,25700.0,0.305,0.189,0.175,0.413,state,13.4,99.0,42.7,0.91,1.65,1.07,80.3,23.0
NS-0509,M Ward,Mumbai,18.989065547180147,72.88783190271339,16041.3,454.0,2149.0,1339.7,16900.0,0.291,0.216,0.054,,private,14.6,99.0,35.7,4.11,1.88,1.54,96.4,55.0
NS-0510,Kalyan West,Kalyan,19.24246776157046,73.18655619899143,,616.0,2681.0,,16700.0,0.436,0.421,0.239,0.128,CRZ,73.2,99.0,52.7,2.64,1.97,0.49,68.5,46.0
NS-0511,Thane West,Thane,19.26254084032636,72.96090041721534,12603.6,486.0,2305.0,1828.8,31200.0,0.21,0.068,0.22,0.133,state,27.6,99.0,51.1,,1.41,0.78,66.0,36.0
NS-0512,L Ward,Mumbai,19.073512287285737,72.87432035091948,,2152.0,7508.0,1368.7,26300.0,0.258,0.167,0.189,0.335,forest,6.3,99.0,33.8,1.1,4.61,,38.8,43.0
NS-0513,Kalyan West,Kalyan,19.275136641131194,73.11679435340622,13585.1,,1635.0,1203.5,9600.0,0.415,0.3,0.179,0.151,forest,48.3,99.0,34.0,0.69,4.53,,36.3,30.0
NS-0514,Kalyan West,Kalyan,,73.13537143743525,15695.9,,2409.0,1534.8,13100.0,0.322,0.401,0.05,0.143,state,53.3,99.0,42.9,0.64,0.52,2.56,83.5,51.0
NS-0515,L Ward,Mumbai,19.03378792014498,,24164.0,941.0,3541.0,1465.4,,0.367,0.457,0.226,0.377,state,60.8,99.0,41.2,3.08,1.09,1.0,86.3,38.0
NS-0516,M Ward,Mumbai,19.034114944690142,72.86281499493622,15594.9,372.0,1482.0,950.3,20600.0,0.347,0.32,0.209,0.224,private,53.9,99.0,40.2,3.1,1.9,0.81,83.1,28.0
NS-0517,M Ward,Mumbai,19.00241787952419,,23275.4,839.0,4108.0,1765.0,17400.0,0.302,0.228,,0.309,state,,99.0,40.2,1.11,1.06,1.32,80.8,12.0
NS-0518,M Ward,Mumbai,19.013418551950174,72.89915368298423,6956.5,218.0,1133.0,1628.7,9800.0,0.307,0.309,0.171,0.097,private,59.6,99.0,50.8,0.93,3.89,,64.5,19.0
NS-0519,L Ward,Mumbai,19.06991118910401,72.89580208810497,3879.9,96.0,441.0,1136.6,11700.0,0.461,,0.168,0.345,forest,43.5,99.0,43.9,3.52,1.0,,54.3,12.0
NS-0520,M Ward,Mumbai,19.00890588282356,72.90977607536801,49137.1,1194.0,5154.0,1048.9,17800.0,0.43,0.348,0.299,0.425,state,37.4,99.0,57.3,1.24,2.12,2.03,74.8,11.0
NS-0521,Kalyan West,Kalyan,19.240848164945213,73.11479374476758,30812.5,977.0,,1469.9,11100.0,0.436,,0.138,0.225,private,52.0,99.0,45.0,0.73,4.58,3.58,65.7,30.0
NS-0522,M Ward,Mumbai,18.997260815032075,72.88838077061847,,592.0,2878.0,1670.5,23300.0,0.12,0.082,0.215,0.152,private,3.0,99.0,33.8,1.67,1.5,0.68,68.5,
NS-0523,M Ward,Mumbai,19.022529474685133,72.90837327001488,19592.6,507.0,2148.0,1096.3,13400.0,0.459,0.419,0.124,0.274,state,64.9,99.0,67.9,1.19,1.83,,94.4,3.0
NS-0524,Thane East,Thane,19.19023550596305,73.00350834806801,3104.8,106.0,374.0,1204.6,14800.0,0.425,0.287,0.219,0.146,state,39.6,99.0,26.1,2.02,1.38,0.5,65.8,38.0
NS-0525,Thane East,Thane,19.2006166002496,72.99870137789907,6998.2,240.0,1379.0,1970.5,17700.0,0.28,0.404,0.16,0.049,CRZ,37.9,99.0,68.3,1.47,1.52,1.56,85.4,34.0
NS-0526,Kalyan West,Kalyan,19.222075180138003,73.1531770168747,12886.0,329.0,1257.0,975.5,5600.0,0.568,0.467,0.105,0.296,state,47.1,99.0,48.3,0.58,1.09,1.45,74.6,13.0
NS-0527,Kalyan West,Kalyan,19.24431191422939,73.12576124263724,,212.0,1060.0,1243.2,,,0.282,0.17,0.187,CRZ,56.8,99.0,48.3,0.64,0.67,1.26,98.0,15.0
NS-0528,M Ward,Mumbai,19.024691879681992,72.87496996669775,26839.3,786.0,2569.0,957.2,20100.0,0.33,0.306,0.146,0.292,state,54.1,99.0,65.2,1.11,0.92,0.05,61.3,27.0
NS-0529,S Ward,Mumbai,19.1188139627343,72.92787198366649,11579.1,332.0,1540.0,1330.0,,0.437,0.678,0.178,0.327,private,83.6,99.0,63.9,1.1,2.52,0.93,65.4,9.0
NS-0530,M Ward,Mumbai,18.98750180005656,72.9106453509529,29674.1,1037.0,4892.0,1648.6,13100.0,0.417,0.341,0.238,0.245,CRZ,55.7,99.0,59.1,0.71,4.3,0.76,89.3,21.0
NS-0531,M Ward,Mumbai,19.00845260119895,72.922363273496,10511.5,245.0,1170.0,1113.1,10100.0,0.292,0.259,0.078,0.176,private,66.5,99.0,50.4,2.78,3.08,1.59,73.9,21.0
NS-0532,Thane East,Thane,19.20075181053261,73.03408205746298,8836.8,,744.0,841.9,16500.0,0.435,0.364,0.216,,state,33.9,99.0,57.2,0.55,2.42,0.68,82.4,
NS-0533,Thane East,Thane,19.187669281531143,73.00100413403388,16829.3,600.0,2967.0,1763.0,6300.0,0.488,0.514,0.226,0.316,private,48.3,99.0,51.3,1.61,1.85,1.27,82.6,41.0
NS-0534,M Ward,Mumbai,19.03234119776333,72.9085590221467,26979.4,885.0,3780.0,1401.1,15200.0,0.578,0.537,0.151,0.211,private,46.2,99.0,74.9,1.76,0.4,1.06,70.2,22.0
NS-0535,M Ward,Mumbai,19.017207383839118,72.9075937909061,45606.1,1351.0,5858.0,1284.5,9700.0,0.406,0.442,0.239,0.469,private,46.9,99.0,66.4,2.89,0.55,0.73,61.0,54.0
NS-0536,Thane East,Thane,19.170143546059148,72.9921848276659,20864.6,516.0,1928.0,924.1,10300.0,,0.318,0.183,0.22,state,65.2,99.0,40.8,1.13,4.73,1.67,62.7,33.0
NS-0537,Ambarnath,Ambarnath,19.18274546206017,73.19066026833607,35212.7,852.0,4591.0,1303.8,18700.0,0.616,0.562,0.158,0.21,state,97.4,99.0,74.4,1.87,,0.99,81.8,8.0
NS-0538,L Ward,Mumbai,19.06992147695663,72.9076048284832,10810.2,303.0,1491.0,1379.3,9700.0,0.415,0.382,0.107,0.322,CRZ,92.8,99.0,28.0,1.5,0.89,0.93,98.0,16.0
NS-0539,Ulhasnagar,Ulhasnagar,19.231458096418656,73.15164485423897,17551.5,487.0,2110.0,1202.2,14800.0,,0.353,0.122,0.113,state,28.8,99.0,63.8,1.25,1.91,0.62,73.2,6.0
NS-0540,M Ward,Mumbai,18.96572328588489,,36654.0,1221.0,4856.0,1324.8,18300.0,0.236,0.157,0.115,0.446,railway,28.0,99.0,31.0,1.07,2.53,0.55,53.4,11.0
NS-0541,Kalyan West,Kalyan,19.200850587681956,73.11914742029495,19785.7,,4004.0,2023.7,16000.0,0.457,0.414,0.15,0.064,state,61.5,99.0,74.9,3.12,0.71,0.43,80.6,34.0
NS-0542,L Ward,Mumbai,19.0353551028486,72.88178546215799,41412.5,1140.0,4862.0,1174.0,,0.565,0.485,0.21,0.213,railway,61.4,99.0,63.6,2.7,2.85,1.14,54.1,19.0
NS-0543,Kalyan West,Kalyan,19.23576044318822,73.1358078775359,51394.6,1451.0,6144.0,1195.5,23600.0,0.218,0.036,0.096,0.03,private,3.0,99.0,38.4,2.52,1.68,1.24,65.9,
NS-0544,Ulhasnagar,Ulhasnagar,19.22364400846252,73.15283577597582,21429.3,549.0,2462.0,1148.9,,0.172,0.151,0.136,0.356,state,20.5,99.0,22.2,0.33,1.46,0.59,84.7,50.0
NS-0545,Thane West,Thane,19.249867420059374,73.02777898715692,11133.9,302.0,1464.0,1314.9,9200.0,0.514,0.354,0.217,0.414,private,78.6,99.0,56.8,2.76,1.79,1.56,67.3,10.0
NS-0546,Thane West,Thane,19.227192427558283,72.97010925017614,11935.8,290.0,1311.0,1098.4,22900.0,0.348,0.318,0.201,0.14,private,,99.0,49.4,2.25,5.22,0.42,48.1,
NS-0547,Kalyan West,Kalyan,19.22725330572667,,24301.1,626.0,2865.0,1179.0,18100.0,0.405,0.328,0.215,0.03,state,53.8,99.0,34.2,0.2,1.75,1.41,86.7,36.0
NS-0548,Ulhasnagar,Ulhasnagar,19.211840850131185,73.15123952251989,12808.4,,1248.0,974.4,17800.0,0.315,0.345,0.241,0.443,forest,40.3,99.0,43.7,1.83,1.47,2.46,52.7,52.0
NS-0549,Thane West,Thane,19.230208035804367,72.9759931053657,9141.5,322.0,1605.0,1755.7,7500.0,0.598,0.641,0.084,0.416,private,97.5,99.0,67.1,1.45,3.59,0.57,81.4,8.0
NS-0550,M Ward,Mumbai,19.022759866595955,72.88642060079412,22718.9,632.0,,1407.6,14800.0,0.456,0.399,,0.297,state,34.5,99.0,57.0,5.62,1.34,0.87,93.2,52.0
NS-0551,S Ward,Mumbai,19.160485544662322,72.92271683586539,18860.7,468.0,1939.0,1028.1,7900.0,0.234,0.097,0.099,0.189,private,32.7,99.0,33.1,4.03,0.64,0.82,62.2,35.0
NS-0552,Kalyan East,Kalyan,19.184788618358134,73.14539271189342,37389.3,1232.0,5759.0,1540.3,15600.0,0.445,0.368,0.261,0.03,private,37.8,99.0,39.6,1.55,0.39,1.34,65.0,22.0
NS-0553,S Ward,Mumbai,19.13626114993547,72.96523260667446,23108.7,945.0,3948.0,1708.4,11600.0,,0.371,0.203,0.262,railway,40.7,99.0,61.5,1.47,1.71,0.74,,32.0
NS-0554,L Ward,Mumbai,19.0417675478012,72.90488587794407,12545.4,330.0,1397.0,1113.6,16200.0,0.295,0.327,0.229,0.265,private,44.0,99.0,35.2,2.24,1.97,,77.8,4.0
NS-0555,L Ward,Mumbai,19.050229075451774,72.88328864190784,11456.0,477.0,1831.0,1598.3,9700.0,0.433,0.378,0.203,0.17,state,45.5,99.0,70.0,1.89,1.86,0.95,82.6,15.0
NS-0556,S Ward,Mumbai,19.137340941149052,72.93622950596138,5904.1,161.0,617.0,1045.0,14100.0,0.521,0.393,0.174,0.133,state,,99.0,42.6,3.38,0.62,1.37,83.9,27.0
NS-0557,Ulhasnagar,Ulhasnagar,19.231749543847187,,26209.4,943.0,4028.0,1536.9,,0.311,0.396,0.177,0.266,state,58.2,99.0,55.2,1.05,1.23,0.4,69.6,55.0
NS-0558,Kalyan West,Kalyan,19.244980341631734,73.10496019165984,,1359.0,5318.0,1451.9,22000.0,0.242,0.091,0.19,0.181,state,3.0,99.0,,1.67,1.3,0.54,74.5,52.0
NS-0559,Kalyan East,Kalyan,19.22302844545099,73.14180506249855,6138.0,233.0,1125.0,1832.8,10900.0,0.43,0.437,0.195,0.477,state,51.4,99.0,51.9,0.91,0.84,0.66,77.1,42.0
NS-0560,Thane West,Thane,19.202129231110693,72.98397199030863,16901.7,485.0,2272.0,1344.2,14100.0,0.391,0.342,0.242,,private,42.1,99.0,51.8,0.7,0.94,0.71,71.2,5.0
NS-0561,M Ward,Mumbai,18.999014872418922,72.88889441972485,15234.9,372.0,1729.0,1134.9,7400.0,0.303,0.356,0.062,0.229,state,65.4,99.0,53.6,2.41,1.45,0.4,54.3,23.0
NS-0562,M Ward,Mumbai,19.025652565178156,72.87532060959,6637.9,232.0,747.0,1125.4,19900.0,0.379,0.321,0.182,0.332,private,54.9,99.0,39.3,1.32,3.3,0.34,62.6,12.0
NS-0563,Ulhasnagar,Ulhasnagar,19.193581497938634,73.16167862605887,38867.8,1179.0,4763.0,1225.4,19400.0,0.346,0.312,0.23,0.216,state,33.6,99.0,48.0,3.19,0.71,0.52,68.0,30.0
NS-0564,M Ward,Mumbai,19.00875079358134,72.89804269703187,11129.8,,1922.0,1726.9,10100.0,0.453,0.411,0.143,0.276,private,66.0,99.0,62.6,3.26,0.41,0.29,62.6,51.0
NS-0565,S Ward,Mumbai,19.20206545748129,72.94057591366044,120000.0,2800.0,11837.0,986.4,17400.0,0.198,0.111,0.12,0.327,state,20.2,99.0,31.5,0.84,,0.74,68.9,7.0
NS-0566,S Ward,Mumbai,19.171968826023495,72.90549957927459,14365.4,507.0,2786.0,1939.4,21500.0,0.349,0.267,0.164,0.062,state,24.5,99.0,29.0,,0.37,0.99,88.9,33.0
NS-0567,M Ward,Mumbai,18.99320323873403,72.88206255143845,14130.4,446.0,2068.0,1463.5,21500.0,0.371,0.44,0.227,0.192,railway,72.4,99.0,51.4,3.07,0.78,0.89,58.8,43.0
NS-0568,M Ward,Mumbai,19.016310294510955,72.8555034694481,11551.4,296.0,1491.0,1290.7,24700.0,0.33,0.263,0.121,0.241,private,62.0,99.0,45.5,0.28,1.58,2.4,90.3,46.0
NS-0569,Thane West,Thane,19.225139673438502,72.96477326164815,46015.9,1311.0,6775.0,1472.3,17300.0,0.245,0.19,0.243,0.339,private,35.0,99.0,27.4,,1.56,,46.4,4.0
NS-0570,S Ward,Mumbai,19.134262869659295,72.93009402651262,9252.6,287.0,1191.0,1287.2,5600.0,0.597,0.531,0.154,0.129,state,72.1,99.0,80.5,1.19,2.64,1.2,,8.0
NS-0571,M Ward,Mumbai,18.99705630633518,72.90011195132473,6378.0,178.0,729.0,1143.0,20600.0,0.394,0.259,0.182,0.429,private,55.1,99.0,38.1,2.65,2.48,0.94,66.1,22.0
NS-0572,M Ward,Mumbai,18.986890368548263,72.89946296595095,27754.8,662.0,3636.0,1310.0,13600.0,0.438,0.394,0.195,0.407,railway,48.9,99.0,58.9,3.18,5.24,0.52,65.7,16.0
NS-0573,M Ward,Mumbai,19.01286843945743,72.88489078289373,15170.9,442.0,1708.0,1125.8,18500.0,0.107,0.058,0.247,0.288,private,7.3,99.0,20.7,1.71,1.82,1.26,59.0,8.0
NS-0574,L Ward,Mumbai,19.083426918879457,72.89439309608824,14126.2,540.0,2513.0,1779.0,7000.0,0.29,0.283,0.05,0.349,private,40.1,99.0,27.1,1.23,1.52,1.88,62.6,41.0
NS-0575,M Ward,Mumbai,18.98973778515061,72.86860253822007,21494.5,707.0,3523.0,1639.0,16000.0,0.209,0.15,0.205,0.348,private,3.0,99.0,23.5,0.75,,0.2,79.2,10.0
NS-0576,S Ward,Mumbai,19.135329911865146,72.95388164814464,29085.1,993.0,4308.0,1481.2,19900.0,0.334,,0.2,0.354,CRZ,44.8,99.0,34.0,1.34,2.35,0.86,69.9,41.0
NS-0577,Ambarnath,Ambarnath,19.18992276215719,73.17101588882615,46508.5,1116.0,4556.0,979.6,20600.0,0.339,,0.362,0.226,forest,35.2,99.0,61.4,6.6,,0.77,59.4,28.0
NS-0578,L Ward,Mumbai,19.045484645872826,72.87398420800332,10686.5,457.0,1765.0,1651.6,10300.0,0.522,0.359,0.242,0.341,state,27.6,99.0,28.2,2.48,1.14,0.61,68.6,52.0
NS-0579,Kalyan West,Kalyan,19.243761187272753,73.12506215605384,,445.0,2201.0,1286.2,9900.0,0.244,0.263,0.264,0.274,private,,99.0,23.8,1.37,1.48,1.17,89.6,48.0
NS-0580,M Ward,Mumbai,19.033914922487956,72.87886768465422,26517.3,696.0,4034.0,1521.3,9000.0,0.436,0.353,0.19,0.467,state,76.0,99.0,54.1,0.54,1.83,1.34,75.5,56.0
NS-0581,M Ward,Mumbai,19.038540364272393,72.87852595500418,34338.4,1387.0,6671.0,1942.7,11600.0,0.212,0.279,0.102,0.276,state,35.5,99.0,,1.74,4.67,1.45,94.1,8.0
NS-0582,M Ward,Mumbai,19.02195705648159,72.90078809162591,40544.5,1169.0,5238.0,1291.9,5000.0,0.402,0.338,0.133,0.199,private,72.1,99.0,46.5,0.44,5.69,0.15,75.0,6.0
NS-0583,Kalyan West,Kalyan,19.244588874569967,73.12148632646313,53965.8,1402.0,5529.0,1024.5,13900.0,0.299,0.266,0.184,0.03,state,32.8,99.0,40.8,2.6,1.15,1.27,85.9,34.0
NS-0584,Kalyan West,Kalyan,19.226521074216834,73.12052164523912,,1185.0,5022.0,1289.5,9700.0,0.383,0.399,0.216,0.094,state,49.1,99.0,39.0,,3.43,0.42,88.6,53.0
NS-0585,M Ward,Mumbai,19.030962590097957,72.8504445026196,11428.3,300.0,1194.0,,5000.0,0.602,0.568,0.276,0.218,private,77.4,99.0,66.6,0.26,1.74,2.76,82.6,55.0
NS-0586,M Ward,Mumbai,18.998244178059007,72.87358104151718,12340.8,320.0,1426.0,1155.5,17000.0,0.446,0.358,0.168,0.162,state,57.8,99.0,27.4,,0.54,0.54,97.2,22.0
NS-0587,S Ward,Mumbai,19.129111586690577,72.91465116375677,9427.5,244.0,1171.0,,12000.0,0.448,0.412,0.234,0.272,state,64.7,99.0,50.8,0.55,0.53,0.34,58.2,12.0
NS-0588,L Ward,Mumbai,19.06882876464132,72.88258404175603,28087.6,684.0,3184.0,1133.6,,0.258,0.12,0.106,0.279,CRZ,36.3,99.0,17.6,2.6,2.92,0.39,69.7,
NS-0589,M Ward,Mumbai,19.028553359779053,72.8955256434643,21347.3,,2084.0,976.2,9800.0,0.419,0.296,0.256,0.16,CRZ,,99.0,45.4,3.25,0.61,0.65,73.2,41.0
NS-0590,L Ward,Mumbai,19.067666719982903,72.89463813993933,,586.0,2920.0,1340.7,25700.0,0.328,0.204,0.073,,railway,46.3,99.0,33.7,1.89,6.85,0.77,52.0,4.0
NS-0591,M Ward,Mumbai,18.977182138675563,72.86187947272931,13531.4,,1353.0,999.9,18800.0,0.226,,0.173,0.544,state,30.2,99.0,,3.98,2.0,1.19,83.0,57.0
NS-0592,S Ward,Mumbai,19.127754487074167,72.95109414848095,8115.9,274.0,985.0,1213.7,11200.0,0.488,0.483,0.139,0.103,railway,58.1,,63.9,0.41,0.48,0.46,44.8,35.0
NS-0593,M Ward,Mumbai,19.00298527577344,72.86483192052224,5283.9,216.0,1101.0,2083.7,18100.0,0.283,0.226,0.193,0.176,private,3.0,99.0,24.9,0.61,1.5,0.6,81.1,45.0
NS-0594,L Ward,Mumbai,19.052143454017237,72.88537588467868,52352.7,1246.0,6209.0,1186.0,14100.0,0.495,0.455,0.175,0.319,railway,62.6,99.0,44.6,0.43,1.73,2.99,68.8,5.0
NS-0595,S Ward,Mumbai,19.146487936097092,72.97100251508128,31541.9,735.0,3970.0,1258.6,,0.311,0.355,0.17,0.188,private,47.7,99.0,52.2,3.88,0.74,0.45,79.3,26.0
NS-0596,M Ward,Mumbai,19.00939419197368,72.84513563543342,39045.4,1457.0,6426.0,,20900.0,0.411,0.253,0.216,0.393,state,38.2,99.0,32.9,1.58,2.02,0.48,64.3,36.0
NS-0597,M Ward,Mumbai,19.043482304844183,72.87145888342594,17088.5,615.0,3133.0,1833.4,5000.0,,0.437,,0.43,private,42.5,99.0,53.0,0.73,2.49,0.43,71.0,14.0
NS-0598,M Ward,Mumbai,,72.87698320203245,9098.1,370.0,1712.0,1881.7,7600.0,0.359,0.271,0.224,0.271,railway,57.2,99.0,50.2,1.8,2.98,0.64,50.5,22.0
NS-0599,S Ward,Mumbai,19.151370351419306,72.94940885876265,15040.5,434.0,1909.0,1269.2,11300.0,0.289,0.303,0.062,0.198,state,44.2,99.0,48.2,1.21,1.89,1.04,94.7,46.0
NS-0600,Kalyan West,Kalyan,19.229503622754855,73.139170542078,41161.4,1020.0,5156.0,1252.6,15300.0,0.394,0.389,0.149,0.21,state,68.9,99.0,46.0,4.15,0.71,0.75,70.4,4.0
NS-0601,M Ward,Mumbai,19.009271012408867,72.87363035493304,9492.3,267.0,1095.0,1153.6,11700.0,0.43,0.433,0.069,0.372,state,63.6,99.0,58.8,1.07,3.88,0.47,73.2,20.0
NS-0602,M Ward,Mumbai,19.001707095034217,72.87022584698418,55337.8,1523.0,5972.0,1079.2,14400.0,0.272,,0.213,0.35,state,32.5,99.0,56.1,1.47,4.11,0.41,67.9,5.0
NS-0603,Kalyan West,Kalyan,19.27647282592346,73.10286777186849,21690.5,510.0,2347.0,1082.0,13700.0,0.22,0.248,0.105,0.257,private,40.2,99.0,47.7,1.96,1.64,0.87,55.0,54.0
NS-0604,M Ward,Mumbai,19.031477038669834,72.85904850599717,19310.8,648.0,3220.0,1667.5,26900.0,0.04,0.03,0.136,0.352,state,3.0,99.0,19.4,2.0,1.26,1.84,63.2,13.0
NS-0605,S Ward,Mumbai,19.141663232524923,72.96927927794695,9308.6,342.0,1576.0,1693.1,12700.0,0.262,0.198,0.123,0.116,state,43.7,99.0,43.3,3.96,0.73,1.71,92.1,39.0
NS-0606,M Ward,Mumbai,18.99140552360921,72.86282630624451,,886.0,4526.0,1529.3,10200.0,0.21,0.202,0.278,0.198,CRZ,24.7,99.0,37.2,1.31,0.8,0.34,83.3,30.0
NS-0607,M Ward,Mumbai,19.00122776067731,72.8624525425523,,298.0,1506.0,1600.2,14300.0,0.432,0.377,0.132,0.398,private,45.0,99.0,40.2,0.96,1.81,1.8,72.7,27.0
NS-0608,Thane West,Thane,19.229799585230907,72.98391669683583,44410.5,1346.0,6429.0,1447.6,,0.292,0.219,0.196,0.29,private,,99.0,31.8,1.2,1.71,0.05,61.8,40.0
NS-0609,M Ward,Mumbai,19.006665789595182,72.88400681809468,19648.2,717.0,3246.0,1652.1,14000.0,0.342,0.182,0.184,0.26,private,29.3,99.0,40.8,3.76,1.25,0.2,56.2,36.0
NS-0610,S Ward,Mumbai,19.188677341177645,72.94063449764913,38087.4,1352.0,5842.0,1533.8,12100.0,0.463,0.37,0.14,0.316,private,52.7,99.0,36.6,0.6,1.51,1.31,72.9,32.0
NS-0611,Thane West,Thane,19.239253745754066,72.98429586532956,11078.7,298.0,1205.0,1087.7,20700.0,0.114,0.03,0.2,0.03,railway,3.0,99.0,4.0,1.4,2.06,3.6,21.9,27.0
NS-0612,S Ward,Mumbai,19.117660314806955,72.9300677905768,40378.2,1535.0,7012.0,1736.6,22800.0,0.374,0.414,0.28,0.266,state,48.3,99.0,,1.42,0.37,0.19,81.9,33.0
NS-0613,Thane East,Thane,19.18377594840984,73.00572535518734,,747.0,3609.0,1426.5,5000.0,0.539,0.401,0.288,0.405,private,50.8,99.0,41.7,0.46,1.93,,65.0,54.0
NS-0614,L Ward,Mumbai,19.063679421692555,72.89527292882127,14506.8,527.0,2594.0,1788.1,10800.0,0.42,0.337,0.274,0.317,CRZ,40.3,99.0,33.4,1.8,2.33,2.33,,27.0
NS-0615,Thane East,Thane,19.194299496865558,73.01995608775856,58543.3,2148.0,9433.0,1611.3,5000.0,0.348,0.451,0.092,0.359,state,96.3,99.0,64.4,1.02,1.87,1.85,79.8,32.0
NS-0616,L Ward,Mumbai,19.066851604367777,72.89599988772522,,1220.0,5621.0,1970.4,16900.0,0.352,0.243,0.215,0.181,private,31.2,99.0,58.1,,1.07,1.75,,49.0
NS-0617,Ambarnath,Ambarnath,19.191473031665748,73.18866652281106,46041.1,1278.0,6486.0,1408.7,,0.302,0.28,0.137,0.15,forest,19.4,99.0,42.3,0.13,1.77,0.7,71.9,28.0
NS-0618,M Ward,Mumbai,18.998659778279237,,22990.6,632.0,2534.0,1102.2,10000.0,0.256,0.151,0.157,0.229,private,28.1,99.0,26.1,1.17,3.38,0.87,59.8,24.0
NS-0619,M Ward,Mumbai,18.99351799154739,72.90868268222428,12557.0,341.0,1589.0,1265.4,14800.0,0.451,0.273,0.072,0.305,state,32.2,99.0,42.6,,2.38,0.53,69.5,44.0
NS-0620,Kalyan West,Kalyan,19.206872825051512,73.09524047846293,7835.6,199.0,896.0,1143.5,19100.0,0.157,0.03,0.217,0.356,railway,28.4,99.0,32.0,2.0,2.75,0.23,50.7,52.0
NS-0621,Thane East,Thane,19.172083020631813,73.04203106708519,23909.5,870.0,3645.0,1524.5,11700.0,0.622,0.513,0.121,0.184,state,65.1,99.0,56.8,2.25,1.71,3.07,76.7,49.0
NS-0622,Thane West,Thane,19.201182669922733,72.96261094072128,19531.8,588.0,2714.0,1389.5,15200.0,0.573,0.643,0.121,0.372,state,97.6,99.0,82.5,0.68,2.41,1.4,91.2,47.0
NS-0623,L Ward,Mumbai,19.052124576143825,72.89211842999998,38001.0,1394.0,6120.0,1610.5,5000.0,0.719,0.662,0.207,0.591,private,73.1,99.0,61.0,0.33,2.48,0.66,75.4,48.0
NS-0624,L Ward,Mumbai,19.052426677302247,72.86117825320657,17101.4,443.0,2069.0,1209.8,18600.0,0.222,0.104,0.299,0.315,state,11.7,99.0,14.4,,0.41,2.37,65.8,
NS-0625,Thane West,Thane,19.219522621096534,72.97254271709434,15507.3,482.0,1789.0,1153.6,25600.0,,0.148,0.223,0.393,private,13.3,99.0,29.3,1.17,,0.43,71.7,52.0
NS-0626,Kalyan East,Kalyan,19.23844386028157,73.16093547445419,12284.2,423.0,1890.0,1538.6,13000.0,0.444,0.356,0.234,0.03,private,47.6,99.0,56.2,0.71,2.6,0.26,72.8,56.0
NS-0627,Ambarnath,Ambarnath,19.198255168953047,73.20786612278613,11135.4,307.0,1552.0,1393.8,10900.0,0.356,0.369,0.217,0.258,forest,55.3,99.0,43.8,3.41,0.42,0.86,53.5,40.0
NS-0628,M Ward,Mumbai,19.024839752982448,72.85418592842363,32005.8,748.0,4071.0,1272.0,15300.0,0.332,0.384,0.16,0.322,CRZ,82.7,,63.4,2.4,2.11,3.16,68.2,56.0
NS-0629,Kalyan East,Kalyan,19.250179271169117,73.15441862809743,16339.2,403.0,1779.0,1088.8,16500.0,0.516,0.404,0.149,0.219,railway,44.6,99.0,61.4,0.84,0.14,0.16,41.0,8.0
NS-0630,M Ward,Mumbai,19.004516976873866,72.85530145120546,18660.6,473.0,1863.0,998.4,16600.0,0.422,0.236,0.271,0.293,CRZ,30.5,99.0,46.3,1.66,3.77,1.16,62.9,39.0
NS-0631,M Ward,Mumbai,18.997594385406643,72.90012344661368,30911.4,918.0,3417.0,1105.4,16300.0,0.08,0.089,0.197,0.377,forest,25.8,99.0,29.2,2.4,1.45,0.93,35.4,17.0
NS-0632,M Ward,Mumbai,19.019781774916687,72.89333247464648,12005.5,324.0,1413.0,1177.0,21400.0,0.462,0.447,0.128,0.297,private,54.8,99.0,56.4,0.62,2.4,1.16,90.2,22.0
NS-0633,Thane West,Thane,19.216462906436647,72.98344123190314,35559.5,1518.0,,2226.1,22300.0,0.28,0.173,0.166,0.03,state,30.3,99.0,64.5,3.09,3.3,1.08,84.6,39.0
NS-0634,M Ward,Mumbai,18.998562367460572,72.8870395602408,8267.2,239.0,1159.0,1401.9,12500.0,0.611,0.526,0.081,0.362,private,77.0,99.0,63.0,1.04,,2.91,48.4,37.0
NS-0635,Kalyan West,Kalyan,,73.09987124451416,37961.6,1505.0,5818.0,1532.6,17000.0,0.195,0.039,0.238,0.174,private,10.6,99.0,21.0,3.23,2.7,0.86,80.8,56.0
NS-0636,M Ward,Mumbai,18.992656828445263,72.89265847814866,47463.2,2001.0,7711.0,1624.6,14800.0,0.434,0.22,0.199,0.137,railway,33.0,99.0,27.7,0.27,2.98,0.22,,7.0
NS-0637,L Ward,Mumbai,19.0684154868828,72.90133206260423,81545.3,2375.0,11485.0,1408.4,22500.0,0.256,0.156,0.099,0.16,state,30.7,99.0,,2.07,0.15,0.49,88.0,32.0
NS-0638,Thane East,Thane,19.21616326271731,73.01761072770593,16234.0,654.0,2873.0,1769.7,19900.0,0.281,0.168,0.209,0.243,private,51.4,99.0,35.3,0.57,1.89,0.78,72.6,51.0
NS-0639,Thane East,Thane,19.19702220352763,73.0039242825884,21030.3,557.0,2057.0,978.1,15300.0,0.241,0.136,0.056,0.329,private,,99.0,38.2,1.07,1.53,1.38,64.5,56.0
NS-0640,Kalyan West,Kalyan,19.222549278503312,73.10384238045683,11116.6,303.0,,1164.9,10500.0,0.389,0.422,0.242,0.171,private,,99.0,56.5,0.88,1.04,,74.5,46.0
NS-0641,Thane East,Thane,19.171862068512517,73.0162490970513,24412.1,574.0,2797.0,1145.7,5000.0,0.472,,0.182,0.224,private,77.3,99.0,49.5,0.13,0.81,1.53,64.1,30.0
NS-0642,Kalyan West,Kalyan,19.244174397948782,73.12765748537437,44822.2,1534.0,6722.0,1499.7,9100.0,0.264,0.386,0.074,0.382,forest,46.6,99.0,47.6,2.85,4.12,0.91,65.0,9.0
NS-0643,Thane West,Thane,19.22409254385291,72.98403898979737,6757.1,211.0,987.0,1460.7,20100.0,0.378,0.174,0.165,0.361,CRZ,26.4,99.0,37.5,1.54,1.12,0.23,78.5,18.0
NS-0644,Thane East,Thane,19.196554560173627,73.03266394765801,19044.3,686.0,3042.0,1597.3,22800.0,0.39,0.191,0.168,0.321,private,10.9,99.0,,0.48,2.29,0.79,59.9,23.0
NS-0645,Thane West,Thane,19.23646964615494,72.92191822301668,24489.1,573.0,2035.0,831.0,19700.0,0.287,0.279,0.05,0.215,private,47.6,99.0,34.4,4.13,1.25,0.59,69.0,20.0
NS-0646,Thane East,Thane,19.186630729173043,73.01449792382685,26639.4,680.0,2739.0,1028.2,,0.506,,0.215,0.312,CRZ,87.5,99.0,70.4,0.2,2.75,0.26,67.8,23.0
NS-0647,M Ward,Mumbai,19.042795973186887,72.91087507056122,8186.4,198.0,800.0,977.2,16700.0,0.511,0.443,0.214,0.361,state,73.6,99.0,65.2,0.51,0.82,1.03,60.3,55.0
NS-0648,Thane East,Thane,19.16919902448546,73.03576441980157,2672.6,70.0,280.0,1047.7,21400.0,0.289,0.219,0.204,0.311,private,13.6,99.0,50.5,0.11,5.39,0.3,72.8,35.0
NS-0649,M Ward,Mumbai,18.963715500725232,72.88205216142028,2818.4,70.0,285.0,,7500.0,0.328,0.323,,0.211,private,,99.0,59.4,0.78,0.76,0.38,55.1,56.0
NS-0650,Kalyan West,Kalyan,19.21957713851105,73.13031763931578,56715.8,1377.0,6363.0,1121.9,12700.0,0.418,0.432,0.107,0.119,private,39.7,99.0,47.3,2.66,0.8,0.74,75.9,45.0
NS-0651,M Ward,Mumbai,19.02048517333183,72.89444862737142,6235.6,157.0,659.0,1056.8,19500.0,0.478,0.363,,0.457,private,29.2,99.0,60.0,0.95,2.31,0.47,76.1,37.0
NS-0652,L Ward,Mumbai,,72.87603709779083,,1056.0,4756.0,1476.2,10700.0,0.456,0.449,0.232,0.066,CRZ,55.9,99.0,67.3,6.03,1.97,1.77,93.5,41.0
NS-0653,S Ward,Mumbai,19.13167527381418,72.9235315401474,23919.1,617.0,2768.0,1157.2,22100.0,0.387,0.354,0.345,0.286,state,75.0,99.0,52.7,0.81,4.92,0.74,98.0,42.0
NS-0654,L Ward,Mumbai,19.09125212420275,72.86283624892306,25679.9,601.0,2206.0,859.0,18800.0,0.244,,0.127,0.351,private,20.3,99.0,46.8,0.59,3.47,1.1,95.7,8.0
NS-0655,M Ward,Mumbai,19.00364847702811,72.89377410786238,7856.5,198.0,894.0,1137.9,11500.0,0.651,0.584,0.274,0.438,private,49.6,99.0,53.3,0.16,0.79,1.72,70.0,50.0
NS-0656,Ambarnath,Ambarnath,19.17847439828439,73.19576106262627,23202.0,573.0,2413.0,1040.0,15900.0,0.356,0.29,0.17,0.03,private,50.0,99.0,35.7,1.28,1.39,1.36,67.9,42.0
NS-0657,M Ward,Mumbai,19.01500227702345,72.91018396946136,6789.6,203.0,846.0,1246.0,5000.0,0.56,,0.131,0.091,state,68.3,99.0,69.9,1.97,2.0,0.87,59.4,34.0
NS-0658,Kalyan East,Kalyan,19.20108000751334,73.15407534716552,28869.3,705.0,2894.0,1002.4,15000.0,0.246,0.162,0.294,0.2,state,37.1,99.0,33.9,1.14,1.96,0.32,98.0,49.0
NS-0659,L Ward,Mumbai,19.08091013619471,72.9297303260828,18244.5,519.0,,1223.4,10000.0,0.444,0.503,0.253,0.442,private,54.0,99.0,69.9,0.24,0.83,1.64,71.2,20.0
NS-0660,Thane West,Thane,19.209409206667555,,20535.5,857.0,3941.0,1919.1,16400.0,0.321,0.257,0.174,0.124,private,35.5,99.0,47.1,1.11,2.6,0.84,59.5,56.0
NS-0661,L Ward,Mumbai,19.029188765607802,72.88512568996893,8523.9,200.0,887.0,1040.6,13800.0,0.404,0.409,0.153,0.297,state,34.9,99.0,65.8,0.46,5.83,0.06,70.3,
NS-0662,Kalyan East,Kalyan,19.23857867948452,73.1255702259731,18745.1,515.0,2631.0,1403.6,11800.0,0.355,0.247,0.163,0.284,private,47.9,99.0,26.3,1.04,5.78,1.51,73.4,41.0
NS-0663,M Ward,Mumbai,19.023596457390124,72.89417711495379,21906.2,751.0,3456.0,1577.6,15800.0,0.419,,0.204,0.111,forest,67.0,99.0,52.2,2.18,1.56,1.2,64.0,56.0
NS-0664,L Ward,Mumbai,19.05174689396602,72.8797228779316,30523.4,716.0,2970.0,973.0,5500.0,0.338,0.27,0.25,0.444,private,40.8,99.0,,3.5,1.96,0.62,67.8,15.0
NS-0665,S Ward,Mumbai,19.1272652388619,72.9577677232685,16481.8,639.0,2751.0,1669.1,13100.0,0.441,0.317,0.19,0.263,state,36.4,99.0,44.5,1.01,,0.22,98.0,6.0
NS-0666,S Ward,Mumbai,19.139002720030884,72.95873079714623,5791.3,146.0,602.0,1039.5,19200.0,0.329,0.292,0.234,0.29,private,13.0,99.0,51.4,0.87,2.89,0.81,60.6,33.0
NS-0667,M Ward,Mumbai,19.019535590666198,72.86977093377543,6149.7,232.0,1081.0,1757.8,14600.0,,0.43,0.201,,private,59.2,99.0,56.3,0.51,1.73,0.98,88.6,17.0
NS-0668,Thane East,Thane,19.24231498328234,73.03247938706168,18671.4,619.0,3099.0,1659.8,28900.0,0.159,0.03,0.193,0.221,CRZ,24.2,99.0,15.4,3.73,1.2,0.89,83.8,32.0
NS-0669,Thane East,Thane,19.198388554906323,73.01686832881303,41443.6,1611.0,7233.0,1745.3,20300.0,0.297,0.268,0.103,0.428,railway,57.0,99.0,44.4,1.06,0.68,0.79,62.6,52.0
NS-0670,Thane West,Thane,19.214094185356007,72.987504919474,13539.5,323.0,1399.0,1033.3,,0.399,0.443,0.176,0.386,state,94.1,99.0,67.8,3.23,0.71,1.03,79.5,22.0
NS-0671,Ulhasnagar,Ulhasnagar,19.204145787903098,73.1700540246766,17392.7,603.0,3248.0,1867.5,14700.0,0.44,0.378,0.055,0.09,private,55.2,99.0,49.3,1.67,0.82,0.55,55.9,56.0
NS-0672,S Ward,Mumbai,19.097849037434983,72.91489001190415,32473.6,809.0,3713.0,1143.4,26100.0,0.176,0.03,0.187,0.054,private,3.0,99.0,29.1,3.97,2.13,0.19,77.2,25.0
NS-0673,M Ward,Mumbai,19.001327223746625,72.92181811865613,11458.0,314.0,1488.0,1298.7,12100.0,0.332,0.28,0.248,0.189,private,48.8,99.0,33.6,,2.13,0.78,75.0,29.0
NS-0674,M Ward,Mumbai,19.010205566415745,,12291.6,431.0,1982.0,1612.5,16500.0,0.248,0.163,0.198,0.03,state,31.1,,25.7,1.73,6.25,0.69,83.0,53.0
NS-0675,S Ward,Mumbai,19.154407415270498,72.91972115387473,23528.7,735.0,3403.0,1446.3,14300.0,0.337,0.33,0.05,,railway,57.2,99.0,49.5,1.06,1.76,0.95,48.4,4.0
NS-0676,Ulhasnagar,Ulhasnagar,19.227936275954885,73.17920583007772,17348.7,586.0,2577.0,1485.4,13500.0,0.357,0.359,0.05,0.127,private,36.0,99.0,51.5,1.18,2.72,1.44,72.8,14.0
NS-0677,Thane East,Thane,19.179449445420577,73.00796350446001,38829.4,1073.0,4099.0,1055.6,19400.0,0.601,0.448,0.225,0.083,state,67.2,99.0,43.5,1.52,3.38,1.27,98.0,5.0
NS-0678,Thane West,Thane,19.231982819782953,73.00861054826045,35934.6,976.0,3898.0,,17700.0,0.22,0.165,0.156,0.346,state,32.0,99.0,,1.83,3.24,1.69,78.6,55.0
NS-0679,Thane West,Thane,19.21202973386899,73.00983367685855,17242.1,536.0,1999.0,1159.4,14800.0,0.234,0.202,0.215,0.267,private,12.4,99.0,28.5,0.51,,0.96,,17.0
NS-0680,M Ward,Mumbai,19.000152140123987,72.8866564055572,20641.5,631.0,2533.0,1227.1,21800.0,0.34,0.278,0.148,0.538,CRZ,30.2,99.0,46.1,2.27,3.0,0.36,66.7,54.0
NS-0681,Thane West,Thane,19.213376287949504,72.98129718685834,13889.9,537.0,2381.0,1714.2,10400.0,0.592,0.538,0.134,0.232,private,77.8,99.0,58.3,1.8,2.84,1.24,77.4,13.0
NS-0682,L Ward,Mumbai,19.056868196730623,72.86359195372249,12944.8,339.0,1278.0,987.3,6900.0,0.381,,0.233,0.202,private,49.2,99.0,39.8,1.02,1.12,1.58,,34.0
NS-0683,L Ward,Mumbai,19.0859083129938,72.92280810075044,11857.5,413.0,2034.0,1715.4,8600.0,0.411,0.38,0.094,0.128,state,65.9,99.0,56.6,3.53,0.1,1.66,78.9,27.0
NS-0684,M Ward,Mumbai,19.000255792653338,72.92103229109274,12071.3,,1311.0,1086.0,9500.0,0.445,0.372,0.234,0.365,private,51.6,99.0,49.3,3.68,3.8,1.75,98.0,23.0
NS-0685,L Ward,Mumbai,19.071679474146844,72.92480362554497,28025.9,1015.0,5630.0,2008.9,13400.0,0.403,0.212,0.282,0.422,private,3.0,99.0,33.1,4.93,1.76,0.87,65.8,3.0
NS-0686,Thane West,Thane,19.201092250138686,72.9356698271135,15194.6,485.0,1957.0,1288.0,13500.0,0.397,0.437,0.132,0.03,forest,60.6,99.0,52.5,1.39,2.57,0.87,21.3,45.0
NS-0687,Thane East,Thane,19.185144818649807,72.98394561147214,17729.2,508.0,,1274.7,8500.0,0.324,0.225,,0.486,railway,15.2,99.0,49.1,1.23,3.74,0.87,,57.0
NS-0688,S Ward,Mumbai,19.123363224981713,72.95388185464701,9307.8,315.0,1253.0,1346.2,18900.0,0.42,0.27,0.217,0.121,private,61.6,99.0,49.2,3.44,1.67,,67.2,38.0
NS-0689,M Ward,Mumbai,19.023309734826366,72.87135627007002,16943.3,549.0,2175.0,1283.7,,0.264,0.121,0.286,0.2,railway,32.0,99.0,31.2,1.2,1.5,1.08,34.4,43.0
NS-0690,M Ward,Mumbai,19.00214634721387,72.85818960035557,3666.1,,,1653.0,12000.0,0.376,0.325,0.135,0.03,CRZ,26.3,99.0,44.4,1.95,2.91,0.54,80.6,14.0
NS-0691,Thane West,Thane,19.262443544754586,72.99626791334046,17994.6,508.0,1947.0,1082.0,22800.0,0.189,0.129,0.22,0.14,state,22.8,99.0,27.5,4.62,1.25,0.91,72.7,39.0
NS-0692,Thane West,Thane,19.18866688598219,72.98520954527378,11655.7,424.0,1921.0,1648.1,5000.0,0.466,0.417,0.361,0.162,private,68.6,99.0,59.0,0.52,1.2,1.29,78.1,54.0
NS-0693,Ulhasnagar,Ulhasnagar,19.23361448989505,73.18788108738187,,466.0,2113.0,1223.2,12400.0,0.332,0.367,0.05,0.03,private,46.1,99.0,22.5,0.11,0.78,0.66,83.5,35.0
NS-0694,M Ward,Mumbai,18.981519368651735,72.8722658975095,75877.9,,9310.0,1227.0,17500.0,0.346,,0.189,0.256,private,28.1,99.0,32.4,1.81,5.17,1.06,70.8,15.0
NS-0695,M Ward,Mumbai,19.0091189857245,72.8760161961497,38226.3,991.0,5703.0,1491.9,15100.0,0.229,0.195,0.058,0.141,private,,99.0,42.9,0.82,1.66,1.16,60.2,
NS-0696,Thane West,Thane,19.211670441232,72.97177200402362,28190.8,1057.0,4253.0,1508.6,13300.0,0.435,0.321,0.174,0.03,private,31.1,99.0,36.8,2.98,0.51,0.77,64.3,20.0
NS-0697,Thane East,Thane,19.20888523270993,73.01712489609854,39556.8,1196.0,5335.0,1348.7,9400.0,,0.487,0.233,0.374,private,80.2,99.0,69.6,2.73,1.22,2.07,62.5,46.0
NS-0698,Thane East,Thane,19.19930394243467,73.03840061119062,29263.2,701.0,3797.0,,9200.0,0.127,0.03,0.147,0.256,private,23.1,,13.9,2.23,2.08,1.72,80.4,16.0
NS-0699,L Ward,Mumbai,19.068040840488823,72.87950148750997,16101.8,421.0,1865.0,1158.3,23200.0,0.216,0.253,0.187,0.227,CRZ,,99.0,43.8,0.67,1.99,2.13,81.5,48.0
NS-0700,Thane West,Thane,19.195438125751842,72.97545819105501,18335.5,728.0,2828.0,1542.4,14200.0,0.525,0.544,0.156,0.58,state,73.4,99.0,74.6,1.18,0.78,0.64,90.3,11.0
NS-0701,L Ward,Mumbai,19.048020193111988,72.88992491627668,,517.0,2263.0,1342.6,13400.0,0.467,0.34,0.258,,CRZ,39.4,,46.8,1.19,0.97,0.41,88.3,27.0
NS-0702,S Ward,Mumbai,19.152627569535184,72.93617993538686,5530.3,145.0,670.0,1211.5,18500.0,0.367,0.259,0.162,0.528,state,21.7,,38.1,1.76,3.12,0.13,88.5,31.0
NS-0703,M Ward,Mumbai,19.025959131524996,72.9247643615775,32850.9,994.0,4552.0,1385.7,26200.0,0.217,0.115,0.208,0.525,private,6.3,99.0,25.8,2.53,0.88,0.56,92.6,51.0
NS-0704,L Ward,Mumbai,19.04005663517714,72.84705473949721,12354.3,293.0,1454.0,1176.9,19300.0,0.36,0.145,0.18,0.51,CRZ,28.9,99.0,40.2,1.37,1.33,3.21,,31.0
NS-0705,S Ward,Mumbai,19.146687892566018,72.94600163231367,38755.8,1488.0,7080.0,1826.8,8800.0,0.508,0.445,0.154,0.08,state,60.8,99.0,52.0,3.31,2.98,1.31,70.5,45.0
NS-0706,Kalyan West,Kalyan,19.203560366747848,73.09954728295975,,575.0,2597.0,1073.1,10400.0,0.382,0.372,0.153,0.202,CRZ,65.0,99.0,49.8,2.06,1.02,0.68,61.9,39.0
NS-0707,M Ward,Mumbai,18.969668752430408,72.92682037631195,4499.4,169.0,840.0,1866.9,8200.0,0.361,0.354,0.082,0.159,private,69.2,99.0,51.0,1.64,0.85,1.97,76.5,12.0
NS-0708,S Ward,Mumbai,19.141022534189265,72.93838701037384,10091.3,315.0,1462.0,1448.8,8500.0,0.462,0.442,0.244,0.484,private,46.9,99.0,49.3,0.85,2.16,0.92,82.0,20.0
NS-0709,Thane West,Thane,19.217648752243857,72.98820913578147,26055.1,,2627.0,1008.2,,0.251,0.168,0.174,0.177,private,16.0,99.0,36.4,5.04,0.69,1.03,90.2,
NS-0710,Thane East,Thane,19.214656485355395,,6269.3,179.0,824.0,,14800.0,0.438,0.445,0.064,0.139,state,41.3,99.0,56.5,1.89,0.85,0.98,59.4,53.0
NS-0711,L Ward,Mumbai,19.066232204548413,72.89288119626498,10241.1,285.0,1312.0,1281.1,25200.0,0.217,0.03,0.228,0.332,state,24.2,99.0,14.1,1.77,1.1,1.47,98.0,12.0
NS-0712,M Ward,Mumbai,18.99963543446022,72.85612091742513,29634.6,720.0,2740.0,924.6,19600.0,0.232,0.291,0.23,0.566,state,38.6,,58.2,,3.24,1.85,96.6,21.0
NS-0713,M Ward,Mumbai,19.00242051047878,72.86913021562003,26893.5,633.0,2713.0,1008.8,8400.0,0.396,0.453,0.125,0.286,state,67.9,99.0,50.5,2.87,1.32,0.48,71.7,45.0
NS-0714,Thane East,Thane,19.207273442952786,72.99729254024751,39996.0,1443.0,4480.0,1120.1,13000.0,,0.421,0.11,0.15,state,49.2,99.0,26.5,1.09,1.87,0.6,90.0,23.0
NS-0715,Thane West,Thane,19.218060562951464,73.00926645487688,9803.1,282.0,1155.0,1178.2,10100.0,,0.399,,0.041,railway,69.2,99.0,52.4,2.23,1.4,0.68,27.7,3.0
NS-0716,M Ward,Mumbai,,72.8689932933694,8666.3,229.0,965.0,1113.5,14800.0,0.39,0.317,0.05,0.432,state,19.5,99.0,50.2,0.49,1.54,0.45,69.5,6.0
NS-0717,M Ward,Mumbai,18.99495109898551,72.87103434411816,14700.7,356.0,,997.2,11100.0,0.501,,0.289,0.225,railway,74.7,99.0,62.1,3.77,2.22,1.19,49.6,44.0
NS-0718,M Ward,Mumbai,19.017931213613647,72.87126084318687,30110.4,1082.0,4192.0,1392.2,19000.0,0.301,0.234,0.204,0.335,state,40.4,99.0,30.9,1.56,2.75,0.53,90.5,12.0
NS-0719,L Ward,Mumbai,19.069087534869976,72.89996503904138,31523.4,1299.0,6025.0,1911.3,18200.0,0.224,0.079,0.217,0.324,private,17.0,99.0,14.8,1.06,1.48,1.46,71.9,27.0
NS-0720,Ambarnath,Ambarnath,19.170743436305834,73.15619645458882,17728.7,573.0,2458.0,1386.5,21900.0,0.332,0.128,0.234,0.162,private,,99.0,33.3,,1.93,0.8,72.9,4.0
NS-0721,Ambarnath,Ambarnath,19.188622607108744,73.22793126440179,11494.2,482.0,1822.0,1585.1,12500.0,0.37,0.205,0.364,0.132,state,71.5,99.0,28.8,,2.46,1.97,88.5,55.0
NS-0722,M Ward,Mumbai,19.03092563473743,72.83005718336064,20754.5,507.0,2335.0,1125.1,8500.0,0.625,0.58,0.291,,CRZ,91.4,99.0,57.1,1.7,1.33,0.97,63.4,54.0
NS-0723,Thane East,Thane,19.2018927013292,73.03081078168611,19163.6,463.0,2199.0,1147.5,25000.0,0.369,0.203,0.273,0.072,private,9.1,99.0,35.2,4.08,2.03,0.43,75.3,56.0
NS-0724,Kalyan West,Kalyan,19.242969286260397,73.12108524551584,16616.1,391.0,1737.0,1045.4,22200.0,0.348,0.241,0.347,0.43,state,45.8,99.0,58.3,3.77,0.21,2.28,,51.0
NS-0725,Thane East,Thane,19.220427669825984,73.02278629433836,8043.4,206.0,930.0,1156.2,20500.0,0.332,0.25,0.249,0.213,state,50.7,99.0,40.4,1.61,3.4,0.34,87.3,49.0
NS-0726,L Ward,Mumbai,19.045870824719437,72.86703453379002,17463.6,,3384.0,1937.7,22500.0,0.255,0.263,0.12,0.121,forest,41.6,99.0,52.8,1.45,1.88,0.39,45.2,42.0
NS-0727,M Ward,Mumbai,19.020426282734892,72.88964679230003,25287.0,680.0,3255.0,1287.2,19800.0,0.427,0.347,0.149,0.151,state,48.0,99.0,46.1,0.23,2.33,0.7,84.8,16.0
NS-0728,L Ward,Mumbai,19.065766475322125,72.88488827664159,15970.2,575.0,2803.0,1755.1,5000.0,0.442,0.59,0.227,0.23,private,76.8,99.0,67.9,0.85,2.18,0.38,68.6,47.0
NS-0729,Kalyan West,Kalyan,19.21048200632465,73.11758283589275,6156.4,157.0,693.0,1125.7,5000.0,0.316,0.335,0.284,0.406,railway,48.4,99.0,53.8,1.23,2.66,0.74,27.6,34.0
NS-0730,S Ward,Mumbai,19.129072258553176,,19389.4,497.0,2263.0,1167.1,8500.0,0.513,0.513,0.135,0.239,railway,63.0,,66.8,0.8,1.77,0.56,57.2,9.0
NS-0731,L Ward,Mumbai,19.069811119559887,72.88852754725356,,638.0,2883.0,1691.8,7700.0,0.297,0.267,0.208,0.235,state,,99.0,47.2,2.92,1.65,0.88,60.5,53.0
NS-0732,S Ward,Mumbai,19.15027385344368,72.91176250462857,,140.0,541.0,966.1,15700.0,,0.069,0.246,0.282,state,42.2,99.0,8.8,0.87,2.2,0.71,98.0,10.0
NS-0733,Thane West,Thane,19.233296454394836,72.99053857855228,17891.6,571.0,2540.0,1419.7,14600.0,0.304,0.237,0.099,0.208,private,66.5,99.0,69.9,0.9,1.66,1.72,52.7,
NS-0734,Thane West,Thane,19.18873344443187,72.99182944246809,,413.0,1823.0,1123.0,18900.0,0.333,0.224,0.225,0.314,state,3.0,,39.3,2.03,1.89,,79.7,31.0
NS-0735,M Ward,Mumbai,19.003049559008595,72.90450005925362,17478.0,484.0,2381.0,1362.3,14200.0,0.307,0.163,0.22,0.241,state,42.3,99.0,26.6,0.92,0.55,0.81,52.7,14.0
NS-0736,Thane West,Thane,19.200197087976548,73.01724764837121,8940.8,319.0,1318.0,1474.1,8900.0,0.372,0.257,0.16,0.03,state,40.4,99.0,36.6,0.99,0.91,1.81,85.8,57.0
NS-0737,Thane East,Thane,19.21357920114418,73.01099098075721,14935.5,394.0,1926.0,1289.5,15000.0,0.468,0.421,0.219,0.071,railway,59.7,99.0,56.5,3.43,0.34,1.14,43.2,49.0
NS-0738,Kalyan West,Kalyan,19.230221508148222,73.12473522545305,9362.2,,1473.0,1573.4,14600.0,0.44,0.292,0.127,0.03,private,23.2,99.0,32.0,5.72,1.45,1.23,66.2,41.0
NS-0739,Ulhasnagar,Ulhasnagar,19.194406571353586,73.14135156861255,6733.0,246.0,1146.0,1702.1,15200.0,0.116,0.176,0.22,0.332,forest,30.5,99.0,24.5,0.58,2.33,1.19,69.1,24.0
NS-0740,Kalyan East,Kalyan,19.2561931935213,73.14942417918483,10937.3,433.0,1649.0,1507.7,21600.0,0.321,0.248,0.14,0.24,state,35.5,99.0,44.7,0.46,2.7,1.3,96.2,31.0
NS-0741,M Ward,Mumbai,19.00657856813637,72.86558084569617,8547.9,199.0,997.0,1166.4,9900.0,0.505,0.385,0.244,0.296,forest,41.3,,46.5,1.42,2.33,0.28,59.9,29.0
NS-0742,M Ward,Mumbai,19.001893210493932,72.86520584331161,21278.0,590.0,2340.0,1099.7,18600.0,0.56,0.467,0.141,0.51,railway,61.6,99.0,56.3,2.65,1.62,0.56,52.6,43.0
NS-0743,M Ward,Mumbai,19.009812679439456,72.84842174733818,28945.8,,4132.0,1427.5,13400.0,0.42,0.307,0.268,0.422,private,61.1,99.0,21.6,0.82,2.23,0.85,61.2,26.0
NS-0744,M Ward,Mumbai,19.013730764444208,72.89134924557142,11604.3,309.0,1460.0,,14600.0,0.138,0.089,0.22,0.163,private,3.0,99.0,27.9,2.35,1.26,0.92,62.9,34.0
NS-0745,Thane West,Thane,19.230313948468467,72.95339220932252,46140.7,1554.0,,1662.7,22400.0,0.291,0.159,0.225,0.318,state,54.3,99.0,45.6,2.67,0.57,0.6,69.1,18.0
NS-0746,L Ward,Mumbai,19.04427317593807,72.91619149862858,16919.6,536.0,2289.0,1352.9,9900.0,0.455,,,0.618,private,63.1,99.0,65.7,,1.24,0.8,77.9,43.0
NS-0747,M Ward,Mumbai,19.010962287667823,72.90961701636341,13548.8,568.0,2299.0,1696.8,20900.0,0.307,,0.073,0.257,railway,50.2,99.0,32.5,1.52,2.6,0.48,45.9,45.0
NS-0748,M Ward,Mumbai,18.982242943979195,72.89577903174606,14552.4,557.0,1973.0,1355.8,9900.0,0.414,0.428,0.13,0.273,private,57.9,99.0,59.7,3.53,1.61,0.47,69.0,28.0
NS-0749,Thane West,Thane,19.225065918419055,72.99035873122592,54259.8,1266.0,5528.0,1018.8,16100.0,0.503,0.4,0.144,0.178,private,83.2,99.0,49.7,5.45,0.57,0.5,88.2,20.0
NS-0750,M Ward,Mumbai,18.997697222200884,72.88772264409897,18872.3,507.0,2225.0,1179.0,15300.0,0.301,0.314,0.172,0.134,private,,99.0,52.8,0.91,4.31,0.43,86.3,35.0
NS-0751,M Ward,Mumbai,18.999559468785314,72.90350346089795,23255.3,581.0,3197.0,1374.7,5000.0,0.477,0.404,0.089,0.085,railway,47.4,99.0,56.1,0.26,1.57,,57.5,28.0
NS-0752,L Ward,Mumbai,19.0427159415447,72.87500846514676,11613.0,361.0,1528.0,1315.8,5000.0,0.532,0.442,0.244,0.538,private,,,49.9,1.21,0.58,0.34,,37.0
NS-0753,L Ward,Mumbai,19.03167034321347,72.87727457816318,41807.8,1327.0,4815.0,1151.7,13400.0,0.508,0.546,0.151,0.17,private,92.9,99.0,56.6,0.23,3.58,1.91,62.6,
NS-0754,M Ward,Mumbai,19.02730390015362,72.87635110649404,13423.5,412.0,1983.0,1477.3,7500.0,0.355,0.396,0.221,0.106,private,47.6,99.0,,2.72,5.99,0.34,82.1,56.0
NS-0755,S Ward,Mumbai,19.149719503987026,72.96212925258585,15981.4,381.0,1795.0,1123.2,13400.0,0.35,,0.258,0.595,private,61.9,99.0,39.3,1.19,1.9,0.65,91.4,
NS-0756,M Ward,Mumbai,19.011359089083705,72.89226774878527,16417.5,387.0,1697.0,1033.7,13400.0,0.287,0.362,0.152,0.092,railway,54.0,99.0,49.2,2.54,1.35,0.53,39.6,56.0
NS-0757,M Ward,Mumbai,19.0413976844628,72.87916360773353,24263.4,853.0,4245.0,1749.5,17300.0,0.287,0.195,0.05,0.605,private,66.9,99.0,,1.56,2.26,0.87,55.1,6.0
NS-0758,Kalyan East,Kalyan,19.206769171226238,73.13186004056257,15220.9,604.0,2317.0,1522.2,5100.0,0.496,0.392,0.136,0.225,forest,68.3,99.0,,0.49,1.26,0.29,45.9,3.0
NS-0759,S Ward,Mumbai,19.15604757002181,,14952.6,528.0,2567.0,1716.8,26700.0,0.338,0.377,0.27,0.509,railway,36.2,99.0,40.3,1.41,0.69,0.77,41.4,24.0
NS-0760,M Ward,Mumbai,18.992652179742848,72.89172916222543,20829.0,518.0,2577.0,1237.2,18900.0,0.384,0.363,0.208,0.29,state,73.2,99.0,47.3,,2.1,1.25,,46.0
NS-0761,Kalyan East,Kalyan,19.239792557879106,73.12371452300842,32374.2,921.0,4499.0,1389.7,11100.0,0.423,0.344,0.209,0.145,state,57.1,99.0,57.0,1.05,0.31,1.6,76.9,53.0
NS-0762,M Ward,Mumbai,18.98299969827927,72.87177967725566,20211.0,483.0,1808.0,894.6,10200.0,0.494,0.422,0.131,0.527,private,56.9,99.0,45.3,7.84,1.22,0.26,65.9,31.0
NS-0763,Thane West,Thane,19.23818152264179,73.00716553929321,6412.3,177.0,704.0,1097.9,16700.0,0.17,0.077,0.262,0.287,private,9.0,,25.5,2.28,2.67,0.6,75.8,43.0
NS-0764,Kalyan West,Kalyan,19.211199510543373,73.16561424006397,27321.0,775.0,3785.0,1385.4,11600.0,0.322,0.234,0.103,0.317,forest,44.5,99.0,51.1,3.04,3.25,0.18,29.1,52.0
NS-0765,Ambarnath,Ambarnath,19.20067345611652,73.18515186227997,,358.0,1449.0,1716.7,14400.0,0.424,0.345,0.173,0.35,private,55.2,99.0,43.5,1.26,2.27,1.68,88.6,4.0
NS-0766,L Ward,Mumbai,19.040617311036645,72.86730275765501,10654.2,456.0,2170.0,2036.7,,0.633,0.73,0.075,0.053,state,83.5,99.0,72.2,5.51,0.97,0.87,83.4,12.0
NS-0767,Thane East,Thane,19.18979709624934,73.0235739030752,14062.4,421.0,1556.0,1106.5,9500.0,0.389,0.428,0.159,0.03,private,70.3,99.0,,,2.92,0.25,76.4,26.0
NS-0768,Thane East,Thane,19.196292380768334,73.00168167725865,51958.4,1258.0,4415.0,849.7,16800.0,0.372,0.406,0.216,,private,62.5,99.0,53.6,7.93,1.9,1.52,71.9,56.0
NS-0769,M Ward,Mumbai,19.00747829741906,72.86538436263253,12980.3,352.0,1581.0,1218.0,14200.0,0.405,0.367,0.211,0.161,railway,73.4,99.0,57.5,2.7,0.78,0.41,59.0,26.0
NS-0770,S Ward,Mumbai,19.12451649719045,72.94642786245636,5409.4,139.0,597.0,1103.6,18600.0,0.313,0.263,0.106,0.327,state,38.4,99.0,35.4,1.06,0.91,1.33,92.1,26.0
NS-0771,Kalyan West,Kalyan,19.28845953969061,73.13654791397654,17112.3,672.0,2738.0,1600.0,20200.0,0.455,0.39,0.1,0.17,CRZ,65.9,99.0,36.3,1.77,1.58,0.37,82.6,5.0
NS-0772,S Ward,Mumbai,19.12084158884631,72.94598606692193,51204.6,1504.0,6651.0,1298.9,11200.0,0.424,0.51,0.131,0.197,forest,64.5,99.0,28.5,0.35,1.44,,,31.0
NS-0773,S Ward,Mumbai,19.12876212665478,72.91431426107643,7728.0,261.0,1264.0,1635.6,13900.0,0.366,0.357,0.201,0.41,private,69.4,99.0,52.5,3.1,2.81,1.18,64.5,21.0
NS-0774,Thane West,Thane,19.205206216849977,72.97822250281924,11929.7,496.0,2642.0,2214.6,12200.0,0.499,0.422,,0.21,forest,54.1,99.0,68.5,1.27,2.35,1.62,51.9,41.0
NS-0775,Kalyan West,Kalyan,19.23223872791795,73.12794457849792,22471.8,,2887.0,1284.7,9900.0,0.454,0.45,0.278,0.4,private,67.8,99.0,44.5,0.91,1.75,0.42,57.5,12.0
NS-0776,M Ward,Mumbai,18.987865315917265,72.85906430030889,10460.9,307.0,1370.0,1309.6,16100.0,0.123,,0.227,0.484,private,3.0,99.0,48.3,0.47,1.75,1.32,42.6,29.0
NS-0777,M Ward,Mumbai,19.00963740080454,,13637.5,577.0,2782.0,2040.0,9800.0,0.494,,0.05,0.03,state,49.6,99.0,47.8,0.65,0.85,1.38,84.0,48.0
NS-0778,Thane East,Thane,19.205218808905055,73.03528825903537,29177.7,1082.0,4852.0,1662.9,5700.0,0.429,0.546,0.151,0.03,state,63.0,99.0,44.3,0.69,2.5,0.65,70.8,36.0
NS-0779,M Ward,Mumbai,18.99462571223835,72.87659954937776,,718.0,3251.0,1828.6,17100.0,0.469,0.398,0.12,0.03,state,57.5,99.0,53.6,2.86,2.08,1.72,67.9,30.0
NS-0780,Thane East,Thane,19.183391677140925,,48847.9,1298.0,5615.0,1149.5,13800.0,0.432,0.326,0.115,0.399,state,53.0,99.0,44.7,0.6,1.2,0.35,79.4,29.0
NS-0781,M Ward,Mumbai,18.997474760302552,72.88061717041134,16997.7,466.0,1939.0,1140.7,11300.0,0.407,0.416,0.26,0.348,railway,50.0,99.0,64.1,0.14,1.08,1.75,43.6,32.0
NS-0782,Thane East,Thane,19.214345602099826,73.05346926117329,60050.8,1534.0,6139.0,1022.3,11200.0,0.303,0.155,0.187,0.229,CRZ,40.7,99.0,28.4,1.74,0.95,0.3,81.4,49.0
NS-0783,Ambarnath,Ambarnath,19.183698839101304,73.21963129146826,30622.7,1220.0,4013.0,1310.5,10700.0,0.458,0.463,0.103,0.416,state,52.4,99.0,51.5,0.49,0.83,2.65,82.1,38.0
NS-0784,Kalyan West,Kalyan,19.216294096931904,73.1346994132434,14519.9,417.0,1989.0,1369.8,9400.0,0.528,0.402,0.174,0.125,CRZ,57.8,99.0,53.5,1.93,2.72,0.63,70.6,35.0
NS-0785,M Ward,Mumbai,19.02102993435326,72.87064169095024,43375.5,1058.0,4288.0,988.6,18000.0,,0.172,0.194,0.226,railway,26.6,99.0,21.8,2.33,2.83,0.26,37.3,48.0
NS-0786,Kalyan East,Kalyan,19.227227607165258,73.17175510793159,21288.6,893.0,,1741.3,17200.0,0.401,0.421,0.189,0.245,state,70.3,99.0,62.1,1.72,4.87,1.98,90.9,51.0
NS-0787,L Ward,Mumbai,19.039868265323097,72.92991534013908,11658.3,467.0,2217.0,,11300.0,0.441,0.37,0.203,0.349,private,62.1,99.0,56.7,1.03,1.14,0.67,47.2,14.0
NS-0788,Kalyan West,Kalyan,,73.1263979290234,12331.4,388.0,1478.0,1198.6,12600.0,0.276,0.233,0.113,0.278,private,12.2,99.0,22.7,1.21,1.84,1.16,70.5,17.0
NS-0789,M Ward,Mumbai,19.008595603368143,72.87103814555711,9429.3,269.0,1151.0,1220.7,7900.0,0.448,0.374,0.254,0.434,state,56.3,99.0,51.6,0.94,2.74,0.91,87.7,29.0
NS-0790,Kalyan East,Kalyan,19.206853008567972,73.10465457715752,23322.4,1000.0,4398.0,1885.7,21000.0,0.391,0.221,0.128,0.174,railway,30.9,99.0,57.9,1.58,4.02,0.13,35.0,28.0
NS-0791,Thane West,Thane,19.2267794839597,72.98177802932602,,418.0,2228.0,1884.7,5500.0,0.624,0.554,,0.348,CRZ,65.3,99.0,61.0,5.37,,0.72,98.0,34.0
NS-0792,L Ward,Mumbai,19.067961421458538,72.90401479500822,10108.7,402.0,2036.0,2014.1,10700.0,0.564,0.482,0.253,0.317,private,54.5,99.0,80.1,,0.91,1.2,84.8,41.0
NS-0793,S Ward,Mumbai,19.120868364019003,72.92411897220646,8704.4,318.0,1274.0,1463.6,8800.0,0.435,0.403,0.197,0.162,state,56.8,99.0,56.8,0.6,0.87,0.82,91.4,26.0
NS-0794,L Ward,Mumbai,19.06922211815406,72.9106419499529,8887.4,379.0,1487.0,1673.2,16400.0,0.252,0.164,0.176,0.083,forest,27.2,99.0,25.3,1.74,1.08,1.35,53.9,54.0
NS-0795,L Ward,Mumbai,19.05140020077534,72.87719125743554,27312.7,783.0,3187.0,1166.9,27200.0,,0.137,0.104,0.439,state,3.0,99.0,6.4,1.45,5.71,1.09,76.7,44.0
NS-0796,Kalyan East,Kalyan,19.235369010659895,73.15750113418862,18343.0,536.0,2332.0,1271.3,8500.0,0.341,0.272,0.131,0.399,state,20.5,,33.5,0.88,1.04,0.5,86.4,29.0
NS-0797,Ambarnath,Ambarnath,19.185682547316645,73.18254815780784,,649.0,3039.0,1202.7,13300.0,0.152,0.118,0.098,0.115,state,47.1,99.0,15.9,,3.42,1.08,90.5,39.0
NS-0798,S Ward,Mumbai,19.148121938066865,72.92674915122811,29045.8,971.0,4043.0,,20400.0,0.239,0.113,0.137,0.193,state,56.0,99.0,18.1,1.27,0.61,1.57,80.0,20.0
NS-0799,S Ward,Mumbai,19.158812445644227,72.91281908772925,18109.9,473.0,2029.0,1120.4,22100.0,0.339,0.3,0.18,0.408,CRZ,47.1,99.0,35.2,4.45,1.87,2.13,45.7,12.0
NS-0800,Thane West,Thane,19.20861219648575,72.97726372012691,20245.6,663.0,3034.0,1498.6,11700.0,0.353,0.313,,0.314,state,,99.0,30.2,1.63,5.65,0.5,58.8,17.0
NS-0801,Thane West,Thane,19.242197190352325,72.98163814178356,18276.1,478.0,1923.0,1052.2,16700.0,0.388,0.333,0.202,0.144,state,59.9,99.0,46.4,2.68,3.68,1.19,88.5,29.0
NS-0802,Thane East,Thane,19.207778434682517,73.01806919601005,12360.0,422.0,,1208.7,5700.0,0.56,0.525,0.136,0.23,CRZ,77.9,99.0,54.4,,2.03,2.57,67.3,11.0
NS-0803,L Ward,Mumbai,19.099723597722722,72.8999175557964,14962.1,386.0,1444.0,965.1,16300.0,0.384,0.318,0.185,0.342,state,72.1,99.0,32.4,2.63,1.91,0.46,78.9,28.0
NS-0804,Kalyan West,Kalyan,19.226642889181786,73.11387093163505,20792.5,691.0,3688.0,1773.7,12800.0,0.469,0.43,0.166,0.11,state,33.5,99.0,68.6,0.45,2.31,0.07,78.2,6.0
NS-0805,Thane West,Thane,19.2298200271357,72.97933821113845,18301.0,651.0,2884.0,1575.9,5400.0,0.568,0.582,0.317,0.03,state,65.1,99.0,80.4,0.95,0.99,0.57,63.8,45.0
NS-0806,M Ward,Mumbai,19.011063005271083,72.89936875174082,10111.9,409.0,1894.0,1873.0,9200.0,0.276,0.213,0.089,0.328,private,77.3,99.0,52.0,1.15,1.31,1.08,79.7,17.0
NS-0807,Thane West,Thane,19.229781500079618,72.97209596797006,12493.2,380.0,1970.0,1576.9,17500.0,0.276,0.295,0.168,0.102,private,,99.0,28.3,1.48,1.15,3.64,62.1,43.0
NS-0808,S Ward,Mumbai,19.13461262367061,72.92631944077849,11396.8,370.0,1704.0,1495.2,7400.0,0.416,0.368,0.082,0.292,CRZ,50.5,,52.0,1.71,1.34,0.41,85.0,35.0
NS-0809,S Ward,Mumbai,19.12354929204506,72.92336858670129,19724.7,792.0,3774.0,1913.3,18500.0,0.326,0.286,,0.363,CRZ,51.0,,33.4,3.18,1.94,1.0,66.8,38.0
NS-0810,Thane West,Thane,19.211062521687857,,,173.0,880.0,1339.6,13100.0,0.114,0.111,0.18,0.19,state,10.5,99.0,11.9,0.76,4.95,0.93,58.9,37.0
NS-0811,Kalyan East,Kalyan,19.210910735225738,73.11872136369365,22276.8,527.0,1931.0,866.8,10200.0,0.308,0.13,0.2,0.1,CRZ,5.6,95.7,35.7,1.26,2.47,0.54,84.9,18.0
NS-0812,S Ward,Mumbai,19.128699708029924,72.93270821059637,16196.8,644.0,3120.0,1926.3,6700.0,0.384,,0.157,0.444,state,51.3,99.0,38.2,1.68,1.77,1.94,80.9,36.0
NS-0813,M Ward,Mumbai,19.008318762354836,72.85920750645539,5188.7,122.0,537.0,1034.9,15900.0,0.069,,0.221,0.136,state,3.3,99.0,14.5,0.3,2.11,1.03,90.4,21.0
NS-0814,M Ward,Mumbai,19.043133091044766,72.86984365630587,40035.3,1420.0,7174.0,1791.9,17000.0,0.288,0.211,0.236,0.285,private,13.1,99.0,21.5,1.72,2.7,0.99,49.6,51.0
NS-0815,M Ward,Mumbai,18.99449992220304,72.90640267387361,11559.2,367.0,1591.0,1376.4,27300.0,0.17,0.198,0.122,0.12,private,,99.0,35.5,0.07,2.15,1.81,98.0,40.0
NS-0816,L Ward,Mumbai,19.060610513050968,72.90108510692986,15825.3,577.0,,,11600.0,0.424,0.43,0.135,0.546,private,,99.0,65.9,,,1.26,46.3,26.0
NS-0817,Thane West,Thane,19.25492423888371,72.98651632465507,22037.5,623.0,3404.0,1544.6,,0.309,0.104,0.196,,railway,31.6,99.0,7.3,,1.12,0.94,39.9,24.0
NS-0818,M Ward,Mumbai,18.99162159077502,72.85462555451205,24524.7,789.0,2995.0,1221.2,16400.0,0.417,0.426,0.145,0.203,state,50.0,99.0,55.9,1.72,2.06,0.26,75.8,9.0
NS-0819,Kalyan West,Kalyan,19.25637791659789,73.14066518162677,6502.9,259.0,1039.0,1597.8,7100.0,0.451,0.414,0.307,0.169,state,53.9,99.0,63.7,1.66,4.31,0.74,,57.0
NS-0820,S Ward,Mumbai,19.1434732305468,72.96105022306102,5118.6,144.0,607.0,1185.9,,0.105,0.115,0.181,0.12,forest,8.1,99.0,20.4,1.97,1.34,0.24,46.2,21.0
NS-0821,Ambarnath,Ambarnath,19.205479222954466,73.16766113957743,16853.2,394.0,2079.0,1233.6,14600.0,0.388,,0.186,0.285,forest,15.9,99.0,36.8,1.74,1.03,1.35,66.3,14.0
NS-0822,Thane East,Thane,19.211169035961504,73.0132913088701,16054.1,460.0,2336.0,1455.1,14300.0,0.495,0.522,0.065,0.238,state,72.2,99.0,73.2,0.4,2.26,2.12,79.6,34.0
NS-0823,Thane West,Thane,19.210263943443834,72.96959826875789,12494.9,350.0,1599.0,1279.7,15900.0,0.331,0.242,,0.397,state,38.9,99.0,33.1,0.98,2.34,0.93,93.4,38.0
NS-0824,M Ward,Mumbai,18.99540209289553,72.86868696677207,21883.1,540.0,2501.0,1142.9,,0.615,0.456,0.236,0.06,private,56.6,99.0,57.9,1.59,4.66,,85.5,31.0
NS-0825,M Ward,Mumbai,19.03599473432212,72.88110729864584,9261.0,245.0,1086.0,1172.7,8100.0,0.424,0.442,0.216,,private,59.6,99.0,43.2,0.53,3.7,,73.7,45.0
NS-0826,M Ward,Mumbai,19.00680707038005,72.90472831446857,11957.6,342.0,1400.0,1170.8,13200.0,0.658,0.624,0.157,0.132,private,96.3,99.0,61.6,2.44,1.69,,54.6,20.0
NS-0827,Ulhasnagar,Ulhasnagar,19.243987603555443,73.16552909786573,16692.9,619.0,2927.0,1753.4,24800.0,,0.308,0.19,0.03,private,32.3,99.0,47.4,1.95,1.24,0.91,78.5,52.0
NS-0828,Ambarnath,Ambarnath,19.158392648079165,73.1681921529347,15337.1,546.0,2164.0,1411.0,16500.0,0.395,0.277,,0.172,state,32.9,99.0,27.8,3.55,0.61,1.39,83.3,54.0
NS-0829,Kalyan East,Kalyan,19.22864112480349,73.13564180768522,16592.2,455.0,2008.0,1210.2,21300.0,0.264,0.367,0.115,0.103,state,39.1,99.0,49.8,0.14,1.79,0.81,71.7,42.0
NS-0830,Thane West,Thane,19.20756625869456,72.93949152020488,20181.0,714.0,3330.0,1650.1,5000.0,0.617,0.518,0.094,0.154,private,69.4,99.0,49.8,1.08,0.23,4.06,80.6,27.0
NS-0831,S Ward,Mumbai,19.118666000719227,72.92249761000234,47732.7,1155.0,5536.0,,19200.0,0.376,0.306,0.073,0.212,CRZ,40.7,99.0,35.9,0.84,1.66,0.56,74.1,52.0
NS-0832,M Ward,Mumbai,18.99945185359103,72.8760492292565,17164.9,428.0,2016.0,1174.5,17100.0,0.37,0.417,0.243,0.334,forest,84.5,99.0,71.8,2.08,2.9,0.52,74.1,4.0
NS-0833,Thane East,Thane,19.179820313167003,73.03182218609626,17396.7,,1737.0,998.5,19200.0,0.318,0.03,0.141,,private,3.0,99.0,23.9,2.1,,0.67,73.7,38.0
NS-0834,Thane East,Thane,19.22208915089204,73.00479122245034,16021.2,477.0,1875.0,1170.3,11400.0,0.253,0.285,0.288,0.356,state,,99.0,,1.79,1.11,0.11,82.3,10.0
NS-0835,M Ward,Mumbai,19.003543372548126,,36959.3,1026.0,4787.0,1295.2,21600.0,,0.366,0.238,0.226,private,46.8,99.0,70.2,2.37,0.37,0.68,72.0,46.0
NS-0836,Thane West,Thane,19.218649777978193,72.9731449365657,5158.2,155.0,618.0,1198.1,24100.0,0.274,,0.2,0.096,state,32.7,99.0,33.5,4.34,2.11,2.66,67.5,30.0
NS-0837,S Ward,Mumbai,,72.95954639484465,13194.4,429.0,2012.0,1524.9,6100.0,,,0.104,0.234,private,45.8,99.0,66.0,1.09,1.66,0.71,75.1,32.0
NS-0838,Thane West,Thane,19.21322755632389,72.94954317767981,,1227.0,5755.0,2006.0,8600.0,0.453,0.377,0.07,0.071,railway,47.4,99.0,46.4,2.73,0.69,1.05,54.3,32.0
NS-0839,Kalyan West,Kalyan,19.265315608144192,73.12529521949094,21350.8,901.0,3588.0,1680.5,13700.0,0.424,0.363,0.287,0.03,forest,48.1,99.0,39.0,1.27,0.21,0.73,61.9,17.0
NS-0840,Kalyan East,Kalyan,19.22710049750656,73.1237519524234,11215.2,413.0,1905.0,1698.6,26900.0,0.368,0.262,0.156,0.03,state,40.6,99.0,30.7,3.46,1.61,1.78,81.3,56.0
NS-0841,Thane East,Thane,19.20581918433635,72.9980943473442,11501.4,421.0,1950.0,1695.5,17400.0,0.317,0.421,0.215,0.287,state,66.7,99.0,63.9,1.0,1.15,0.33,92.3,6.0
NS-0842,M Ward,Mumbai,19.008305761596215,72.90083690262847,,725.0,2869.0,1241.4,12800.0,0.299,0.348,0.164,0.133,private,39.0,99.0,,4.92,1.3,0.7,33.6,31.0
NS-0843,L Ward,Mumbai,19.04272894120518,72.8754448407432,16852.2,397.0,1839.0,1091.3,9000.0,0.356,,0.162,0.22,state,10.6,99.0,32.7,1.91,1.29,1.06,73.2,22.0
NS-0844,L Ward,Mumbai,19.093670027673888,72.91882147533366,,380.0,1796.0,1628.3,15300.0,0.137,0.03,0.164,0.234,state,14.6,99.0,16.2,1.32,1.69,1.6,71.6,9.0
NS-0845,M Ward,Mumbai,19.011472068301902,72.87868856574987,14869.6,593.0,2835.0,1906.6,10400.0,0.302,0.356,0.119,0.544,state,69.0,99.0,37.4,0.24,3.57,0.21,84.2,43.0
NS-0846,M Ward,Mumbai,19.03354642746401,72.85734192530802,5177.8,123.0,583.0,1126.0,8900.0,0.454,0.433,0.189,0.275,railway,38.5,99.0,59.7,1.06,0.41,0.9,56.7,20.0
NS-0847,M Ward,Mumbai,,72.89079155452495,11134.6,361.0,1720.0,1544.7,13000.0,0.398,0.361,0.297,0.217,private,44.2,99.0,51.1,2.71,1.35,0.36,62.5,30.0
NS-0848,S Ward,Mumbai,19.143596131908275,72.95875854147218,8487.7,227.0,1154.0,1359.6,17600.0,0.259,,0.065,0.13,private,12.6,99.0,9.1,0.94,2.3,0.11,74.5,21.0
NS-0849,Thane West,Thane,,72.98059845456724,26565.6,914.0,4855.0,1827.6,17700.0,0.363,0.301,0.46,0.291,forest,43.1,99.0,36.2,1.44,1.22,2.72,52.3,17.0
NS-0850,L Ward,Mumbai,19.062122559365577,72.88727662105725,13482.3,336.0,1565.0,1160.8,9700.0,0.432,0.484,0.253,0.395,private,,99.0,43.3,0.71,0.79,1.44,83.0,25.0
NS-0851,Ambarnath,Ambarnath,19.191196436015368,73.19332287393523,,247.0,1093.0,1044.7,18700.0,0.347,0.281,0.19,,forest,11.1,,49.0,2.0,2.48,0.14,52.2,
NS-0852,Ambarnath,Ambarnath,19.188364597103973,73.20912212495064,14112.5,398.0,,1076.4,5000.0,0.572,0.544,0.221,0.03,railway,74.1,99.0,71.3,0.35,1.14,0.16,44.8,10.0
NS-0853,M Ward,Mumbai,18.996376156213994,72.88019809497729,32634.5,1191.0,4651.0,1425.2,10400.0,0.483,0.475,0.252,0.254,private,63.5,99.0,64.5,0.64,4.4,2.63,53.3,31.0
NS-0854,Thane West,Thane,19.24702823677984,73.00600407474286,30061.5,709.0,2529.0,841.3,18100.0,,0.163,0.146,0.375,state,33.6,99.0,20.8,1.57,3.49,0.36,74.0,21.0
NS-0855,S Ward,Mumbai,19.129566204738342,72.92476831786976,35471.1,924.0,4247.0,1197.3,11700.0,0.195,0.091,0.147,0.183,private,38.3,99.0,27.8,,3.99,1.42,82.0,51.0
NS-0856,M Ward,Mumbai,19.034664817081808,72.88974279897332,14886.4,582.0,2713.0,1822.5,16900.0,0.298,0.262,0.112,0.448,state,50.1,99.0,38.1,3.43,2.17,0.74,98.0,11.0
NS-0857,L Ward,Mumbai,19.06593347919271,72.90996616953198,24343.7,623.0,2744.0,1127.2,23200.0,0.263,0.257,0.174,0.226,state,41.0,99.0,32.3,4.2,1.63,3.28,85.1,11.0
NS-0858,Thane West,Thane,19.248162673745227,72.97380186005671,42187.9,1518.0,6223.0,1475.1,17700.0,0.38,0.419,0.13,0.131,railway,69.5,99.0,50.0,1.6,5.39,1.24,48.7,43.0
NS-0859,Thane West,Thane,19.24078451912981,72.9899065296831,15386.3,418.0,1495.0,971.6,11600.0,0.44,,0.173,0.089,state,80.3,99.0,52.8,2.08,0.97,1.72,75.3,
NS-0860,M Ward,Mumbai,19.042585245322492,72.87685642110449,37787.7,1008.0,4714.0,1247.5,5300.0,0.465,0.543,0.277,0.359,private,58.9,99.0,56.4,0.35,1.74,0.82,77.6,4.0
NS-0861,Thane West,Thane,19.219151723014587,72.9556601947414,25674.3,1058.0,4032.0,1570.4,11200.0,0.421,0.331,0.05,0.223,state,47.0,99.0,50.8,1.54,1.21,0.53,89.4,21.0
NS-0862,Thane East,Thane,19.186308340908283,73.00930137969256,6788.5,180.0,824.0,1213.8,12300.0,0.427,0.404,0.201,0.082,CRZ,49.9,99.0,65.8,3.41,1.87,0.41,64.2,28.0
NS-0863,M Ward,Mumbai,19.01377127242346,72.88719623097826,58688.8,1785.0,7690.0,1310.3,9300.0,0.462,0.547,0.211,0.346,state,,99.0,77.0,1.37,0.87,1.72,83.0,15.0
NS-0864,Thane East,Thane,19.203833203259016,73.02045238096187,11272.8,337.0,1255.0,1113.3,12000.0,0.587,0.531,0.149,0.364,state,86.3,99.0,79.7,2.54,2.28,1.91,82.5,45.0
NS-0865,Ambarnath,Ambarnath,19.19845852057469,73.19605561515391,22603.4,741.0,,1358.2,11200.0,0.518,0.51,0.116,0.171,state,93.9,99.0,62.1,2.79,0.25,0.52,80.7,7.0
NS-0866,M Ward,Mumbai,18.99135705305995,,26078.4,854.0,3121.0,1196.8,17700.0,0.239,0.101,0.237,0.173,state,25.6,99.0,24.8,,4.5,0.68,73.4,24.0
NS-0867,Thane East,Thane,19.25059923221941,73.00096674894925,42108.6,1264.0,5510.0,1308.5,9800.0,0.459,,0.207,0.146,private,21.9,99.0,45.1,0.49,1.13,2.82,79.3,29.0
NS-0868,M Ward,Mumbai,19.02057893299137,72.86183513018943,27812.5,735.0,2860.0,1028.3,14700.0,0.405,0.266,0.219,0.173,CRZ,,99.0,,0.92,1.13,0.7,86.6,44.0
NS-0869,S Ward,Mumbai,19.157434041578878,72.94726584186961,10853.0,269.0,1353.0,,11400.0,0.315,0.207,0.065,0.03,CRZ,21.0,99.0,41.6,3.37,2.07,0.84,98.0,6.0
NS-0870,Thane East,Thane,19.16703405986071,73.0481212699816,41990.1,1040.0,4354.0,1036.9,11900.0,0.467,0.276,0.122,0.134,forest,55.5,99.0,47.4,,2.03,1.25,48.3,45.0
NS-0871,M Ward,Mumbai,18.97274554204796,72.87758963429519,35064.3,1257.0,5874.0,1675.2,19300.0,0.216,0.233,0.078,0.193,private,32.0,99.0,44.7,1.41,3.31,1.01,73.1,48.0
NS-0872,M Ward,Mumbai,18.962143713157264,72.85589078421555,30279.6,1010.0,3699.0,1221.6,21900.0,,0.397,0.169,0.382,forest,67.9,99.0,42.1,2.93,2.51,0.83,47.4,39.0
NS-0873,M Ward,Mumbai,18.975638361582227,72.88519025191313,5464.5,147.0,664.0,1215.1,14200.0,0.32,0.344,0.188,0.142,state,51.6,99.0,45.6,2.72,1.22,2.19,63.8,56.0
NS-0874,M Ward,Mumbai,19.014521346263248,72.88010665776886,30225.6,808.0,2692.0,890.6,10900.0,0.317,0.291,0.157,0.218,CRZ,38.5,99.0,55.6,0.88,0.92,2.66,85.4,39.0
NS-0875,M Ward,Mumbai,19.00988823907392,72.88581390758743,18259.6,436.0,1689.0,925.0,20600.0,0.139,0.121,0.219,0.078,state,24.7,99.0,17.4,0.57,2.89,0.75,84.9,52.0
NS-0876,S Ward,Mumbai,19.17955743145342,,29166.9,765.0,3603.0,1235.3,19800.0,0.336,0.208,0.161,0.253,forest,44.6,99.0,38.4,0.05,3.82,0.54,57.9,48.0
NS-0877,M Ward,Mumbai,19.004765797187773,72.86635703231576,7009.2,246.0,947.0,1351.1,5000.0,0.446,0.46,0.236,0.185,private,78.6,99.0,54.8,1.32,0.98,1.19,77.0,10.0
NS-0878,Thane West,Thane,19.23723580149439,72.99730473331299,17001.1,436.0,1878.0,1104.6,13800.0,0.343,0.296,0.24,0.268,railway,63.5,99.0,63.6,1.06,3.57,2.77,58.0,30.0
NS-0879,L Ward,Mumbai,19.073126364856538,72.89513057536277,55827.7,1416.0,5336.0,955.8,24300.0,0.514,0.388,0.148,0.262,private,41.5,99.0,59.2,1.69,2.9,1.31,70.0,43.0
NS-0880,M Ward,Mumbai,19.00445834220308,,9909.0,237.0,1065.0,1074.8,11900.0,0.299,0.186,0.221,,railway,10.1,99.0,56.6,0.59,1.43,0.36,36.9,50.0
NS-0881,S Ward,Mumbai,19.133747077763935,72.96028711806238,12968.8,345.0,1819.0,1402.6,12200.0,0.44,0.361,0.126,0.123,CRZ,,99.0,54.8,3.19,1.63,1.72,76.3,12.0
NS-0882,Thane West,Thane,19.24348097703198,72.98292024295343,17106.4,413.0,1798.0,1051.1,10300.0,0.586,0.543,0.108,0.299,private,82.1,99.0,66.9,1.18,1.71,0.21,88.6,21.0
NS-0883,S Ward,Mumbai,19.120188876860936,72.93751269853433,13350.5,334.0,1193.0,,8800.0,0.274,0.158,0.176,0.264,railway,24.0,99.0,25.2,1.25,1.54,1.98,50.4,43.0
NS-0884,Ambarnath,Ambarnath,19.195000429397304,73.21255035266745,28833.2,1143.0,6376.0,2211.3,21100.0,0.45,0.277,0.18,0.272,private,8.3,99.0,35.3,1.13,3.79,3.86,68.9,12.0
NS-0885,M Ward,Mumbai,18.99335468087849,72.86472623783781,25830.3,741.0,3032.0,1173.8,,0.464,0.513,0.085,0.393,railway,63.3,99.0,52.6,2.32,3.49,0.19,27.9,17.0
NS-0886,Kalyan West,Kalyan,19.258798902484205,73.15206212730386,16128.1,673.0,2860.0,1773.3,14100.0,0.424,0.342,0.098,,forest,42.8,99.0,42.2,,3.3,1.61,58.6,19.0
NS-0887,Thane East,Thane,19.208893307800135,,,,2144.0,1200.7,13500.0,0.325,0.249,0.199,0.255,state,24.4,99.0,54.9,0.52,1.76,0.74,73.6,44.0
NS-0888,S Ward,Mumbai,19.14496535583165,72.93869235078144,15454.8,546.0,2388.0,1545.2,,0.356,0.03,0.133,0.244,forest,6.6,99.0,30.4,1.46,2.79,0.46,52.3,19.0
NS-0889,M Ward,Mumbai,18.99282053996939,,15912.9,398.0,1816.0,1141.2,22000.0,0.492,0.347,0.108,0.348,railway,33.4,99.0,54.3,2.83,0.57,0.82,43.2,27.0
NS-0890,L Ward,Mumbai,19.05196176470265,,17662.1,411.0,1941.0,1099.0,7100.0,0.253,0.144,0.131,0.419,state,3.0,,35.0,0.12,0.44,1.27,98.0,22.0
NS-0891,Thane East,Thane,19.21147505501109,73.02236026416266,18519.1,651.0,3469.0,1873.2,7700.0,0.563,0.426,0.25,0.404,forest,84.2,99.0,70.1,1.71,1.37,1.84,44.8,15.0
NS-0892,S Ward,Mumbai,19.122958813940016,72.93055010706203,62604.5,2505.0,12434.0,1986.1,5500.0,0.51,0.545,0.16,0.222,state,69.6,99.0,67.5,2.89,5.93,0.31,90.3,13.0
NS-0893,M Ward,Mumbai,18.999659096324038,72.88188203648936,26083.1,1102.0,5363.0,2056.1,11000.0,0.376,0.254,0.195,0.359,private,47.6,99.0,31.5,0.23,,4.27,54.4,52.0
NS-0894,L Ward,Mumbai,19.041336658087808,72.8946438172606,16165.9,456.0,2282.0,1411.6,8600.0,,0.351,0.12,0.032,CRZ,46.6,99.0,46.2,0.17,3.27,1.68,83.3,39.0
NS-0895,Kalyan West,Kalyan,19.252966850147878,73.08531792723353,14613.9,391.0,2131.0,1458.2,,0.448,0.484,0.167,0.199,state,65.5,99.0,59.1,,2.67,2.14,77.8,26.0
NS-0896,S Ward,Mumbai,19.13607965169978,72.95297012024118,36507.2,1183.0,3919.0,1073.5,11600.0,0.349,,0.346,0.462,private,29.0,99.0,40.5,1.19,7.88,0.79,61.0,4.0
NS-0897,S Ward,Mumbai,19.13613248276311,72.9437982633034,39823.9,1235.0,5026.0,1262.1,5800.0,0.481,0.407,0.065,0.217,private,66.3,99.0,47.2,2.03,,1.45,78.8,18.0
NS-0898,M Ward,Mumbai,19.00341641027462,72.9013292031058,4802.5,194.0,767.0,1597.1,24300.0,0.177,,0.092,0.166,state,54.0,,32.4,5.07,3.0,1.7,85.5,3.0
NS-0899,Thane West,Thane,19.20713741541159,73.00179542877424,26395.4,1060.0,5147.0,1950.0,7400.0,0.368,0.406,0.051,0.181,CRZ,45.5,,51.0,0.43,2.01,0.3,67.2,41.0
NS-0900,M Ward,Mumbai,19.001516798409867,72.87566341073675,36330.2,975.0,4051.0,1115.1,24300.0,0.324,0.211,0.23,0.381,private,17.8,99.0,26.5,0.6,2.95,1.11,63.0,48.0
NS-0901,L Ward,Mumbai,,72.88529821561626,7329.4,216.0,,1256.6,13400.0,0.42,0.285,0.126,0.388,state,35.0,99.0,24.6,0.64,1.47,0.77,76.9,12.0
NS-0902,M Ward,Mumbai,19.0122079706524,72.89646555281048,15312.9,447.0,2064.0,1347.9,14100.0,0.482,0.396,0.13,0.319,private,85.5,99.0,44.5,1.82,7.74,0.28,67.6,26.0
NS-0903,Ambarnath,Ambarnath,19.19467101155402,73.18869752719633,10713.4,421.0,1828.0,1706.3,19900.0,0.267,0.181,0.262,0.264,state,,99.0,34.2,2.65,2.61,0.8,69.7,56.0
NS-0904,M Ward,Mumbai,19.03494629568888,72.85497526669486,25603.7,818.0,3657.0,1428.3,16100.0,0.333,0.193,0.05,0.146,state,39.7,99.0,22.2,0.37,0.1,1.55,76.7,8.0
NS-0905,M Ward,Mumbai,19.013572561728544,72.89659160786967,20625.6,506.0,2025.0,981.8,10300.0,0.359,0.283,0.125,0.12,state,46.0,99.0,46.4,0.77,1.93,1.17,65.2,8.0
NS-0906,M Ward,Mumbai,19.01253417147365,72.8807181286652,20531.2,856.0,3646.0,1775.8,10300.0,,,0.112,0.256,state,76.3,99.0,54.2,,3.65,1.61,55.8,55.0
NS-0907,Thane East,Thane,19.221287445658295,73.02945856238453,18660.9,437.0,,1160.2,14800.0,0.403,0.364,0.079,0.391,state,71.9,99.0,35.5,0.73,,0.74,96.9,54.0
NS-0908,S Ward,Mumbai,19.132014739752496,72.92484096317476,7773.5,208.0,1143.0,1470.4,15700.0,0.332,0.358,0.226,0.362,state,30.1,99.0,43.9,0.72,3.14,1.18,93.0,8.0
NS-0909,M Ward,Mumbai,19.005516398966243,72.84279042550213,34210.1,991.0,4042.0,,22600.0,0.232,0.228,0.201,0.387,private,7.4,99.0,24.7,2.89,0.53,0.35,65.0,57.0
NS-0910,L Ward,Mumbai,19.043447290275488,72.8625694552719,15031.6,641.0,2773.0,1844.8,16000.0,0.418,0.359,0.16,0.279,state,54.0,99.0,38.0,2.43,0.86,,88.6,9.0
NS-0911,Thane West,Thane,19.20491364290479,72.98638424404086,17491.4,467.0,2327.0,1330.4,23000.0,0.105,,0.309,0.299,state,5.1,99.0,16.4,0.64,1.1,2.02,75.8,50.0
NS-0912,M Ward,Mumbai,19.013048245379643,72.85367031273205,43607.6,1287.0,,1143.4,,0.216,0.108,0.265,0.262,state,10.0,99.0,12.0,1.95,,0.49,98.0,17.0
NS-0913,Ambarnath,Ambarnath,19.171263535835436,73.14884270564318,19170.3,496.0,2293.0,1196.1,27400.0,,0.262,0.19,0.344,state,39.9,99.0,22.8,1.63,1.43,0.25,74.6,24.0
NS-0914,Ambarnath,Ambarnath,19.217010714463164,73.20512372937108,46930.9,1092.0,5096.0,1085.9,5000.0,0.439,0.549,0.199,0.114,state,70.0,99.0,54.5,,3.85,1.23,88.3,43.0
NS-0915,M Ward,Mumbai,19.0054248145905,72.89359293520023,25883.8,677.0,2905.0,1122.3,13100.0,0.411,0.38,0.298,0.282,CRZ,30.5,99.0,51.0,1.98,2.12,0.72,88.0,39.0
NS-0916,M Ward,Mumbai,18.972438684495515,72.88026018485932,18454.4,483.0,2156.0,1168.3,,0.419,0.364,0.161,0.03,railway,46.6,99.0,56.8,0.71,6.15,1.6,43.6,53.0
NS-0917,Ulhasnagar,Ulhasnagar,19.226889136280708,,10316.6,388.0,1947.0,1887.3,11900.0,0.28,0.309,0.232,0.187,private,47.8,99.0,39.6,0.94,0.59,0.74,76.7,13.0
NS-0918,Thane West,Thane,19.232462388159394,72.98806897220418,17508.2,540.0,2344.0,1338.8,11000.0,0.424,0.419,0.276,0.158,private,45.5,99.0,37.7,2.73,1.2,0.7,86.6,55.0
NS-0919,Kalyan East,Kalyan,19.239886728452102,73.13570885565919,62289.9,1476.0,6782.0,1088.8,,0.487,,0.318,0.195,private,75.6,99.0,55.1,1.64,,0.13,72.7,7.0
NS-0920,M Ward,Mumbai,19.000953966812162,72.8809332417101,50708.9,1198.0,5649.0,1114.0,15700.0,0.303,0.268,0.3,0.331,private,29.6,99.0,35.3,1.9,0.48,1.86,49.9,5.0
NS-0921,Ulhasnagar,Ulhasnagar,19.19848779492667,73.15541395623673,3261.0,109.0,461.0,1413.7,17400.0,0.094,0.107,0.199,0.097,forest,8.1,99.0,27.6,0.27,2.93,0.55,48.2,36.0
NS-0922,Ambarnath,Ambarnath,19.189029220321927,73.19303968468905,11248.7,274.0,1220.0,1084.6,21800.0,0.47,0.509,0.145,0.417,state,41.2,,71.5,,1.79,,,55.0
NS-0923,Thane East,Thane,19.22934674397594,73.04832190611779,10410.9,331.0,1504.0,1444.6,18200.0,0.362,0.254,0.241,,state,22.3,99.0,46.4,1.9,,0.09,89.7,11.0
NS-0924,M Ward,Mumbai,19.012799961175535,72.8433402410714,9825.7,264.0,1167.0,,17900.0,0.347,0.288,0.236,0.352,state,34.7,99.0,45.8,1.17,0.55,1.01,77.0,27.0
NS-0925,M Ward,Mumbai,,72.91055724378337,27113.5,999.0,3959.0,1460.2,12800.0,0.496,0.404,0.213,0.37,private,75.1,99.0,42.5,1.25,0.7,1.4,55.4,43.0
NS-0926,Thane West,Thane,19.241081702998486,72.98756811582194,,449.0,2044.0,1737.0,5000.0,0.331,0.322,0.249,0.246,private,45.9,99.0,46.0,1.54,1.04,0.77,65.3,3.0
NS-0927,Ulhasnagar,Ulhasnagar,19.192487321710896,73.11986418867798,14464.7,440.0,1722.0,1190.5,27500.0,0.108,0.09,0.227,0.132,private,3.0,99.0,24.4,0.15,0.83,0.56,57.6,41.0
NS-0928,Thane East,Thane,19.184538157742125,73.00201006878193,17812.2,591.0,2908.0,1632.6,7200.0,0.31,0.3,0.193,0.088,railway,29.0,99.0,52.3,1.48,1.53,0.5,28.7,37.0
NS-0929,Kalyan West,Kalyan,19.23987726352734,73.12478184004945,9957.1,257.0,843.0,846.6,16200.0,0.461,0.331,0.136,0.03,forest,58.4,,44.7,1.76,1.74,0.91,68.0,54.0
NS-0930,Kalyan East,Kalyan,19.225135824900534,73.15709001765055,43517.5,1689.0,7071.0,1624.9,6200.0,0.622,0.543,0.163,0.265,private,79.7,99.0,62.6,0.84,0.79,0.25,53.0,37.0
NS-0931,M Ward,Mumbai,19.01232601175744,,20152.9,671.0,3180.0,1577.9,15600.0,0.451,0.351,0.176,0.108,railway,58.5,99.0,60.3,0.8,3.7,2.06,30.2,41.0
NS-0932,Thane West,Thane,19.238290696750724,73.00455236418983,14801.5,386.0,1488.0,1005.3,14200.0,0.281,0.302,,0.362,state,70.8,99.0,60.9,2.6,0.7,1.45,91.8,44.0
NS-0933,S Ward,Mumbai,19.136302899045006,72.93363243380885,68064.3,2800.0,14556.0,2138.6,13700.0,0.226,0.219,0.205,0.241,forest,40.1,99.0,49.2,0.89,,0.43,49.6,16.0
NS-0934,L Ward,Mumbai,19.040918363699753,72.86552704118161,36832.3,1093.0,4731.0,1284.5,19400.0,0.352,0.344,0.138,0.343,private,47.6,99.0,50.2,0.4,0.98,0.66,68.3,42.0
NS-0935,Ambarnath,Ambarnath,19.209070098666412,73.1576012129138,8157.4,190.0,736.0,902.2,26300.0,0.309,0.191,0.179,0.407,private,48.7,90.9,34.9,0.76,1.61,0.81,64.3,47.0
NS-0936,L Ward,Mumbai,19.04853793585242,72.88619859126133,17638.5,589.0,2786.0,1579.5,22000.0,0.409,0.301,0.258,0.367,railway,,99.0,18.9,1.63,1.54,0.7,,55.0
NS-0937,L Ward,Mumbai,19.052238625705794,72.89864318471705,7817.6,274.0,1234.0,1578.5,15400.0,0.383,0.366,0.196,0.116,private,58.6,99.0,55.8,0.05,3.3,1.67,63.6,9.0
NS-0938,Thane West,Thane,19.23773553052576,72.96981598207083,27979.3,1051.0,4328.0,1546.9,18000.0,,0.163,0.209,0.117,private,27.2,99.0,38.4,0.91,0.37,0.49,87.2,56.0
NS-0939,L Ward,Mumbai,19.099166979487958,72.88371401187145,7455.9,213.0,1010.0,1354.6,15400.0,0.434,0.289,0.092,0.339,state,51.0,99.0,37.9,,2.0,0.37,,19.0
NS-0940,Thane West,Thane,19.24850638309241,73.00676289083462,14410.8,595.0,2472.0,1715.4,10600.0,0.392,0.237,0.12,0.146,forest,3.0,99.0,38.6,0.86,0.97,0.65,56.0,4.0
NS-0941,L Ward,Mumbai,,72.88899902537382,29118.8,1037.0,5684.0,1952.0,21300.0,0.526,0.438,0.198,0.512,forest,80.4,99.0,59.0,0.46,3.37,2.74,51.1,35.0
NS-0942,Thane West,Thane,19.211093218801494,73.01929427323255,4583.3,122.0,565.0,1232.7,15100.0,0.353,0.417,0.21,0.217,private,57.1,99.0,51.4,1.1,2.74,0.8,82.4,20.0
NS-0943,Kalyan East,Kalyan,19.24070863268755,73.13455468919227,23698.2,833.0,3022.0,1275.2,12300.0,0.296,0.3,0.16,0.317,state,3.0,99.0,35.8,4.01,,0.91,93.1,48.0
NS-0944,L Ward,Mumbai,19.03106476255665,72.9072273305988,28148.2,927.0,3505.0,1245.2,20100.0,0.317,0.24,0.199,0.383,state,35.2,99.0,45.1,0.45,0.67,0.82,66.6,10.0
NS-0945,M Ward,Mumbai,18.97703432640868,,22234.1,946.0,3477.0,1563.8,16800.0,0.339,0.312,0.181,0.286,private,39.2,99.0,43.4,0.94,0.37,0.09,80.5,24.0
NS-0946,Thane West,Thane,19.251302997567127,72.9840013234624,18023.8,578.0,2827.0,1568.5,10300.0,0.448,0.312,0.229,0.409,private,74.1,99.0,62.9,3.01,2.43,0.79,93.5,35.0
NS-0947,M Ward,Mumbai,19.011222702744778,72.85531127854499,42814.7,1304.0,6217.0,1452.1,15000.0,0.216,0.227,0.125,0.604,private,7.1,,27.9,2.85,2.19,0.15,63.3,30.0
NS-0948,Ambarnath,Ambarnath,19.201526480516165,73.20193281937634,19755.1,581.0,2176.0,1101.5,22200.0,0.25,0.169,0.278,0.074,private,31.6,99.0,26.9,1.01,0.58,,67.6,33.0
NS-0949,M Ward,Mumbai,18.975301808007206,72.92462817095212,23145.1,543.0,2187.0,944.9,16400.0,0.345,0.312,0.185,,CRZ,,99.0,44.4,0.17,2.12,1.36,73.5,8.0
NS-0950,L Ward,Mumbai,19.035373517752316,72.88347839969767,52091.0,1639.0,6826.0,1310.4,22700.0,0.364,0.226,0.062,0.217,private,12.5,99.0,42.5,0.25,3.25,0.6,55.3,49.0
NS-0951,M Ward,Mumbai,18.96085677350096,72.88166558595782,9484.3,266.0,1022.0,1077.6,17700.0,0.318,0.196,0.152,0.45,CRZ,3.0,99.0,34.8,0.54,6.15,1.06,98.0,32.0
NS-0952,M Ward,Mumbai,19.01066799149895,72.9131408095419,12485.8,448.0,2052.0,1643.5,20700.0,0.323,0.308,0.137,0.346,forest,56.3,99.0,42.6,3.48,0.64,0.15,37.8,53.0
NS-0953,M Ward,Mumbai,19.001714804778878,72.8971334558502,,784.0,3486.0,1628.6,22500.0,0.411,0.316,0.144,0.42,state,62.5,99.0,35.8,0.5,1.14,0.54,80.2,56.0
NS-0954,L Ward,Mumbai,,72.87590623944375,19186.6,577.0,2744.0,1430.2,17900.0,0.35,0.354,0.177,0.423,railway,56.5,99.0,37.8,4.43,0.6,0.19,41.5,35.0
NS-0955,M Ward,Mumbai,,72.88454263006963,12186.0,526.0,2412.0,1979.3,19500.0,0.377,0.354,0.181,0.374,state,40.4,99.0,68.1,0.63,0.94,2.28,73.7,27.0
NS-0956,M Ward,Mumbai,19.056050382617084,72.871710316351,7096.2,173.0,842.0,1186.6,8200.0,0.439,0.511,0.306,0.48,state,62.3,99.0,80.0,,,2.37,66.7,3.0
NS-0957,M Ward,Mumbai,19.00344530030945,72.874165931915,13504.0,388.0,2169.0,1606.2,11000.0,0.503,0.523,0.162,0.316,private,,99.0,75.4,1.84,2.19,0.37,74.4,22.0
NS-0958,L Ward,Mumbai,19.045743052931943,72.871225704435,29387.7,919.0,3357.0,1142.3,20200.0,0.417,0.216,0.204,0.45,private,47.3,99.0,39.5,0.55,1.15,2.09,63.7,13.0
NS-0959,S Ward,Mumbai,19.117140110103488,72.92682389318918,6839.8,212.0,981.0,1434.3,8900.0,0.339,0.309,0.241,0.284,CRZ,40.5,99.0,45.6,2.76,1.18,1.48,90.4,35.0
NS-0960,Kalyan West,Kalyan,19.23154438248655,73.13306256478698,11028.6,259.0,1284.0,1164.2,19600.0,0.306,0.283,0.126,0.235,forest,76.0,99.0,52.6,1.7,1.97,1.14,77.5,13.0
NS-0961,Thane West,Thane,19.227109895184665,72.998701180634,8585.5,224.0,951.0,1107.7,10300.0,0.351,0.363,,0.246,private,43.5,99.0,44.9,0.36,0.35,1.29,62.5,55.0
NS-0962,L Ward,Mumbai,19.06999966983757,72.89171461015445,14816.0,355.0,1904.0,1285.1,8400.0,0.511,0.476,0.153,0.297,state,62.6,99.0,66.6,0.44,2.47,0.17,84.2,
NS-0963,Thane West,Thane,19.19871380242271,72.96225829043259,,172.0,782.0,1314.0,17000.0,0.236,0.179,0.096,0.03,state,25.8,99.0,36.6,2.5,2.24,0.18,77.7,35.0
NS-0964,Thane West,Thane,19.21967016552455,72.95277440834282,11893.9,287.0,1322.0,1111.5,16400.0,0.274,0.353,,0.152,forest,52.2,99.0,53.3,2.89,1.59,1.16,49.1,12.0
NS-0965,Thane East,Thane,19.196662633859248,73.01389847197218,34373.7,1042.0,5159.0,1500.9,9600.0,0.285,0.289,0.184,0.03,CRZ,54.4,99.0,33.9,0.66,4.34,0.57,70.8,8.0
NS-0966,L Ward,Mumbai,19.044250865915473,72.87355770546725,48325.7,1901.0,9071.0,1877.1,,0.416,0.312,0.178,0.286,forest,62.6,99.0,49.9,2.84,2.35,0.29,36.3,19.0
NS-0967,M Ward,Mumbai,18.971155448813327,72.87623180400406,30392.4,1137.0,5470.0,1799.8,18700.0,0.32,0.208,,0.199,railway,14.0,99.0,18.5,0.94,0.91,1.09,,22.0
NS-0968,Ambarnath,Ambarnath,19.20079126758323,73.19348547106927,16177.4,499.0,2452.0,1515.7,23300.0,0.274,0.22,0.148,0.162,private,3.0,99.0,45.8,,3.0,0.78,,9.0
NS-0969,M Ward,Mumbai,19.030777130629104,72.88090472694265,17798.0,487.0,1858.0,1043.9,9800.0,0.426,0.207,0.297,0.329,railway,55.7,99.0,29.6,0.89,4.84,,34.4,24.0
NS-0970,M Ward,Mumbai,19.00805611438992,72.87699004955427,28894.6,864.0,3639.0,1259.4,15000.0,0.465,0.474,0.186,0.348,state,65.7,99.0,51.6,0.38,1.08,0.69,72.3,22.0
NS-0971,M Ward,Mumbai,19.00465054016909,72.87550329084328,,232.0,848.0,1084.0,5000.0,0.402,0.325,,0.044,private,62.4,99.0,36.9,0.47,0.64,,69.9,28.0
NS-0972,Kalyan West,Kalyan,19.254443952193412,,17455.0,440.0,2107.0,1207.1,15600.0,,,0.26,0.069,private,22.9,99.0,24.3,3.93,2.12,0.67,59.9,
NS-0973,L Ward,Mumbai,19.05352903066948,72.85881672517463,,1571.0,7501.0,2022.1,15900.0,0.3,0.288,0.163,0.174,private,46.0,99.0,43.7,0.43,1.22,0.28,98.0,14.0
NS-0974,S Ward,Mumbai,,72.93911627712846,16898.3,408.0,1841.0,1089.5,20400.0,0.143,0.134,0.178,0.154,private,3.0,99.0,52.2,2.02,1.43,0.46,,
NS-0975,M Ward,Mumbai,19.030324782028224,72.84826682745647,5444.2,160.0,618.0,1135.2,17100.0,0.399,0.193,0.146,0.25,private,33.9,99.0,39.3,3.57,2.32,0.53,82.8,35.0
NS-0976,Thane West,Thane,19.231639578303984,72.98606894551602,30033.1,720.0,3278.0,1091.5,13300.0,0.509,0.377,0.223,0.307,railway,62.3,,52.9,0.73,1.48,1.32,42.6,6.0
NS-0977,Thane West,Thane,19.245971077944997,72.99318522407427,12482.3,,2187.0,1752.1,9900.0,0.489,,0.156,0.327,private,66.9,99.0,63.9,1.61,1.99,0.84,72.9,48.0
NS-0978,L Ward,Mumbai,19.03945250790207,72.85907260019293,19845.2,767.0,2832.0,1427.0,5000.0,0.471,0.417,0.162,0.437,state,53.5,99.0,58.4,1.77,1.89,1.33,77.1,39.0
NS-0979,S Ward,Mumbai,19.141142959629853,72.94694086258862,9452.2,239.0,1265.0,1338.3,19300.0,0.306,0.164,0.323,0.496,state,20.6,99.0,30.9,4.25,1.9,2.01,69.7,33.0
NS-0980,M Ward,Mumbai,18.9871877996804,72.90645114737407,10822.5,328.0,1669.0,1542.2,17200.0,0.423,0.341,,0.422,forest,37.0,99.0,38.1,0.96,0.78,0.61,,9.0
NS-0981,M Ward,Mumbai,19.034870089826736,72.89478655606334,32988.9,853.0,,1082.2,24600.0,0.082,0.03,0.101,0.03,state,3.0,99.0,26.3,1.13,1.93,0.15,94.0,12.0
NS-0982,M Ward,Mumbai,18.98113127099461,72.89330897830615,10083.1,349.0,1905.0,1889.3,8400.0,0.36,0.353,0.159,0.263,state,67.7,99.0,,0.75,0.85,0.64,77.0,20.0
NS-0983,S Ward,Mumbai,19.162140082718604,72.95749102414574,8192.8,242.0,1129.0,1378.0,21800.0,0.156,0.03,0.173,0.255,private,16.4,,2.0,1.8,0.52,1.41,67.5,49.0
NS-0984,L Ward,Mumbai,19.058444383438434,72.90954371533634,9778.0,265.0,995.0,1017.6,12000.0,0.263,0.132,,0.104,state,,99.0,56.6,1.87,3.92,1.26,92.2,20.0
NS-0985,Ulhasnagar,Ulhasnagar,19.1975893130077,73.1670360843734,19594.3,601.0,2394.0,1221.8,23100.0,0.183,0.148,0.101,0.296,state,24.4,99.0,2.0,3.66,1.33,0.26,59.1,35.0
NS-0986,L Ward,Mumbai,19.048350429595697,72.885452597899,12365.2,403.0,1684.0,1361.9,8300.0,0.332,0.279,0.156,,state,,99.0,50.8,2.72,2.64,0.49,75.5,5.0
NS-0987,S Ward,Mumbai,19.1568200876684,72.96365523685907,72645.4,2011.0,9723.0,1338.4,19200.0,0.245,0.165,0.14,0.339,forest,6.4,99.0,24.3,3.1,3.14,1.84,56.3,42.0
NS-0988,Thane East,Thane,19.217756747192883,73.03201114125655,7566.1,208.0,1137.0,1502.8,6200.0,0.35,0.406,0.26,0.481,private,74.7,99.0,57.6,5.23,3.68,0.35,65.0,40.0
NS-0989,M Ward,Mumbai,18.997656310475474,72.8711815754376,15140.3,461.0,1658.0,1095.1,,0.354,0.349,0.084,0.226,state,34.5,99.0,42.7,3.29,2.86,2.18,83.9,18.0
NS-0990,Kalyan West,Kalyan,,73.14533900563154,11911.7,447.0,2154.0,1808.3,30100.0,0.224,0.137,0.2,0.201,state,13.3,99.0,22.1,0.53,3.77,0.68,90.9,22.0
NS-0991,M Ward,Mumbai,19.022517685443585,72.87463205125395,7904.9,274.0,1371.0,1734.4,9900.0,0.401,0.505,0.164,0.214,CRZ,75.8,99.0,,2.19,1.37,0.8,,18.0
NS-0992,L Ward,Mumbai,19.06300650319163,72.9111537364523,22873.6,712.0,3434.0,1501.3,17100.0,0.353,0.292,0.328,0.261,private,60.2,99.0,45.9,1.4,2.03,0.24,62.7,15.0
NS-0993,L Ward,Mumbai,19.05744214290354,72.93916909604808,19994.1,676.0,3639.0,1820.0,17200.0,0.417,,0.177,0.052,private,23.2,99.0,41.8,2.29,4.07,0.53,66.1,40.0
NS-0994,M Ward,Mumbai,19.01327480370019,72.89200005403698,15646.2,448.0,2300.0,1470.0,20500.0,0.433,0.396,0.127,0.153,forest,20.6,99.0,51.8,1.05,0.65,1.75,55.5,41.0
NS-0995,Thane East,Thane,19.202166507417715,72.97400600118237,11967.8,344.0,1429.0,1194.0,8700.0,0.355,0.279,0.26,0.4,railway,65.6,99.0,43.4,0.82,2.38,0.73,33.9,49.0
NS-0996,L Ward,Mumbai,19.06653243035073,72.91426599785142,27891.7,869.0,,1556.0,5000.0,0.31,0.309,0.178,0.321,forest,37.4,99.0,29.4,1.75,1.84,5.85,52.1,20.0
NS-0997,Thane West,Thane,19.229022681077762,72.98667458288594,22906.7,736.0,3431.0,,22400.0,0.301,0.261,0.197,0.192,railway,36.3,99.0,51.7,1.76,1.01,0.57,58.2,23.0
NS-0998,M Ward,Mumbai,19.00701041122811,72.85226684551122,18714.5,,1971.0,1053.2,14200.0,0.341,0.249,0.101,0.279,CRZ,47.6,99.0,38.1,0.68,1.14,1.45,84.2,4.0
NS-0999,M Ward,Mumbai,,72.86571014567009,17667.2,498.0,2249.0,1273.0,14800.0,0.44,0.481,,0.262,CRZ,61.7,99.0,64.1,0.34,4.04,3.32,74.0,14.0
NS-1000,M Ward,Mumbai,19.003807095291894,72.897313623212,16987.1,572.0,2521.0,1484.1,11600.0,0.282,0.187,0.208,0.391,state,30.9,99.0,25.8,2.01,,1.14,83.7,54.0
NS-1001,M Ward,Mumbai,,72.89708019542645,13374.5,316.0,1184.0,885.3,19200.0,0.341,0.205,0.169,,state,30.7,99.0,36.2,0.76,3.25,0.35,72.7,53.0
NS-1002,Kalyan West,Kalyan,19.243019051106224,73.11587331791492,19558.7,841.0,4104.0,2098.3,19000.0,0.245,0.34,0.072,0.421,CRZ,56.6,,45.6,1.27,1.8,3.51,83.0,33.0
NS-1003,M Ward,Mumbai,,72.91002063270089,16603.0,639.0,2423.0,1459.4,19700.0,0.434,0.212,0.171,0.35,private,29.9,99.0,43.9,1.84,0.55,0.9,69.8,47.0
NS-1004,M Ward,Mumbai,19.030368976975772,72.90082415561639,32293.9,1203.0,5228.0,1618.9,14200.0,0.473,0.343,0.187,0.081,railway,44.3,99.0,28.4,1.01,5.12,0.91,52.9,27.0
NS-1005,M Ward,Mumbai,18.99090528621183,72.91197583797758,8552.8,357.0,1885.0,2204.0,9900.0,0.475,0.372,0.273,0.195,private,53.9,99.0,44.1,0.34,1.54,0.82,70.1,8.0
NS-1006,Thane West,Thane,19.221588887298473,72.99502972221457,33086.9,1408.0,6228.0,,27900.0,0.193,0.119,0.23,0.03,state,42.7,99.0,28.1,0.24,1.28,1.1,87.9,53.0
NS-1007,L Ward,Mumbai,,72.86643023171504,6387.6,238.0,1269.0,,18200.0,0.464,0.43,0.169,0.493,state,70.6,99.0,58.3,0.77,1.57,1.89,66.5,
NS-1008,Kalyan West,Kalyan,19.240305746368158,73.12399970922357,45799.9,1100.0,4926.0,1075.5,21400.0,0.201,0.105,0.232,0.16,state,15.1,99.0,18.5,0.57,2.35,,94.3,
NS-1009,M Ward,Mumbai,19.04480235240745,72.88681282111568,23836.4,986.0,4641.0,1947.0,13200.0,0.514,0.382,0.143,0.256,railway,68.9,99.0,47.1,2.8,0.92,1.48,62.1,28.0
NS-1010,M Ward,Mumbai,19.03718104183153,72.88089707671777,18758.1,795.0,3809.0,2030.6,13100.0,0.267,0.231,0.248,0.204,state,18.5,99.0,28.3,3.27,1.59,2.02,76.4,25.0
NS-1011,M Ward,Mumbai,19.00151613621956,72.87201935453884,17319.5,595.0,3083.0,,18300.0,0.104,0.138,0.171,0.395,state,12.9,99.0,35.3,0.25,1.85,1.38,,27.0
NS-1012,M Ward,Mumbai,18.99516273424916,72.87536141975747,7508.9,326.0,1589.0,2116.2,20700.0,0.351,0.349,0.109,0.329,state,59.1,99.0,46.6,1.49,4.4,1.08,78.0,41.0
NS-1013,L Ward,Mumbai,19.054406355280182,72.87986744150183,73817.3,2147.0,8288.0,1122.8,17400.0,0.527,0.393,0.262,0.128,private,52.1,99.0,45.6,1.02,1.5,2.36,84.8,41.0
NS-1014,M Ward,Mumbai,19.045253379183546,72.89058707060988,14295.5,362.0,1488.0,1040.9,27000.0,0.264,0.137,0.19,0.194,state,3.0,99.0,16.4,1.38,2.5,0.42,75.1,39.0
NS-1015,Thane West,Thane,19.229090832480278,72.95998662289051,14031.4,449.0,1915.0,1364.8,11600.0,0.36,0.462,0.221,0.335,private,84.3,99.0,59.3,,3.06,0.64,,55.0
NS-1016,Thane East,Thane,19.21482294068322,72.98587362955216,16500.7,486.0,2357.0,1428.4,15500.0,0.584,0.489,0.201,0.094,private,58.1,99.0,50.2,1.36,1.8,2.09,78.3,42.0
NS-1017,S Ward,Mumbai,19.135573691092755,72.93744472400837,22472.9,805.0,3480.0,1548.5,10600.0,0.394,0.368,0.34,0.229,state,64.3,99.0,56.6,1.04,3.11,1.18,98.0,6.0
NS-1018,Thane West,Thane,19.209080170768686,72.96860721887374,17747.9,,3125.0,1760.8,18300.0,0.409,0.353,0.114,0.051,state,50.4,99.0,44.4,1.01,0.9,1.17,79.5,27.0
NS-1019,S Ward,Mumbai,19.148286698867487,72.96272481080057,30395.9,736.0,3300.0,1085.7,14900.0,0.348,0.343,0.173,0.541,state,55.3,99.0,54.4,,,0.42,88.0,44.0
NS-1020,L Ward,Mumbai,19.069300085837575,72.87835748473863,28050.3,906.0,4467.0,1592.5,19600.0,0.445,,0.206,0.109,state,54.9,99.0,62.5,1.96,1.38,0.08,68.3,57.0
NS-1021,Ulhasnagar,Ulhasnagar,19.24064981173161,73.14782880770834,7933.7,190.0,886.0,1116.8,11200.0,0.404,0.277,0.247,0.097,private,35.9,99.0,48.6,1.66,2.75,0.54,73.9,46.0
NS-1022,Thane East,Thane,19.19127294010979,73.00374970521946,18806.6,754.0,3353.0,1782.9,,0.306,0.353,,0.03,railway,,99.0,51.6,0.9,0.73,0.92,53.0,54.0
NS-1023,Thane East,Thane,19.182528539116145,72.99507026149507,61869.3,1979.0,8205.0,1326.2,15700.0,0.48,,0.133,,private,49.5,99.0,41.3,3.17,,1.35,68.2,23.0
NS-1024,S Ward,Mumbai,19.13768520032754,72.90670315002541,11410.0,324.0,1387.0,1215.6,20400.0,0.374,0.297,0.184,0.221,railway,56.4,99.0,,1.12,1.76,1.02,54.3,42.0
NS-1025,Thane West,Thane,19.2571263219569,72.99275778800478,12289.4,409.0,1667.0,1356.5,16500.0,0.34,0.24,0.176,0.24,state,55.9,99.0,41.6,1.12,0.65,1.34,98.0,40.0
NS-1026,M Ward,Mumbai,19.013482699691682,72.91915425077349,18936.5,651.0,2726.0,1439.5,23700.0,0.397,0.329,0.127,0.46,private,42.4,99.0,52.7,1.46,0.59,0.95,69.8,3.0
NS-1027,M Ward,Mumbai,18.980990539742194,72.89347325833549,33114.9,772.0,4121.0,1244.5,6800.0,0.284,0.315,0.269,0.574,private,50.1,99.0,40.9,1.4,2.16,0.28,85.6,13.0
NS-1028,Thane West,Thane,19.204999401004383,72.98557531231808,14971.5,,1895.0,1265.7,21800.0,0.332,0.216,0.15,0.173,private,3.0,99.0,45.0,0.89,4.54,1.03,43.5,40.0
NS-1029,Ulhasnagar,Ulhasnagar,19.194456469656842,73.1810672579621,10671.0,263.0,1008.0,944.6,7000.0,,0.362,0.305,0.178,railway,70.6,99.0,40.4,0.52,1.4,0.57,44.9,35.0
NS-1030,M Ward,Mumbai,19.008599380692246,,28103.9,772.0,3190.0,1135.1,23700.0,0.224,0.141,0.275,0.58,private,20.6,99.0,45.7,0.23,1.21,0.75,70.5,45.0
NS-1031,L Ward,Mumbai,19.063253384786307,72.88740762048243,8791.1,207.0,983.0,1118.2,9400.0,0.508,0.427,0.134,0.499,state,84.4,99.0,47.8,0.62,2.01,0.47,64.7,24.0
NS-1032,Thane West,Thane,19.2272818468143,72.97319987297888,15387.3,411.0,1412.0,917.6,11000.0,0.32,0.258,0.245,0.095,private,36.2,99.0,58.4,1.57,6.84,3.26,65.0,19.0
NS-1033,Kalyan West,Kalyan,19.255555628133106,73.13936619847846,11298.1,374.0,1587.0,1404.7,17600.0,,0.306,0.261,0.03,railway,54.5,99.0,46.5,1.54,1.54,1.07,40.1,12.0
NS-1034,M Ward,Mumbai,19.03164454741654,72.86641647035232,20628.8,652.0,3449.0,1671.9,21100.0,0.251,0.256,0.156,0.497,state,38.2,99.0,54.9,2.08,1.63,0.77,70.6,5.0
NS-1035,S Ward,Mumbai,19.139411154401273,72.92000568937898,35395.9,827.0,3309.0,934.9,22000.0,0.269,0.09,0.166,0.389,state,10.9,99.0,36.6,1.14,,0.85,69.1,35.0
NS-1036,Thane East,Thane,19.170874370319023,73.01382892290098,16053.8,501.0,2410.0,1501.2,21500.0,0.42,0.288,0.254,0.144,CRZ,24.4,99.0,23.5,0.34,4.05,1.18,75.1,6.0
NS-1037,Kalyan West,Kalyan,19.27230114602269,73.12232458575521,31671.4,823.0,3719.0,1174.2,10300.0,0.332,0.257,0.204,0.075,state,39.2,99.0,42.5,0.82,1.54,0.62,,50.0
NS-1038,M Ward,Mumbai,19.039254485254517,72.88124229089163,,627.0,2864.0,1584.8,12800.0,0.228,0.168,0.217,0.408,private,33.1,99.0,15.9,6.84,1.74,0.28,80.3,17.0
NS-1039,M Ward,Mumbai,18.987511879577024,72.85097022573758,48917.0,,5689.0,1163.0,10400.0,0.503,0.447,0.304,0.534,private,43.5,99.0,43.7,3.2,1.13,0.54,66.1,22.0
NS-1040,Thane West,Thane,19.214859255828063,72.99757318962543,8384.8,,1048.0,1249.9,17000.0,0.161,0.129,0.22,0.184,state,39.1,99.0,16.1,3.01,3.64,0.93,74.9,41.0
NS-1041,M Ward,Mumbai,18.962102758941096,72.87387607039395,29772.6,884.0,3769.0,1265.9,27900.0,0.287,,0.145,0.03,state,22.3,99.0,40.3,0.68,3.34,1.3,62.6,52.0
NS-1042,M Ward,Mumbai,19.036593227033652,72.88471134746004,12403.0,532.0,2591.0,2089.0,7400.0,0.443,0.324,0.114,0.354,state,50.3,99.0,54.9,1.29,2.08,0.49,86.0,24.0
NS-1043,L Ward,Mumbai,19.066422864024375,72.92067626573484,20070.3,620.0,,1403.6,,0.453,0.407,0.332,0.096,state,54.8,99.0,39.1,3.67,0.74,1.15,93.3,
NS-1044,M Ward,Mumbai,19.017708784688754,72.88824677946913,10374.4,426.0,1995.0,1923.0,17400.0,0.206,0.183,0.17,0.316,railway,39.6,99.0,34.2,0.87,0.69,0.51,32.8,43.0
NS-1045,L Ward,Mumbai,19.06249124027921,72.88847553840951,15438.5,466.0,1709.0,1107.0,16500.0,0.358,0.355,0.109,0.408,railway,56.8,99.0,47.8,0.78,0.98,1.43,50.8,16.0
NS-1046,Kalyan East,Kalyan,,73.12088190979351,10905.0,312.0,1417.0,1299.4,13800.0,0.36,0.384,0.239,0.184,state,51.9,99.0,68.5,0.47,2.28,0.73,93.9,42.0
NS-1047,L Ward,Mumbai,19.06439009650479,72.89478165756097,37235.2,896.0,4053.0,1088.5,9700.0,0.357,0.349,0.111,0.24,railway,41.6,99.0,40.7,0.81,1.53,0.4,50.7,7.0
NS-1048,L Ward,Mumbai,19.063777519492465,72.88159276377532,18814.7,446.0,1397.0,742.5,10400.0,0.443,0.421,0.166,0.123,railway,75.2,99.0,51.2,0.75,0.77,2.21,49.9,13.0
NS-1049,Thane East,Thane,19.17319353853247,73.02613059509513,16562.7,486.0,2036.0,1229.3,5000.0,0.531,0.425,0.121,0.232,railway,56.6,99.0,51.3,0.26,0.87,0.52,71.5,23.0
NS-1050,M Ward,Mumbai,18.98747830098417,72.84991727400772,11587.6,428.0,2154.0,1858.9,17300.0,0.363,0.29,0.163,0.081,CRZ,49.2,99.0,33.1,0.18,1.29,1.2,75.7,29.0
NS-1051,M Ward,Mumbai,18.99877762830477,72.89695211367331,9121.7,269.0,1542.0,1690.5,16600.0,0.391,0.4,0.333,0.204,private,23.7,99.0,48.1,2.07,0.78,0.51,60.4,40.0
NS-1052,Ulhasnagar,Ulhasnagar,19.229074691574752,73.17081344189043,12630.8,463.0,1837.0,1454.4,10400.0,0.443,0.388,0.286,0.03,state,50.1,99.0,43.5,3.19,1.84,,98.0,54.0
NS-1053,Ulhasnagar,Ulhasnagar,19.214309750621833,73.18417842064872,41321.9,1342.0,6160.0,1490.7,19100.0,0.413,0.449,0.173,0.154,state,52.6,99.0,61.2,2.22,1.28,0.32,81.9,
NS-1054,M Ward,Mumbai,19.022691323661256,72.89754783021459,4715.7,159.0,709.0,1503.5,22900.0,0.184,0.03,0.105,0.286,state,18.8,99.0,9.0,0.15,2.4,0.98,61.6,3.0
NS-1055,M Ward,Mumbai,18.996476936027783,72.87594576850515,27985.1,1103.0,,1679.1,20400.0,0.227,,0.191,0.218,private,3.3,99.0,47.3,0.4,2.37,0.38,66.0,19.0
NS-1056,L Ward,Mumbai,19.06918117110959,72.88491653478661,34975.9,1094.0,4646.0,1328.3,7800.0,0.496,0.391,0.05,0.268,state,60.0,99.0,36.0,0.25,0.45,1.15,73.8,10.0
NS-1057,Thane West,Thane,19.16665252941799,73.00841692208247,12545.8,501.0,2264.0,1804.6,15100.0,0.51,0.488,0.182,0.199,state,75.3,99.0,47.6,3.33,2.72,1.0,74.1,
NS-1058,M Ward,Mumbai,19.020557772506525,72.871808094485,10562.7,451.0,1759.0,1665.3,11600.0,0.516,0.45,0.228,0.454,CRZ,75.4,99.0,52.9,5.01,1.57,2.77,81.6,52.0
NS-1059,Ulhasnagar,Ulhasnagar,19.215757962771566,73.15282488513796,15441.5,494.0,1925.0,1246.6,9000.0,0.372,0.272,0.217,0.266,private,56.5,99.0,50.7,0.9,1.55,0.49,75.2,3.0
NS-1060,L Ward,Mumbai,19.072742655350368,72.89755288498662,9793.3,358.0,1368.0,1396.9,14500.0,0.496,0.364,0.202,0.398,private,45.5,,53.5,1.66,0.47,0.53,64.7,11.0
NS-1061,S Ward,Mumbai,19.137825219700968,72.94805514519642,81920.4,2800.0,13455.0,1642.4,21000.0,0.263,0.24,0.171,0.414,railway,3.0,99.0,40.5,2.33,2.33,0.7,,
NS-1062,Thane West,Thane,19.241754315916815,72.97486674370894,14725.4,632.0,3009.0,2043.4,18500.0,0.204,0.102,0.05,0.229,railway,11.2,99.0,13.7,0.5,1.53,0.98,29.0,18.0
NS-1063,M Ward,Mumbai,19.025456934352448,,13462.0,352.0,,1369.8,14400.0,0.355,0.084,0.228,0.363,state,3.0,99.0,31.9,1.14,1.79,1.05,70.2,51.0
NS-1064,Thane West,Thane,19.25893160245319,72.96012967287099,23099.1,937.0,4404.0,1906.6,23400.0,0.353,0.176,0.201,0.054,state,22.1,99.0,51.4,1.58,4.61,1.03,81.7,30.0
NS-1065,S Ward,Mumbai,,72.9225758638624,10680.4,290.0,1269.0,1188.2,8900.0,0.333,0.383,0.05,0.332,state,,99.0,48.5,1.89,1.37,2.02,75.1,57.0
NS-1066,Thane East,Thane,19.191747670774284,72.98834366067004,19065.8,711.0,,1341.1,17000.0,0.319,0.285,0.207,0.218,CRZ,24.8,99.0,57.0,2.04,1.31,1.36,85.1,44.0
NS-1067,Kalyan West,Kalyan,19.266634640690373,,29719.4,1177.0,4247.0,1429.0,10100.0,0.37,0.358,0.181,0.053,private,45.0,99.0,41.6,1.6,4.45,0.75,50.0,33.0
NS-1068,Thane East,Thane,19.171904049357963,73.00684154814293,23429.4,884.0,4738.0,2022.2,10700.0,0.403,0.387,0.17,0.527,railway,73.3,99.0,57.9,3.89,0.42,0.34,33.0,
NS-1069,L Ward,Mumbai,19.05197212064113,72.92751699780052,3985.8,133.0,609.0,1527.9,11200.0,0.381,0.379,0.18,0.207,state,64.9,99.0,64.4,0.37,3.53,0.39,53.0,57.0
NS-1070,M Ward,Mumbai,19.0195607782114,,14314.4,392.0,1488.0,1039.5,8700.0,0.546,0.532,0.219,0.238,forest,70.5,99.0,36.2,0.94,2.72,0.95,55.1,26.0
NS-1071,Thane East,Thane,19.23042083493324,73.04517590532119,6967.2,177.0,840.0,1205.6,5000.0,0.259,0.294,0.109,0.058,state,35.1,99.0,41.6,2.26,1.19,1.66,94.8,39.0
NS-1072,M Ward,Mumbai,19.007435774972798,72.89175966292015,17851.2,468.0,2555.0,1431.3,20100.0,,0.246,0.162,0.376,private,66.9,99.0,52.6,1.59,2.12,0.18,69.8,6.0
NS-1073,M Ward,Mumbai,18.979150141044006,72.86972860788839,15069.8,396.0,1541.0,1022.6,12300.0,0.372,0.326,0.176,0.129,state,67.0,99.0,37.7,1.31,3.2,2.13,93.4,4.0
NS-1074,Ambarnath,Ambarnath,19.196818782147133,73.21404013196559,12048.8,287.0,1253.0,,6200.0,0.439,0.455,0.222,0.23,state,80.1,99.0,69.2,3.13,1.2,0.62,91.4,18.0
NS-1075,M Ward,Mumbai,18.998055941036196,72.86469098822108,14720.5,532.0,2113.0,1435.4,6800.0,0.521,0.482,0.061,0.352,state,86.1,99.0,64.3,0.44,4.75,3.58,75.4,57.0
NS-1076,M Ward,Mumbai,19.017938609859435,,17340.5,611.0,2915.0,1681.0,7600.0,0.334,0.43,0.249,0.339,private,75.2,99.0,39.9,2.24,0.76,0.4,73.9,6.0
NS-1077,Thane East,Thane,19.180463690258968,,15434.5,595.0,2638.0,1709.2,22000.0,,0.207,0.18,0.03,private,18.4,99.0,25.6,1.0,3.51,0.8,66.0,33.0
NS-1078,S Ward,Mumbai,19.152772792392316,72.9236832596582,4405.3,176.0,861.0,1954.4,7000.0,0.475,0.34,0.193,0.181,railway,64.4,99.0,40.6,1.11,,0.25,50.9,16.0
NS-1079,Ulhasnagar,Ulhasnagar,19.211253500981748,73.13398666443057,36263.4,1040.0,5573.0,1536.8,15700.0,0.585,0.491,0.18,0.181,private,63.7,99.0,73.7,0.64,2.28,1.39,54.4,26.0
NS-1080,Thane East,Thane,19.193227569133377,73.03023904709944,,1433.0,6875.0,1494.8,11300.0,0.411,0.441,0.191,0.03,private,65.5,99.0,51.9,3.63,0.45,0.35,80.8,50.0
NS-1081,S Ward,Mumbai,19.124416120023003,72.91852187582731,20378.7,601.0,2737.0,1343.1,14700.0,0.478,0.431,0.136,0.502,private,74.4,99.0,44.7,1.74,1.5,,90.7,45.0
NS-1082,S Ward,Mumbai,19.10759400009331,72.95560223483103,22624.9,760.0,3105.0,1372.4,,0.422,0.396,0.129,0.317,railway,36.4,99.0,50.7,2.4,5.35,0.82,45.1,37.0
NS-1083,Thane East,Thane,19.21294381985045,73.03229831193961,,355.0,1483.0,1061.2,14400.0,0.503,0.426,0.05,0.46,private,67.7,99.0,48.2,1.94,1.17,2.22,57.3,47.0
NS-1084,M Ward,Mumbai,,72.90517255384829,27587.9,1165.0,6507.0,2358.6,15200.0,0.359,,0.168,0.365,private,88.8,99.0,60.7,,1.89,0.61,71.9,24.0
NS-1085,Thane West,Thane,19.24266708568276,72.96983993251142,9280.3,280.0,1232.0,1327.5,21700.0,0.335,0.329,0.156,0.253,railway,56.9,99.0,67.2,0.95,1.11,1.33,23.8,56.0
NS-1086,S Ward,Mumbai,19.161583432874178,72.92431768452428,24708.7,1007.0,4166.0,1686.0,18500.0,0.366,0.166,0.103,0.421,railway,20.4,99.0,44.9,0.95,1.05,2.39,55.0,31.0
NS-1087,S Ward,Mumbai,19.137745458205092,72.92947268757419,37266.8,1106.0,4533.0,1216.4,23100.0,0.21,0.136,0.166,0.435,CRZ,32.7,99.0,36.0,0.09,3.62,1.06,97.6,12.0
NS-1088,L Ward,Mumbai,19.053116835291753,72.87494099197652,22260.3,901.0,,1757.4,14100.0,0.402,0.389,0.203,0.272,CRZ,58.3,99.0,44.6,1.05,3.93,0.47,93.3,19.0
NS-1089,M Ward,Mumbai,19.007828914294322,72.87410319274919,18622.2,564.0,2685.0,1441.8,12400.0,0.245,0.19,0.141,0.366,CRZ,52.5,99.0,43.5,,2.88,0.66,86.9,45.0
NS-1090,Kalyan West,Kalyan,19.250236425326733,73.14197777319652,24085.6,590.0,2827.0,1173.7,23300.0,0.258,0.067,0.181,0.148,private,3.0,99.0,14.6,1.32,0.51,0.68,72.6,31.0
NS-1091,Thane West,Thane,19.212388147637373,73.00468866080615,22014.2,533.0,1921.0,872.6,5900.0,0.442,0.397,0.09,0.248,state,42.8,99.0,50.9,0.87,0.76,1.44,89.0,28.0
NS-1092,L Ward,Mumbai,19.068469769683446,72.90752502667884,31037.4,869.0,4133.0,1331.6,18700.0,0.418,0.282,0.31,0.423,state,65.2,99.0,38.7,0.4,1.04,1.62,84.9,4.0
NS-1093,L Ward,Mumbai,19.05747207956807,72.8833579698763,16537.0,670.0,,1576.5,18200.0,0.287,0.187,0.226,,private,35.0,99.0,41.5,1.07,1.6,2.18,82.4,15.0
NS-1094,L Ward,Mumbai,19.06775685286212,72.8865869222501,5388.2,158.0,711.0,,5000.0,0.383,0.258,0.096,0.036,private,14.6,99.0,29.0,1.33,1.4,2.45,73.0,36.0
NS-1095,L Ward,Mumbai,19.069319414761264,72.87416279726324,9280.5,243.0,1074.0,1157.3,11400.0,0.406,0.389,0.167,0.348,state,64.0,99.0,56.0,1.61,4.44,0.55,96.4,41.0
NS-1096,S Ward,Mumbai,19.147046892499986,,11555.2,315.0,1130.0,977.9,6600.0,0.567,,0.237,0.391,state,43.4,99.0,44.7,,0.98,1.28,86.7,
NS-1097,M Ward,Mumbai,18.990088881461467,72.89285321642889,44326.1,1723.0,7278.0,1641.9,7600.0,0.429,0.493,0.288,0.308,CRZ,80.0,99.0,53.4,2.3,11.52,1.68,92.1,17.0
NS-1098,S Ward,Mumbai,19.126919206880583,72.94498302813324,12762.1,404.0,1963.0,1538.2,14500.0,0.506,0.603,0.149,0.274,state,77.3,99.0,84.5,0.81,1.28,1.57,66.0,12.0
NS-1099,Ulhasnagar,Ulhasnagar,19.227350900218337,73.1567189476203,41477.9,1020.0,4806.0,1158.7,5000.0,0.618,0.651,0.244,,private,81.9,99.0,71.8,1.99,0.87,0.11,92.9,19.0
NS-1100,S Ward,Mumbai,19.1547116976588,72.92079767553093,27876.3,832.0,3149.0,1129.6,13100.0,0.478,0.408,0.244,0.275,private,,99.0,58.1,1.28,1.13,2.8,57.2,34.0
NS-1101,Ulhasnagar,Ulhasnagar,19.225068209137014,73.1542734937938,16186.7,677.0,2680.0,1655.7,19900.0,0.403,0.388,0.247,0.48,private,45.3,99.0,50.5,2.24,0.69,0.97,74.6,52.0
NS-1102,L Ward,Mumbai,19.059583834906398,72.88300737406789,32321.6,970.0,5004.0,1548.2,18400.0,0.472,0.317,0.147,0.339,railway,58.8,99.0,43.5,0.96,0.51,,40.0,23.0
NS-1103,L Ward,Mumbai,19.03918799279718,72.8838594454976,13569.2,436.0,1913.0,1409.8,21500.0,0.449,0.281,0.238,0.494,CRZ,55.7,99.0,38.3,1.3,0.62,2.17,97.3,15.0
NS-1104,Kalyan East,Kalyan,19.21776151790256,73.14901584794578,16314.2,442.0,2156.0,1321.5,7200.0,0.449,0.342,0.129,0.227,CRZ,52.7,99.0,61.5,0.56,1.68,0.25,70.9,25.0
NS-1105,Kalyan West,Kalyan,19.2311744497182,73.11834128760692,18594.9,688.0,3326.0,1788.7,,0.276,0.171,0.244,0.251,state,31.1,99.0,24.4,0.19,1.17,1.57,81.1,47.0
NS-1106,M Ward,Mumbai,19.02213236135211,72.88089775002177,12657.6,398.0,1854.0,,20500.0,0.387,0.242,0.106,0.494,private,22.8,99.0,37.5,2.32,2.26,0.37,65.7,41.0
NS-1107,L Ward,Mumbai,19.059305731442013,72.88566562894114,18203.9,583.0,2666.0,1464.5,23900.0,0.227,0.152,0.227,0.175,private,28.1,99.0,39.4,0.85,1.88,1.85,57.9,11.0
NS-1108,M Ward,Mumbai,18.999255460695984,72.89440408810898,67938.8,1786.0,7685.0,1131.2,13900.0,0.304,0.274,0.216,0.204,state,25.5,99.0,49.0,0.58,7.09,3.29,88.1,15.0
NS-1109,Kalyan East,Kalyan,19.20926584428226,73.14122473584484,27569.2,704.0,2870.0,,20600.0,0.222,0.104,0.141,0.382,private,9.5,99.0,29.4,2.12,3.42,0.53,73.0,35.0
NS-1110,Thane West,Thane,19.25052247319443,72.98353060544538,21299.3,592.0,2503.0,1175.2,17700.0,0.301,0.227,0.062,0.204,private,44.7,99.0,19.0,2.58,0.97,0.8,74.7,41.0
NS-1111,L Ward,Mumbai,19.080344471729738,,52061.3,1411.0,6413.0,1231.8,13900.0,0.302,0.27,0.084,0.345,CRZ,,99.0,44.6,0.61,1.75,1.22,76.9,11.0
NS-1112,L Ward,Mumbai,19.07087937356438,72.87647025301612,15530.1,431.0,1624.0,1045.7,29200.0,0.179,0.101,0.083,0.422,private,19.6,99.0,29.6,2.62,0.47,0.23,72.6,16.0
NS-1113,M Ward,Mumbai,18.98593462071719,72.86899470095759,20979.6,897.0,4064.0,1937.1,7300.0,0.511,0.397,0.21,0.142,private,71.3,99.0,57.8,0.41,3.24,0.96,98.0,23.0
NS-1114,S Ward,Mumbai,19.127916855230836,72.93886267169796,13192.2,443.0,2040.0,1546.4,7700.0,0.392,0.35,0.122,0.273,private,57.3,99.0,47.8,1.33,1.41,0.51,85.6,5.0
NS-1115,Thane West,Thane,19.238169883497736,72.99726725621446,13735.3,507.0,2156.0,1569.7,18800.0,0.541,0.471,0.05,0.402,state,29.8,99.0,56.0,1.76,1.65,1.77,83.6,12.0
NS-1116,Ulhasnagar,Ulhasnagar,19.213387442087654,73.14426573248622,50103.3,1491.0,6953.0,,9900.0,0.45,0.558,,0.127,private,76.2,99.0,67.0,0.84,1.16,1.09,66.1,10.0
NS-1117,Ambarnath,Ambarnath,19.184211520132852,73.20247411957968,23263.7,636.0,3754.0,1613.7,9300.0,0.506,0.467,0.215,0.31,state,50.9,99.0,58.6,2.65,5.45,0.83,84.6,47.0
NS-1118,Thane East,Thane,19.207558013785054,73.03132055283753,14105.5,362.0,1481.0,1049.9,19600.0,0.26,0.168,0.05,0.11,state,33.1,99.0,37.3,1.02,1.88,0.82,77.5,7.0
NS-1119,M Ward,Mumbai,18.99775533273499,72.85973411659035,17047.0,467.0,2005.0,1176.2,10100.0,0.43,0.335,0.133,0.03,state,25.2,99.0,31.6,2.21,5.76,0.96,70.5,54.0
NS-1120,L Ward,Mumbai,19.06798250131391,72.88744117500028,8989.0,353.0,1797.0,1999.1,12200.0,0.431,0.43,0.05,0.326,state,81.1,99.0,57.9,0.49,3.58,0.49,55.8,8.0
NS-1121,M Ward,Mumbai,19.021065588075874,72.8855711605194,15188.3,487.0,2329.0,1533.4,11600.0,0.471,0.418,0.228,0.301,private,54.3,99.0,61.4,0.67,1.66,2.03,81.5,10.0
NS-1122,Thane West,Thane,19.209015168584074,72.97376997761651,25186.5,816.0,3313.0,1315.4,13800.0,0.185,0.107,0.238,0.148,private,9.1,99.0,39.3,2.97,3.44,0.76,70.3,8.0
NS-1123,M Ward,Mumbai,19.00685772844603,72.89798523071393,10741.1,259.0,1299.0,1209.4,8400.0,0.417,0.35,0.278,0.327,private,55.3,99.0,57.1,0.66,4.34,0.58,90.1,7.0
NS-1124,S Ward,Mumbai,19.146417167679466,72.94400423927517,,886.0,3621.0,1367.4,12600.0,0.146,0.163,0.278,0.311,private,45.9,99.0,40.7,2.48,3.63,1.43,59.8,31.0
NS-1125,Ambarnath,Ambarnath,19.187295049688338,73.16957172324918,14837.1,411.0,1883.0,1269.1,17500.0,0.226,0.204,0.198,0.113,forest,7.3,99.0,23.2,0.72,4.05,2.28,37.9,40.0
NS-1126,L Ward,Mumbai,19.072272686969594,72.88991842152153,11602.2,420.0,2153.0,1855.7,27300.0,0.099,0.073,0.202,0.197,private,,99.0,15.3,2.29,1.75,1.44,69.6,37.0
NS-1127,Thane West,Thane,19.23206210220239,72.99350776882818,8360.5,221.0,970.0,1160.2,18400.0,0.331,0.386,0.173,0.03,railway,,99.0,50.0,,1.5,0.27,63.8,11.0
NS-1128,L Ward,Mumbai,19.07327264962463,72.88944305469424,11295.1,440.0,2305.0,2040.7,18500.0,0.343,0.261,0.285,0.231,state,26.9,99.0,47.3,0.38,1.89,0.65,86.6,31.0
NS-1129,L Ward,Mumbai,19.05940058197546,72.86551534758442,8027.4,231.0,1099.0,1369.1,18300.0,0.277,0.148,,0.036,private,37.2,99.0,26.1,0.9,3.15,0.51,82.5,41.0
NS-1130,S Ward,Mumbai,19.149763412362457,72.9490431536271,7861.4,255.0,1285.0,1634.6,17000.0,0.296,0.147,0.087,0.402,railway,3.0,99.0,28.3,1.32,4.28,1.19,57.0,45.0
NS-1131,M Ward,Mumbai,19.027449916959622,72.88856008429958,30710.1,,3750.0,1221.1,5000.0,0.458,0.332,0.079,0.514,private,51.8,99.0,54.0,0.22,1.77,0.42,83.7,51.0
NS-1132,S Ward,Mumbai,19.14884169287758,72.92567531341506,13497.1,441.0,1842.0,1364.7,19400.0,,0.221,,0.351,forest,3.0,99.0,34.2,1.07,3.31,0.25,49.5,9.0
NS-1133,S Ward,Mumbai,19.153572554771173,72.9498756044087,94325.7,2215.0,9010.0,955.2,15600.0,0.31,0.266,0.059,,state,15.6,99.0,38.9,1.6,2.55,0.39,,29.0
NS-1134,M Ward,Mumbai,18.986538091859355,72.88859006162807,13291.3,325.0,1541.0,1159.4,16000.0,,0.368,0.141,0.415,railway,47.7,99.0,35.2,0.74,0.88,0.85,48.5,23.0
NS-1135,S Ward,Mumbai,19.155919806153534,72.9469131133996,14125.6,536.0,2312.0,1636.7,25800.0,0.192,0.136,0.173,0.104,state,41.8,,23.4,1.68,0.56,0.6,88.3,22.0
NS-1136,L Ward,Mumbai,19.10448897949457,72.87707633427407,29872.1,834.0,3828.0,1281.5,10200.0,0.304,0.294,0.116,0.498,state,26.3,99.0,34.9,7.07,0.51,0.7,64.1,6.0
NS-1137,Thane West,Thane,19.262045776106078,72.97613319696657,25113.5,666.0,2747.0,1093.8,19800.0,0.366,0.274,0.156,0.233,forest,,99.0,47.6,1.05,3.72,0.75,53.0,31.0
NS-1138,Thane West,Thane,19.22992955374243,73.00458657031052,13899.2,353.0,1098.0,790.0,16900.0,,0.497,0.226,0.145,forest,65.5,99.0,42.3,2.19,1.03,3.49,47.5,54.0
NS-1139,Thane West,Thane,19.203370461833924,72.96579932414922,10640.1,347.0,1683.0,1581.8,5000.0,0.552,0.558,0.129,0.032,state,72.4,99.0,67.3,1.29,2.1,1.04,62.6,48.0
NS-1140,Thane West,Thane,19.180364077919148,72.95086914847717,62652.6,1470.0,6737.0,1075.3,24500.0,0.391,0.256,0.147,0.473,CRZ,31.3,99.0,37.0,1.66,1.41,2.69,81.8,4.0
NS-1141,Thane East,Thane,19.197126876299727,73.02747734165953,21374.7,521.0,2084.0,975.0,19600.0,0.425,0.329,0.285,0.213,state,30.5,99.0,49.2,2.0,0.52,2.69,79.3,53.0
NS-1142,Kalyan West,Kalyan,19.247303303633185,73.13380151150045,13866.4,323.0,1640.0,1182.7,6700.0,0.544,0.603,0.124,0.043,state,85.9,99.0,57.8,1.9,2.48,2.85,69.4,12.0
NS-1143,S Ward,Mumbai,19.16319444246242,72.9387341945115,40531.8,1554.0,8496.0,2096.1,14000.0,0.367,0.42,0.102,,state,50.8,99.0,49.2,1.84,1.71,0.14,83.0,
NS-1144,M Ward,Mumbai,19.022982314381967,72.88944918388805,16472.5,495.0,1963.0,1191.7,20300.0,0.392,0.293,0.167,0.291,private,56.5,99.0,33.2,0.36,2.92,1.36,65.1,54.0
NS-1145,S Ward,Mumbai,19.157584003129138,72.92873496453535,16431.0,677.0,3002.0,1827.0,9900.0,0.602,0.576,0.095,,state,80.2,99.0,71.7,3.04,3.13,1.16,63.4,11.0
NS-1146,Thane East,Thane,19.205054401888567,73.0327232783883,20850.8,800.0,3932.0,1885.8,11900.0,0.103,0.162,0.05,,railway,3.0,99.0,32.6,1.57,3.38,0.09,54.5,33.0
NS-1147,L Ward,Mumbai,19.05759726476136,72.89305888686813,21247.8,691.0,2982.0,1403.4,17300.0,0.18,0.03,0.23,0.189,state,19.7,99.0,8.1,1.95,0.69,0.54,77.7,13.0
NS-1148,M Ward,Mumbai,19.026554358970376,72.89013317973915,32530.7,1400.0,6410.0,1970.4,12900.0,0.444,0.4,0.05,0.339,state,46.0,99.0,35.9,2.93,2.61,0.17,80.0,53.0
NS-1149,S Ward,Mumbai,19.13158407561692,72.9404753567447,18936.5,513.0,2683.0,1416.8,10600.0,0.56,0.436,0.247,0.12,state,49.7,99.0,67.2,1.24,2.74,1.19,76.7,48.0
NS-1150,S Ward,Mumbai,19.111039091777595,72.97721248173222,10928.1,306.0,1364.0,1248.2,10900.0,0.223,0.23,0.265,0.04,private,55.0,,59.0,1.36,2.49,0.19,64.9,53.0
NS-1151,Thane West,Thane,19.20855372390853,72.96181275415834,18247.2,597.0,2001.0,1096.6,12100.0,0.434,0.366,0.136,0.144,railway,72.0,99.0,73.2,0.48,1.93,1.17,79.4,12.0
NS-1152,M Ward,Mumbai,18.98218638653472,72.84092930083395,8288.8,292.0,1105.0,1333.1,11700.0,0.477,0.296,0.2,0.242,private,49.2,99.0,39.3,1.52,0.24,0.41,,42.0
NS-1153,Thane East,Thane,19.180449109497417,72.99677846100283,31388.5,1265.0,4312.0,1373.8,13700.0,0.474,0.459,0.146,,state,90.5,99.0,62.9,2.11,1.75,3.16,91.4,25.0
NS-1154,S Ward,Mumbai,19.12686099582361,72.96017394604297,6015.7,147.0,571.0,949.2,10700.0,0.329,0.226,0.253,0.126,state,59.4,99.0,38.4,0.1,3.34,1.06,95.8,54.0
NS-1155,Kalyan East,Kalyan,19.223733783359545,73.17864773353048,10161.6,261.0,1274.0,1253.7,18400.0,0.251,0.129,0.217,0.298,state,46.8,99.0,24.9,1.57,1.23,1.09,75.8,17.0
NS-1156,M Ward,Mumbai,19.03424594454854,72.89106047760947,,373.0,1508.0,979.6,23900.0,0.107,0.06,0.211,0.192,private,21.8,99.0,4.3,3.67,1.05,0.91,68.0,5.0
NS-1157,Ulhasnagar,Ulhasnagar,19.241340940105637,73.14700665367832,18938.6,473.0,2208.0,1165.9,20700.0,0.185,0.112,0.216,0.536,private,3.0,99.0,39.8,3.66,1.76,1.08,65.5,51.0
NS-1158,L Ward,Mumbai,19.086051720334517,72.91095654720452,14108.7,430.0,1918.0,,17800.0,0.314,,0.074,0.458,state,49.7,99.0,43.3,,1.81,1.25,79.5,6.0
NS-1159,Thane East,Thane,19.205038810905794,73.03630560310339,,1216.0,5302.0,1576.6,14100.0,0.34,0.33,0.264,0.03,state,30.6,99.0,28.4,1.35,1.68,1.12,59.7,8.0
NS-1160,Kalyan West,Kalyan,19.23422701914633,73.13581575868207,44351.7,1192.0,5299.0,1194.8,12200.0,0.471,0.329,0.18,0.213,private,38.0,99.0,67.7,0.83,2.66,0.25,78.5,47.0
NS-1161,S Ward,Mumbai,19.12317114966417,72.93410361848285,16706.9,550.0,2240.0,1340.8,10200.0,0.368,0.249,0.16,0.337,CRZ,3.0,99.0,31.8,1.35,0.77,1.27,80.0,22.0
NS-1162,M Ward,Mumbai,19.018756950034575,72.90199806204923,11572.8,288.0,1286.0,1111.2,18700.0,0.332,0.305,,0.384,railway,51.1,99.0,44.8,2.2,0.74,3.11,,29.0
NS-1163,Ambarnath,Ambarnath,,73.20808127155797,63442.4,2186.0,10821.0,1705.6,11400.0,0.455,,0.226,0.35,private,58.7,,33.7,0.44,0.46,0.62,66.8,11.0
NS-1164,Ulhasnagar,Ulhasnagar,19.221188085169242,73.16878910212608,35093.6,898.0,3843.0,1095.1,15300.0,0.498,0.437,0.088,0.345,state,63.5,99.0,66.4,1.88,3.02,1.46,98.0,28.0
NS-1165,M Ward,Mumbai,19.03373617065134,72.87295939616847,18949.9,637.0,3189.0,,12600.0,0.465,0.459,0.099,0.244,private,61.0,99.0,52.4,0.92,4.76,0.39,80.0,48.0
NS-1166,Thane West,Thane,19.21079026078334,72.98328814506259,30077.1,729.0,3365.0,1118.8,12900.0,0.266,0.248,0.224,0.194,private,60.4,99.0,29.7,3.58,1.28,1.23,83.7,43.0
NS-1167,Ambarnath,Ambarnath,19.184344409124588,73.1736692835466,35533.3,1392.0,6631.0,1866.1,9100.0,0.439,0.401,0.26,0.03,private,74.1,99.0,49.7,1.53,0.94,2.88,51.8,4.0
NS-1168,Thane West,Thane,19.231609016955023,72.98843209708109,24782.4,691.0,3326.0,1342.1,6200.0,0.311,0.325,0.224,0.395,private,52.8,99.0,40.2,0.69,1.35,0.67,93.3,15.0
NS-1169,M Ward,Mumbai,18.988119659646667,72.90001464580062,19027.1,760.0,3444.0,1810.0,11300.0,0.478,0.509,0.202,0.312,forest,73.7,99.0,44.4,1.66,,1.32,40.1,49.0
NS-1170,Thane West,Thane,19.199761519298324,72.94789436218393,26743.2,666.0,3267.0,1221.6,16200.0,0.368,0.31,,0.32,state,37.1,99.0,43.6,1.79,0.57,1.55,75.2,46.0
NS-1171,M Ward,Mumbai,18.99974461935865,72.88788330358003,28574.0,1112.0,4515.0,1580.1,5000.0,0.546,0.539,0.226,0.113,state,69.4,99.0,54.1,3.17,7.17,0.57,70.6,44.0
NS-1172,M Ward,Mumbai,18.989920839799165,72.87309325397841,19406.8,751.0,2864.0,1475.8,17700.0,0.413,0.428,0.293,0.35,state,67.0,99.0,63.8,1.23,1.79,2.6,76.9,9.0
NS-1173,Kalyan West,Kalyan,19.233899154261078,73.14807093339398,13939.7,590.0,3063.0,2197.3,29800.0,0.286,0.131,0.245,0.205,state,31.6,99.0,31.8,,3.62,,85.7,27.0
NS-1174,M Ward,Mumbai,19.018368840246662,72.89724572272392,,809.0,4002.0,1555.7,5000.0,0.35,,0.208,0.271,private,57.2,99.0,54.8,2.03,0.81,2.13,63.0,35.0
NS-1175,M Ward,Mumbai,18.99854636373432,72.90190010053306,12548.6,496.0,2349.0,1871.9,18100.0,0.442,0.403,0.166,0.058,state,44.3,99.0,64.6,1.26,0.41,1.44,62.3,49.0
NS-1176,Kalyan East,Kalyan,19.251304042882047,73.1805683965926,6212.1,165.0,702.0,1130.1,22000.0,0.402,0.226,0.103,0.332,state,55.3,99.0,28.7,2.05,3.05,1.88,63.1,15.0
NS-1177,M Ward,Mumbai,19.020751316091598,,10099.1,279.0,1096.0,1085.2,5000.0,0.397,0.37,0.078,0.27,railway,68.8,99.0,49.9,3.41,0.74,0.11,53.5,42.0
NS-1178,S Ward,Mumbai,19.11500101662067,72.95164508634694,31366.7,934.0,4605.0,1468.1,8500.0,0.362,0.338,0.255,0.289,state,53.0,99.0,60.8,,1.56,1.2,,30.0
NS-1179,M Ward,Mumbai,19.012790044466392,72.86539365595851,50128.2,1356.0,6066.0,1210.1,30200.0,0.313,0.138,0.135,0.239,state,25.7,99.0,36.4,1.0,2.09,0.72,69.3,20.0
NS-1180,L Ward,Mumbai,19.058419635314667,72.90609293865238,15610.1,497.0,2305.0,,12100.0,0.402,0.325,0.264,0.472,private,50.2,99.0,52.8,1.87,1.43,0.43,58.5,10.0
NS-1181,Thane West,Thane,19.223821375460233,72.99710888158627,62490.2,1729.0,7901.0,1264.4,19800.0,0.17,0.163,0.239,0.193,private,14.7,99.0,16.9,1.73,5.15,0.28,72.3,3.0
NS-1182,Thane East,Thane,19.19097806203942,,15635.8,378.0,1784.0,1141.0,5000.0,0.362,0.394,0.065,0.232,CRZ,35.1,99.0,44.1,1.01,1.49,2.22,92.5,27.0
NS-1183,S Ward,Mumbai,19.15984287747518,72.94881864325392,19700.0,586.0,2541.0,1289.8,13100.0,0.403,0.345,0.229,0.216,private,27.5,99.0,35.5,1.29,2.4,0.53,67.4,19.0
NS-1184,Kalyan West,Kalyan,19.2398284964534,73.1524527946872,47345.9,1144.0,4554.0,961.9,5000.0,0.387,0.38,0.167,0.352,railway,68.0,99.0,72.6,1.61,1.24,,35.0,3.0
NS-1185,Thane West,Thane,19.216281783604355,72.96581513490479,17964.6,419.0,1923.0,1070.4,13300.0,0.417,0.376,0.126,0.218,forest,63.0,99.0,44.9,3.21,1.13,,54.8,
NS-1186,M Ward,Mumbai,18.975305773185465,72.85343695684834,25055.7,686.0,3211.0,1281.5,24000.0,0.242,0.078,0.086,0.208,private,5.7,,42.5,0.71,0.47,0.96,79.4,8.0
NS-1187,Ulhasnagar,Ulhasnagar,,73.17173047948147,17532.6,583.0,2888.0,1647.2,17300.0,0.527,0.355,0.177,0.276,state,30.9,99.0,41.3,0.53,2.23,0.34,85.1,57.0
NS-1188,Ambarnath,Ambarnath,19.20111625002491,73.17069991343712,8061.9,343.0,1305.0,1618.7,7900.0,0.363,0.438,0.248,0.407,state,45.1,,48.1,1.85,0.22,1.15,78.5,56.0
NS-1189,Thane West,Thane,19.248334075433476,72.99849505613807,13721.2,375.0,1643.0,1197.4,9200.0,0.425,0.382,0.194,0.23,private,56.0,99.0,54.2,4.0,2.55,0.89,60.5,48.0
NS-1190,Thane East,Thane,19.180164306521146,73.04658689219944,13282.3,415.0,1834.0,1380.8,,0.237,0.069,0.273,0.044,forest,10.6,99.0,18.9,1.68,1.73,1.49,57.0,34.0
NS-1191,M Ward,Mumbai,19.004699268327627,72.89896798085557,18705.1,503.0,2478.0,1324.8,19300.0,0.279,0.126,0.148,0.419,railway,31.1,,26.4,0.89,2.22,0.23,70.7,16.0
NS-1192,M Ward,Mumbai,18.9987854993013,72.85647657827289,10661.0,270.0,1229.0,1152.8,17900.0,0.199,0.041,0.115,0.31,railway,11.5,99.0,18.5,1.78,3.39,2.2,34.6,9.0
NS-1193,S Ward,Mumbai,19.113682683777014,72.92582642583338,20256.3,554.0,2384.0,1176.9,15600.0,0.391,0.362,0.222,0.173,private,47.1,99.0,47.7,2.82,1.28,1.5,56.2,9.0
NS-1194,M Ward,Mumbai,19.016084507685186,72.90185787172123,6951.4,176.0,667.0,959.5,8100.0,0.396,0.345,0.12,0.32,state,37.7,99.0,42.2,0.56,2.07,,60.6,19.0
NS-1195,M Ward,Mumbai,18.974899045727597,72.87952732561989,22773.1,595.0,2434.0,1068.8,12800.0,0.458,0.392,0.272,0.388,state,39.7,99.0,58.8,3.3,2.17,,72.4,24.0
NS-1196,M Ward,Mumbai,,72.87487913982721,24362.7,652.0,3259.0,1337.7,15400.0,0.371,0.396,0.081,0.314,state,40.9,99.0,56.9,1.7,0.92,0.83,65.0,17.0
NS-1197,L Ward,Mumbai,19.06697829595977,72.91159591768563,30062.1,956.0,,1327.9,18000.0,0.336,0.195,0.16,0.35,private,13.3,99.0,33.4,2.11,4.3,0.83,80.4,54.0
NS-1198,Kalyan West,Kalyan,19.251208712923983,73.16084054654898,47905.1,,8990.0,1876.6,17100.0,0.544,,0.206,0.054,private,81.1,99.0,73.0,1.04,2.75,2.43,54.4,13.0
NS-1199,S Ward,Mumbai,19.151891216809208,72.94260205299824,,801.0,3165.0,1409.7,11300.0,0.397,0.401,0.245,0.214,private,52.7,99.0,51.1,2.13,2.61,0.37,71.5,51.0
NS-1200,L Ward,Mumbai,19.069455783446454,72.88450450118523,14094.0,575.0,3059.0,2170.4,13600.0,0.294,0.199,0.33,0.119,state,34.4,99.0,27.4,2.81,1.02,0.55,79.8,54.0
NS-1201,L Ward,Mumbai,19.04534960711628,72.90411061394187,95807.5,,13115.0,1368.9,10600.0,0.434,0.382,0.129,0.109,state,53.1,99.0,47.7,,0.59,0.27,81.8,45.0
NS-1202,Thane East,Thane,19.168924242440234,73.06264609836677,22077.2,881.0,,1914.2,6500.0,0.454,0.362,0.294,0.279,state,48.5,99.0,50.2,1.84,0.55,0.34,67.4,50.0
NS-1203,M Ward,Mumbai,19.033164586613204,72.87300644023107,34143.6,1059.0,5344.0,1565.2,6400.0,0.332,0.522,0.203,,state,72.6,99.0,75.8,0.59,2.2,1.58,82.6,17.0
NS-1204,Ambarnath,Ambarnath,19.20386697715995,73.19619279227476,9750.1,275.0,1354.0,1388.7,16900.0,0.284,0.19,0.121,0.071,railway,34.1,99.0,41.1,0.33,1.98,0.39,71.1,51.0
NS-1205,L Ward,Mumbai,19.048629866208994,72.88830818655806,11469.6,302.0,1369.0,1193.6,20800.0,0.503,0.331,0.17,0.288,private,34.3,99.0,23.8,1.16,0.69,0.39,75.2,35.0
NS-1206,S Ward,Mumbai,19.120579422628687,72.93112861905394,16379.7,700.0,3075.0,1877.3,6800.0,0.393,0.289,0.168,0.324,CRZ,73.2,99.0,59.5,1.06,2.2,2.03,92.1,52.0
NS-1207,L Ward,Mumbai,19.067963327158797,72.87798020319812,9842.6,337.0,1562.0,1587.0,22600.0,0.214,0.037,0.231,0.343,state,15.7,99.0,12.7,0.68,2.69,1.07,77.1,26.0
NS-1208,Kalyan East,Kalyan,19.22464860103779,73.12080481822814,20805.9,545.0,1957.0,940.6,11700.0,0.319,,0.132,0.283,forest,47.7,99.0,51.9,1.23,0.97,3.03,48.4,32.0
NS-1209,M Ward,Mumbai,19.003602927119875,72.8795267397236,42376.1,1390.0,7915.0,,5700.0,0.428,0.482,0.127,0.172,state,61.5,99.0,59.9,0.61,0.39,0.67,85.9,46.0
NS-1210,S Ward,Mumbai,19.139594520172878,72.94322833758969,24117.8,662.0,3058.0,1267.9,26400.0,0.297,0.32,0.05,0.468,forest,36.9,99.0,50.5,3.36,3.27,0.79,63.2,29.0
NS-1211,Thane West,Thane,19.22350484803614,72.98917573868863,13969.9,344.0,1578.0,1129.6,21300.0,0.223,0.211,0.145,0.093,state,18.3,99.0,31.6,0.21,3.11,0.57,65.6,41.0
NS-1212,L Ward,Mumbai,19.078562132181457,72.9074286680116,21747.6,515.0,2613.0,1201.5,17000.0,0.528,0.476,0.147,0.201,forest,59.1,99.0,59.5,2.48,2.69,2.35,64.4,30.0
NS-1213,M Ward,Mumbai,19.0043859295092,72.85448674575798,17148.5,414.0,2056.0,1198.9,11800.0,0.441,0.329,0.241,0.329,private,62.3,99.0,35.0,0.81,1.75,1.63,75.8,13.0
NS-1214,Thane East,Thane,19.20227540356009,73.01671359967155,16886.4,418.0,1800.0,1065.9,8000.0,0.471,0.496,0.156,0.236,private,99.0,99.0,58.3,,0.55,0.5,79.1,21.0
NS-1215,L Ward,Mumbai,19.062625048544174,72.89143213766542,25174.3,765.0,3507.0,1393.1,20600.0,0.287,0.257,0.257,0.03,private,16.0,99.0,54.1,2.54,3.25,0.29,47.7,52.0
NS-1216,S Ward,Mumbai,19.166685875478937,72.9550628964156,26696.3,730.0,2876.0,1077.3,23500.0,,0.285,0.05,0.301,state,42.2,99.0,32.8,1.92,0.93,,75.4,57.0
NS-1217,S Ward,Mumbai,19.130101356555404,72.96850283089861,21734.9,,2928.0,1347.1,5000.0,0.522,0.509,0.288,0.291,state,69.3,99.0,75.3,1.89,1.83,0.68,65.5,38.0
NS-1218,L Ward,Mumbai,19.046052636897414,72.91927159871997,27457.1,1051.0,,1811.2,15700.0,0.46,0.329,0.22,0.593,forest,40.6,99.0,71.2,1.16,0.94,0.22,60.3,56.0
NS-1219,Thane East,Thane,,73.02946700105846,5708.4,146.0,675.0,1182.5,18700.0,,0.225,0.21,0.052,CRZ,16.3,99.0,19.5,2.52,2.97,1.87,96.3,41.0
NS-1220,M Ward,Mumbai,,72.8939812932423,13835.4,383.0,1543.0,1115.3,12300.0,0.577,0.387,0.114,0.343,railway,59.9,99.0,53.7,1.07,2.53,0.64,58.4,32.0
NS-1221,Ulhasnagar,Ulhasnagar,19.21242997420642,73.1920413727145,18885.9,765.0,3395.0,1797.6,17600.0,0.348,0.215,0.122,0.072,forest,,99.0,30.5,1.66,1.73,0.67,,36.0
NS-1222,M Ward,Mumbai,,72.86748918221826,21931.4,703.0,3300.0,1504.7,16200.0,0.362,0.447,0.168,0.243,CRZ,43.6,99.0,58.4,0.71,2.31,0.88,60.9,6.0
NS-1223,M Ward,Mumbai,,72.87197812253459,45307.9,1625.0,7606.0,,5000.0,0.509,0.434,0.159,0.03,state,72.5,99.0,66.4,2.21,1.63,1.44,98.0,33.0
NS-1224,Kalyan West,Kalyan,19.2344615478228,73.13108325286517,120000.0,2800.0,12498.0,1041.5,12100.0,0.348,0.321,0.258,0.242,private,3.0,99.0,32.6,1.59,2.93,0.49,52.0,10.0
NS-1225,M Ward,Mumbai,19.022471950124203,72.89224593790553,16556.0,417.0,,1367.5,16900.0,0.182,0.151,0.197,0.533,state,17.6,99.0,36.1,1.11,0.5,0.85,69.4,30.0
NS-1226,Thane West,Thane,19.19512429961578,72.99017696214526,12469.0,351.0,1353.0,1085.1,8400.0,0.541,0.507,0.103,0.48,state,55.4,99.0,,1.22,1.23,2.46,91.2,44.0
NS-1227,M Ward,Mumbai,19.0048177207883,72.91067998932247,,755.0,3316.0,1682.4,12600.0,0.328,0.262,0.368,0.059,state,26.0,99.0,64.4,1.83,3.68,0.96,57.6,3.0
NS-1228,M Ward,Mumbai,19.010321777736905,72.90479143011773,14991.6,396.0,2089.0,1393.4,10600.0,,0.31,0.183,0.03,state,85.0,99.0,28.6,1.59,3.49,0.45,56.0,20.0
NS-1229,M Ward,Mumbai,19.04401509031534,72.89344862454804,21152.2,628.0,2304.0,1089.2,12700.0,0.364,0.242,0.05,0.428,CRZ,36.7,99.0,22.3,3.24,0.84,2.56,77.3,3.0
NS-1230,L Ward,Mumbai,,72.86310098886209,24864.7,914.0,4386.0,1763.9,19100.0,0.4,0.398,0.207,0.056,railway,64.8,99.0,35.8,0.66,0.91,0.65,40.5,39.0
NS-1231,L Ward,Mumbai,19.067790204789247,72.89316857537985,24255.4,877.0,4133.0,1704.0,16200.0,0.585,0.519,0.073,0.404,private,78.7,99.0,74.0,2.3,2.47,0.63,78.1,8.0
NS-1232,S Ward,Mumbai,19.17717385322411,72.93525064263164,12314.1,498.0,2421.0,1966.0,10900.0,0.268,0.153,0.238,0.507,forest,33.7,99.0,45.2,,1.62,1.7,35.6,5.0
NS-1233,L Ward,Mumbai,19.04555237331726,72.85783065077447,8828.6,221.0,853.0,966.2,6200.0,0.545,0.492,0.361,0.114,railway,67.4,99.0,54.2,2.01,,0.8,52.9,31.0
NS-1234,S Ward,Mumbai,19.130971946667,72.93331355595132,36157.7,1375.0,4698.0,1299.3,25500.0,0.407,0.285,0.077,0.312,private,32.1,,39.0,2.52,2.81,1.0,67.9,5.0
NS-1235,L Ward,Mumbai,19.04879855852516,72.87477026010575,34111.4,1125.0,5767.0,1690.6,10100.0,0.413,0.328,0.161,0.097,private,,99.0,38.9,0.59,1.52,0.74,76.8,13.0
NS-1236,M Ward,Mumbai,18.993421691836954,72.91273956703925,15182.5,550.0,2466.0,1624.2,21200.0,0.183,0.124,0.234,0.554,private,3.0,99.0,,0.54,2.96,1.34,56.5,52.0
NS-1237,Kalyan East,Kalyan,19.265102476937372,73.11698937696475,12970.2,309.0,1497.0,1154.2,16100.0,0.202,0.21,0.05,0.03,state,26.7,99.0,17.9,1.6,1.86,2.78,85.8,38.0
NS-1238,Thane East,Thane,19.186634596587346,73.02048994586424,20002.6,819.0,3825.0,1912.3,14100.0,0.408,0.324,0.288,0.239,private,23.0,99.0,21.5,1.85,0.21,0.78,72.6,8.0
NS-1239,M Ward,Mumbai,19.009913543707768,72.91334491556661,43073.0,1377.0,6224.0,1445.0,19700.0,0.172,0.148,0.366,0.421,private,46.3,99.0,50.2,1.98,3.39,1.26,96.9,49.0
NS-1240,Thane East,Thane,19.192793591336628,73.01102579158255,44184.4,1300.0,6312.0,1428.6,23900.0,0.304,0.229,0.168,0.304,private,19.2,99.0,43.8,0.9,4.26,0.18,63.8,51.0
NS-1241,M Ward,Mumbai,18.997603402539895,72.91080008410626,26642.0,619.0,2751.0,1032.6,,0.464,0.347,0.191,0.134,private,63.1,,51.1,0.94,0.67,1.12,53.5,39.0
NS-1242,Thane West,Thane,19.261620479790654,72.9884186113669,31822.9,848.0,3349.0,1052.4,5000.0,0.3,0.402,0.14,0.147,state,93.4,99.0,51.8,0.38,1.76,,78.2,10.0
NS-1243,M Ward,Mumbai,19.013256538788223,72.88913885922697,26209.4,977.0,4334.0,1653.6,16400.0,0.365,0.327,0.241,0.371,forest,51.5,99.0,46.1,1.36,1.53,0.16,56.6,28.0
NS-1244,Thane West,Thane,19.1888907277928,72.99964153003276,39886.2,1024.0,3912.0,980.8,19400.0,0.398,0.176,0.22,0.164,CRZ,21.1,99.0,16.0,2.09,0.72,0.47,64.3,56.0
NS-1245,M Ward,Mumbai,19.006887031792296,72.86888659051871,75985.6,1771.0,7957.0,1047.2,13900.0,,0.507,0.2,0.445,state,94.1,99.0,52.2,0.68,2.35,0.89,72.5,35.0
NS-1246,S Ward,Mumbai,19.14226671365952,72.93751790286586,13717.1,418.0,,1216.0,11300.0,0.461,0.29,0.363,0.192,private,76.8,99.0,55.0,1.56,1.9,0.14,71.4,22.0
NS-1247,Kalyan West,Kalyan,19.24339203764513,73.141684598161,27895.4,754.0,4023.0,1442.2,11900.0,0.27,0.28,0.165,0.473,private,30.1,99.0,52.1,0.7,1.93,2.45,63.7,10.0
NS-1248,L Ward,Mumbai,19.059116414120133,72.86965903535008,5257.3,211.0,884.0,1681.5,19400.0,0.405,0.098,0.144,0.222,state,23.7,99.0,,2.11,1.8,0.95,69.9,10.0
NS-1249,L Ward,Mumbai,19.034020094582637,72.88010291116046,16428.7,554.0,2729.0,1661.1,19800.0,0.29,0.231,0.202,0.264,CRZ,37.8,99.0,38.4,1.75,1.4,1.53,98.0,54.0
NS-1250,L Ward,Mumbai,19.070662608143994,72.8867036139081,11755.7,324.0,1538.0,1308.3,16400.0,0.325,0.373,0.227,0.146,state,34.4,99.0,42.3,0.72,4.21,1.04,70.6,40.0
NS-1251,Thane West,Thane,19.22254464081153,72.95536929994009,47731.4,1349.0,6897.0,1445.0,22600.0,,0.138,0.119,0.417,CRZ,3.0,99.0,43.5,0.34,1.27,2.07,74.1,14.0
NS-1252,S Ward,Mumbai,19.15379726771542,72.93636785996136,11524.2,443.0,,1589.7,18400.0,0.386,0.225,0.254,0.374,private,50.9,99.0,20.6,0.21,1.7,0.85,87.2,50.0
NS-1253,Thane West,Thane,19.210365035066967,72.97110800596056,37108.0,1030.0,3801.0,1024.3,22600.0,0.294,0.295,0.2,0.485,private,49.6,99.0,44.3,,1.71,0.57,73.9,3.0
NS-1254,Kalyan West,Kalyan,19.25387411801367,73.13184390302186,34240.4,993.0,4702.0,1373.2,19200.0,0.339,0.283,0.13,0.03,state,21.3,99.0,29.1,0.35,2.2,0.89,91.4,51.0
NS-1255,L Ward,Mumbai,19.072742960110897,72.87982774351902,11237.8,461.0,2195.0,1953.2,5600.0,,0.456,,0.377,state,93.4,99.0,63.3,2.64,3.43,1.05,,54.0
NS-1256,M Ward,Mumbai,19.0073216210191,72.84651549610466,36954.2,1031.0,4307.0,1165.5,15500.0,0.306,0.29,0.202,0.341,state,39.9,99.0,38.9,0.93,2.37,2.43,75.7,11.0
NS-1257,Thane East,Thane,19.23031392826547,72.99826335727664,13837.3,372.0,,1206.9,14700.0,0.402,0.387,0.174,0.165,railway,49.8,99.0,43.9,3.53,0.77,0.81,46.1,
NS-1258,S Ward,Mumbai,19.136803322140427,72.9271602575269,36626.9,1287.0,5591.0,1526.5,16700.0,0.396,,0.259,0.136,state,30.2,99.0,35.9,0.53,1.64,0.41,79.9,41.0
NS-1259,L Ward,Mumbai,19.036571102408377,72.87186782097069,15877.7,440.0,1682.0,1059.3,5000.0,0.484,0.397,0.199,0.03,private,65.2,99.0,59.6,1.29,0.48,0.33,73.5,40.0
NS-1260,Kalyan East,Kalyan,19.226699726095852,73.15935249450334,10780.5,378.0,1794.0,1664.1,11000.0,0.244,0.183,,0.424,state,26.2,99.0,18.1,2.04,0.43,0.87,68.7,32.0
NS-1261,Kalyan East,Kalyan,19.239674664305365,73.13607510165444,27521.3,909.0,4550.0,1653.3,18400.0,0.433,0.301,0.173,0.386,private,53.4,99.0,,1.55,,0.18,69.3,45.0
NS-1262,M Ward,Mumbai,19.001546237510308,72.91323746702292,12783.5,326.0,1285.0,1005.2,17900.0,0.525,0.515,0.223,0.177,railway,75.9,99.0,60.9,0.76,0.58,2.43,57.4,31.0
NS-1263,Thane West,Thane,19.22851222530557,73.0056471978545,34354.8,849.0,3786.0,1102.0,25100.0,0.323,0.252,0.167,,private,27.7,99.0,26.4,0.38,1.14,1.62,96.9,25.0
NS-1264,Ulhasnagar,Ulhasnagar,19.24109454599463,,32360.6,813.0,3800.0,,5000.0,0.499,0.506,0.116,0.039,railway,87.3,99.0,74.9,2.42,0.83,2.0,63.9,28.0
NS-1265,S Ward,Mumbai,19.109444558769432,72.94448753273636,26315.7,845.0,2973.0,1129.7,9600.0,0.439,0.313,0.114,0.285,state,62.3,99.0,46.1,1.16,0.9,0.74,69.8,15.0
NS-1266,L Ward,Mumbai,19.07838930307457,72.91168294011449,22913.3,863.0,4030.0,1758.8,16500.0,0.389,0.284,0.229,0.202,state,25.0,99.0,,1.57,2.14,2.33,91.8,10.0
NS-1267,S Ward,Mumbai,19.13232862876643,72.88061555111705,20855.3,573.0,2836.0,1359.8,13300.0,0.445,0.397,0.178,0.12,state,56.7,99.0,47.8,,1.96,1.33,80.2,20.0
NS-1268,M Ward,Mumbai,19.027585655297216,72.88235207833353,13584.5,530.0,2550.0,1877.1,16400.0,0.204,0.142,0.118,0.404,state,3.0,99.0,25.2,1.77,1.81,1.83,87.9,6.0
NS-1269,Thane East,Thane,19.186729435175153,73.00825802026623,21953.2,627.0,3008.0,1370.2,,0.354,0.381,0.26,0.331,forest,40.8,99.0,51.1,2.93,1.29,0.46,60.9,40.0
NS-1270,L Ward,Mumbai,19.064796884706087,72.89629128093563,8566.1,365.0,1409.0,1644.8,14400.0,0.353,0.255,0.205,0.216,state,32.9,99.0,44.2,1.65,2.37,0.71,82.7,29.0
NS-1271,M Ward,Mumbai,18.992894764143777,72.88216068198174,22592.9,544.0,2457.0,1087.5,17200.0,,0.232,0.064,0.329,private,30.7,99.0,37.4,0.52,1.56,2.04,81.2,3.0
NS-1272,Kalyan East,Kalyan,19.198342292602852,73.15032219128001,13198.5,457.0,2332.0,1766.9,10000.0,0.555,0.647,0.103,0.473,private,85.6,99.0,68.8,0.58,1.87,0.83,68.2,33.0
NS-1273,M Ward,Mumbai,,72.88651312735807,,912.0,4346.0,2011.4,20000.0,0.395,0.348,0.064,0.329,forest,39.0,99.0,51.6,1.0,,0.95,,7.0
NS-1274,M Ward,Mumbai,19.012576357002228,72.85618432940674,11998.6,345.0,1266.0,1055.1,11300.0,0.224,0.178,0.284,0.316,state,49.7,99.0,14.6,1.54,1.55,0.63,98.0,36.0
NS-1275,M Ward,Mumbai,19.002944159342803,72.86604443410799,18651.7,482.0,1855.0,994.5,7500.0,0.486,0.491,0.174,0.284,forest,54.7,99.0,47.7,0.97,0.34,1.55,56.9,22.0
NS-1276,M Ward,Mumbai,19.036497756065383,72.87858515076691,20635.6,529.0,1869.0,905.7,8700.0,0.4,0.361,0.235,0.334,private,48.3,,27.8,0.9,0.58,1.88,80.8,
NS-1277,M Ward,Mumbai,19.04163771526103,72.87783464957319,9161.0,,1438.0,1569.7,15000.0,0.473,0.46,0.147,0.366,state,69.4,99.0,55.1,0.62,1.64,0.42,48.6,26.0
NS-1278,M Ward,Mumbai,19.01326777318071,72.89435880950741,8733.5,227.0,1124.0,1287.0,27600.0,0.461,0.289,0.146,0.229,state,51.7,99.0,41.2,3.62,2.04,0.29,83.7,45.0
NS-1279,Thane West,Thane,19.244890554192978,72.95733172604902,5642.7,193.0,812.0,1439.0,17800.0,0.326,0.256,0.193,0.335,private,27.5,99.0,46.8,0.44,1.56,0.95,77.7,55.0
NS-1280,Ulhasnagar,Ulhasnagar,19.227475164243508,73.14341941536,20735.3,661.0,3127.0,1508.1,16100.0,0.343,0.339,0.05,0.141,private,47.4,99.0,60.6,1.63,1.42,0.42,86.9,26.0
NS-1281,Thane West,Thane,19.213579489191552,73.00198820398049,13933.0,422.0,1924.0,1380.9,23400.0,0.151,0.116,0.134,0.39,railway,15.7,99.0,22.2,1.63,1.86,0.51,54.4,48.0
NS-1282,Kalyan East,Kalyan,19.212433171360864,73.14950357673604,12964.9,346.0,1807.0,1393.8,12700.0,0.278,0.265,0.1,0.309,state,44.7,99.0,39.0,1.3,1.17,0.35,76.1,12.0
NS-1283,M Ward,Mumbai,19.034948240401267,72.90588145891263,28879.1,1073.0,4972.0,1721.7,5100.0,0.555,0.576,0.095,0.388,railway,84.4,99.0,60.5,1.23,3.14,3.0,34.0,45.0
NS-1284,Thane West,Thane,19.202634802933787,72.99262507359514,7218.6,220.0,859.0,,12800.0,0.378,0.401,0.292,0.056,state,66.4,99.0,77.2,1.23,1.87,1.19,78.4,16.0
NS-1285,M Ward,Mumbai,19.000535335206482,72.86591875052996,24051.4,810.0,3306.0,1374.6,6400.0,0.355,0.458,0.202,0.308,railway,53.6,99.0,35.1,0.3,2.18,1.46,43.8,16.0
NS-1286,Kalyan East,Kalyan,19.23491633194057,73.16709786532452,19741.7,582.0,1879.0,951.8,6500.0,0.675,0.671,0.172,0.226,state,83.9,99.0,68.0,2.53,1.12,0.28,58.3,56.0
NS-1287,S Ward,Mumbai,19.130070632761498,72.93770416616681,4099.1,121.0,494.0,1205.1,7900.0,0.42,0.391,0.109,0.256,state,65.4,99.0,38.8,2.09,0.64,1.12,75.1,15.0
NS-1288,L Ward,Mumbai,19.044257733960514,,17299.7,409.0,2035.0,1176.3,18600.0,0.259,0.17,0.218,0.315,private,3.0,99.0,39.6,0.4,3.77,1.8,63.1,23.0
NS-1289,L Ward,Mumbai,19.087591048007365,72.89681953048691,12883.8,415.0,1966.0,1526.0,15300.0,,0.246,0.174,0.499,state,43.3,99.0,32.4,3.2,0.58,0.41,90.1,10.0
NS-1290,Ambarnath,Ambarnath,19.19099081088516,73.19326967292751,10177.8,282.0,1371.0,1347.0,5000.0,0.32,0.335,0.146,0.201,state,34.9,99.0,,0.58,0.63,1.44,89.8,26.0
NS-1291,L Ward,Mumbai,19.05240508826643,72.88252672111399,26339.7,679.0,2721.0,1033.0,18000.0,0.4,0.28,0.169,0.373,private,19.6,99.0,35.7,2.36,1.18,0.79,79.5,20.0
NS-1292,S Ward,Mumbai,19.111050826762487,72.91599288453554,5605.8,,,1016.8,,,0.556,0.173,,state,55.9,99.0,68.9,0.37,1.2,1.59,86.2,15.0
NS-1293,Thane West,Thane,19.248616731675714,72.99829121983572,25416.2,787.0,3830.0,1506.9,18300.0,0.548,0.446,0.215,0.16,private,26.9,99.0,51.2,0.41,2.8,0.71,63.3,30.0
NS-1294,S Ward,Mumbai,19.164381281624692,72.95785968828393,38878.7,1109.0,4553.0,1171.1,20100.0,0.422,0.375,0.063,0.367,forest,77.7,99.0,45.5,0.93,0.62,1.44,84.2,5.0
NS-1295,M Ward,Mumbai,18.98165567698457,72.86992022769981,23872.4,852.0,3235.0,1355.1,17600.0,0.362,0.199,0.126,0.263,CRZ,31.1,99.0,25.3,0.63,0.65,0.09,71.0,23.0
NS-1296,M Ward,Mumbai,19.009412117475982,72.88566652207517,13741.5,546.0,2115.0,1539.1,7400.0,0.3,0.297,0.203,0.214,state,,99.0,35.1,0.39,2.73,0.46,,23.0
NS-1297,S Ward,Mumbai,19.141332866034332,72.94634546224358,37282.8,1149.0,4838.0,1297.6,15600.0,0.302,0.211,0.171,0.235,private,50.2,99.0,14.6,1.77,4.85,0.92,62.4,9.0
NS-1298,M Ward,Mumbai,19.026909840817762,72.8530231418556,7010.5,198.0,938.0,1338.0,20500.0,0.369,0.269,0.064,0.513,state,39.0,99.0,33.8,1.88,1.61,1.89,96.7,32.0
NS-1299,M Ward,Mumbai,19.000190125831416,72.88344481169575,19472.9,819.0,,2030.0,16800.0,0.525,0.492,0.218,0.203,railway,46.8,99.0,58.4,2.91,3.03,3.05,42.4,51.0
NS-1300,S Ward,Mumbai,19.133633054780333,72.94093835795788,22080.4,521.0,2588.0,1172.1,11800.0,0.568,0.587,0.212,0.048,state,96.0,99.0,,1.65,4.27,0.95,69.0,29.0
NS-1301,L Ward,Mumbai,19.07052697778199,72.90463667592553,7677.9,191.0,995.0,1295.9,22900.0,0.269,0.166,0.084,0.412,state,22.6,99.0,24.3,2.51,1.62,,71.6,32.0
NS-1302,M Ward,Mumbai,19.0009033479123,72.86449777583395,14175.5,386.0,1897.0,1338.2,,0.353,0.366,0.1,0.295,CRZ,53.5,99.0,28.7,,3.22,1.47,91.2,32.0
NS-1303,M Ward,Mumbai,18.99931192634711,72.87309057517005,5090.0,220.0,1164.0,2286.8,7800.0,0.244,0.162,0.227,0.267,railway,32.0,99.0,35.2,0.57,3.03,1.73,42.3,44.0
NS-1304,Ambarnath,Ambarnath,19.180753722256792,73.2120921015516,17733.8,557.0,2625.0,1480.2,10500.0,0.525,0.478,0.283,0.239,railway,64.9,99.0,37.9,1.53,1.92,0.37,47.5,21.0
NS-1305,L Ward,Mumbai,19.093755055199356,72.8829811197634,17327.1,,1972.0,1138.1,10400.0,0.434,0.351,,0.195,forest,58.5,99.0,65.5,2.64,1.63,1.56,50.9,35.0
NS-1306,Ulhasnagar,Ulhasnagar,,73.15128935075339,16461.7,452.0,2033.0,1235.0,9300.0,0.41,0.339,0.133,0.302,private,22.4,99.0,25.8,0.73,1.87,1.13,76.1,38.0
NS-1307,L Ward,Mumbai,19.052036743714325,72.86664658496898,86300.8,2800.0,11931.0,1382.5,14900.0,0.327,0.174,0.245,0.215,forest,15.8,99.0,29.4,1.11,1.58,0.4,53.4,52.0
NS-1308,Thane West,Thane,19.21492380490254,72.96923510690463,12340.8,437.0,,,13200.0,0.154,0.146,0.185,0.071,state,,99.0,41.0,0.39,3.96,0.81,69.0,27.0
NS-1309,Thane East,Thane,19.196159229048153,73.0360057069285,6707.0,190.0,927.0,1382.1,18000.0,0.362,0.336,0.197,0.099,forest,8.9,99.0,36.3,1.38,0.99,1.35,28.0,31.0
NS-1310,M Ward,Mumbai,18.957471432412206,72.86498466518219,,293.0,1498.0,1657.0,5000.0,0.334,0.251,0.197,0.323,state,3.0,99.0,39.6,0.92,1.92,0.12,64.6,24.0
NS-1311,M Ward,Mumbai,,72.88086569315867,15738.0,493.0,1969.0,1251.1,16700.0,0.328,0.227,0.167,0.388,railway,64.8,99.0,41.7,0.27,1.85,0.55,42.5,37.0
NS-1312,L Ward,Mumbai,19.032127609681933,72.92164161250884,10995.0,256.0,1009.0,917.7,11800.0,0.332,0.213,,0.378,state,37.0,99.0,43.0,0.69,0.69,1.63,75.9,44.0
NS-1313,M Ward,Mumbai,19.025227596730044,72.86522146648726,14227.5,346.0,1622.0,1140.0,19500.0,0.236,,,0.14,state,30.3,99.0,26.5,0.86,2.73,,75.6,24.0
NS-1314,M Ward,Mumbai,19.005333225287373,72.87227540330316,24792.3,610.0,2438.0,983.4,13900.0,0.395,0.297,0.113,0.157,state,,99.0,62.2,3.66,1.83,2.43,89.4,5.0
NS-1315,M Ward,Mumbai,18.995583486182603,,24863.5,679.0,,827.7,14600.0,0.345,0.215,0.196,0.449,private,42.5,94.2,40.6,0.59,1.4,,82.5,55.0
NS-1316,S Ward,Mumbai,19.15069854470475,72.9236911207144,13807.2,496.0,2165.0,1568.0,11100.0,0.427,0.439,0.178,0.03,private,61.6,99.0,,0.84,0.7,1.99,78.3,25.0
NS-1317,S Ward,Mumbai,19.154283616554753,72.9316994163099,15200.6,377.0,1745.0,1148.0,9200.0,0.445,0.474,0.213,0.455,state,60.4,99.0,62.2,0.97,3.84,1.09,94.7,25.0
NS-1318,Ambarnath,Ambarnath,19.18163684639453,73.18054164450562,18889.0,621.0,2650.0,1402.9,21500.0,0.317,0.305,0.211,0.338,private,66.8,99.0,39.5,0.2,2.31,0.89,,42.0
NS-1319,M Ward,Mumbai,19.019687768146227,72.88639871972691,23938.4,886.0,3630.0,1516.4,9200.0,0.386,0.389,0.139,0.15,state,43.6,99.0,39.0,0.58,0.3,0.53,75.6,51.0
NS-1320,L Ward,Mumbai,19.063698818253464,72.86645371014387,55497.6,2235.0,9801.0,1766.0,20200.0,0.322,0.244,0.169,0.437,private,22.6,99.0,34.3,1.05,2.05,0.66,67.1,18.0
NS-1321,S Ward,Mumbai,19.132442465673904,72.98167154004204,15948.3,424.0,1325.0,830.8,7400.0,0.538,0.606,0.262,0.453,railway,88.7,99.0,58.6,2.49,0.31,0.27,39.2,27.0
NS-1322,Thane West,Thane,19.227551432911195,72.9564654672622,,620.0,2988.0,1354.5,14200.0,0.367,0.166,0.145,0.194,state,32.6,99.0,25.4,2.74,4.79,1.22,88.6,49.0
NS-1323,Thane West,Thane,19.210182294298104,72.97898601072389,73048.8,2800.0,12997.0,1779.2,19100.0,0.232,0.181,0.176,0.03,CRZ,43.7,99.0,22.8,2.66,0.31,,,27.0
NS-1324,S Ward,Mumbai,19.121483568503354,72.9618752813093,21545.3,923.0,4845.0,2248.8,7700.0,0.358,0.28,0.202,0.239,state,63.3,99.0,,1.35,2.62,0.34,70.1,55.0
NS-1325,L Ward,Mumbai,19.087202646937428,72.88860681382705,28897.8,701.0,3624.0,1254.1,18900.0,0.381,0.389,0.269,0.368,CRZ,46.8,99.0,37.7,1.39,2.88,0.24,90.7,16.0
NS-1326,S Ward,Mumbai,19.156316013747375,72.9599329844467,8638.6,242.0,1113.0,1288.4,14800.0,0.337,0.238,0.22,0.242,private,50.9,99.0,49.8,0.96,5.56,0.86,72.5,47.0
NS-1327,M Ward,Mumbai,,72.89129776895639,13110.7,337.0,1211.0,923.7,12300.0,0.37,0.204,0.243,0.432,private,21.3,99.0,42.6,0.43,5.58,0.44,,53.0
NS-1328,M Ward,Mumbai,,72.84973724145463,18511.0,669.0,3072.0,,25800.0,0.34,0.24,0.137,0.197,private,26.0,99.0,45.1,1.79,2.93,0.45,75.4,36.0
NS-1329,M Ward,Mumbai,19.01587959413861,72.87041195292842,29881.0,913.0,4141.0,1385.8,19100.0,0.4,0.483,0.247,0.339,private,62.4,99.0,48.1,,1.94,1.41,70.9,27.0
NS-1330,Thane East,Thane,19.204546845690263,73.02220198466415,26351.0,1081.0,4910.0,1863.3,5400.0,0.326,0.236,0.247,0.088,private,33.7,99.0,26.7,1.41,1.99,,77.8,43.0
NS-1331,M Ward,Mumbai,19.005025869310955,72.86341281809992,34301.4,1086.0,3884.0,1132.3,,0.476,0.384,0.198,0.36,private,84.9,99.0,54.3,0.82,1.43,0.84,90.9,42.0
NS-1332,Thane East,Thane,19.175033355589957,73.01997575020631,7595.5,245.0,1151.0,1515.4,19800.0,0.36,0.22,0.193,0.28,private,28.4,99.0,24.1,0.14,1.62,2.0,81.4,48.0
NS-1333,M Ward,Mumbai,19.016456043288837,72.90063496285532,15180.7,382.0,1578.0,1039.5,10600.0,0.516,0.458,0.202,0.044,railway,39.9,,67.4,1.59,1.45,2.26,46.9,53.0
NS-1334,M Ward,Mumbai,19.023114047154603,72.85212881221705,18855.0,608.0,2573.0,1364.6,13100.0,0.521,0.466,0.188,,state,70.0,99.0,60.7,2.04,0.28,0.56,78.6,14.0
NS-1335,Thane East,Thane,19.20082776017027,73.04430428340136,14887.1,430.0,2020.0,1356.9,15200.0,0.242,,0.213,,railway,30.2,99.0,38.6,0.67,4.87,1.92,62.7,37.0
NS-1336,L Ward,Mumbai,19.048503810812928,72.89523180564446,57257.3,2136.0,9213.0,1609.1,16500.0,0.454,0.287,0.115,0.059,state,38.7,99.0,46.2,0.33,1.57,1.83,90.9,17.0
NS-1337,Thane West,Thane,,72.98360417374761,18181.9,606.0,2299.0,1264.4,21000.0,0.156,0.124,,0.139,railway,30.3,99.0,24.8,1.34,1.87,,37.8,22.0
NS-1338,M Ward,Mumbai,19.009787364073812,72.86056018032458,12420.6,452.0,2082.0,1676.2,14000.0,0.4,0.37,0.15,,forest,48.6,99.0,60.4,0.51,2.14,1.17,61.8,43.0
NS-1339,S Ward,Mumbai,19.117468989720518,72.93225305098403,34212.2,1405.0,6781.0,1982.0,16800.0,0.188,0.166,0.207,0.03,private,31.9,99.0,22.6,1.61,0.43,2.26,54.2,19.0
NS-1340,L Ward,Mumbai,,72.86131138261513,35953.0,1077.0,4493.0,1249.7,14100.0,0.105,0.128,0.114,0.033,state,19.5,99.0,34.1,0.32,1.61,1.24,83.7,32.0
NS-1341,M Ward,Mumbai,19.01143469877624,,34718.3,1060.0,5031.0,1449.1,22100.0,0.294,0.229,0.118,0.333,private,47.0,99.0,40.6,0.49,1.64,1.14,63.4,4.0
NS-1342,Ambarnath,Ambarnath,19.196886256525495,73.1906652244039,14206.7,418.0,1972.0,1388.1,5000.0,0.389,0.309,0.323,0.381,state,37.0,99.0,35.5,1.39,4.25,0.55,93.0,9.0
NS-1343,Thane West,Thane,19.25602969062191,72.98281348117766,42484.3,,4692.0,1104.4,17700.0,0.226,,0.248,0.03,state,3.0,99.0,20.7,1.16,1.41,0.88,58.2,
NS-1344,M Ward,Mumbai,18.988682477415743,72.88591900549102,21866.0,900.0,3384.0,1547.6,24400.0,0.275,0.065,0.21,0.352,railway,3.0,99.0,8.0,1.38,1.08,1.51,,24.0
NS-1345,M Ward,Mumbai,19.001688488808124,72.92094364447213,27475.8,707.0,,901.9,27900.0,0.12,0.109,0.292,,forest,19.3,99.0,29.8,1.03,1.93,3.31,62.5,35.0
NS-1346,S Ward,Mumbai,19.143605390041028,72.92864487935458,18574.2,467.0,2066.0,1112.3,6700.0,0.553,0.399,0.283,0.338,private,82.2,99.0,66.3,3.0,0.39,1.27,59.4,50.0
NS-1347,Thane West,Thane,19.21252814458238,72.99229791053546,12739.4,318.0,1228.0,963.9,,0.422,0.269,0.177,0.271,private,41.0,99.0,43.9,0.59,2.99,1.01,75.5,55.0
NS-1348,M Ward,Mumbai,19.00451227962572,72.86578479857612,5739.8,162.0,628.0,1094.1,13500.0,0.4,0.359,0.145,0.332,railway,42.3,99.0,57.3,0.5,3.12,0.71,37.5,6.0
NS-1349,M Ward,Mumbai,19.036633000419183,,16131.6,530.0,2508.0,1554.7,11200.0,0.425,0.413,,0.336,state,49.0,99.0,55.1,1.34,1.89,1.2,81.1,51.0
NS-1350,M Ward,Mumbai,18.998887853162724,72.85463039453333,7673.2,255.0,1092.0,1423.1,5000.0,0.39,0.393,0.163,0.169,state,78.8,99.0,41.7,0.78,1.5,,71.5,14.0
NS-1351,Thane West,Thane,19.23707304986813,72.99590249694711,14734.6,521.0,2572.0,1745.6,12800.0,0.428,0.432,0.091,0.117,private,75.1,99.0,62.6,1.79,1.3,1.96,91.1,57.0
NS-1352,M Ward,Mumbai,18.999254529220334,72.9031185760398,11995.8,401.0,,1577.2,5000.0,0.755,0.74,0.131,,private,82.0,99.0,73.2,0.85,2.37,,,53.0
NS-1353,M Ward,Mumbai,18.996431862027258,72.87413525391435,21068.9,564.0,2403.0,1140.5,15000.0,0.418,0.395,0.209,0.453,state,33.2,99.0,57.9,0.64,2.8,1.87,89.3,27.0
NS-1354,Thane East,Thane,19.19279620125893,72.96692310274221,16027.1,493.0,2118.0,1321.5,18000.0,0.377,0.312,0.122,0.483,private,21.6,99.0,,0.36,0.95,0.48,84.6,27.0
NS-1355,Ambarnath,Ambarnath,19.212732295811694,,12067.3,349.0,1428.0,1183.4,15400.0,0.327,0.235,0.296,0.152,state,,99.0,30.4,1.51,2.92,1.28,67.4,25.0
NS-1356,M Ward,Mumbai,19.017770400564345,72.88374164099827,40878.3,1602.0,,1855.8,11900.0,0.348,0.35,0.167,0.262,railway,41.5,99.0,53.5,2.96,4.52,0.92,48.8,36.0
NS-1357,Ambarnath,Ambarnath,19.21752460108093,73.20350730313758,15398.3,,,1152.1,15900.0,0.236,0.201,,0.174,state,47.5,99.0,34.8,0.29,0.57,2.58,62.4,53.0
NS-1358,S Ward,Mumbai,19.11902539216677,,9582.3,,1243.0,1297.2,31200.0,0.227,0.055,0.133,0.154,state,5.9,99.0,22.6,0.29,,0.27,79.7,43.0
NS-1359,L Ward,Mumbai,19.040982333150907,,31337.8,,4198.0,1339.6,11500.0,0.319,0.346,0.149,0.394,state,54.3,99.0,43.6,1.9,2.6,1.42,,47.0
NS-1360,L Ward,Mumbai,19.046071483478645,72.89634551150723,22819.1,854.0,3871.0,1696.4,17500.0,0.284,0.214,0.168,0.136,private,21.4,99.0,31.9,1.27,0.66,0.89,98.0,39.0
NS-1361,M Ward,Mumbai,19.027484150566185,72.89383388235571,17913.6,476.0,1957.0,1092.5,6700.0,0.451,,0.258,0.221,state,86.0,99.0,56.4,1.39,0.57,2.42,84.8,20.0
NS-1362,Ambarnath,Ambarnath,19.2140729225616,,,626.0,2906.0,1979.1,12700.0,0.371,0.327,0.156,0.178,CRZ,,99.0,,3.89,3.65,1.85,50.3,19.0
NS-1363,M Ward,Mumbai,19.00937954423751,72.8803196176269,11612.0,444.0,1498.0,1290.0,11900.0,0.405,0.303,0.24,0.192,state,29.8,99.0,33.1,6.4,,0.67,96.4,28.0
NS-1364,Thane East,Thane,19.20755041927221,73.0239476244777,43746.7,1655.0,7512.0,1717.2,16600.0,0.316,0.3,0.143,0.153,private,55.1,99.0,43.2,0.61,1.07,1.54,47.6,26.0
NS-1365,M Ward,Mumbai,19.016315821276812,72.89291648897792,12972.8,324.0,1291.0,995.2,14900.0,0.411,0.345,0.151,0.303,private,57.5,99.0,35.8,1.78,3.78,3.06,51.2,9.0
NS-1366,Kalyan West,Kalyan,19.26721025860768,73.14732258763323,43307.8,1067.0,4840.0,1117.6,15800.0,0.335,0.307,0.221,0.23,private,54.0,99.0,43.6,,0.8,0.53,76.5,
NS-1367,S Ward,Mumbai,19.139961434903682,72.93165098394914,37005.2,1072.0,5332.0,,12500.0,0.287,0.363,0.275,0.258,private,58.3,99.0,65.9,0.55,1.92,2.07,71.9,9.0
NS-1368,Thane West,Thane,19.229969600598896,72.976272065661,13640.5,337.0,1715.0,1257.3,16000.0,,0.459,0.235,0.03,railway,68.4,99.0,52.5,4.83,1.37,2.13,67.6,51.0
NS-1369,Thane West,Thane,19.231604914667326,72.98409097823512,,1533.0,6895.0,1517.1,7200.0,0.32,0.239,0.16,0.263,state,40.1,99.0,44.0,0.75,2.71,0.74,84.1,
NS-1370,M Ward,Mumbai,18.997883212492425,72.88060535089865,4166.5,136.0,559.0,1341.6,5000.0,0.381,0.402,0.196,0.379,private,66.0,99.0,74.1,1.11,3.98,0.32,66.5,12.0
NS-1371,M Ward,Mumbai,19.009996844351395,72.89524786605162,40496.4,1442.0,5203.0,1284.8,15400.0,0.511,0.53,0.197,0.415,private,76.3,99.0,71.6,0.41,1.91,1.28,74.3,31.0
NS-1372,Thane West,Thane,19.229156673610266,72.98716593494579,24802.3,877.0,3521.0,1419.6,15400.0,0.307,0.295,0.231,0.372,state,29.1,99.0,38.3,1.8,3.56,0.36,59.3,40.0
NS-1373,L Ward,Mumbai,19.072570176746286,72.9063594955666,10074.3,278.0,1070.0,1062.1,12600.0,0.263,0.269,0.209,,state,38.1,99.0,56.5,0.88,2.47,0.88,74.0,5.0
NS-1374,Ambarnath,Ambarnath,19.165416473955972,,6584.5,249.0,797.0,1210.4,12500.0,0.36,0.262,,0.045,state,41.6,99.0,34.2,1.35,0.43,0.54,82.0,13.0
NS-1375,M Ward,Mumbai,18.9860828767503,72.92280890635172,24760.5,708.0,3399.0,1372.7,5000.0,0.443,,,0.172,state,44.4,99.0,40.8,1.43,4.18,0.52,91.2,14.0
NS-1376,Thane East,Thane,19.215417326503644,73.01020105556958,14386.7,422.0,1868.0,1298.4,20100.0,0.354,0.279,0.132,0.166,state,48.7,99.0,39.2,0.24,2.74,2.25,66.4,49.0
NS-1377,Kalyan West,Kalyan,19.248292677098235,73.15222711794807,18707.1,616.0,2397.0,1281.3,7600.0,0.372,0.378,0.21,0.03,railway,77.3,99.0,60.7,1.29,2.48,0.32,46.6,40.0
NS-1378,L Ward,Mumbai,19.05241302942098,72.87803094338516,15920.4,445.0,1860.0,1168.3,11900.0,0.231,0.162,0.225,0.27,state,19.9,99.0,46.5,1.55,1.26,1.85,78.3,23.0
NS-1379,S Ward,Mumbai,19.138904452420924,72.92870132661608,26071.8,630.0,2944.0,1129.2,12600.0,0.449,0.503,0.164,0.394,state,59.2,,49.0,2.83,1.21,0.45,74.8,16.0
NS-1380,L Ward,Mumbai,19.052502250699206,72.88288259659532,13248.1,458.0,,1440.2,13800.0,,0.326,0.154,0.339,railway,31.1,99.0,34.2,3.11,0.87,1.48,57.0,54.0
NS-1381,M Ward,Mumbai,19.025885895926375,,38852.9,1023.0,5402.0,1390.4,8100.0,0.36,0.278,0.235,0.165,CRZ,57.2,99.0,40.5,2.05,0.74,0.83,67.8,27.0
NS-1382,M Ward,Mumbai,19.014588226056205,,33515.0,782.0,3144.0,938.1,13200.0,0.307,0.168,,0.311,state,40.7,99.0,,0.93,1.83,2.33,86.6,21.0
NS-1383,S Ward,Mumbai,19.136539837086747,72.96982065181851,11778.7,394.0,2112.0,1793.1,10500.0,0.354,0.281,0.14,,state,41.5,99.0,45.6,0.67,1.98,1.71,53.4,
NS-1384,M Ward,Mumbai,19.017746037877625,72.86580861178399,22032.1,629.0,2954.0,1340.8,16500.0,0.436,0.325,0.121,,private,51.3,,,1.51,,0.54,79.4,41.0
NS-1385,Thane East,Thane,19.194555064687403,72.99704290395006,18565.7,560.0,2801.0,1508.7,8600.0,0.516,0.495,0.21,0.03,state,85.4,99.0,67.5,0.29,,,95.3,49.0
NS-1386,M Ward,Mumbai,19.01356869436239,72.88061537547726,25762.2,641.0,3311.0,1285.2,16200.0,0.25,0.151,0.189,0.232,private,26.9,99.0,16.4,1.03,0.35,1.57,70.3,35.0
NS-1387,Thane East,Thane,19.20734542513287,73.02278328552384,30660.2,1298.0,6567.0,2141.9,20300.0,0.265,0.22,0.203,0.064,private,51.0,99.0,55.1,0.61,3.39,1.79,82.7,26.0
NS-1388,L Ward,Mumbai,19.1090494314833,,8952.5,295.0,1190.0,1329.2,17900.0,0.513,0.427,0.211,,state,56.6,99.0,51.1,3.62,2.75,1.75,71.1,6.0
NS-1389,S Ward,Mumbai,19.158329340152076,72.93188783729764,25749.3,795.0,3651.0,,19400.0,0.182,0.249,,0.574,railway,26.1,99.0,32.8,0.5,3.19,1.85,23.2,
NS-1390,S Ward,Mumbai,19.13594797339061,72.93206714818413,22519.2,712.0,2429.0,1078.6,17500.0,0.497,0.415,0.05,0.047,forest,63.8,99.0,46.3,1.15,4.66,2.66,60.3,55.0
NS-1391,M Ward,Mumbai,19.022808791186648,72.85664391055933,22626.4,547.0,2319.0,1024.9,25400.0,0.365,0.219,0.142,0.238,state,20.8,99.0,51.6,1.25,3.06,2.0,57.7,55.0
NS-1392,S Ward,Mumbai,19.17333379454222,72.97482983527338,15138.3,434.0,1867.0,1233.3,19800.0,0.277,0.279,0.16,0.386,private,43.3,99.0,52.0,1.37,0.53,1.45,,35.0
NS-1393,M Ward,Mumbai,19.021459008580365,72.87488247060972,23879.9,758.0,3786.0,1585.4,13600.0,0.299,0.296,0.173,0.433,private,26.3,99.0,31.8,1.8,2.85,1.18,45.1,8.0
NS-1394,Thane West,Thane,19.221611085326725,72.9870691807336,12052.9,389.0,1851.0,1535.7,11200.0,,0.362,0.066,0.147,state,53.4,99.0,57.0,1.87,5.85,0.62,64.7,30.0
NS-1395,L Ward,Mumbai,19.073846576697065,72.91224897722599,26693.0,818.0,3402.0,1274.5,10300.0,0.38,0.315,0.187,0.489,state,38.1,99.0,49.9,1.97,2.05,0.91,77.4,3.0
NS-1396,Thane East,Thane,19.161102799771424,73.04043284618322,31668.0,1268.0,5405.0,1706.8,14300.0,0.398,0.409,0.102,0.174,forest,,99.0,39.5,1.82,0.43,0.45,41.3,36.0
NS-1397,Kalyan West,Kalyan,19.20300139417422,73.12704978376946,9828.9,270.0,1228.0,1249.4,14600.0,,0.346,0.142,0.233,private,56.3,99.0,41.6,2.82,1.73,0.95,44.9,14.0
NS-1398,S Ward,Mumbai,19.151080414179077,72.9358228878828,21938.6,731.0,3166.0,1443.1,15600.0,0.166,0.113,0.163,0.313,state,42.4,99.0,28.1,0.97,1.61,0.06,81.9,51.0
NS-1399,Kalyan East,Kalyan,19.23146911980964,73.16025114650589,27537.2,855.0,3757.0,1364.3,17900.0,0.327,0.181,0.14,0.361,railway,7.7,99.0,33.1,0.59,2.84,0.47,71.9,53.0
NS-1400,Thane East,Thane,,,7745.7,185.0,749.0,967.0,22600.0,0.097,0.03,0.1,0.142,state,3.0,99.0,22.9,0.59,0.82,0.58,86.1,25.0
NS-1401,M Ward,Mumbai,18.987447360476875,72.91152433345977,12006.7,341.0,1573.0,1310.1,5000.0,0.549,0.557,0.24,0.448,forest,92.4,99.0,55.2,1.03,4.92,3.88,41.5,
NS-1402,Thane East,Thane,,73.015971186699,16958.7,,2346.0,1383.4,25800.0,0.226,0.106,0.149,0.173,state,48.4,99.0,38.0,1.7,2.54,0.84,85.2,23.0
NS-1403,Kalyan East,Kalyan,19.201412061883584,73.15728831216131,39795.3,1150.0,,1541.9,11200.0,0.461,0.288,0.085,0.211,railway,25.5,99.0,39.5,2.15,1.57,0.9,37.8,43.0
NS-1404,Thane East,Thane,19.18436356410666,,19489.6,600.0,,1138.6,12700.0,0.568,0.445,0.184,0.409,private,,99.0,53.7,2.68,1.0,1.08,56.7,45.0
NS-1405,Kalyan West,Kalyan,19.218031198188033,73.12722728941897,9598.7,301.0,1346.0,1402.3,5000.0,0.561,0.477,0.097,0.298,private,72.5,99.0,69.9,1.15,3.76,0.07,77.7,5.0
NS-1406,M Ward,Mumbai,18.995094598850397,72.89593640651512,35840.4,1265.0,5389.0,1503.6,9400.0,0.345,0.324,0.206,0.484,state,77.1,99.0,40.1,0.64,0.17,,76.0,47.0
NS-1407,L Ward,Mumbai,19.06668552168399,72.88850665030765,5065.3,138.0,570.0,1125.3,14100.0,0.377,0.355,0.142,0.244,state,51.0,99.0,41.4,1.82,2.2,0.77,68.1,6.0
NS-1408,Ambarnath,Ambarnath,19.19035961623343,73.20652409638957,,1170.0,,1729.3,14400.0,0.35,0.305,0.1,0.393,state,63.0,99.0,58.5,0.05,8.26,0.08,,
NS-1409,Thane West,Thane,19.210214345515173,72.97211758066663,30963.2,1140.0,4909.0,1585.4,19900.0,0.203,0.186,0.226,0.03,CRZ,35.9,99.0,39.0,0.18,2.05,0.58,88.2,54.0
NS-1410,Kalyan West,Kalyan,19.261740305420943,73.14576614872806,26248.8,949.0,4589.0,1748.3,15300.0,0.251,0.347,0.26,0.178,state,24.4,,35.2,0.61,1.96,0.23,78.7,48.0
NS-1411,M Ward,Mumbai,18.977477688290822,72.91297469516549,21435.6,913.0,4766.0,2223.4,12500.0,0.485,0.349,,0.149,state,41.5,99.0,61.9,2.55,,0.31,,51.0
NS-1412,L Ward,Mumbai,19.061339507663085,72.8945820367122,34121.2,917.0,3757.0,1101.1,8300.0,0.427,0.393,0.299,0.357,state,59.7,99.0,48.5,3.35,1.96,0.79,84.6,10.0
NS-1413,M Ward,Mumbai,19.024092487557727,72.88599403938967,82333.5,2282.0,11353.0,1378.9,18300.0,0.339,0.303,0.05,0.191,private,28.2,99.0,35.6,0.51,0.76,1.1,66.0,39.0
NS-1414,M Ward,Mumbai,19.016574676021143,72.90954747524722,39229.5,1545.0,7562.0,1927.6,21200.0,0.264,0.11,,0.096,state,25.8,99.0,46.7,4.87,2.85,3.23,71.7,
NS-1415,Ambarnath,Ambarnath,19.20703208932792,73.18703505421304,18061.9,687.0,1962.0,1086.3,15200.0,0.479,0.377,0.289,0.146,forest,63.0,99.0,42.3,1.37,1.69,1.4,31.3,44.0
NS-1416,L Ward,Mumbai,19.077171160136626,72.89998349217323,31480.6,1184.0,5017.0,1593.7,8300.0,0.299,0.28,0.165,0.434,state,23.1,99.0,32.9,1.79,3.53,1.06,96.3,6.0
NS-1417,S Ward,Mumbai,19.170501566098835,72.9252207560395,35794.3,883.0,4537.0,1267.5,9800.0,0.431,0.326,,0.145,private,50.9,99.0,48.6,1.86,5.89,1.25,66.5,43.0
NS-1418,M Ward,Mumbai,19.002068852826515,72.87171918300106,23059.4,654.0,2912.0,1262.8,13800.0,0.386,0.297,0.222,0.286,forest,37.2,99.0,54.1,1.23,2.5,,,43.0
NS-1419,S Ward,Mumbai,19.113443756111156,72.93964013216345,18281.0,539.0,1856.0,1015.3,14500.0,0.317,0.177,0.234,0.23,private,,99.0,23.2,0.21,4.5,1.52,66.5,56.0
NS-1420,M Ward,Mumbai,19.009847233657364,72.86896350999372,10926.9,298.0,1274.0,1165.9,14000.0,0.37,0.303,0.173,0.473,state,12.7,99.0,53.1,2.39,3.27,0.7,96.3,16.0
NS-1421,M Ward,Mumbai,19.0014530977603,72.85469630094285,19976.1,576.0,,1388.2,14400.0,0.384,0.312,0.197,0.294,forest,39.0,99.0,23.7,0.39,1.16,1.38,26.3,48.0
NS-1422,S Ward,Mumbai,19.144437722592357,72.92532101362934,20618.8,597.0,2255.0,1093.7,8100.0,0.424,0.437,0.318,0.268,state,78.1,99.0,52.0,0.88,1.17,0.55,79.1,46.0
NS-1423,Ambarnath,Ambarnath,19.185424832635295,73.18938177838527,11852.3,464.0,2093.0,1765.9,9500.0,0.464,0.337,0.139,0.626,state,48.7,99.0,47.1,0.42,3.55,0.85,65.5,34.0
NS-1424,Kalyan West,Kalyan,19.25975134085283,73.11239019405133,11976.2,372.0,1990.0,1661.6,22300.0,0.426,0.301,0.179,0.164,state,46.8,99.0,35.5,1.41,2.74,0.66,75.5,
NS-1425,Kalyan East,Kalyan,19.201504503481484,73.14022182567868,25648.2,689.0,2812.0,1096.4,20300.0,0.408,0.424,0.222,,private,61.5,99.0,60.5,0.91,5.12,0.82,73.4,13.0
NS-1426,M Ward,Mumbai,18.983177969333838,72.85032194765007,15954.3,466.0,2426.0,1520.6,20400.0,0.183,0.122,0.293,0.203,private,21.6,99.0,12.1,2.2,,2.38,59.0,51.0
NS-1427,L Ward,Mumbai,19.04352976703068,72.93339135742518,45233.3,1186.0,4370.0,966.1,22900.0,0.221,0.129,0.222,0.233,state,3.0,99.0,29.3,2.23,1.41,2.11,75.1,54.0
NS-1428,Thane West,Thane,19.228323742040708,72.95443524172315,10951.8,281.0,1530.0,1397.0,20500.0,0.35,,0.083,0.672,railway,44.3,99.0,48.3,1.36,0.99,1.77,48.3,13.0
NS-1429,Thane West,Thane,19.216503298449425,72.97649777197873,57626.5,1523.0,5758.0,999.2,20400.0,0.12,0.073,0.311,0.303,state,18.0,,16.1,2.21,5.62,0.44,72.2,27.0
NS-1430,S Ward,Mumbai,19.108475941691356,72.93312273217038,47199.4,1599.0,6344.0,1344.1,5000.0,0.448,0.321,0.247,0.35,private,28.1,99.0,41.2,0.98,2.46,0.69,67.3,52.0
NS-1431,Ambarnath,Ambarnath,19.20011773398917,73.20845446194221,34222.5,1121.0,4595.0,1342.7,11900.0,0.316,0.224,0.264,0.157,private,7.2,99.0,36.4,2.12,1.74,0.31,74.3,32.0
NS-1432,Kalyan East,Kalyan,19.257194558366788,73.16361604161521,9634.3,269.0,1241.0,1288.1,20800.0,0.242,0.135,0.222,0.03,forest,19.4,99.0,14.2,1.1,1.67,0.63,41.0,43.0
NS-1433,M Ward,Mumbai,19.04205313187555,72.87761140870018,8093.8,193.0,861.0,1063.8,15200.0,0.371,0.264,0.105,0.212,state,55.8,99.0,38.7,4.88,1.18,2.2,88.3,48.0
NS-1434,Thane West,Thane,19.22150978268832,,,412.0,1819.0,1313.2,,0.311,0.183,0.212,0.201,state,,99.0,33.6,1.03,0.21,0.87,63.1,32.0
NS-1435,Thane West,Thane,19.180814322049315,72.96845466738067,18576.5,723.0,3110.0,1674.2,21400.0,0.349,0.359,0.144,0.148,private,49.9,99.0,58.3,1.59,1.49,1.02,62.9,57.0
NS-1436,M Ward,Mumbai,19.01748449974295,72.8674787809098,23435.3,708.0,3776.0,1611.2,15400.0,0.283,0.308,0.175,0.337,private,49.1,99.0,42.9,1.5,3.91,1.28,77.8,42.0
NS-1437,Thane West,Thane,19.226517743750488,72.9856673054087,15845.4,539.0,2190.0,1382.1,18700.0,0.259,0.32,0.178,0.237,state,30.5,99.0,31.3,1.26,0.9,1.65,68.3,17.0
NS-1438,M Ward,Mumbai,18.987831574382056,,20681.2,800.0,2896.0,1400.3,6400.0,0.398,0.419,0.196,,state,49.6,99.0,51.6,1.2,2.57,0.43,86.5,
NS-1439,M Ward,Mumbai,19.021146663446867,72.87603142747724,16959.9,637.0,3019.0,1780.1,20300.0,0.251,0.145,0.198,0.268,private,20.2,99.0,40.7,0.81,,1.46,93.4,12.0
NS-1440,Thane West,Thane,19.231139728062523,72.97111915056979,18843.6,472.0,2552.0,1354.3,21500.0,0.302,0.14,0.188,0.386,forest,57.7,99.0,42.8,0.96,2.57,1.75,68.6,18.0
NS-1441,Thane East,Thane,19.184308440981322,73.04575559190867,9793.5,245.0,1004.0,1025.2,20400.0,0.161,0.161,0.168,0.401,state,49.6,99.0,39.3,0.4,3.0,1.3,68.1,30.0
NS-1442,Thane East,Thane,19.219911426813507,72.9947384496266,17979.8,604.0,2418.0,1344.8,14800.0,0.395,0.4,0.22,0.405,railway,81.5,99.0,34.1,3.35,1.38,0.56,68.2,47.0
NS-1443,M Ward,Mumbai,18.99993565005899,72.88690222970634,39231.8,1463.0,7358.0,1875.5,11400.0,0.4,,0.186,0.268,state,3.0,99.0,38.3,,2.34,1.22,94.5,55.0
NS-1444,Ambarnath,Ambarnath,19.17930354173272,73.18163940946118,24802.3,,2765.0,1114.8,10400.0,0.298,0.278,0.221,0.294,private,43.0,99.0,52.0,0.6,4.46,2.25,73.9,8.0
NS-1445,M Ward,Mumbai,19.01030202440413,72.88896381156088,12490.3,363.0,1400.0,1120.9,10000.0,0.322,0.368,0.166,0.351,railway,63.6,99.0,,0.16,1.14,1.44,28.8,22.0
NS-1446,Thane West,Thane,19.22805616595589,72.98907831846823,30096.5,828.0,3411.0,1133.4,16000.0,0.298,0.26,0.215,0.2,CRZ,33.0,99.0,38.5,1.61,4.15,2.19,68.2,53.0
NS-1447,Kalyan West,Kalyan,19.24125232816715,,17491.2,646.0,2880.0,1646.5,10400.0,0.429,0.323,0.209,0.131,state,34.8,99.0,29.6,2.74,0.77,2.96,71.6,22.0
NS-1448,M Ward,Mumbai,19.02060437947532,72.896137945278,29285.9,1144.0,5129.0,1751.4,21000.0,0.231,,0.066,0.215,railway,6.0,99.0,35.7,1.42,0.43,3.41,54.4,12.0
NS-1449,M Ward,Mumbai,19.02738181511102,72.87212665839385,68782.1,2025.0,8627.0,1254.3,12600.0,0.252,0.27,0.242,0.375,state,25.4,99.0,35.0,1.53,1.38,1.2,75.1,7.0
NS-1450,Thane East,Thane,19.195834033859416,73.02560416500152,64272.8,2454.0,11169.0,1737.7,10100.0,0.604,0.524,0.093,0.121,forest,82.6,99.0,65.7,1.63,2.76,0.14,53.8,42.0
NS-1451,Thane East,Thane,19.193986232084214,,19753.3,609.0,2524.0,1277.8,5000.0,0.484,0.489,0.171,0.195,private,64.0,99.0,68.9,0.65,1.62,0.07,71.3,42.0
NS-1452,L Ward,Mumbai,19.09022397150264,72.89690144983801,19098.4,,2944.0,1541.5,7800.0,0.405,0.28,0.276,0.446,railway,73.3,99.0,51.3,1.18,1.81,0.86,38.1,36.0
NS-1453,S Ward,Mumbai,,72.95059102871494,19615.4,810.0,3259.0,1661.4,15900.0,0.214,0.109,0.18,0.336,state,35.9,99.0,,3.23,2.57,1.83,89.8,33.0
NS-1454,L Ward,Mumbai,19.01120866882838,72.87793867761046,11163.3,375.0,1788.0,1601.7,21900.0,0.285,,,0.2,state,17.5,99.0,16.4,1.98,0.81,0.28,80.9,36.0
NS-1455,L Ward,Mumbai,,72.88987854593981,32479.2,1040.0,4370.0,1345.5,8900.0,0.403,0.211,0.162,0.372,state,39.2,99.0,39.0,0.59,3.46,0.19,,23.0
NS-1456,M Ward,Mumbai,18.982605224903814,,13709.4,421.0,1998.0,1457.4,5600.0,0.376,0.401,0.108,0.366,state,,99.0,41.0,1.22,4.36,0.42,77.3,23.0
NS-1457,S Ward,Mumbai,,72.94720291849269,8196.0,267.0,1013.0,1236.0,,0.477,,0.248,0.543,private,87.4,99.0,78.0,1.33,0.76,0.38,72.3,32.0
NS-1458,Thane West,Thane,19.249398803708786,72.9751628152389,20485.4,588.0,2653.0,1295.1,11900.0,0.514,0.486,0.095,0.048,private,74.8,99.0,72.5,0.68,2.34,0.44,81.3,56.0
NS-1459,L Ward,Mumbai,19.0395006166667,72.88540529633943,20119.1,558.0,3055.0,1518.5,9000.0,0.523,0.532,,0.395,state,45.8,99.0,65.4,1.68,3.37,0.82,76.7,13.0
NS-1460,M Ward,Mumbai,19.018795537828588,72.88981342225831,9902.8,245.0,1111.0,1121.9,9200.0,0.345,0.268,0.232,0.257,railway,44.7,99.0,39.6,0.53,1.44,0.79,55.1,51.0
NS-1461,M Ward,Mumbai,19.01027901347573,72.91336602792781,8520.6,363.0,1704.0,1999.9,24600.0,0.319,0.274,0.313,0.2,CRZ,13.7,99.0,35.9,0.48,0.22,2.45,87.0,49.0
NS-1462,M Ward,Mumbai,19.007077949209933,72.88707481818254,42024.5,1364.0,7257.0,1726.9,22900.0,0.307,0.317,0.145,0.155,private,38.8,99.0,47.5,1.78,2.27,1.38,65.8,29.0
NS-1463,M Ward,Mumbai,18.974272274573572,72.89222580099508,16809.3,394.0,1817.0,1080.9,12300.0,0.456,0.497,0.254,0.25,state,77.5,99.0,60.3,0.75,1.38,0.87,78.1,6.0
NS-1464,L Ward,Mumbai,19.036129160919568,72.89890641071474,13052.0,361.0,1761.0,1349.2,10000.0,0.504,0.409,0.135,,private,47.9,99.0,37.8,0.79,5.14,0.13,81.9,21.0
NS-1465,Thane West,Thane,19.208393869252557,72.97754544575376,7358.9,274.0,1211.0,1645.6,19900.0,0.283,0.381,,0.228,private,29.3,99.0,53.6,2.06,6.84,3.1,69.9,38.0
NS-1466,Thane West,Thane,19.234155839232464,72.96886763099143,,191.0,862.0,1483.2,9700.0,0.43,0.426,0.232,0.221,state,47.6,99.0,38.1,1.08,0.6,1.36,92.1,27.0
NS-1467,Thane East,Thane,,72.99715504801436,15569.7,381.0,1727.0,1109.2,7000.0,0.502,0.525,0.158,0.162,railway,75.8,99.0,51.6,0.32,1.15,0.51,69.1,
NS-1468,S Ward,Mumbai,19.133821745499493,72.93668139223394,26040.1,828.0,3902.0,1498.5,11300.0,0.328,0.337,0.223,0.115,state,55.8,99.0,48.0,0.06,1.25,0.69,85.5,26.0
NS-1469,Ambarnath,Ambarnath,19.20892724426952,73.18284613412371,6848.4,164.0,771.0,1125.8,14000.0,0.36,0.382,0.123,0.038,private,56.8,99.0,63.0,4.51,1.6,0.49,81.1,14.0
NS-1470,S Ward,Mumbai,19.126270369747143,72.93794532878228,7237.6,241.0,978.0,1351.3,9900.0,0.382,0.367,0.096,,state,69.4,99.0,83.1,1.91,1.96,0.83,63.5,19.0
NS-1471,L Ward,Mumbai,19.054393432175733,72.8906037890317,27422.6,,3931.0,1433.5,5000.0,0.472,0.369,0.12,0.312,private,43.2,99.0,36.6,2.23,0.52,1.55,85.8,50.0
NS-1472,Ambarnath,Ambarnath,19.187274934733285,73.20173808251207,11881.3,441.0,1969.0,1657.2,16000.0,0.366,0.289,0.21,0.042,railway,40.2,99.0,24.3,4.46,3.5,0.76,55.7,31.0
NS-1473,S Ward,Mumbai,19.15419184038918,72.92791123735772,33564.3,1437.0,7561.0,2252.7,12500.0,0.47,0.451,0.26,0.144,private,46.9,99.0,52.7,0.84,1.79,1.23,63.4,32.0
NS-1474,L Ward,Mumbai,19.05741613696153,72.87714474000127,29476.9,913.0,3464.0,1175.2,13400.0,0.386,0.381,0.153,0.367,forest,44.7,99.0,45.9,2.52,0.4,1.11,64.3,11.0
NS-1475,M Ward,Mumbai,,72.89767004531558,59786.3,1613.0,6085.0,1017.8,13000.0,0.334,0.389,0.248,0.297,forest,71.2,99.0,50.8,1.65,0.63,0.35,40.4,29.0
NS-1476,Thane West,Thane,19.224930628536324,72.98201945266153,6579.2,258.0,1095.0,1664.3,21300.0,0.394,0.402,0.181,0.152,forest,73.5,99.0,57.7,,2.1,0.29,46.9,45.0
NS-1477,Thane East,Thane,19.23776436271233,73.02885170069618,8990.5,255.0,1058.0,1176.8,28400.0,0.403,0.125,0.169,0.515,state,20.4,99.0,25.2,1.52,3.3,2.03,74.0,48.0
NS-1478,Thane West,Thane,19.228725276401505,72.97724677701173,38763.3,930.0,4107.0,1059.5,12100.0,0.379,0.2,0.251,0.288,CRZ,25.1,99.0,42.9,3.48,,1.08,79.3,24.0
NS-1479,Thane East,Thane,19.200724186798563,73.02699073522636,16594.9,430.0,2093.0,1261.2,16100.0,0.31,0.265,0.05,0.03,state,25.2,99.0,31.5,1.8,2.41,0.19,67.0,15.0
NS-1480,Ulhasnagar,Ulhasnagar,19.21270852463786,73.15181869751115,10236.0,283.0,1222.0,1193.8,,0.265,0.211,0.178,0.48,CRZ,3.0,99.0,42.9,0.9,0.28,2.09,66.6,44.0
NS-1481,Thane West,Thane,19.185235138393196,72.95769487509631,16163.2,381.0,1518.0,939.2,12300.0,0.376,0.314,,0.118,state,70.5,99.0,27.4,0.57,1.76,1.53,69.1,18.0
NS-1482,M Ward,Mumbai,19.002541833760777,72.87159265956046,14652.1,621.0,2479.0,1691.9,20000.0,0.156,0.084,0.05,0.245,state,11.5,99.0,32.9,2.4,,3.35,65.3,24.0
NS-1483,M Ward,Mumbai,19.025026972881,72.8463040781338,13405.0,542.0,2318.0,1729.2,15200.0,0.369,0.282,,0.361,state,34.2,,49.2,2.11,2.19,1.59,75.9,25.0
NS-1484,Kalyan East,Kalyan,19.229800447894636,73.16197119121831,7801.4,182.0,651.0,834.5,11600.0,0.495,0.431,0.196,0.141,private,52.9,99.0,43.8,3.01,2.01,0.68,46.9,
NS-1485,Thane West,Thane,19.222421919876442,72.98247214449304,16534.5,517.0,2229.0,1348.1,16200.0,0.431,,0.134,0.333,state,30.2,99.0,27.9,2.67,0.26,1.52,94.8,55.0
NS-1486,S Ward,Mumbai,19.14526279258512,72.94499587565006,8896.3,263.0,1209.0,1359.0,11700.0,0.344,,0.082,0.455,private,29.3,99.0,44.1,0.64,1.99,0.43,49.4,39.0
NS-1487,M Ward,Mumbai,19.029092800455025,72.87733516209443,10102.0,258.0,1309.0,1295.8,15700.0,0.368,0.328,0.246,0.32,private,58.5,99.0,37.6,0.85,0.24,,57.6,46.0
NS-1488,Thane East,Thane,19.204782319134157,73.00222086214984,,631.0,2897.0,1871.1,11200.0,0.454,0.465,,0.095,forest,75.8,99.0,72.0,2.39,0.84,0.49,36.9,49.0
NS-1489,L Ward,Mumbai,19.046667530251582,72.87952711587052,18882.6,505.0,2500.0,1324.0,20800.0,0.521,0.403,0.147,0.328,state,54.8,99.0,40.2,2.69,0.32,0.23,,42.0
NS-1490,M Ward,Mumbai,19.049297638786744,72.90291009970304,45630.2,1298.0,5876.0,1287.7,15100.0,0.38,0.464,0.176,0.383,railway,40.3,99.0,66.4,0.76,4.06,0.49,77.7,22.0
NS-1491,M Ward,Mumbai,18.998190041600033,72.89456890590394,21186.7,901.0,4907.0,2316.1,14400.0,0.369,0.355,0.118,0.272,private,49.6,99.0,62.4,0.44,6.14,1.4,56.6,5.0
NS-1492,M Ward,Mumbai,18.98304736642922,72.89071303680682,33099.7,806.0,3828.0,1156.5,7200.0,0.55,0.562,0.25,0.315,railway,,99.0,53.7,1.07,2.17,1.06,49.0,38.0
NS-1493,Thane East,Thane,19.185949800495987,73.00511430997055,18051.4,623.0,2222.0,1230.9,16300.0,0.297,0.331,0.129,0.126,state,40.2,99.0,44.3,0.3,0.49,0.81,75.4,10.0
NS-1494,S Ward,Mumbai,,72.95878745223821,22475.3,732.0,2956.0,1315.2,9100.0,0.288,,0.05,0.168,state,20.3,99.0,37.4,0.6,2.43,0.91,73.9,22.0
NS-1495,Kalyan East,Kalyan,19.203186544113585,73.1162616540433,26594.6,722.0,,1003.6,6500.0,0.554,0.575,0.257,0.281,private,59.6,99.0,,2.76,0.43,0.25,76.9,55.0
NS-1496,Thane West,Thane,19.21696263115356,73.00724765470375,52808.2,1984.0,9640.0,1825.5,10900.0,0.418,0.436,,,private,86.2,99.0,62.9,4.74,4.01,1.1,98.0,53.0
NS-1497,M Ward,Mumbai,19.01291778151035,72.89890451163204,30061.7,820.0,3604.0,1198.9,12200.0,0.483,0.357,0.236,0.114,private,50.0,99.0,45.1,3.9,2.67,1.24,82.9,24.0
NS-1498,M Ward,Mumbai,18.99998704212966,72.89148277391189,32971.5,979.0,4804.0,1457.0,13900.0,0.418,0.429,0.241,0.35,forest,49.6,99.0,48.7,5.17,7.22,0.69,72.9,46.0
NS-1499,Thane East,Thane,19.202287024444924,,13098.1,454.0,1531.0,1168.9,12800.0,0.338,0.299,0.108,0.059,railway,31.2,99.0,24.5,2.45,1.79,0.73,48.7,57.0
NS-1500,M Ward,Mumbai,19.00391214997604,72.8728623683656,18654.4,498.0,2621.0,1405.0,21200.0,0.376,0.329,0.146,0.523,state,66.6,99.0,47.5,0.34,0.2,0.37,,9.0
